**
**   Template:  Plane stress analyzer
**
*NODE
      7812,  2.8514967655119,  11.718802587591,  0.0            
      7813,  2.6849793341265,  11.800363743554,  0.0            
      7814,  2.5793591630556,  11.858299315475,  0.0            
      7815,  2.4484525311706,  11.930579385813,  0.0            
      7816,  2.3160973730003,  12.003662801816,  0.0            
      7817,  2.1837422148301,  12.076746217819,  0.0            
      7818,  2.0513870566598,  12.149829633823,  0.0            
      7819,  1.9155333000168,  12.215087698063,  0.0            
      7820,  1.7728126789064,  12.264986574792,  0.0            
      7821,  1.6300920577959,  12.314885451521,  0.0            
      7822,  1.4873714366854,  12.364784328251,  0.0            
      7823,  1.3446508155749,  12.41468320498 ,  0.0            
      7824,  1.1971121506591,  12.447110264304,  0.0            
      7825,  1.0489882152143,  12.477414939478,  0.0            
      7826,  0.9008642797696,  12.507719614651,  0.0            
      7827,  0.7527403443248,  12.538024289824,  0.0            
      7828,  0.6034009142041,  12.559348872566,  0.0            
      7829,  0.452550685653 ,  12.569511654425,  0.0            
      7830,  0.301700457102 ,  12.579674436283,  0.0            
      7831,  0.150850228551 ,  12.589837218142,  0.0            
      7832,  -8.88178420E-14,  12.6           ,  0.0            
      7833,  -9.54791801E-14,  12.45          ,  0.0            
      7834,  -9.50350909E-14,  12.3           ,  0.0            
      7835,  -9.59232693E-14,  12.15          ,  0.0            
      7836,  -9.50350909E-14,  12.0           ,  0.0            
      7837,  -9.45910017E-14,  11.85          ,  0.0            
      7838,  -9.45910017E-14,  11.7           ,  0.0            
      7839,  -9.41469125E-14,  11.55          ,  0.0            
      7840,  -9.41469125E-14,  11.4           ,  0.0            
      7841,  -9.41469125E-14,  11.25          ,  0.0            
      7842,  -9.37028233E-14,  11.1           ,  0.0            
      7843,  -9.37028233E-14,  10.95          ,  0.0            
      7844,  -9.32119435E-14,  10.793851057225,  0.0            
      7845,  -9.32546650E-14,  10.639876028604,  0.0            
      7846,  -9.32686605E-14,  10.491827189711,  0.0            
      7847,  -9.28003121E-14,  10.342481350624,  0.0            
      7848,  -9.23541949E-14,  10.193200969314,  0.0            
      7849,  -9.19077555E-14,  10.046574054418,  0.0            
      7850,  -9.23705556E-14,  9.9000000000001,  0.0            
      7851,  -9.19264664E-14,  9.7500000000001,  0.0            
      7852,  -9.14823772E-14,  9.6000000000001,  0.0            
      7853,  0.1494601871728,  9.5944075943624,  0.0            
      7854,  0.2980845323524,  9.5776616524503,  0.0            
      7855,  0.4450418679126,  9.5498558243636,  0.0            
      7856,  0.5895103488218,  9.5111456115723,  0.0            
      7857,  0.7306820487328,  9.4617474972884,  0.0            
      7858,  0.8677674782351,  9.4019377358048,  0.0            
      7859,  1.0            ,  9.3320508075689,  0.0            
      7860,  1.1266401161272,  9.252477548632 ,  0.0            
      7861,  1.2469796037175,  9.1636629649361,  0.0            
      7862,  1.3603454755418,  9.0661037436596,  0.0            
      7863,  1.4661037436596,  8.9603454755418,  0.0            
      7864,  1.5636629649361,  8.8469796037175,  0.0            
      7865,  1.652477548632 ,  8.7266401161272,  0.0            
      7866,  1.7320508075689,  8.6            ,  0.0            
      7867,  1.8019377358048,  8.4677674782351,  0.0            
      7868,  1.8617474972884,  8.3306820487328,  0.0            
      7869,  1.9111456115723,  8.1895103488218,  0.0            
      7870,  1.9498558243636,  8.0450418679126,  0.0            
      7871,  1.9776616524503,  7.8980845323524,  0.0            
      7872,  1.9944075943624,  7.7494601871728,  0.0            
      7873,  2.0            ,  7.6            ,  0.0            
      7874,  1.9944074052381,  7.4505372891606,  0.0            
      7875,  1.9776608980686,  7.301910462695 ,  0.0            
      7876,  1.9498541349197,  7.1549507302145,  0.0            
      7877,  1.9111426277494,  7.010479977949 ,  0.0            
      7878,  1.86174287433  ,  6.8693061722709,  0.0            
      7879,  1.8019311474637,  6.7322188410664,  0.0            
      7880,  1.7320419499009,  6.5999846582259,  0.0            
      7881,  1.6524661436017,  6.4733431559476,  0.0            
      7882,  1.5636487638036,  6.3530025888337,  0.0            
      7883,  1.4660865301198,  6.2396359729097,  0.0            
      7884,  1.3603250685871,  6.1338773217178,  0.0            
      7885,  1.2469558602014,  6.0363181005366,  0.0            
      7886,  1.1266129330037,  5.9475039185557,  0.0            
      7887,  0.9914341663686,  5.8630318698269,  0.0            
      7888,  0.8538775109715,  5.7914389203375,  0.0            
      7889,  0.7151891398878,  5.732246141935 ,  0.0            
      7890,  0.5729453320281,  5.6838231764228,  0.0            
      7891,  0.4289676242682,  5.6465449406164,  0.0            
      7892,  0.2817545774598,  5.6199461888746,  0.0            
      7893,  0.1494097137992,  5.6055886238234,  0.0            
      7894,  -5.15143483E-14,  5.5998552737046,  0.0            
      7895,  -5.32907052E-14,  5.4498625100193,  0.0            
      7896,  -5.41788836E-14,  5.2998697463341,  0.0            
      7897,  -5.50670620E-14,  5.1498769826489,  0.0            
      7898,  -5.63993297E-14,  4.9998842189637,  0.0            
      7899,  -5.77315973E-14,  4.8498914552784,  0.0            
      7900,  -5.86197757E-14,  4.6998986915932,  0.0            
      7901,  -5.95079541E-14,  4.549905927908 ,  0.0            
      7902,  -6.08402217E-14,  4.3999131642228,  0.0            
      7903,  -6.17284002E-14,  4.2499204005376,  0.0            
      7904,  -6.30606678E-14,  4.0999276368523,  0.0            
      7905,  -6.39488462E-14,  3.9499348731671,  0.0            
      7906,  -6.52811138E-14,  3.7999421094819,  0.0            
      7907,  -6.66133815E-14,  3.6499493457966,  0.0            
      7908,  -6.79456491E-14,  3.4999565821114,  0.0            
      7909,  -6.88338275E-14,  3.3499638184262,  0.0            
      7910,  -6.92779167E-14,  3.199971054741 ,  0.0            
      7911,  -7.10542736E-14,  3.0499782910558,  0.0            
      7912,  -7.14983628E-14,  2.8999855273705,  0.0            
      7913,  -7.32747196E-14,  2.7499927636853,  0.0            
      7914,  -6.83897383E-14,  2.6000000000001,  0.0            
      7915,  0.1499999999999,  2.6000000000001,  0.0            
      7916,  0.2999999999999,  2.6000000000001,  0.0            
      7917,  0.4499999999999,  2.6000000000001,  0.0            
      7918,  0.5999999999999,  2.6000000000001,  0.0            
      7919,  0.7499999999999,  2.6000000000001,  0.0            
      7920,  0.8999999999999,  2.6000000000001,  0.0            
      7921,  1.0499999999999,  2.6000000000001,  0.0            
      7922,  1.1999999999999,  2.6000000000001,  0.0            
      7923,  1.3499999999999,  2.6000000000001,  0.0            
      7924,  1.4999999999999,  2.6000000000001,  0.0            
      7925,  1.6499999999999,  2.6000000000001,  0.0            
      7926,  1.7999999999999,  2.6000000000001,  0.0            
      7927,  1.9499999999999,  2.6000000000001,  0.0            
      7928,  2.0999999999999,  2.6000000000001,  0.0            
      7929,  2.2499999999999,  2.6000000000001,  0.0            
      7930,  2.3999999999999,  2.6000000000001,  0.0            
      7931,  2.5499999999999,  2.6000000000001,  0.0            
      7932,  2.6999999999999,  2.6000000000001,  0.0            
      7933,  2.8499999999999,  2.6000000000001,  0.0            
      7934,  2.9999999999999,  2.6000000000001,  0.0            
      7935,  3.1499999999999,  2.6000000000001,  0.0            
      7936,  3.2999999999999,  2.6000000000001,  0.0            
      7937,  3.4499999999999,  2.6000000000001,  0.0            
      7938,  3.5999999999999,  2.6000000000001,  0.0            
      7939,  3.7499999999999,  2.6000000000001,  0.0            
      7940,  3.8999999999999,  2.6000000000001,  0.0            
      7941,  4.0499999999999,  2.6000000000001,  0.0            
      7942,  4.1999999999999,  2.6000000000001,  0.0            
      7943,  4.3499999999999,  2.6000000000001,  0.0            
      7944,  4.4999999999999,  2.6000000000001,  0.0            
      7945,  4.6499999999999,  2.6000000000001,  0.0            
      7946,  4.7999999999999,  2.6000000000001,  0.0            
      7947,  4.9499999999999,  2.6000000000001,  0.0            
      7948,  5.0999999999999,  2.6000000000001,  0.0            
      7949,  5.2499999999999,  2.6000000000001,  0.0            
      7950,  5.3999999999999,  2.6000000000001,  0.0            
      7951,  5.5499999999999,  2.6000000000001,  0.0            
      7952,  5.6999999999999,  2.6000000000001,  0.0            
      7953,  5.8499999999999,  2.6000000000001,  0.0            
      7954,  5.9999999999999,  2.6000000000001,  0.0            
      7955,  6.1253526121611,  2.6000000000001,  0.0            
      7956,  6.2999999999999,  2.6000000000001,  0.0            
      7957,  6.4499999999999,  2.6000000000001,  0.0            
      7958,  6.5999999999999,  2.6000000000002,  0.0            
      7959,  6.7747068372713,  2.6000000000002,  0.0            
      7960,  6.8999999999999,  2.6000000000002,  0.0            
      7961,  7.0499999999999,  2.6000000000002,  0.0            
      7962,  7.1999999999999,  2.6000000000002,  0.0            
      7963,  7.3499999999999,  2.6000000000002,  0.0            
      7964,  7.4999999999999,  2.6000000000002,  0.0            
      7965,  7.6499999999999,  2.6000000000002,  0.0            
      7966,  7.7999999999999,  2.6000000000002,  0.0            
      7967,  7.9499999999999,  2.6000000000002,  0.0            
      7968,  8.0999999999999,  2.6000000000002,  0.0            
      7969,  8.2499999999999,  2.6000000000002,  0.0            
      7970,  8.3999999999999,  2.6000000000002,  0.0            
      7971,  8.5499999999999,  2.6000000000002,  0.0            
      7972,  8.6999999999999,  2.6000000000002,  0.0            
      7973,  8.8499999999999,  2.6000000000002,  0.0            
      7974,  8.9999999999999,  2.6000000000002,  0.0            
      7975,  9.1499999999999,  2.6000000000002,  0.0            
      7976,  9.2999999999999,  2.6000000000002,  0.0            
      7977,  9.4499999999999,  2.6000000000002,  0.0            
      7978,  9.5999999999999,  2.6000000000002,  0.0            
      7979,  9.7499999999999,  2.6000000000002,  0.0            
      7980,  9.8999999999998,  2.6000000000002,  0.0            
      7981,  10.05          ,  2.6000000000002,  0.0            
      7982,  10.2           ,  2.6000000000002,  0.0            
      7983,  10.35          ,  2.6000000000002,  0.0            
      7984,  10.5           ,  2.6000000000002,  0.0            
      7985,  10.65          ,  2.6000000000002,  0.0            
      7986,  10.8           ,  2.6000000000002,  0.0            
      7987,  10.95          ,  2.6000000000002,  0.0            
      7988,  11.1           ,  2.6000000000002,  0.0            
      7989,  11.25          ,  2.6000000000002,  0.0            
      7990,  11.4           ,  2.6000000000002,  0.0            
      7991,  11.55          ,  2.6000000000002,  0.0            
      7992,  11.7           ,  2.6000000000002,  0.0            
      7993,  11.85          ,  2.6000000000002,  0.0            
      7994,  12.0           ,  2.6000000000001,  0.0            
      7995,  12.0           ,  2.7500000000001,  0.0            
      7996,  12.0           ,  2.9000000000001,  0.0            
      7997,  12.0           ,  3.0500000000001,  0.0            
      7998,  12.0           ,  3.2000000000001,  0.0            
      7999,  12.0           ,  3.3500000000001,  0.0            
      8000,  12.0           ,  3.5000000000001,  0.0            
      8001,  12.0           ,  3.6500000000001,  0.0            
      8002,  12.0           ,  3.8000000000001,  0.0            
      8003,  12.0           ,  3.9500000000001,  0.0            
      8004,  12.0           ,  4.1001285884874,  0.0            
      8005,  12.0           ,  4.2644781042133,  0.0            
      8006,  12.0           ,  4.4000000000001,  0.0            
      8007,  11.895683946352,  4.4834528429182,  0.0            
      8008,  11.777519234748,  4.5779846122016,  0.0            
      8009,  11.648134504619,  4.6814923963046,  0.0            
      8010,  11.530845987975,  4.7753232096201,  0.0            
      8011,  11.413557484969,  4.8691540120251,  0.0            
      8012,  11.296268981962,  4.9629848144301,  0.0            
      8013,  11.178980478956,  5.0568156168351,  0.0            
      8014,  11.06169197595 ,  5.1506464192401,  0.0            
      8015,  10.944403472944,  5.2444772216451,  0.0            
      8016,  10.827114969937,  5.3383080240501,  0.0            
      8017,  10.709826466931,  5.4321388264551,  0.0            
      8018,  10.592537963925,  5.5259696288601,  0.0            
      8019,  10.475249460919,  5.6198004312652,  0.0            
      8020,  10.357960957912,  5.7136312336702,  0.0            
      8021,  10.240672454906,  5.8074620360752,  0.0            
      8022,  10.1233839519  ,  5.9012928384802,  0.0            
      8023,  10.006095448894,  5.9951236408852,  0.0            
      8024,  9.8888069458873,  6.0889544432902,  0.0            
      8025,  9.771518442881 ,  6.1827852456952,  0.0            
      8026,  9.6542299398748,  6.2766160481002,  0.0            
      8027,  9.5369414368685,  6.3704468505052,  0.0            
      8028,  9.4196529338623,  6.4642776529102,  0.0            
      8029,  9.302364430856 ,  6.5581084553152,  0.0            
      8030,  9.1850759278498,  6.6519392577202,  0.0            
      8031,  9.0677874248435,  6.7457700601252,  0.0            
      8032,  8.9504989218372,  6.8396008625302,  0.0            
      8033,  8.833210418831 ,  6.9334316649352,  0.0            
      8034,  8.7159219158247,  7.0272624673402,  0.0            
      8035,  8.5986334128185,  7.1210932697453,  0.0            
      8036,  8.4813449098122,  7.2149240721503,  0.0            
      8037,  8.364056406806 ,  7.3087548745553,  0.0            
      8038,  8.2467679037997,  7.4025856769603,  0.0            
      8039,  8.1294794007934,  7.4964164793653,  0.0            
      8040,  8.0121908977872,  7.5902472817703,  0.0            
      8041,  7.8949023947809,  7.6840780841753,  0.0            
      8042,  7.7776138917747,  7.7779088865803,  0.0            
      8043,  7.6603253887684,  7.8717396889853,  0.0            
      8044,  7.5430368857622,  7.9655704913903,  0.0            
      8045,  7.4257483827559,  8.0594012937953,  0.0            
      8046,  7.3084598797496,  8.1532320962003,  0.0            
      8047,  7.1911713767434,  8.2470628986053,  0.0            
      8048,  7.0738828737371,  8.3408937010103,  0.0            
      8049,  6.9565943707309,  8.4347245034154,  0.0            
      8050,  6.8393058677246,  8.5285553058204,  0.0            
      8051,  6.7220173647184,  8.6223861082254,  0.0            
      8052,  6.6047288617121,  8.7162169106304,  0.0            
      8053,  6.4874403587058,  8.8100477130354,  0.0            
      8054,  6.3701518556996,  8.9038785154404,  0.0            
      8055,  6.2528633526933,  8.9977093178454,  0.0            
      8056,  6.1355748496871,  9.0915401202504,  0.0            
      8057,  6.0182863466808,  9.1853709226554,  0.0            
      8058,  5.9009978436746,  9.2792017250604,  0.0            
      8059,  5.7837093406683,  9.3730325274654,  0.0            
      8060,  5.666420837662 ,  9.4668633298704,  0.0            
      8061,  5.5491323346558,  9.5606941322754,  0.0            
      8062,  5.4318438316495,  9.6545249346804,  0.0            
      8063,  5.3145553286433,  9.7483557370854,  0.0            
      8064,  5.197266825637 ,  9.8421865394904,  0.0            
      8065,  5.0799783226308,  9.9360173418955,  0.0            
      8066,  4.9626898196245,  10.0298481443  ,  0.0            
      8067,  4.8454013166182,  10.123678946706,  0.0            
      8068,  4.728112813612 ,  10.21750974911 ,  0.0            
      8069,  4.6108243106057,  10.311340551516,  0.0            
      8070,  4.4935358075995,  10.40517135392 ,  0.0            
      8071,  4.3762473045932,  10.499002156326,  0.0            
      8072,  4.258958801587 ,  10.59283295873 ,  0.0            
      8073,  4.1416702985807,  10.686663761136,  0.0            
      8074,  4.0243817955744,  10.78049456354 ,  0.0            
      8075,  3.9070932925682,  10.874325365946,  0.0            
      8076,  3.7898047895619,  10.96815616835 ,  0.0            
      8077,  3.6725162865557,  11.061986970756,  0.0            
      8078,  3.5552277835494,  11.15581777316 ,  0.0            
      8079,  3.4379392805432,  11.249648575566,  0.0            
      8080,  3.3206507775369,  11.343479377971,  0.0            
      8081,  3.2033622745306,  11.437310180376,  0.0            
      8082,  3.0860737715244,  11.531140982781,  0.0            
      8083,  2.9687852685181,  11.624971785186,  0.0            
      8084,  0.1457348717842,  12.444546501726,  0.0            
      8085,  0.1414161904226,  12.298305312382,  0.0            
      8086,  0.1372905091326,  12.151695440081,  0.0            
      8087,  0.1333864515048,  12.004926441189,  0.0            
      8088,  0.1297348587416,  11.857975794573,  0.0            
      8089,  0.126356306241 ,  11.710495459256,  0.0            
      8090,  0.123318491927 ,  11.561862570769,  0.0            
      8091,  0.1209119050675,  11.411014638466,  0.0            
      8092,  0.1200820635782,  11.256849150246,  0.0            
      8093,  0.1232638772029,  11.09951205961 ,  0.0            
      8094,  0.1734021612903,  10.024776758081,  0.0            
      8095,  0.1639535112092,  9.8804885602377,  0.0            
      8096,  0.155354972986 ,  9.7369684513636,  0.0            
      8097,  0.1499331490956,  2.7498390191573,  0.0            
      8098,  0.2999060314054,  2.7497112072539,  0.0            
      8099,  0.4499074550116,  2.7496050972918,  0.0            
      8100,  0.5999322100132,  2.7495187443858,  0.0            
      8101,  0.7499936990726,  2.7493098728842,  0.0            
      8102,  0.8999728449144,  2.7494322893841,  0.0            
      8103,  1.0499725680044,  2.7494131795784,  0.0            
      8104,  1.199978995716 ,  2.7493926224436,  0.0            
      8105,  1.3499871915153,  2.7493787614249,  0.0            
      8106,  1.4999933002005,  2.749372470646 ,  0.0            
      8107,  1.6499970871004,  2.7493702334975,  0.0            
      8108,  1.7999988499062,  2.7493695134502,  0.0            
      8109,  1.9499996297266,  2.7493692744065,  0.0            
      8110,  2.0999998893303,  2.749369201128 ,  0.0            
      8111,  2.2499999767228,  2.7493691795088,  0.0            
      8112,  2.3999999952323,  2.7493691749002,  0.0            
      8113,  2.5499999996362,  2.7493691739506,  0.0            
      8114,  2.6999999999465,  2.7493691738813,  0.0            
      8115,  2.8499999999998,  2.7493691738713,  0.0            
      8116,  3.0            ,  2.7493691738713,  0.0            
      8117,  3.1499999999999,  2.7493691738713,  0.0            
      8118,  3.2999999999999,  2.7493691738713,  0.0            
      8119,  3.4499999999999,  2.7493691738713,  0.0            
      8120,  3.5999999999999,  2.7493691738713,  0.0            
      8121,  3.7499999999999,  2.7493691738713,  0.0            
      8122,  3.8999999999999,  2.7493691738713,  0.0            
      8123,  4.0500005205198,  2.7493692679327,  0.0            
      8124,  4.2000034983594,  2.7493698527231,  0.0            
      8125,  4.3500172756849,  2.749372545008 ,  0.0            
      8126,  4.5000633801506,  2.7493817767454,  0.0            
      8127,  4.6501944534396,  2.7494085815561,  0.0            
      8128,  4.8005129287611,  2.7494774565174,  0.0            
      8129,  4.9511920985586,  2.7496427270962,  0.0            
      8130,  5.1024769278057,  2.7500246657267,  0.0            
      8131,  5.2546130598122,  2.7508444741098,  0.0            
      8132,  5.407715736826 ,  2.7523062074545,  0.0            
      8133,  5.5614666607467,  2.7540841990479,  0.0            
      8134,  5.7119944924895,  2.7518771663066,  0.0            
      8135,  5.8622065228839,  2.7492043409586,  0.0            
      8136,  5.988391198672 ,  2.7214591587259,  0.0            
      8137,  6.103908476673 ,  2.8212727656807,  0.0            
      8138,  6.2779502055539,  2.8067686450825,  0.0            
      8139,  6.4464326598738,  2.8027475391117,  0.0            
      8140,  6.6155861250668,  2.8012703739758,  0.0            
      8141,  6.7912728582039,  2.8120661700985,  0.0            
      8142,  6.9093975834495,  2.7164658089798,  0.0            
      8143,  7.038156186494 ,  2.7413013323249,  0.0            
      8144,  7.1851915815158,  2.7493117541727,  0.0            
      8145,  7.3390427143802,  2.7507461419574,  0.0            
      8146,  7.4930562752735,  2.7505846649696,  0.0            
      8147,  7.6460972764669,  2.750122003421 ,  0.0            
      8148,  7.7980116550475,  2.7497455135675,  0.0            
      8149,  7.949107281103 ,  2.7495195141022,  0.0            
      8150,  8.0996382278767,  2.7494068165882,  0.0            
      8151,  8.2498778439237,  2.7493555127099,  0.0            
      8152,  8.3999635750123,  2.7493341233472,  0.0            
      8153,  8.5499927723617,  2.7493234772304,  0.0            
      8154,  8.6999986157507,  2.7493143698476,  0.0            
      8155,  8.8499996207469,  2.7493027883469,  0.0            
      8156,  8.9999999318606,  2.7492897960541,  0.0            
      8157,  9.150001247821 ,  2.7492787689114,  0.0            
      8158,  9.3000028168124,  2.7492724049442,  0.0            
      8159,  9.4500038528944,  2.7492706728088,  0.0            
      8160,  9.6000039078654,  2.7492715707605,  0.0            
      8161,  9.7500035669059,  2.7492731162374,  0.0            
      8162,  9.9000037754635,  2.7492744286776,  0.0            
      8163,  10.050005948554,  2.7492755390735,  0.0            
      8164,  10.200011474664,  2.74927676891  ,  0.0            
      8165,  10.350022340419,  2.7492782753569,  0.0            
      8166,  10.500039964657,  2.749279647522 ,  0.0            
      8167,  10.650066559055,  2.749279941524 ,  0.0            
      8168,  10.800101637905,  2.749278017755 ,  0.0            
      8169,  10.950146012627,  2.7492743426191,  0.0            
      8170,  11.100194321377,  2.7492732340978,  0.0            
      8171,  11.250243253471,  2.7492860892435,  0.0            
      8172,  11.400278617068,  2.7493310082986,  0.0            
      8173,  11.550288643446,  2.7494253349228,  0.0            
      8174,  11.700253022364,  2.7495729379214,  0.0            
      8175,  11.850161550369,  2.7497619959725,  0.0            
      8176,  11.850236766283,  2.8995607327475,  0.0            
      8177,  11.850269009931,  3.0493853761139,  0.0            
      8178,  11.850282451185,  3.1992291231883,  0.0            
      8179,  11.850290423012,  3.3491305320876,  0.0            
      8180,  11.850376895479,  3.4992696754484,  0.0            
      8181,  11.850509313333,  3.6500044795103,  0.0            
      8182,  11.850627703666,  3.8022339396469,  0.0            
      8183,  11.850202337386,  3.95288400349  ,  0.0            
      8184,  11.845082903235,  4.1273127579417,  0.0            
      8185,  11.830109829231,  4.3109354037129,  0.0            
      8186,  11.714597114506,  4.4517813251895,  0.0            
      8187,  11.595444331868,  4.5756220810297,  0.0            
      8188,  0.1516313451334,  5.4575865954694,  0.0            
      8189,  0.152657570623 ,  5.307789435236 ,  0.0            
      8190,  0.1522310949149,  5.1568919102033,  0.0            
      8191,  0.151201145495 ,  5.005360315699 ,  0.0            
      8192,  0.1502649317398,  4.8537055016972,  0.0            
      8193,  0.1496788502059,  4.7022210880924,  0.0            
      8194,  0.1494046263998,  4.5511119955845,  0.0            
      8195,  0.1493230139104,  4.400348440686 ,  0.0            
      8196,  0.1493479488832,  4.2498846613407,  0.0            
      8197,  0.1494274422523,  4.099610983046 ,  0.0            
      8198,  0.1495271857428,  3.9494649762685,  0.0            
      8199,  0.1496207466734,  3.7993913145717,  0.0            
      8200,  0.1496974124907,  3.6493624822293,  0.0            
      8201,  0.1497590335751,  3.4993678378719,  0.0            
      8202,  0.1498110547916,  3.3494028443919,  0.0            
      8203,  0.1498540887592,  3.1994719751171,  0.0            
      8204,  0.1498857313107,  3.0495707182188,  0.0            
      8205,  0.1499081226276,  2.8996959933923,  0.0            
      8206,  0.3117552413838,  9.7139644724425,  0.0            
      8207,  11.46202086991 ,  4.6749352144762,  0.0            
      8208,  0.292313808988 ,  12.437109645768,  0.0            
      8209,  0.4677152404936,  9.680223927031 ,  0.0            
      8210,  0.6219633789372,  9.6359541827117,  0.0            
      8211,  0.7731772720826,  9.5813877325306,  0.0            
      8212,  0.9201200678196,  9.5166095560912,  0.0            
      8213,  1.0616949521116,  9.4417241112469,  0.0            
      8214,  1.1970240787094,  9.3569124208055,  0.0            
      8215,  1.325337230347 ,  9.2624443322266,  0.0            
      8216,  1.4459917323105,  9.158691553028 ,  0.0            
      8217,  1.5584360086922,  9.0462047711996,  0.0            
      8218,  1.6621465962968,  8.9256430819518,  0.0            
      8219,  1.7565715460358,  8.797702800093 ,  0.0            
      8220,  1.8411538213442,  8.6630903993114,  0.0            
      8221,  1.9153763242073,  8.5225303901375,  0.0            
      8222,  1.9788089625689,  8.3767924249496,  0.0            
      8223,  2.0311259691267,  8.2267042502049,  0.0            
      8224,  2.0720652478713,  8.0731356125842,  0.0            
      8225,  2.1013966117247,  7.9169646161372,  0.0            
      8226,  2.1189357448838,  7.7590590923693,  0.0            
      8227,  2.1245790718205,  7.6002729909356,  0.0            
      8228,  2.1183252344885,  7.4414496278163,  0.0            
      8229,  2.1002689130918,  7.2834282468749,  0.0            
      8230,  2.0705918661446,  7.1270403595794,  0.0            
      8231,  2.0295953233516,  6.9731221832644,  0.0            
      8232,  1.9777359448814,  6.8225344783831,  0.0            
      8233,  1.9154808629976,  6.6762415768807,  0.0            
      8234,  1.8428162416056,  6.5353493473612,  0.0            
      8235,  1.7590419641647,  6.4008585629997,  0.0            
      8236,  1.6641700813272,  6.2728568463119,  0.0            
      8237,  1.560769078963 ,  6.1503516760384,  0.0            
      8238,  1.4494874364354,  6.035065418318 ,  0.0            
      8239,  1.3300923697785,  5.9279506248657,  0.0            
      8240,  1.2038568545883,  5.8338752024287,  0.0            
      8241,  1.054169646283 ,  5.7375480545337,  0.0            
      8242,  0.6066338605981,  5.5195385033075,  0.0            
      8243,  0.4548235543861,  5.4949599550923,  0.0            
      8244,  0.3033801097007,  5.4707118190627,  0.0            
      8245,  0.4391040221068,  12.428262983808,  0.0            
      8246,  0.5853427148444,  12.416448111085,  0.0            
      8247,  0.7304245483593,  12.397290574672,  0.0            
      8248,  0.8749164066449,  12.371163147197,  0.0            
      8249,  1.0191808462594,  12.341864733644,  0.0            
      8250,  1.1627762685689,  12.310478507358,  0.0            
      8251,  1.3046056384813,  12.274877743871,  0.0            
      8252,  1.4443115368767,  12.230720812418,  0.0            
      8253,  1.5839183932698,  12.182586228327,  0.0            
      8254,  1.7232989155513,  12.132146947688,  0.0            
      8255,  1.8609281096477,  12.077834843516,  0.0            
      8256,  1.995257314109 ,  12.01485230823 ,  0.0            
      8257,  2.1282458828792,  11.946291658764,  0.0            
      8258,  2.2555867190295,  11.875968684984,  0.0            
      8259,  2.392058981339 ,  11.820275833629,  0.0            
      8260,  2.5164080610741,  11.779422481409,  0.0            
      8261,  2.5725944049746,  11.659605946482,  0.0            
      8262,  2.7321053501243,  11.589206286156,  0.0            
      8263,  2.8636869860959,  11.51116693489 ,  0.0            
      8264,  2.9902420995465,  11.421634821137,  0.0            
      8265,  3.1131034278981,  11.329558523802,  0.0            
      8266,  3.2333728328845,  11.236023889024,  0.0            
      8267,  3.3518204855988,  11.141909792515,  0.0            
      8268,  3.4693407199781,  11.047708561808,  0.0            
      8269,  3.5864775777506,  10.95362649385 ,  0.0            
      8270,  3.7034746945744,  10.859427763461,  0.0            
      8271,  3.8200589564946,  10.76478027157 ,  0.0            
      8272,  3.9360537462958,  10.669763044569,  0.0            
      8273,  4.051935405575 ,  10.575131583344,  0.0            
      8274,  4.1683990234978,  10.481399455788,  0.0            
      8275,  4.2857117315702,  10.388351163834,  0.0            
      8276,  4.4036296381223,  10.295488015034,  0.0            
      8277,  4.5218039118685,  10.202440382359,  0.0            
      8278,  4.6399458455085,  10.109148711186,  0.0            
      8279,  4.7579575821942,  10.015653882344,  0.0            
      8280,  4.8757827289521,  9.9220345794951,  0.0            
      8281,  4.993441953039 ,  9.8283176863167,  0.0            
      8282,  5.1109516858869,  9.7345430232677,  0.0            
      8283,  5.2283626584721,  9.6407318768794,  0.0            
      8284,  5.3457091650147,  9.5469075112327,  0.0            
      8285,  5.4630237789205,  9.4530775175677,  0.0            
      8286,  5.5803221986525,  9.3592467920118,  0.0            
      8287,  5.6976143584548,  9.2654157725785,  0.0            
      8288,  5.814903941847 ,  9.171584892052 ,  0.0            
      8289,  5.9321927568698,  9.0777540403126,  0.0            
      8290,  6.0494813205458,  8.9839232270156,  0.0            
      8291,  6.1667698350854,  8.89009242083  ,  0.0            
      8292,  6.2840583380906,  8.7962616184274,  0.0            
      8293,  6.4013468410964,  8.7024308160256,  0.0            
      8294,  6.5186353441027,  8.6086000136285,  0.0            
      8295,  6.6359238471125,  8.5147692112589,  0.0            
      8296,  6.7532123501452,  8.4209384090079,  0.0            
      8297,  6.8705008532743,  8.327107607109 ,  0.0            
      8298,  6.9877893566584,  8.2332768058499,  0.0            
      8299,  7.1050778603836,  8.1394460044753,  0.0            
      8300,  7.2223663636218,  8.0456151968663,  0.0            
      8301,  7.3396548627378,  7.9517843589855,  0.0            
      8302,  7.4569433473555,  7.8579534187043,  0.0            
      8303,  7.5742317915591,  7.7641221809284,  0.0            
      8304,  7.6915201037581,  7.6702901606454,  0.0            
      8305,  7.8088079553667,  7.5764562403342,  0.0            
      8306,  7.9260943210844,  7.4826182582502,  0.0            
      8307,  8.0433769003582,  7.3887730418345,  0.0            
      8308,  8.1606522226536,  7.2949182304056,  0.0            
      8309,  8.2779182045456,  7.2010563058694,  0.0            
      8310,  8.3951785881055,  7.10719833633  ,  0.0            
      8311,  8.5124450772285,  7.01336101148  ,  0.0            
      8312,  8.6297316180609,  6.9195561886143,  0.0            
      8313,  8.7470451877703,  6.8257808665747,  0.0            
      8314,  8.8643804843911,  6.7320175447737,  0.0            
      8315,  8.9817225724086,  6.638242157458 ,  0.0            
      8316,  9.0990538010484,  6.5444356832065,  0.0            
      8317,  9.2163629493543,  6.4505920668167,  0.0            
      8318,  9.3336433229551,  6.3567134251272,  0.0            
      8319,  9.4508780635961,  6.2628009133134,  0.0            
      8320,  9.5680496627883,  6.1688785146969,  0.0            
      8321,  9.6851994230584,  6.075035481823 ,  0.0            
      8322,  9.8024581352446,  5.9813906787977,  0.0            
      8323,  9.9199603096422,  5.8879408492048,  0.0            
      8324,  10.037677093865,  5.7944614527886,  0.0            
      8325,  10.155373153701,  5.7005919700947,  0.0            
      8326,  10.272746211573,  5.6061388030011,  0.0            
      8327,  10.389771700777,  5.511309136798 ,  0.0            
      8328,  10.506723282146,  5.4165425983873,  0.0            
      8329,  10.623610117697,  5.3219214084678,  0.0            
      8330,  10.740162625954,  5.2275421113312,  0.0            
      8331,  10.857747857826,  5.134899951729 ,  0.0            
      8332,  10.978874491462,  5.0435316417573,  0.0            
      8333,  11.097736884694,  4.944687596331 ,  0.0            
      8334,  11.207172620486,  4.8396574532052,  0.0            
      8335,  11.330749967973,  4.7573396286736,  0.0            
      8336,  11.248522655493,  4.6395180243744,  0.0            
      8337,  0.2835671962222,  12.293772860165,  0.0            
      8338,  0.2752341543678,  12.150151062017,  0.0            
      8339,  0.425904083767 ,  12.286593992111,  0.0            
      8340,  0.4133333652407,  12.145238703458,  0.0            
      8341,  0.5678810443518,  12.275385646839,  0.0            
      8342,  0.5511440485862,  12.135724530284,  0.0            
      8343,  0.267343953305 ,  12.006543430673,  0.0            
      8344,  0.4013988289007,  12.004456200766,  0.0            
      8345,  0.5351306700848,  11.997345576922,  0.0            
      8346,  11.700393168861,  2.8991680828556,  0.0            
      8347,  11.550464629232,  2.8988515993876,  0.0            
      8348,  11.400458084608,  2.8986480398753,  0.0            
      8349,  11.250405080768,  2.8985562474147,  0.0            
      8350,  11.100325672459,  2.8985388170693,  0.0            
      8351,  10.95024554854 ,  2.8985531717243,  0.0            
      8352,  10.800171190251,  2.8985718792154,  0.0            
      8353,  10.650112251794,  2.8985841579778,  0.0            
      8354,  10.50006745502 ,  2.8985890923742,  0.0            
      8355,  10.35003773297 ,  2.8985895512135,  0.0            
      8356,  10.200019396308,  2.8985883264265,  0.0            
      8357,  10.05001013634 ,  2.8985868341872,  0.0            
      8358,  9.9000066944979,  2.8985851590667,  0.0            
      8359,  9.7500068869235,  2.8985828125957,  0.0            
      8360,  9.6000085386466,  2.8985797754944,  0.0            
      8361,  9.450010240695 ,  2.8985777957707,  0.0            
      8362,  9.3000109473595,  2.8985808082863,  0.0            
      8363,  9.1500108101849,  2.8985928273299,  0.0            
      8364,  9.0000103066295,  2.8986139721184,  0.0            
      8365,  8.8500099821021,  2.8986389599605,  0.0            
      8366,  8.7000072843016,  2.8986608689079,  0.0            
      8367,  8.5499958933488,  2.8986768895069,  0.0            
      8368,  8.3999461605322,  2.8986912581286,  0.0            
      8369,  8.2497992710236,  2.8987145524302,  0.0            
      8370,  8.0993828941031,  2.89876465317  ,  0.0            
      8371,  7.9484224539551,  2.8988797590946,  0.0            
      8372,  7.796379667729 ,  2.899134034916 ,  0.0            
      8373,  7.6425964479304,  2.8995827957989,  0.0            
      8374,  7.4860622776917,  2.9000535914798,  0.0            
      8375,  7.325624340521 ,  2.8998184806618,  0.0            
      8376,  7.1592818920897,  2.8963555878696,  0.0            
      8377,  6.98040336846  ,  2.8759272449328,  0.0            
      8378,  5.9150664061614,  2.8834492270333,  0.0            
      8379,  5.7449896680979,  2.8964059983159,  0.0            
      8380,  5.5757992786443,  2.9069260135116,  0.0            
      8381,  5.4156625464908,  2.9035079703446,  0.0            
      8382,  5.2588610839038,  2.9008623233158,  0.0            
      8383,  5.104591277898 ,  2.8995528730749,  0.0            
      8384,  4.9521571918013,  2.8990361235398,  0.0            
      8385,  4.8009102710555,  2.8988467571856,  0.0            
      8386,  4.6503415947668,  2.8987781331811,  0.0            
      8387,  4.500109925735 ,  2.8987540096533,  0.0            
      8388,  4.3500299959856,  2.8987464009141,  0.0            
      8389,  4.2000060061348,  2.8987442804478,  0.0            
      8390,  4.0500009210183,  2.8987438490282,  0.0            
      8391,  3.8999999999999,  2.8987437795494,  0.0            
      8392,  3.7499999999999,  2.8987437795494,  0.0            
      8393,  3.5999999999999,  2.8987437795494,  0.0            
      8394,  3.4499999999999,  2.8987437795494,  0.0            
      8395,  3.2999999999999,  2.8987437795494,  0.0            
      8396,  3.1499999999999,  2.8987437795494,  0.0            
      8397,  3.0000000000001,  2.8987437795494,  0.0            
      8398,  2.8499999999996,  2.8987437795495,  0.0            
      8399,  2.6999999999033,  2.8987437795573,  0.0            
      8400,  2.5499999993176,  2.8987437796211,  0.0            
      8401,  2.3999999907672,  2.8987437805264,  0.0            
      8402,  2.2499999550614,  2.8987437851476,  0.0            
      8403,  2.0999997824213,  2.8987438080428,  0.0            
      8404,  1.9499992674599,  2.8987438914573,  0.0            
      8405,  1.7999976817015,  2.8987441906191,  0.0            
      8406,  1.6499940372328,  2.8987451989791,  0.0            
      8407,  1.4999858228292,  2.8987488795765,  0.0            
      8408,  1.3499718346919,  2.8987614382468,  0.0            
      8409,  1.1999511243695,  2.8987940742714,  0.0            
      8410,  1.0499293544902,  2.8988471380851,  0.0            
      8411,  0.8999031626319,  2.8988906390717,  0.0            
      8412,  0.7498824703015,  2.8989204678653,  0.0            
      8413,  0.5998646151892,  2.8990614842279,  0.0            
      8414,  0.4498473873715,  2.8992347223289,  0.0            
      8415,  0.2998581735727,  2.8994435750735,  0.0            
      8416,  11.700456394786,  3.0487844257877,  0.0            
      8417,  11.550544296031,  3.0482705852668,  0.0            
      8418,  11.400533783703,  3.0479383825594,  0.0            
      8419,  11.250466223875,  3.0478041907754,  0.0            
      8420,  11.100370044148,  3.047803248612 ,  0.0            
      8421,  10.950277451916,  3.04785454352  ,  0.0            
      8422,  10.800193789717,  3.047906082056 ,  0.0            
      8423,  10.650128413098,  3.0479390360594,  0.0            
      8424,  10.500078326379,  3.0479538887067,  0.0            
      8425,  10.35004461886 ,  3.0479577842698,  0.0            
      8426,  10.200023392169,  3.047957215872 ,  0.0            
      8427,  10.050012647168,  3.0479555547066,  0.0            
      8428,  9.9000090531898,  3.0479534186224,  0.0            
      8429,  9.7500104008565,  3.0479502100442,  0.0            
      8430,  9.6000143060924,  3.0479459078181,  0.0            
      8431,  9.4500191069937,  3.0479429831425,  0.0            
      8432,  9.3000233058541,  3.0479470114559,  0.0            
      8433,  9.1500263224996,  3.0479637080197,  0.0            
      8434,  9.0000279633692,  3.0479932815421,  0.0            
      8435,  8.8500281064604,  3.0480282782624,  0.0            
      8436,  8.7000241729738,  3.0480587396192,  0.0            
      8437,  8.5500092538396,  3.0480800877921,  0.0            
      8438,  8.3999520047348,  3.0480952796051,  0.0            
      8439,  8.2497829931432,  3.0481103812636,  0.0            
      8440,  8.0993011895613,  3.0481255970057,  0.0            
      8441,  7.9481292946054,  3.0481507615249,  0.0            
      8442,  7.7955295847717,  3.0482842978498,  0.0            
      8443,  7.6405881146764,  3.0486228534889,  0.0            
      8444,  7.4819135774368,  3.0487962018478,  0.0            
      8445,  7.3180294999441,  3.047870184762 ,  0.0            
      8446,  7.1473928799162,  3.043283791396 ,  0.0            
      8447,  6.9727346834163,  3.0316622227271,  0.0            
      8448,  6.7956051433321,  2.994053418966 ,  0.0            
      8449,  6.6199509586116,  2.9937594093691,  0.0            
      8450,  6.4465436885766,  2.9978197031477,  0.0            
      8451,  6.2740299171232,  3.0044587141114,  0.0            
      8452,  6.1024707744238,  3.018592445744 ,  0.0            
      8453,  5.9300687232726,  3.0479097631714,  0.0            
      8454,  5.7552667321489,  3.0602773552618,  0.0            
      8455,  5.5856400064889,  3.0586450533025,  0.0            
      8456,  5.4212939942168,  3.0534616906496,  0.0            
      8457,  5.261692501947 ,  3.049938201025 ,  0.0            
      8458,  5.1057619275263,  3.0485965283138,  0.0            
      8459,  4.9526166486904,  3.0482374413706,  0.0            
      8460,  4.8010764515414,  3.0481474827573,  0.0            
      8461,  4.6503987827026,  3.0481296387152,  0.0            
      8462,  4.5001266809646,  3.0481273857204,  0.0            
      8463,  4.3500345866306,  3.0481276967942,  0.0            
      8464,  4.2000068561481,  3.0481279439734,  0.0            
      8465,  4.0500010738092,  3.048128031143 ,  0.0            
      8466,  3.8999999999999,  3.0481280431234,  0.0            
      8467,  3.7499999999999,  3.0481280431234,  0.0            
      8468,  3.5999999999999,  3.0481280431234,  0.0            
      8469,  3.4499999999999,  3.0481280431234,  0.0            
      8470,  3.2999999999999,  3.0481280431234,  0.0            
      8471,  3.1499999999999,  3.0481280431234,  0.0            
      8472,  3.0000000000002,  3.0481280431234,  0.0            
      8473,  2.8499999999995,  3.0481280431234,  0.0            
      8474,  2.6999999998845,  3.0481280431226,  0.0            
      8475,  2.5499999991476,  3.0481280431258,  0.0            
      8476,  2.3999999881834,  3.0481280432226,  0.0            
      8477,  2.2499999418938,  3.0481280440251,  0.0            
      8478,  2.0999997136564,  3.0481280499078,  0.0            
      8479,  1.9499990189136,  3.04812808072  ,  0.0            
      8480,  1.7999968114021,  3.0481282331284,  0.0            
      8481,  1.6499915007179,  3.0481289401808,  0.0            
      8482,  1.4999786623784,  3.0481321471311,  0.0            
      8483,  1.3499532849754,  3.0481481410299,  0.0            
      8484,  1.1999136766938,  3.0482067557688,  0.0            
      8485,  1.0498739065093,  3.0483205037303,  0.0            
      8486,  0.8998368715806,  3.0484157842526,  0.0            
      8487,  0.7498064742456,  3.0485122816481,  0.0            
      8488,  0.599781683327 ,  3.0486761187673,  0.0            
      8489,  0.4497810143439,  3.048910365936 ,  0.0            
      8490,  0.2998114382379,  3.049210766576 ,  0.0            
      8491,  0.2997465718584,  3.1990295980837,  0.0            
      8492,  0.4496904098813,  3.1986568228396,  0.0            
      8493,  0.5996790014087,  3.198366726063 ,  0.0            
      8494,  0.7497104787626,  3.1981633152948,  0.0            
      8495,  0.8997609938315,  3.1980253691539,  0.0            
      8496,  1.0498170435055,  3.1978690919915,  0.0            
      8497,  1.1998807559669,  3.1976123747679,  0.0            
      8498,  1.3499534702838,  3.1975302691829,  0.0            
      8499,  1.4999810749018,  3.1975222443089,  0.0            
      8500,  1.6499928740104,  3.1975209992869,  0.0            
      8501,  1.7999974111936,  3.1975209613666,  0.0            
      8502,  1.9499992184797,  3.197521039146 ,  0.0            
      8503,  2.0999997750295,  3.197521077526 ,  0.0            
      8504,  2.2499999547517,  3.1975210933739,  0.0            
      8505,  2.399999990892 ,  3.197521097013 ,  0.0            
      8506,  2.549999999351 ,  3.1975210979423,  0.0            
      8507,  2.6999999999149,  3.1975210980071,  0.0            
      8508,  2.8499999999995,  3.1975210980175,  0.0            
      8509,  3.0000000000001,  3.1975210980176,  0.0            
      8510,  3.1499999999999,  3.1975210980176,  0.0            
      8511,  3.2999999999999,  3.1975210980176,  0.0            
      8512,  3.4499999999999,  3.1975210980176,  0.0            
      8513,  3.5999999999999,  3.1975210980176,  0.0            
      8514,  3.7499999999999,  3.1975210980176,  0.0            
      8515,  3.8999999999999,  3.1975210980176,  0.0            
      8516,  4.0500007780594,  3.1975209998044,  0.0            
      8517,  4.2000049182177,  3.1975204656809,  0.0            
      8518,  4.3500248895542,  3.1975181215082,  0.0            
      8519,  4.5000910006785,  3.1975109885253,  0.0            
      8520,  4.6502884225716,  3.1974929910241,  0.0            
      8521,  4.8007863951818,  3.1974585318117,  0.0            
      8522,  4.9519577102809,  3.1974167981741,  0.0            
      8523,  5.1045034681088,  3.1974630091421,  0.0            
      8524,  5.2599733569636,  3.1979773469693,  0.0            
      8525,  5.4127000181806,  3.2008929647301,  0.0            
      8526,  5.5878345060624,  3.210919247054 ,  0.0            
      8527,  5.7595608451182,  3.2161167301729,  0.0            
      8528,  5.9331823762541,  3.2139079777357,  0.0            
      8529,  6.6250478520507,  3.1789210280538,  0.0            
      8530,  6.7992379415488,  3.1776823479265,  0.0            
      8531,  6.9741708925271,  3.1856707428059,  0.0            
      8532,  7.1481632537793,  3.1930345962544,  0.0            
      8533,  7.3179466524358,  3.1964686036366,  0.0            
      8534,  7.4823687920595,  3.1976451553134,  0.0            
      8535,  7.6411484311752,  3.1976563142187,  0.0            
      8536,  7.7963347491809,  3.19731565414  ,  0.0            
      8537,  7.9485723512919,  3.1974628624416,  0.0            
      8538,  8.0994743120543,  3.1975654064305,  0.0            
      8539,  8.2498443060646,  3.197584094089 ,  0.0            
      8540,  8.3999823462117,  3.1975757592068,  0.0            
      8541,  8.5500318855683,  3.1975596861435,  0.0            
      8542,  8.7000471405712,  3.1975343765621,  0.0            
      8543,  8.8500511187574,  3.1974976750939,  0.0            
      8544,  9.0000497273633,  3.1974552929664,  0.0            
      8545,  9.1500449411069,  3.1974193159859,  0.0            
      8546,  9.3000377603115,  3.1973987749149,  0.0            
      8547,  9.4500291679865,  3.1973934751468,  0.0            
      8548,  9.6000206340222,  3.1973966327347,  0.0            
      8549,  9.7500140613666,  3.1974016692781,  0.0            
      8550,  9.9000112303611,  3.1974058128292,  0.0            
      8551,  10.050014343086,  3.1974095271455,  0.0            
      8552,  10.200024781445,  3.1974140172034,  0.0            
      8553,  10.350044371549,  3.1974176352086,  0.0            
      8554,  10.500072868974,  3.1974117572588,  0.0            
      8555,  10.65011305288 ,  3.197379701466 ,  0.0            
      8556,  10.800164458604,  3.1973023614883,  0.0            
      8557,  10.950235507747,  3.1971727297769,  0.0            
      8558,  11.100324415319,  3.1970209132464,  0.0            
      8559,  11.250434828601,  3.1969433387822,  0.0            
      8560,  11.400531144453,  3.1970957015479,  0.0            
      8561,  11.550568942737,  3.1975960496396,  0.0            
      8562,  11.700484789602,  3.1983824627134,  0.0            
      8563,  0.2996611781985,  3.3489037628539,  0.0            
      8564,  0.299560016692 ,  3.4988427542369,  0.0            
      8565,  0.299441274509 ,  3.6488397897684,  0.0            
      8566,  0.2992932608156,  3.7989058159782,  0.0            
      8567,  0.2991093163885,  3.949058599609 ,  0.0            
      8568,  0.2989052845964,  4.0993500497569,  0.0            
      8569,  0.298722150509 ,  4.2498875879391,  0.0            
      8570,  0.2986161263936,  4.4008068652856,  0.0            
      8571,  0.2986789902312,  4.5523441281242,  0.0            
      8572,  0.2990901900443,  4.7046468312795,  0.0            
      8573,  0.3001220572505,  4.8578711670983,  0.0            
      8574,  0.3019278942772,  5.0117940802705,  0.0            
      8575,  0.3040959572436,  5.166033715635 ,  0.0            
      8576,  0.3052362681979,  5.3197284817631,  0.0            
      8577,  11.700536437588,  3.3479783316874,  0.0            
      8578,  11.550598378951,  3.3467495037285,  0.0            
      8579,  11.400486105373,  3.3459936246704,  0.0            
      8580,  11.250320489478,  3.3458664849557,  0.0            
      8581,  11.100181844726,  3.3461326075906,  0.0            
      8582,  10.950108869133,  3.3464886994891,  0.0            
      8583,  10.800075078256,  3.3467623009651,  0.0            
      8584,  10.650063520331,  3.3469117221928,  0.0            
      8585,  10.500052490461,  3.3469623470042,  0.0            
      8586,  10.350040189467,  3.3469602919009,  0.0            
      8587,  10.200026415794,  3.3469440423057,  0.0            
      8588,  10.050017103878,  3.3469314196161,  0.0            
      8589,  9.9000141376857,  3.3469237679747,  0.0            
      8590,  9.7500179053341,  3.3469179238536,  0.0            
      8591,  9.6000266248624,  3.346913099667 ,  0.0            
      8592,  9.4500386656427,  3.3469123093091,  0.0            
      8593,  9.3000519160688,  3.3469218835996,  0.0            
      8594,  9.1500640247088,  3.3469480401894,  0.0            
      8595,  9.0000730261812,  3.3469902335144,  0.0            
      8596,  8.8500768904009,  3.3470383987195,  0.0            
      8597,  8.7000743283136,  3.3470795435868,  0.0            
      8598,  8.5500609566379,  3.3471080830912,  0.0            
      8599,  8.4000256033951,  3.3471278109461,  0.0            
      8600,  8.249940809022 ,  3.3471436336578,  0.0            
      8601,  8.0997778121053,  3.3471423005773,  0.0            
      8602,  7.949593694674 ,  3.3470836891912,  0.0            
      8603,  7.8000049211333,  3.3469121924745,  0.0            
      8604,  7.6500058738683,  3.3469568388814,  0.0            
      8605,  7.4868543474175,  3.3467257787779,  0.0            
      8606,  7.3228757613566,  3.3463557914588,  0.0            
      8607,  7.1541487921835,  3.3452213802753,  0.0            
      8608,  6.9819247313072,  3.3449385782355,  0.0            
      8609,  6.8081939633551,  3.3480056327579,  0.0            
      8610,  6.6338248391213,  3.3569434596966,  0.0            
      8611,  6.4513103992366,  3.186493874474 ,  0.0            
      8612,  6.2782481226183,  3.1947495028477,  0.0            
      8613,  6.1060343569948,  3.2038080104026,  0.0            
      8614,  5.9365726363633,  3.3799417394694,  0.0            
      8615,  5.7611324539464,  3.3730293332603,  0.0            
      8616,  5.5842648716344,  3.3625915804006,  0.0            
      8617,  5.4118456794819,  3.3508686831598,  0.0            
      8618,  5.2563943566011,  3.3482608979481,  0.0            
      8619,  5.0999999999999,  3.346920123346 ,  0.0            
      8620,  4.9499999999999,  3.346920123346 ,  0.0            
      8621,  4.7999999999999,  3.346920123346 ,  0.0            
      8622,  4.6499999999999,  3.346920123346 ,  0.0            
      8623,  4.4999999999999,  3.346920123346 ,  0.0            
      8624,  4.3499999999999,  3.346920123346 ,  0.0            
      8625,  4.1999999999999,  3.346920123346 ,  0.0            
      8626,  4.0499999999999,  3.346920123346 ,  0.0            
      8627,  3.8999999999999,  3.346920123346 ,  0.0            
      8628,  3.7499999999999,  3.346920123346 ,  0.0            
      8629,  3.5999999999999,  3.346920123346 ,  0.0            
      8630,  3.4499999999999,  3.346920123346 ,  0.0            
      8631,  3.2999999999999,  3.346920123346 ,  0.0            
      8632,  3.1499999999999,  3.346920123346 ,  0.0            
      8633,  2.9999999999999,  3.346920123346 ,  0.0            
      8634,  2.8499999999999,  3.346920123346 ,  0.0            
      8635,  2.6999999999999,  3.346920123346 ,  0.0            
      8636,  2.5499999999999,  3.346920123346 ,  0.0            
      8637,  2.3999999999999,  3.346920123346 ,  0.0            
      8638,  2.2499999999999,  3.346920123346 ,  0.0            
      8639,  2.0999999999999,  3.346920123346 ,  0.0            
      8640,  1.9499999999999,  3.346920123346 ,  0.0            
      8641,  1.7999999999999,  3.346920123346 ,  0.0            
      8642,  1.6499999991949,  3.3469201236448,  0.0            
      8643,  1.5000000195259,  3.346920119135 ,  0.0            
      8644,  1.3499998330286,  3.3469202082831,  0.0            
      8645,  1.1999979363922,  3.3469202130742,  0.0            
      8646,  1.0498027559954,  3.3475474084062,  0.0            
      8647,  0.8996739410213,  3.3477236772492,  0.0            
      8648,  0.749588783085 ,  3.347896175244 ,  0.0            
      8649,  0.5995485903223,  3.3481385409469,  0.0            
      8650,  0.4495728935732,  3.3484767520972,  0.0            
      8651,  0.4494332588081,  3.4983858697622,  0.0            
      8652,  0.5993920097838,  3.4980151514832,  0.0            
      8653,  0.7494328994632,  3.4977417242237,  0.0            
      8654,  0.8995365144448,  3.4975440200759,  0.0            
      8655,  1.0496804374907,  3.4973376447862,  0.0            
      8656,  1.1997860448559,  3.49705681675  ,  0.0            
      8657,  1.3498545405318,  3.4969549583146,  0.0            
      8658,  1.499904251884 ,  3.4969052632072,  0.0            
      8659,  1.6499367046192,  3.4968575935392,  0.0            
      8660,  1.7999581008125,  3.4968112890756,  0.0            
      8661,  1.949975175574 ,  3.4967713117206,  0.0            
      8662,  2.0999983642974,  3.4968272988387,  0.0            
      8663,  2.249998983466 ,  3.4968243053301,  0.0            
      8664,  2.3999953485583,  3.4967057215766,  0.0            
      8665,  2.5499972727901,  3.496697918621 ,  0.0            
      8666,  2.6999987914638,  3.496695194339 ,  0.0            
      8667,  2.8499997045498,  3.4966946200023,  0.0            
      8668,  3.0000001640715,  3.49669503746  ,  0.0            
      8669,  3.1500003927724,  3.4966959617634,  0.0            
      8670,  3.3000005497428,  3.4966972254685,  0.0            
      8671,  3.4500007364084,  3.4966988249912,  0.0            
      8672,  3.6000012077783,  3.4967009346528,  0.0            
      8673,  3.7500024095611,  3.4967040816846,  0.0            
      8674,  3.9000056165195,  3.4967096549408,  0.0            
      8675,  4.0500128183239,  3.4967210587322,  0.0            
      8676,  4.2000227992095,  3.4967462875849,  0.0            
      8677,  4.3500038831129,  3.4968263307666,  0.0            
      8678,  4.5002785188233,  3.496919458671 ,  0.0            
      8679,  4.6507300497348,  3.4971599963004,  0.0            
      8680,  4.8016174385953,  3.497592538507 ,  0.0            
      8681,  4.9534506381802,  3.4982995935356,  0.0            
      8682,  5.106854650006 ,  3.4993820749633,  0.0            
      8683,  5.2632948246616,  3.5011765953466,  0.0            
      8684,  5.4250908742323,  3.5047443533754,  0.0            
      8685,  5.5920110988874,  3.5158327593368,  0.0            
      8686,  5.7650425967181,  3.5305392191841,  0.0            
      8687,  5.940291182119 ,  3.5440712016432,  0.0            
      8688,  6.1111112627466,  3.3811132677716,  0.0            
      8689,  6.2852349082702,  3.3772227642998,  0.0            
      8690,  6.4595051247875,  3.3684283893694,  0.0            
      8691,  6.6430742051294,  3.5279580128747,  0.0            
      8692,  6.8174045710919,  3.5129394731441,  0.0            
      8693,  6.9900285361474,  3.502715818872 ,  0.0            
      8694,  7.1607500625251,  3.497751020434 ,  0.0            
      8695,  7.329376457209 ,  3.4961938816414,  0.0            
      8696,  7.4893731255824,  3.4965910546162,  0.0            
      8697,  7.6478193082178,  3.4966019080762,  0.0            
      8698,  7.7989077560638,  3.496914495231 ,  0.0            
      8699,  7.9495308371203,  3.4968448434186,  0.0            
      8700,  8.0998439033008,  3.4967783388929,  0.0            
      8701,  8.249991594627 ,  3.4967354204404,  0.0            
      8702,  8.4000649452753,  3.4967054750793,  0.0            
      8703,  8.5500932444207,  3.4966818911278,  0.0            
      8704,  8.7001045376026,  3.4966523478406,  0.0            
      8705,  8.8501041010615,  3.4966096171743,  0.0            
      8706,  9.0000956558012,  3.4965569512957,  0.0            
      8707,  9.1500804268034,  3.4965056795218,  0.0            
      8708,  9.3000620996082,  3.4964660367399,  0.0            
      8709,  9.4500467243968,  3.4964783334352,  0.0            
      8710,  9.6000305505639,  3.4964318501517,  0.0            
      8711,  9.7500221643757,  3.4964337186451,  0.0            
      8712,  9.9000199624533,  3.4964439789416,  0.0            
      8713,  10.050025326153,  3.4964633333188,  0.0            
      8714,  10.200035014484,  3.4965018499808,  0.0            
      8715,  10.350039237466,  3.4965641962299,  0.0            
      8716,  10.500018712576,  3.4966128310162,  0.0            
      8717,  10.649968526601,  3.4965551748057,  0.0            
      8718,  10.799896936904,  3.4962828929353,  0.0            
      8719,  10.949854766522,  3.4957323426372,  0.0            
      8720,  11.099896466579,  3.4949596726102,  0.0            
      8721,  11.250097111756,  3.4942710219093,  0.0            
      8722,  11.400415937415,  3.4942677180576,  0.0            
      8723,  11.550697915626,  3.4954657149643,  0.0            
      8724,  11.70069059749 ,  3.497541646848 ,  0.0            
      8725,  11.701003170687,  3.6472793691547,  0.0            
      8726,  11.550891197801,  3.643526625087 ,  0.0            
      8727,  11.400258875389,  3.6415441491315,  0.0            
      8728,  11.249646426809,  3.6418768861848,  0.0            
      8729,  11.09934262884 ,  3.6433672609198,  0.0            
      8730,  10.949373405782,  3.6448641492656,  0.0            
      8731,  10.799567408254,  3.6458663793116,  0.0            
      8732,  10.649802666242,  3.6463105354858,  0.0            
      8733,  10.499972222411,  3.6463266369893,  0.0            
      8734,  10.350052785036,  3.6461492609097,  0.0            
      8735,  10.200061096957,  3.6459850020174,  0.0            
      8736,  10.050046172617,  3.6458981111056,  0.0            
      8737,  9.900032913838 ,  3.6458549049327,  0.0            
      8738,  9.7500273816956,  3.6458310662978,  0.0            
      8739,  9.6000283340185,  3.6458360086208,  0.0            
      8740,  9.4500387743767,  3.6458777945398,  0.0            
      8741,  9.3000600444308,  3.6459460392319,  0.0            
      8742,  9.1500877896788,  3.6460231077039,  0.0            
      8743,  9.0001140367081,  3.6460953897794,  0.0            
      8744,  8.8501312576484,  3.6461544329398,  0.0            
      8745,  8.7001370154202,  3.6461962711428,  0.0            
      8746,  8.5501278109599,  3.6462240486599,  0.0            
      8747,  8.4000996102515,  3.646249034372 ,  0.0            
      8748,  8.2500096659445,  3.646287292053 ,  0.0            
      8749,  8.0997944775172,  3.6463505578679,  0.0            
      8750,  7.9492142871246,  3.6464437003182,  0.0            
      8751,  7.7979670394841,  3.6465360552341,  0.0            
      8752,  7.6452550939633,  3.6467045321127,  0.0            
      8753,  7.4889515538807,  3.6462205151476,  0.0            
      8754,  7.3292906791943,  3.6465191845084,  0.0            
      8755,  7.1646939624743,  3.6502842988746,  0.0            
      8756,  6.9960432833582,  3.6589461710191,  0.0            
      8757,  6.8244432855287,  3.6739234634748,  0.0            
      8758,  6.6500839358045,  3.6932861820068,  0.0            
      8759,  6.4679561186814,  3.5430520392697,  0.0            
      8760,  6.2921628487547,  3.5522539483753,  0.0            
      8761,  6.1161682711791,  3.5523694600548,  0.0            
      8762,  5.9425798863931,  3.7051126935458,  0.0            
      8763,  5.7677475199286,  3.6875712541234,  0.0            
      8764,  5.5967000319538,  3.6712355655561,  0.0            
      8765,  5.4300522603317,  3.6599035705941,  0.0            
      8766,  5.2683540631526,  3.6542530681802,  0.0            
      8767,  5.110343120808 ,  3.651382157488 ,  0.0            
      8768,  4.9555663372575,  3.6495254416165,  0.0            
      8769,  4.8027774497668,  3.6482356119922,  0.0            
      8770,  4.651339692889 ,  3.6473970100513,  0.0            
      8771,  4.5005888030725,  3.6469073241012,  0.0            
      8772,  4.3502567647855,  3.6466530943488,  0.0            
      8773,  4.2001011318512,  3.6465241658442,  0.0            
      8774,  4.0500433803319,  3.6464550709702,  0.0            
      8775,  3.9000192569419,  3.6464192000502,  0.0            
      8776,  3.7500087637321,  3.646399544867 ,  0.0            
      8777,  3.6000046765561,  3.6463881551222,  0.0            
      8778,  3.4500028584157,  3.6463807754913,  0.0            
      8779,  3.3000021018665,  3.6463754170188,  0.0            
      8780,  3.1500015342772,  3.6463712270334,  0.0            
      8781,  3.0000008128615,  3.6463680194372,  0.0            
      8782,  2.8499994479196,  3.6463661658885,  0.0            
      8783,  2.6999967468143,  3.6463669699891,  0.0            
      8784,  2.5499921787609,  3.6463732053254,  0.0            
      8785,  2.3999861734628,  3.6463938381741,  0.0            
      8786,  2.2499729739858,  3.6464427356619,  0.0            
      8787,  2.0999513342974,  3.6464955635494,  0.0            
      8788,  1.9499289261561,  3.6465632519798,  0.0            
      8789,  1.7999012984144,  3.6466636702675,  0.0            
      8790,  1.6498621280852,  3.646776452608 ,  0.0            
      8791,  1.49980586666  ,  3.6468864781229,  0.0            
      8792,  1.3497260932928,  3.6469932853541,  0.0            
      8793,  1.199621739805 ,  3.6471237026712,  0.0            
      8794,  1.0494866577301,  3.6473061754381,  0.0            
      8795,  0.8993448112513,  3.6474900780797,  0.0            
      8796,  0.7492350112835,  3.6477026065258,  0.0            
      8797,  0.5992030813334,  3.6479931536574,  0.0            
      8798,  0.4492682331377,  3.6483774971046,  0.0            
      8799,  0.4490614404332,  3.7984712178323,  0.0            
      8800,  0.5989618784648,  3.7981013441339,  0.0            
      8801,  0.7489765550702,  3.7978128769801,  0.0            
      8802,  0.8990889662923,  3.797594975363 ,  0.0            
      8803,  1.0492437031106,  3.7974102976629,  0.0            
      8804,  1.1994073890238,  3.7972284122374,  0.0            
      8805,  1.3495453396059,  3.7970450456404,  0.0            
      8806,  1.4996536565071,  3.7968445754848,  0.0            
      8807,  1.6497322307061,  3.7966156753134,  0.0            
      8808,  1.7997922288325,  3.7963698880272,  0.0            
      8809,  1.949842252551 ,  3.7961386237848,  0.0            
      8810,  2.0998875747138,  3.7959529426716,  0.0            
      8811,  2.249927150667 ,  3.7958230003686,  0.0            
      8812,  2.3999578243884,  3.7957428174959,  0.0            
      8813,  2.5499785658972,  3.7957023767955,  0.0            
      8814,  2.699991434499 ,  3.7956870508379,  0.0            
      8815,  2.8499987165304,  3.795685267732 ,  0.0            
      8816,  3.0000026129683,  3.7956905711569,  0.0            
      8817,  3.1500048512518,  3.7957000745354,  0.0            
      8818,  3.3000067778467,  3.7957129491363,  0.0            
      8819,  3.4500093783648,  3.7957296042066,  0.0            
      8820,  3.6000151468108,  3.7957520265889,  0.0            
      8821,  3.7500268956007,  3.795784831619 ,  0.0            
      8822,  3.9000551792343,  3.7958374082632,  0.0            
      8823,  4.0501131212439,  3.7959245899422,  0.0            
      8824,  4.2002419616628,  3.7960719772483,  0.0            
      8825,  4.3505099665314,  3.7963272959399,  0.0            
      8826,  4.5010466245235,  3.7967912946615,  0.0            
      8827,  4.652091024223 ,  3.7976329001925,  0.0            
      8828,  4.8039374396107,  3.7990496081653,  0.0            
      8829,  4.9571761628363,  3.8011731020917,  0.0            
      8830,  5.1123280890185,  3.8040853900405,  0.0            
      8831,  5.2704064931244,  3.8082421867845,  0.0            
      8832,  5.4319780749367,  3.8151592758845,  0.0            
      8833,  5.5980893675717,  3.8270712308796,  0.0            
      8834,  5.7686097941773,  3.8443295902   ,  0.0            
      8835,  5.943254943697 ,  3.8637152713475,  0.0            
      8836,  6.1193140739034,  3.7178516096848,  0.0            
      8837,  6.2968297382746,  3.720397998213 ,  0.0            
      8838,  6.4740797074607,  3.7110445312648,  0.0            
      8839,  6.6542574486758,  3.8532683134379,  0.0            
      8840,  6.8287735436769,  3.8309968913805,  0.0            
      8841,  6.9997525724011,  3.8130210203054,  0.0            
      8842,  7.1670769436882,  3.8020856001338,  0.0            
      8843,  7.3298350176467,  3.7971939350633,  0.0            
      8844,  7.4888683450385,  3.795875413498 ,  0.0            
      8845,  7.6443389130308,  3.7958077907102,  0.0            
      8846,  7.7975657551329,  3.7957958504283,  0.0            
      8847,  7.9490661561314,  3.7957152958336,  0.0            
      8848,  8.0997729107359,  3.7956358216725,  0.0            
      8849,  8.2500309339824,  3.795574486863 ,  0.0            
      8850,  8.4001359901725,  3.795537281673 ,  0.0            
      8851,  8.5501658771966,  3.795517511139 ,  0.0            
      8852,  8.7001722611209,  3.7955010576426,  0.0            
      8853,  8.8501568547733,  3.7954713919648,  0.0            
      8854,  9.0001215150546,  3.7954081569576,  0.0            
      8855,  9.1500721817326,  3.7952917070425,  0.0            
      8856,  9.3000264110008,  3.7951219085484,  0.0            
      8857,  9.4500031258153,  3.7949385772833,  0.0            
      8858,  9.6000088109604,  3.794812491997 ,  0.0            
      8859,  9.7500321173295,  3.7947928088884,  0.0            
      8860,  9.9000580714228,  3.7948560953021,  0.0            
      8861,  10.050088673411,  3.7949521564915,  0.0            
      8862,  10.20012064613 ,  3.7951344972656,  0.0            
      8863,  10.350102358021,  3.7955332773952,  0.0            
      8864,  10.499919566775,  3.7960525308373,  0.0            
      8865,  10.64952407441 ,  3.7962246862522,  0.0            
      8866,  10.798971240054,  3.7955512726029,  0.0            
      8867,  10.948463094709,  3.7938217034115,  0.0            
      8868,  11.098228267962,  3.7911043211347,  0.0            
      8869,  11.248615837933,  3.7881294850991,  0.0            
      8870,  11.399692475085,  3.786985628982 ,  0.0            
      8871,  11.550985537744,  3.7902576219181,  0.0            
      8872,  11.701404932453,  3.7973997923352,  0.0            
      8873,  0.448801010443 ,  3.9486923528389,  0.0            
      8874,  0.4485008916672,  4.0991206423111,  0.0            
      8875,  0.4482008431783,  4.2499195240862,  0.0            
      8876,  0.4479555780021,  4.4013214332463,  0.0            
      8877,  0.447872911679 ,  4.5537233094918,  0.0            
      8878,  0.4482157694392,  4.7074656705252,  0.0            
      8879,  0.4494365830948,  4.8629510409348,  0.0            
      8880,  0.4519030493187,  5.0201374533452,  0.0            
      8881,  0.4552467290464,  5.1786993198818,  0.0            
      8882,  0.457489628499 ,  5.3374579504392,  0.0            
      8883,  0.5986504559712,  3.9483735971586,  0.0            
      8884,  0.598272658042 ,  4.0989186339515,  0.0            
      8885,  0.5978482457927,  4.2499556152702,  0.0            
      8886,  0.5974018023662,  4.4018266055188,  0.0            
      8887,  0.5970229015147,  4.555104902044 ,  0.0            
      8888,  0.5970297774578,  4.7103984909486,  0.0            
      8889,  0.5980561174365,  4.868474299051 ,  0.0            
      8890,  0.6007724479163,  5.0297466558741,  0.0            
      8891,  0.6052116795325,  5.1943007038583,  0.0            
      8892,  0.6093745575733,  5.3607240036887,  0.0            
      8893,  0.7486336830875,  3.9481130058316,  0.0            
      8894,  0.8987383740498,  3.9478953688363,  0.0            
      8895,  1.0489000331795,  3.9476835814382,  0.0            
      8896,  1.1990866762383,  3.9474449356741,  0.0            
      8897,  1.3492518502148,  3.9471616675738,  0.0            
      8898,  1.4993866462964,  3.9468155495598,  0.0            
      8899,  1.6494891938778,  3.9463968252861,  0.0            
      8900,  1.7995771376954,  3.9459299778305,  0.0            
      8901,  1.9496627096244,  3.9454767035045,  0.0            
      8902,  2.0997496435327,  3.9451023895358,  0.0            
      8903,  2.2498307168866,  3.9448401663538,  0.0            
      8904,  2.3998978247664,  3.9446840118438,  0.0            
      8905,  2.5499462426326,  3.9446065711639,  0.0            
      8906,  2.6999774606415,  3.9445786401269,  0.0            
      8907,  2.8499954481264,  3.9445785118637,  0.0            
      8908,  3.0000055145673,  3.9445932988072,  0.0            
      8909,  3.1500115998817,  3.9446171393624,  0.0            
      8910,  3.3000172195371,  3.9446487939519,  0.0            
      8911,  3.4500250386011,  3.9446901616326,  0.0            
      8912,  3.6000413888474,  3.9447472622385,  0.0            
      8913,  3.7500723635299,  3.9448324558008,  0.0            
      8914,  3.9001413896721,  3.9449672465708,  0.0            
      8915,  4.0502681659531,  3.9451780421413,  0.0            
      8916,  4.2005303372845,  3.9454998001056,  0.0            
      8917,  4.351005026853 ,  3.9459920180992,  0.0            
      8918,  4.5018889792171,  3.9467977356377,  0.0            
      8919,  4.6533824359115,  3.948169791955 ,  0.0            
      8920,  4.805804905455 ,  3.9504138310618,  0.0            
      8921,  4.9595484825577,  3.9536902355867,  0.0            
      8922,  5.1150746490221,  3.9579681033256,  0.0            
      8923,  5.2731505149126,  3.9634397651764,  0.0            
      8924,  5.4344385442102,  3.9712339428203,  0.0            
      8925,  5.5999301314775,  3.9832956220701,  0.0            
      8926,  5.7698376262914,  4.0004311980321,  0.0            
      8927,  5.9440607110051,  4.0199836014663,  0.0            
      8928,  6.1205271354521,  3.8786621997024,  0.0            
      8929,  6.2990809494473,  3.882572608247 ,  0.0            
      8930,  6.4774649286344,  3.8729343070166,  0.0            
      8931,  6.6565884175929,  4.008981012172 ,  0.0            
      8932,  6.831225417469 ,  3.984988679558 ,  0.0            
      8933,  7.0018966872363,  3.9652363878142,  0.0            
      8934,  7.1686206818557,  3.952915523706 ,  0.0            
      8935,  7.3307744485654,  3.9471299953559,  0.0            
      8936,  7.4892923147454,  3.9451819565346,  0.0            
      8937,  7.6444836089007,  3.9447690359457,  0.0            
      8938,  7.7975632761866,  3.9446981521248,  0.0            
      8939,  7.9490635306442,  3.9446419120439,  0.0            
      8940,  8.0997941779653,  3.9445748616003,  0.0            
      8941,  8.2500647847376,  3.9445189004029,  0.0            
      8942,  8.4001774618972,  3.9444854324237,  0.0            
      8943,  8.550209464563 ,  3.9444753754731,  0.0            
      8944,  8.7002118184754,  3.9444826080699,  0.0            
      8945,  8.8501783500084,  3.9444848064526,  0.0            
      8946,  9.0001048981261,  3.94442389795  ,  0.0            
      8947,  9.1500046982792,  3.9442198399371,  0.0            
      8948,  9.2999195285533,  3.9438440968869,  0.0            
      8949,  9.449895076775 ,  3.9433955460471,  0.0            
      8950,  9.5999428863528,  3.943077532837 ,  0.0            
      8951,  9.7500238263516,  3.9430418416469,  0.0            
      8952,  9.9000883828999,  3.9432187271245,  0.0            
      8953,  10.050140597685,  3.9434109722767,  0.0            
      8954,  10.200205784624,  3.9437009978182,  0.0            
      8955,  10.350195798392,  3.9445006231153,  0.0            
      8956,  10.499860368162,  3.9457457426851,  0.0            
      8957,  10.649067659995,  3.9464124945827,  0.0            
      8958,  10.797935724956,  3.9454735868344,  0.0            
      8959,  10.946795124825,  3.942717161294 ,  0.0            
      8960,  11.095991613051,  3.938216140244 ,  0.0            
      8961,  11.246164149359,  3.9327549688133,  0.0            
      8962,  11.397703527653,  3.929767529765 ,  0.0            
      8963,  11.550061779263,  3.9347692589231,  0.0            
      8964,  11.701170691366,  3.9485124101462,  0.0            
      8965,  0.7090278161337,  12.258024163194,  0.0            
      8966,  0.6881809182475,  12.120207339263,  0.0            
      8967,  0.6680358772367,  11.983914180153,  0.0            
      8968,  11.695004907404,  4.0951564990784,  0.0            
      8969,  11.545088160854,  4.0745326133289,  0.0            
      8970,  11.391933808811,  4.0685657614235,  0.0            
      8971,  11.240800320276,  4.0755854156807,  0.0            
      8972,  11.091889459444,  4.0849486553052,  0.0            
      8973,  10.944038633331,  4.091744843094 ,  0.0            
      8974,  10.796280954392,  4.0958862782734,  0.0            
      8975,  10.64833034971 ,  4.0971611615316,  0.0            
      8976,  10.499740327269,  4.0953210169665,  0.0            
      8977,  10.35025118754 ,  4.0925337067081,  0.0            
      8978,  10.200195292119,  4.0910823354791,  0.0            
      8979,  10.050096118213,  4.0907435679256,  0.0            
      8980,  9.9000590798594,  4.0903567842091,  0.0            
      8981,  9.7499470606705,  4.0898756516888,  0.0            
      8982,  9.5997542182513,  4.0899179171496,  0.0            
      8983,  9.4496211119632,  4.0906509614203,  0.0            
      8984,  9.2996546021226,  4.091665988797 ,  0.0            
      8985,  9.1498308333149,  4.0924560450062,  0.0            
      8986,  9.0000429339792,  4.0928001226719,  0.0            
      8987,  8.8501951156718,  4.092810168655 ,  0.0            
      8988,  8.7002612826069,  4.092714619429 ,  0.0            
      8989,  8.5502627677205,  4.0926522600659,  0.0            
      8990,  8.4002254223071,  4.0926462583867,  0.0            
      8991,  8.2501068811107,  4.0926778988565,  0.0            
      8992,  8.0998333273197,  4.0927316086476,  0.0            
      8993,  7.9491073941252,  4.0927933686658,  0.0            
      8994,  7.7976441689024,  4.0928546283446,  0.0            
      8995,  7.6446543663124,  4.0929880903283,  0.0            
      8996,  7.489638746717 ,  4.093597972295 ,  0.0            
      8997,  7.3313793595334,  4.0958964975316,  0.0            
      8998,  7.1695730687223,  4.1021972993334,  0.0            
      8999,  7.003220709478 ,  4.1152558339964,  0.0            
      9000,  6.8328602031806,  4.1359131486876,  0.0            
      9001,  6.6584114187388,  4.1608217118687,  0.0            
      9002,  6.4793447964247,  4.0297958713395,  0.0            
      9003,  6.3003645860931,  4.0397384300863,  0.0            
      9004,  6.1214015353564,  4.0354488942541,  0.0            
      9005,  5.9472352651756,  4.1750983623963,  0.0            
      9006,  5.7739072747977,  4.1568729243077,  0.0            
      9007,  5.6048170315608,  4.1407892303124,  0.0            
      9008,  5.4399659291013,  4.1288949001427,  0.0            
      9009,  5.2787200130341,  4.1201437813831,  0.0            
      9010,  5.1202589809952,  4.1129631768309,  0.0            
      9011,  4.9638430748241,  4.1068101297653,  0.0            
      9012,  4.8091191140669,  4.1019689259766,  0.0            
      9013,  4.6556745928273,  4.0986445498076,  0.0            
      9014,  4.5034033268273,  4.0965946593993,  0.0            
      9015,  4.3519178055936,  4.0953311335113,  0.0            
      9016,  4.2010790818276,  4.0944811377376,  0.0            
      9017,  4.0505749999575,  4.0938662482596,  0.0            
      9018,  3.9003169658619,  4.0934320083617,  0.0            
      9019,  3.7501659294781,  4.0931400025357,  0.0            
      9020,  3.6000926428984,  4.0929479867701,  0.0            
      9021,  3.4500518041265,  4.092815736611 ,  0.0            
      9022,  3.3000310761162,  4.0927187612044,  0.0            
      9023,  3.150016621815 ,  4.0926451054801,  0.0            
      9024,  3.0000019238504,  4.0925907300835,  0.0            
      9025,  2.8499785872642,  4.0925574782301,  0.0            
      9026,  2.6999382627653,  4.0925557884382,  0.0            
      9027,  2.5498696682301,  4.0926096844186,  0.0            
      9028,  2.3997663893046,  4.0927605666085,  0.0            
      9029,  2.2496269585554,  4.0930644216017,  0.0            
      9030,  2.0994652190894,  4.0935720810614,  0.0            
      9031,  1.9493012556282,  4.094290477234 ,  0.0            
      9032,  1.7991556543151,  4.0951492731313,  0.0            
      9033,  1.6490278356201,  4.0960173000499,  0.0            
      9034,  1.4989012418822,  4.0967763191608,  0.0            
      9035,  1.3487493145666,  4.0973847128713,  0.0            
      9036,  1.1985744903329,  4.0978637449794,  0.0            
      9037,  1.0483903300913,  4.0982389966774,  0.0            
      9038,  0.8982533818404,  4.0985204482794,  0.0            
      9039,  0.7481918250688,  4.0987316863434,  0.0            
      9040,  0.7476317368552,  4.2499261170211,  0.0            
      9041,  0.7469179932742,  4.4021218319108,  0.0            
      9042,  0.7460832473727,  4.5560172630919,  0.0            
      9043,  0.745456524309 ,  4.7124575593531,  0.0            
      9044,  0.7458089178401,  4.8725687403023,  0.0            
      9045,  0.7481145042149,  5.037465284473 ,  0.0            
      9046,  0.7530094638146,  5.2084238701268,  0.0            
      9047,  0.7591470325405,  5.3871786422545,  0.0            
      9048,  0.7711483632733,  5.563020856834 ,  0.0            
      9049,  0.8975651819408,  4.2497291513978,  0.0            
      9050,  0.8965637722158,  4.4019591456173,  0.0            
      9051,  0.8952057580208,  4.5558966175384,  0.0            
      9052,  0.8937946938451,  4.7124118481503,  0.0            
      9053,  0.8931593583249,  4.8726279721709,  0.0            
      9054,  0.8944145286354,  5.0379064791625,  0.0            
      9055,  0.8985385673702,  5.2091010304806,  0.0            
      9056,  0.9083593716239,  5.4025746813471,  0.0            
      9057,  0.9262981651522,  5.6016722963004,  0.0            
      9058,  1.0475976431385,  4.2493032776448,  0.0            
      9059,  1.0463437954093,  4.401248235731 ,  0.0            
      9060,  1.0445235802692,  4.5546049721872,  0.0            
      9061,  1.042427321531 ,  4.710001900577 ,  0.0            
      9062,  1.1977185127345,  4.2486701890399,  0.0            
      9063,  1.3478644854555,  4.2478678274311,  0.0            
      9064,  1.4980146283261,  4.2468624954908,  0.0            
      9065,  1.6481656320848,  4.245594271601 ,  0.0            
      9066,  1.798356257609 ,  4.2441131100396,  0.0            
      9067,  1.9486068313555,  4.2426210311062,  0.0            
      9068,  2.0989097654217,  4.2413584489448,  0.0            
      9069,  2.2492177830442,  4.2404632073733,  0.0            
      9070,  2.3994891294879,  4.2399317917795,  0.0            
      9071,  2.5496914653638,  4.239675711905 ,  0.0            
      9072,  2.699826721951 ,  4.239593595488 ,  0.0            
      9073,  2.8499050928016,  4.2396102234988,  0.0            
      9074,  2.9999501328764,  4.239682717222 ,  0.0            
      9075,  3.149979036535 ,  4.2397938054994,  0.0            
      9076,  3.3000105332464,  4.239942480992 ,  0.0            
      9077,  3.4500598847347,  4.2401397185608,  0.0            
      9078,  3.6001535088261,  4.2404124407612,  0.0            
      9079,  3.7503154501877,  4.2408126120124,  0.0            
      9080,  3.9006195538919,  4.2414165015224,  0.0            
      9081,  4.0511095487132,  4.2422878753636,  0.0            
      9082,  4.2020045697859,  4.2434435743109,  0.0            
      9083,  4.3534188659849,  4.2448802647358,  0.0            
      9084,  4.505823947719 ,  4.2467650642814,  0.0            
      9085,  4.6593106247264,  4.2495932909591,  0.0            
      9086,  4.8143626629273,  4.2540856463896,  0.0            
      9087,  4.9707608348549,  4.2606094862515,  0.0            
      9088,  5.1288121100323,  4.2687731731264,  0.0            
      9089,  5.288338077007 ,  4.2777478222592,  0.0            
      9090,  5.4500158133953,  4.2874295267586,  0.0            
      9091,  5.6144040561365,  4.2989367822593,  0.0            
      9092,  5.7824723474078,  4.3133890895779,  0.0            
      9093,  5.9543571347289,  4.3293105812165,  0.0            
      9094,  6.1239701013203,  4.1894870935256,  0.0            
      9095,  6.3025198689604,  4.1930189626753,  0.0            
      9096,  6.4813173507671,  4.1824140108223,  0.0            
      9097,  6.6606729658932,  4.3097904190002,  0.0            
      9098,  6.8344400391845,  4.2845536044158,  0.0            
      9099,  7.0042748684689,  4.2635814096932,  0.0            
      9100,  7.1702246320964,  4.2502096730348,  0.0            
      9101,  7.331756590537 ,  4.2436423373365,  0.0            
      9102,  7.4898410089106,  4.2411530756147,  0.0            
      9103,  7.6447620563774,  4.2404341413739,  0.0            
      9104,  7.7977039359277,  4.2402560405905,  0.0            
      9105,  7.9491504430369,  4.2401808711344,  0.0            
      9106,  8.0998738469805,  4.2401121002123,  0.0            
      9107,  8.2501522930397,  4.2400470335607,  0.0            
      9108,  8.4002812754965,  4.2399991944559,  0.0            
      9109,  8.5503334501396,  4.2400112497028,  0.0            
      9110,  8.7003340235297,  4.2401648988205,  0.0            
      9111,  8.8502142160605,  4.2404657994166,  0.0            
      9112,  8.9999084267755,  4.2406305495676,  0.0            
      9113,  9.1494597888596,  4.2401041752955,  0.0            
      9114,  9.2990750299947,  4.2385572784236,  0.0            
      9115,  9.4489932068095,  4.2364357823668,  0.0            
      9116,  9.5992687997715,  4.2348788261727,  0.0            
      9117,  9.7496463250076,  4.234893807025 ,  0.0            
      9118,  9.8997563783905,  4.2361581801244,  0.0            
      9119,  10.049588400385,  4.2369480642163,  0.0            
      9120,  10.199621502749,  4.236894104922 ,  0.0            
      9121,  10.349862112538,  4.2390219164328,  0.0            
      9122,  10.499255205671,  4.2448003448704,  0.0            
      9123,  10.647050283692,  4.2491052033075,  0.0            
      9124,  10.793943604133,  4.2470898635575,  0.0            
      9125,  10.940422086724,  4.24120133231  ,  0.0            
      9126,  11.08592179506 ,  4.2324021378202,  0.0            
      9127,  11.231247951627,  4.2177737037435,  0.0            
      9128,  11.378874328773,  4.2029788843364,  0.0            
      9129,  11.53260557083 ,  4.2027155732353,  0.0            
      9130,  11.681403205146,  4.248293235729 ,  0.0            
      9131,  11.609129706724,  4.3792330053862,  0.0            
      9132,  11.48959401951 ,  4.3298369334273,  0.0            
      9133,  11.511558820379,  4.4859703756461,  0.0            
      9134,  11.458003834663,  4.4281856511145,  0.0            
      9135,  11.359146347223,  4.3331764599068,  0.0            
      9136,  11.352532654725,  4.4595568324168,  0.0            
      9137,  11.382804364661,  4.574285263535 ,  0.0            
      9138,  11.221822209119,  4.3602673287336,  0.0            
      9139,  1.1962956312629,  4.4001361611706,  0.0            
      9140,  1.3463517679625,  4.3987894227482,  0.0            
      9141,  1.4964740241618,  4.3971601335279,  0.0            
      9142,  1.6466546118595,  4.3950959594561,  0.0            
      9143,  1.7969484084066,  4.3926429803995,  0.0            
      9144,  1.9473762641118,  4.3901402891106,  0.0            
      9145,  2.09791189714  ,  4.388012180797 ,  0.0            
      9146,  2.2484589418816,  4.3865091515429,  0.0            
      9147,  2.3989396733339,  4.3856299969819,  0.0            
      9148,  2.549290550002 ,  4.3852190279462,  0.0            
      9149,  2.6995178173256,  4.3850981736928,  0.0            
      9150,  2.8496399109497,  4.3851399238191,  0.0            
      9151,  2.9997044207062,  4.3852764571899,  0.0            
      9152,  3.1497459935432,  4.3854842296175,  0.0            
      9153,  3.2998029650816,  4.3857652540297,  0.0            
      9154,  3.4499093172276,  4.3861403340395,  0.0            
      9155,  3.6001090879951,  4.3866560604716,  0.0            
      9156,  3.7504475783608,  4.3874024096424,  0.0            
      9157,  3.9010216995077,  4.3885041687446,  0.0            
      9158,  4.0518957223254,  4.3900482851823,  0.0            
      9159,  4.2033565162387,  4.3919965243578,  0.0            
      9160,  4.3555662287776,  4.3942197543588,  0.0            
      9161,  4.5091523185279,  4.396806667631 ,  0.0            
      9162,  4.664215351853 ,  4.4003756405195,  0.0            
      9163,  4.8213201270857,  4.4059678715343,  0.0            
      9164,  4.9799874024315,  4.4142012121476,  0.0            
      9165,  5.1403161899667,  4.424551502235 ,  0.0            
      9166,  5.3015990761686,  4.4355767080249,  0.0            
      9167,  5.4642194547835,  4.4463785679038,  0.0            
      9168,  6.1296385639295,  4.3414949668202,  0.0            
      9169,  6.3068079444231,  4.3434194601954,  0.0            
      9170,  6.4844775396727,  4.3318767456299,  0.0            
      9171,  6.6636528875483,  4.4564529385028,  0.0            
      9172,  6.8362386239538,  4.4311797510855,  0.0            
      9173,  7.0052927288228,  4.4101960525353,  0.0            
      9174,  7.1707347156881,  4.3967287162347,  0.0            
      9175,  7.3319997422563,  4.390021029998 ,  0.0            
      9176,  7.4899433405101,  4.387416373279 ,  0.0            
      9177,  7.6448123965632,  4.3866259118358,  0.0            
      9178,  7.7977313890633,  4.3864046087298,  0.0            
      9179,  7.9491751912593,  4.3862924490445,  0.0            
      9180,  8.0999011879668,  4.3861820400566,  0.0            
      9181,  8.2501907406985,  4.3860623826102,  0.0            
      9182,  8.4003427798747,  4.3859448266423,  0.0            
      9183,  8.5504352287838,  4.3859223167974,  0.0            
      9184,  8.7004666520749,  4.3862229968765,  0.0            
      9185,  8.8502812495439,  4.3869728092673,  0.0            
      9186,  8.999703714358 ,  4.3876515065148,  0.0            
      9187,  9.1487816113493,  4.3870059383851,  0.0            
      9188,  9.2979357308523,  4.3841714380947,  0.0            
      9189,  9.4476827883839,  4.3799892292881,  0.0            
      9190,  9.5981644376162,  4.3768250550558,  0.0            
      9191,  9.7488361430785,  4.3770064828831,  0.0            
      9192,  9.8987742274447,  4.3801754444808,  0.0            
      9193,  10.047816016552,  4.3820105569171,  0.0            
      9194,  10.197332997753,  4.3802555717466,  0.0            
      9195,  10.347953556354,  4.3823533680822,  0.0            
      9196,  10.497429299322,  4.3940711380971,  0.0            
      9197,  10.64430108327 ,  4.4037021734641,  0.0            
      9198,  10.790890972733,  4.3990035821614,  0.0            
      9199,  10.937688301655,  4.3904974483358,  0.0            
      9200,  11.081327565827,  4.3820710836143,  0.0            
      9201,  1.1941744233162,  4.5526177151079,  0.0            
      9202,  1.3440762250921,  4.5504249598622,  0.0            
      9203,  1.4941415365996,  4.547940853805 ,  0.0            
      9204,  1.6443500704299,  4.5447833849798,  0.0            
      9205,  1.794783368789 ,  4.5409445210729,  0.0            
      9206,  11.222883402741,  4.5006760210843,  0.0            
      9207,  1.9454631902564,  4.5369756850425,  0.0            
      9208,  2.0963278063032,  4.533599555383 ,  0.0            
      9209,  2.2471996796737,  4.5312490543038,  0.0            
      9210,  2.3979441496018,  4.5299222333083,  0.0            
      9211,  2.5484535293064,  4.5293474267257,  0.0            
      9212,  2.6987484891458,  4.5292186987735,  0.0            
      9213,  2.8488686127335,  4.5293268042828,  0.0            
      9214,  2.9989053728905,  4.5295704622404,  0.0            
      9215,  3.1489274819231,  4.5299227350092,  0.0            
      9216,  3.2990079622975,  4.5303961820383,  0.0            
      9217,  3.4492188919762,  4.5310332576641,  0.0            
      9218,  3.5996278236984,  4.5319197263278,  0.0            
      9219,  3.7503173733715,  4.5332156016662,  0.0            
      9220,  3.9013814307604,  4.5351268290339,  0.0            
      9221,  4.0529049627301,  4.53776643108  ,  0.0            
      9222,  4.2051723371535,  4.5409741566087,  0.0            
      9223,  4.3584024708523,  4.5443660271525,  0.0            
      9224,  4.5132900590572,  4.5478165878482,  0.0            
      9225,  4.6700286731228,  4.5520040265366,  0.0            
      9226,  4.8291984734992,  4.5583199493269,  0.0            
      9227,  4.9902358499323,  4.5677454408214,  0.0            
      9228,  5.1529352304765,  4.5797552939759,  0.0            
      9229,  5.6284475011672,  4.4574817475754,  0.0            
      9230,  5.7953671035144,  4.4699589758534,  0.0            
      9231,  5.965367530707 ,  4.482912785868 ,  0.0            
      9232,  6.1384143597177,  4.4920777960314,  0.0            
      9233,  6.3133549938808,  4.4917320641357,  0.0            
      9234,  6.4890329311114,  4.4789564761608,  0.0            
      9235,  6.666975248177 ,  4.6016909327051,  0.0            
      9236,  6.8380946716669,  4.5765367254704,  0.0            
      9237,  7.0062369387191,  4.5556655223037,  0.0            
      9238,  7.1711090070658,  4.5421763766218,  0.0            
      9239,  7.3321313040388,  4.5353750388886,  0.0            
      9240,  7.4899594883355,  4.5327015102867,  0.0            
      9241,  7.6448088037792,  4.5318727894727,  0.0            
      9242,  7.7977120361993,  4.5316036326821,  0.0            
      9243,  7.9491560513899,  4.5314043330123,  0.0            
      9244,  8.0998819392493,  4.5311709349052,  0.0            
      9245,  8.2501894740698,  4.5308963673804,  0.0            
      9246,  8.4003882269654,  4.5305853788957,  0.0            
      9247,  8.5505795361923,  4.5304003011558,  0.0            
      9248,  8.7007356501454,  4.5308586875318,  0.0            
      9249,  8.8505437443964,  4.5324486758284,  0.0            
      9250,  8.9995693492676,  4.5343654597767,  0.0            
      9251,  9.1477774955989,  4.5339513020007,  0.0            
      9252,  9.2959638734811,  4.5290831526177,  0.0            
      9253,  9.445205518704 ,  4.5212876708297,  0.0            
      9254,  9.5959185513156,  4.5150897925846,  0.0            
      9255,  9.7472087784774,  4.5154903594058,  0.0            
      9256,  9.8968601405789,  4.523030725426 ,  0.0            
      9257,  10.043788272366,  4.5279873774483,  0.0            
      9258,  10.191359535032,  4.5210857200315,  0.0            
      9259,  10.339939112376,  4.5129070869863,  0.0            
      9260,  10.488231885264,  4.5351979651861,  0.0            
      9261,  10.634342156097,  4.567747932212 ,  0.0            
      9262,  10.785647920896,  4.5499932016949,  0.0            
      9263,  10.933997808667,  4.5293045602264,  0.0            
      9264,  11.084399770668,  4.541318851418 ,  0.0            
      9265,  1.0409344474634,  4.8680128452506,  0.0            
      9266,  1.0412335508329,  5.0290295378902,  0.0            
      9267,  1.044360154514 ,  5.1928647803833,  0.0            
      9268,  1.0529924707505,  5.3540590564329,  0.0            
      9269,  1.1916713051858,  4.7064690336077,  0.0            
      9270,  1.3413850489699,  4.703028552878 ,  0.0            
      9271,  1.4913506097862,  4.6994483769743,  0.0            
      9272,  1.6415279497928,  4.6948124494989,  0.0            
      9273,  1.7920602502493,  4.688987881585 ,  0.0            
      9274,  1.9429914907581,  4.6829003074511,  0.0            
      9275,  2.0942035227311,  4.677764397183 ,  0.0            
      9276,  2.2453982822081,  4.6742872529056,  0.0            
      9277,  2.3963529617539,  4.6724317889858,  0.0            
      9278,  2.5469092389539,  4.6717132521376,  0.0            
      9279,  2.6971218639455,  4.6716179444933,  0.0            
      9280,  2.8470806010716,  4.6718251274665,  0.0            
      9281,  2.9969496624057,  4.6722063131846,  0.0            
      9282,  3.1468585462726,  4.672746986018 ,  0.0            
      9283,  3.2969371630444,  4.6734818103121,  0.0            
      9284,  3.4473254405071,  4.6744807031376,  0.0            
      9285,  3.5981275319495,  4.6758761192009,  0.0            
      9286,  3.7494833839777,  4.6779146544614,  0.0            
      9287,  3.9014462513126,  4.6809049576284,  0.0            
      9288,  4.0541024748577,  4.6849894177773,  0.0            
      9289,  4.2076106762632,  4.6898361826705,  0.0            
      9290,  4.3621985682981,  4.6947035610948,  0.0            
      9291,  4.5184474888361,  4.6991264334678,  0.0            
      9292,  4.6766835105104,  4.703760930238 ,  0.0            
      9293,  4.8374196010074,  4.7103519270016,  0.0            
      9294,  5.0002535127686,  4.7203638636022,  0.0            
      9295,  5.1646853754416,  4.7334396350234,  0.0            
      9296,  5.3162330434738,  4.5924351284131,  0.0            
      9297,  5.4800263733039,  4.6041695833003,  0.0            
      9298,  5.6443799663654,  4.6148891653137,  0.0            
      9299,  5.8102036541152,  4.6254731610729,  0.0            
      9300,  5.9782322364167,  4.6354397682466,  0.0            
      9301,  6.1486877140149,  4.6414154566799,  0.0            
      9302,  6.3210221802052,  4.6386073396331,  0.0            
      9303,  6.4942634276477,  4.6245317233036,  0.0            
      9304,  6.6699037617505,  4.74599869254  ,  0.0            
      9305,  6.8395789772436,  4.7209874614344,  0.0            
      9306,  7.0068802488683,  4.7001669503946,  0.0            
      9307,  7.1712335629038,  4.6865798755123,  0.0            
      9308,  7.332106032253 ,  4.6796523786823,  0.0            
      9309,  7.4898640828698,  4.6769299563624,  0.0            
      9310,  7.644728805331 ,  4.6760737128793,  0.0            
      9311,  7.7976023503688,  4.6756906038722,  0.0            
      9312,  7.9490323307836,  4.6752459351398,  0.0            
      9313,  8.0997369675507,  4.6746807820783,  0.0            
      9314,  8.2500582877561,  4.6740338026068,  0.0            
      9315,  8.4003229032449,  4.6732908521792,  0.0            
      9316,  8.5507059125381,  4.6726615254632,  0.0            
      9317,  8.7012120010144,  4.673157202861 ,  0.0            
      9318,  8.8513083904157,  4.6761877543408,  0.0            
      9319,  9.0000075677873,  4.6808665323766,  0.0            
      9320,  9.146858613768 ,  4.6817806626948,  0.0            
      9321,  9.2931859634922,  4.6738218983688,  0.0            
      9322,  9.4410581726561,  4.6599598956888,  0.0            
      9323,  9.5915610762609,  4.6481416968695,  0.0            
      9324,  9.7428122339411,  4.6445611123438,  0.0            
      9325,  9.8949328537334,  4.6643223076154,  0.0            
      9326,  10.041674011682,  4.6831067075691,  0.0            
      9327,  10.187003339136,  4.6594356029171,  0.0            
      9328,  10.32778231041 ,  4.6402571220322,  0.0            
      9329,  10.471895663272,  4.6850377292597,  0.0            
      9330,  10.778130031604,  4.7035474417973,  0.0            
      9331,  10.936407130929,  4.6648930006949,  0.0            
      9332,  1.0763871076991,  5.5269829731131,  0.0            
      9333,  1.1552975110477,  5.6529721801416,  0.0            
      9334,  1.291299760653 ,  5.7329194212631,  0.0            
      9335,  1.4280808103238,  5.8117080476496,  0.0            
      9336,  1.5469911134294,  5.9340992855908,  0.0            
      9337,  1.6583031454484,  6.0641836545716,  0.0            
      9338,  1.7683161840497,  6.1949887615586,  0.0            
      9339,  1.8696343718031,  6.3292201491544,  0.0            
      9340,  1.9568696925304,  6.4710035908595,  0.0            
      9341,  2.031339697953 ,  6.6205668524718,  0.0            
      9342,  2.0954641665471,  6.7760501002913,  0.0            
      9343,  2.1495448915946,  6.935904049179 ,  0.0            
      9344,  2.1927552677603,  7.0990793854276,  0.0            
      9345,  2.224304269096 ,  7.2647495460736,  0.0            
      9346,  2.2437003237942,  7.4321098867871,  0.0            
      9347,  2.2506527792607,  7.6003454510078,  0.0            
      9348,  0.2598985870002,  11.862885774998,  0.0            
      9349,  0.3900497097129,  11.864113556767,  0.0            
      9350,  0.5198010775523,  11.860038619599,  0.0            
      9351,  0.6486600551585,  11.849097767783,  0.0            
      9352,  1.189768872062 ,  4.8617451208345,  0.0            
      9353,  1.1898523120287,  5.0180037093511,  0.0            
      9354,  1.1932728019118,  5.1733433488113,  0.0            
      9355,  1.2020952384528,  5.3222014384354,  0.0            
      9356,  1.2195143165667,  5.4519326577959,  0.0            
      9357,  1.2491956027793,  5.5752759937333,  0.0            
      9358,  1.3825698730044,  5.6236124778206,  0.0            
      9359,  2.2449935551492,  7.7686021640706,  0.0            
      9360,  2.2266916878658,  7.9359950484439,  0.0            
      9361,  2.1958658744017,  8.1016094957833,  0.0            
      9362,  2.1527382034622,  8.2645037971707,  0.0            
      9363,  2.0975458555553,  8.4237118231907,  0.0            
      9364,  2.0304977954647,  8.5782654263649,  0.0            
      9365,  1.9518706527264,  8.7272718410585,  0.0            
      9366,  1.8621497735717,  8.8699541118374,  0.0            
      9367,  1.7619762718731,  9.0056057280524,  0.0            
      9368,  1.652016676056 ,  9.1334935297935,  0.0            
      9369,  1.5328406816214,  9.2528210601568,  0.0            
      9370,  1.404862673443 ,  9.362765882083 ,  0.0            
      9371,  1.2685253369371,  9.4627145398555,  0.0            
      9372,  1.1245376301375,  9.5524952923523,  0.0            
      9373,  0.9738688787487,  9.6321081573839,  0.0            
      9374,  0.8175870930843,  9.7016285246355,  0.0            
      9375,  0.6570357412894,  9.7612406532972,  0.0            
      9376,  0.4936470338118,  9.8111318613515,  0.0            
      9377,  0.3288780222247,  9.851021390137 ,  0.0            
      9378,  0.8494496249966,  12.234398614327,  0.0            
      9379,  0.9891414994388,  12.206189022543,  0.0            
      9380,  1.1279021516598,  12.174324484954,  0.0            
      9381,  1.2653419369987,  12.138094646104,  0.0            
      9382,  1.4016358356579,  12.096236864824,  0.0            
      9383,  1.5375042128151,  12.049822173778,  0.0            
      9384,  1.6730497318807,  11.99916301085 ,  0.0            
      9385,  1.8076653175145,  11.943140402966,  0.0            
      9386,  1.9417175149443,  11.880512967142,  0.0            
      9387,  2.0776136859157,  11.813713629154,  0.0            
      9388,  2.2211246899039,  11.749734242612,  0.0            
      9389,  2.3759292519148,  11.6934910267  ,  0.0            
      9390,  2.4914335307291,  11.51903828979 ,  0.0            
      9391,  0.8243360740484,  12.098373670536,  0.0            
      9392,  0.9594656895114,  12.071064503386,  0.0            
      9393,  1.0935842869938,  12.039176544756,  0.0            
      9394,  0.7999032834308,  11.963690381878,  0.0            
      9395,  0.9305671921659,  11.937193252508,  0.0            
      9396,  1.0601643984346,  11.905405294524,  0.0            
      9397,  1.2266799208345,  12.002970053684,  0.0            
      9398,  1.1888902136954,  11.869147626504,  0.0            
      9399,  0.7763642569415,  11.83055772378 ,  0.0            
      9400,  0.9027371914699,  11.804778480506,  0.0            
      9401,  1.027984531979 ,  11.772886300119,  0.0            
      9402,  1.1524044684725,  11.736100688032,  0.0            
      9403,  2.6352308607619,  11.461563644397,  0.0            
      9404,  2.7703080345161,  11.390493088791,  0.0            
      9405,  2.9009046559515,  11.307894296743,  0.0            
      9406,  3.0265185768158,  11.219771060684,  0.0            
      9407,  3.1480599867385,  11.127791453442,  0.0            
      9408,  3.2665457372327,  11.033902615381,  0.0            
      9409,  3.3835386503203,  10.939596010552,  0.0            
      9410,  3.5000758481604,  10.845619287489,  0.0            
      9411,  3.6165887184813,  10.751574401318,  0.0            
      9412,  3.7323188229829,  10.656418048969,  0.0            
      9413,  3.8466337762214,  10.559938547972,  0.0            
      9414,  3.9608159824842,  10.464051533184,  0.0            
      9415,  4.0765005038592,  10.370111273837,  0.0            
      9416,  4.1940955290069,  10.277690402106,  0.0            
      9417,  4.3129059921187,  10.185737010496,  0.0            
      9418,  4.4321725504795,  10.09346924734 ,  0.0            
      9419,  4.5513300840742,  10.000753651038,  0.0            
      9420,  4.670217517043 ,  9.9076475548568,  0.0            
      9421,  4.7887123208951,  9.8142949300597,  0.0            
      9422,  4.9068491877455,  9.720728562345 ,  0.0            
      9423,  5.0246509432586,  9.6270297516365,  0.0            
      9424,  5.1422286458442,  9.5332433822438,  0.0            
      9425,  5.2596570560167,  9.4394259361752,  0.0            
      9426,  5.377010824974 ,  9.3455951602638,  0.0            
      9427,  5.4943251234611,  9.2517635664388,  0.0            
      9428,  5.6116237258462,  9.1579316216636,  0.0            
      9429,  5.7289153535185,  9.0641004174768,  0.0            
      9430,  5.8462048355727,  8.970269390635 ,  0.0            
      9431,  5.9634935317318,  8.8764385419008,  0.0            
      9432,  6.0807820767478,  8.7826077229079,  0.0            
      9433,  6.1980705797576,  8.688776920511 ,  0.0            
      9434,  6.3153590827636,  8.5949461181322,  0.0            
      9435,  6.4326475857807,  8.5011153158237,  0.0            
      9436,  6.5499360888425,  8.4072845137238,  0.0            
      9437,  6.6672245920219,  8.3134537119616,  0.0            
      9438,  6.7845130952719,  8.2196229097269,  0.0            
      9439,  6.9018015975113,  8.1257921016646,  0.0            
      9440,  7.0190900938387,  8.0319612680384,  0.0            
      9441,  7.136378569705 ,  7.9381303530359,  0.0            
      9442,  7.2536669937745,  7.8442992182764,  0.0            
      9443,  7.370955307471 ,  7.7504675462465,  0.0            
      9444,  7.488243413244 ,  7.6566346031241,  0.0            
      9445,  7.6055310365952,  7.5627987627348,  0.0            
      9446,  7.7228172756841,  7.4689565163521,  0.0            
      9447,  7.840099095844 ,  7.3751013335777,  0.0            
      9448,  7.9573692570711,  7.2812233897699,  0.0            
      9449,  8.0746157188532,  7.1873148279822,  0.0            
      9450,  8.1918301546529,  7.093382440724 ,  0.0            
      9451,  8.3090239258601,  6.9994620501202,  0.0            
      9452,  8.4262378273438,  6.9056094839408,  0.0            
      9453,  8.543520658915 ,  6.8118647931658,  0.0            
      9454,  8.6608965467427,  6.7182161485772,  0.0            
      9455,  8.778345298604 ,  6.6246039902112,  0.0            
      9456,  8.8958130335437,  6.530946797966 ,  0.0            
      9457,  9.0132341083366,  6.4371833922053,  0.0            
      9458,  9.1305730701186,  6.3433043713084,  0.0            
      9459,  9.247825910924 ,  6.249336824302 ,  0.0            
      9460,  9.3649649568121,  6.155282572386 ,  0.0            
      9461,  9.4819372643324,  6.0611689815293,  0.0            
      9462,  9.5988362141804,  5.9672091125261,  0.0            
      9463,  9.7160050137541,  5.8737590160289,  0.0            
      9464,  9.8337986841928,  5.7808982760497,  0.0            
      9465,  9.9521395446176,  5.6881024420184,  0.0            
      9466,  10.070426978269,  5.5944307990726,  0.0            
      9467,  10.187915810639,  5.4992576557935,  0.0            
      9468,  10.304613669966,  5.4030018923172,  0.0            
      9469,  10.421513694069,  5.3068764680254,  0.0            
      9470,  10.538881952022,  5.2109083860165,  0.0            
      9471,  10.654909778795,  5.1144498416094,  0.0            
      9472,  10.770741600199,  5.0222351725155,  0.0            
      9473,  10.893326820437,  4.9405059354875,  0.0            
      9474,  11.017264083638,  4.8460138825509,  0.0            
      9475,  11.108566889833,  4.7038787954918,  0.0            
      9476,  10.926166208362,  4.779963628272 ,  0.0            
      9477,  10.809883712442,  4.8337221765543,  0.0            
      9478,  10.685221453438,  4.8967705181879,  0.0            
      9479,  10.575164781495,  4.9970259563976,  0.0            
      9480,  10.456483102242,  5.0999077945479,  0.0            
      9481,  10.33636526572 ,  5.197194845612 ,  0.0            
      9482,  10.219543183034,  5.2951139995445,  0.0            
      9483,  10.103703493221,  5.393639835584 ,  0.0            
      9484,  9.9860290774741,  5.4897537056505,  0.0            
      9485,  9.866672340773 ,  5.5827611161558,  0.0            
      9486,  9.7473005917696,  5.6741729680346,  0.0            
      9487,  9.6291490136209,  5.7659723106131,  0.0            
      9488,  9.512313833873 ,  5.8591807992544,  0.0            
      9489,  9.3959502527899,  5.9534526713654,  0.0            
      9490,  9.2793292341629,  6.0479302204206,  0.0            
      9491,  9.162348565333 ,  6.142237648962 ,  0.0            
      9492,  9.0451791170745,  6.2364171716422,  0.0            
      9493,  8.9278234722302,  6.3304471001614,  0.0            
      9494,  8.8102311512434,  6.4241790563293,  0.0            
      9495,  8.6924798778414,  6.5175989233125,  0.0            
      9496,  8.5747602559981,  6.6108611821449,  0.0            
      9497,  8.4572306879607,  6.70419652402  ,  0.0            
      9498,  8.3399642877044,  6.7977863600506,  0.0            
      9499,  8.2228994992245,  6.8916844881411,  0.0            
      9500,  8.1058932319707,  6.9857792629411,  0.0            
      9501,  7.9888196345289,  7.0799050586408,  0.0            
      9502,  7.8716473057591,  7.1739561589506,  0.0            
      9503,  7.7544052270856,  7.2679176222969,  0.0            
      9504,  7.6371321514677,  7.3618157194137,  0.0            
      9505,  7.5198490334763,  7.455679650071 ,  0.0            
      9506,  7.40256344819  ,  7.5495267581784,  0.0            
      9507,  7.2852767737938,  7.643365727355 ,  0.0            
      9508,  7.1679893211305,  7.7372004880694,  0.0            
      9509,  7.0507013180139,  7.8310330986114,  0.0            
      9510,  6.9334130380425,  7.9248646700842,  0.0            
      9511,  6.8161246460048,  8.0186957970136,  0.0            
      9512,  6.6988362102599,  8.1125267493183,  0.0            
      9513,  6.5815477492691,  8.2063576302277,  0.0            
      9514,  6.464259269495 ,  8.3001884749675,  0.0            
      9515,  6.3469707772159,  8.3940192984131,  0.0            
      9516,  6.2296822782776,  8.4878501098971,  0.0            
      9517,  6.1123937765527,  8.5816809156181,  0.0            
      9518,  5.9951052739141,  8.6755117190886,  0.0            
      9519,  5.8778166457522,  8.7693425790014,  0.0            
      9520,  5.7605276258024,  8.8631735417564,  0.0            
      9521,  5.6432365080981,  8.9570051580735,  0.0            
      9522,  5.5259402662667,  9.0508375749576,  0.0            
      9523,  5.4086276947479,  9.144673101376 ,  0.0            
      9524,  5.2912815896818,  9.2385102369108,  0.0            
      9525,  5.173853931037 ,  9.332351789825 ,  0.0            
      9526,  5.0562809995893,  9.4261759309881,  0.0            
      9527,  4.9384226206546,  9.5199558972645,  0.0            
      9528,  4.8201456543353,  9.61358751286  ,  0.0            
      9529,  4.7012460675836,  9.7069950854902,  0.0            
      9530,  4.5816914544213,  9.8000465635118,  0.0            
      9531,  4.4614353692204,  9.892734891486 ,  0.0            
      9532,  4.340708923626 ,  9.9848881200839,  0.0            
      9533,  4.2197805154864,  10.076469231173,  0.0            
      9534,  4.099596441302 ,  10.167669136306,  0.0            
      9535,  3.9815185653662,  10.259650151396,  0.0            
      9536,  3.866997782323 ,  10.354097950503,  0.0            
      9537,  3.7556066261151,  10.451885386448,  0.0            
      9538,  3.6439687313706,  10.550356492738,  0.0            
      9539,  3.5290493056767,  10.645124952621,  0.0            
      9540,  3.4131674181588,  10.737836383384,  0.0            
      9541,  3.2979564025987,  10.831113314421,  0.0            
      9542,  3.1825094959222,  10.925328437041,  0.0            
      9543,  3.0650658319626,  11.018722019682,  0.0            
      9544,  2.9432768851956,  11.108040833286,  0.0            
      9545,  2.8161503628804,  11.190070333392,  0.0            
      9546,  2.6843788218051,  11.264607722648,  0.0            
      9547,  2.5475823137412,  11.331360478612,  0.0            
      9548,  2.4040560438552,  11.388346564142,  0.0            
      9549,  2.3187408528726,  11.565124473302,  0.0            
      9550,  2.1683364905213,  11.620059094299,  0.0            
      9551,  2.0242569348185,  11.682858066536,  0.0            
      9552,  1.8877182615438,  11.747670399961,  0.0            
      9553,  1.754768323264 ,  11.809753266317,  0.0            
      9554,  1.6229849134428,  11.866212178149,  0.0            
      9555,  1.4911015017111,  11.916794612074,  0.0            
      9556,  1.3590770390415,  11.962194130922,  0.0            
      9557,  1.6338868415281,  5.8286259627653,  0.0            
      9558,  1.7567791954985,  5.9828729588292,  0.0            
      9559,  1.878942243726 ,  6.1220153438604,  0.0            
      9560,  1.990145338413 ,  6.2567743249072,  0.0            
      9561,  2.0760465724859,  6.4074364166804,  0.0            
      9562,  2.1501560217604,  6.5659022967611,  0.0            
      9563,  2.2152330088534,  6.7306889269429,  0.0            
      9564,  2.2711897019689,  6.8995987082285,  0.0            
      9565,  2.3164748558153,  7.0717106299839,  0.0            
      9566,  2.3498477507627,  7.246385439883 ,  0.0            
      9567,  2.3705820407241,  7.4229273606941,  0.0            
      9568,  2.3782636957904,  7.6005604814564,  0.0            
      9569,  2.3726475446353,  7.7784075203778,  0.0            
      9570,  2.3536644928627,  7.9555130598224,  0.0            
      9571,  2.3214397242881,  8.1308651750033,  0.0            
      9572,  2.2762309321768,  8.3034031919617,  0.0            
      9573,  2.2182668221472,  8.4720194860503,  0.0            
      9574,  2.1476196853086,  8.6355840464284,  0.0            
      9575,  2.0644204185542,  8.7931254743164,  0.0            
      9576,  1.969263222619 ,  8.9439412407383,  0.0            
      9577,  1.8630390378381,  9.0874371388209,  0.0            
      9578,  1.7466328696554,  9.2228728665736,  0.0            
      9579,  1.6206818539794,  9.3492712198491,  0.0            
      9580,  1.4853807491526,  9.4654182563424,  0.0            
      9581,  1.3408933981501,  9.5705072153002,  0.0            
      9582,  1.1881231037927,  9.6648567630054,  0.0            
      9583,  1.0284122558237,  9.7489634405521,  0.0            
      9584,  0.8630122576057,  9.8231236646986,  0.0            
      9585,  0.693395027088 ,  9.8877394903575,  0.0            
      9586,  0.5210506242808,  9.9432893679914,  0.0            
      9587,  0.3474091618033,  9.9893139838208,  0.0            
      9588,  1.3393445487642,  4.8566539127594,  0.0            
      9589,  1.339515117818 ,  5.0111591292527,  0.0            
      9590,  1.3436403708539,  5.1657445091516,  0.0            
      9591,  1.3539864614755,  5.3195525741098,  0.0            
      9592,  1.3728568397696,  5.4721586824186,  0.0            
      9593,  0.252866610252 ,  11.718608717773,  0.0            
      9594,  0.3791818811744,  11.723604732921,  0.0            
      9595,  0.5050436246576,  11.723378128299,  0.0            
      9596,  0.6300298249552,  11.715718684077,  0.0            
      9597,  0.7538653883981,  11.699312207642,  0.0            
      9598,  0.8762903958771,  11.67427549975 ,  0.0            
      9599,  0.9975354795011,  11.641904194537,  0.0            
      9600,  1.1178997317838,  11.603795179084,  0.0            
      9601,  1.4891263186385,  4.8519831508757,  0.0            
      9602,  1.4889726463683,  5.0060026529698,  0.0            
      9603,  1.4925409693008,  5.1621757744186,  0.0            
      9604,  1.4991572181151,  5.3199720823376,  0.0            
      9605,  1.521377968925 ,  5.5025299580746,  0.0            
      9606,  1.5346079523555,  5.6822621987654,  0.0            
      9607,  1.317138777426 ,  11.828618527589,  0.0            
      9608,  1.276463029553 ,  11.694972329049,  0.0            
      9609,  1.2379404663103,  11.560885773993,  0.0            
      9610,  1.6390619868751,  4.845564419549 ,  0.0            
      9611,  1.6382091400751,  4.9975620420181,  0.0            
      9612,  1.6402500733874,  5.1515405112135,  0.0            
      9613,  1.6452384447528,  5.3075479700796,  0.0            
      9614,  1.6643635741192,  5.4648239464319,  0.0            
      9615,  1.6895472804389,  5.6271719146922,  0.0            
      9616,  1.765206925437 ,  5.7687323158285,  0.0            
      9617,  1.8681632278727,  5.9205584346788,  0.0            
      9618,  1.9976936152445,  6.0548307053503,  0.0            
      9619,  2.1294964409051,  6.1868216678258,  0.0            
      9620,  2.202147107741 ,  6.3466833215218,  0.0            
      9621,  2.2732516616881,  6.515099327731 ,  0.0            
      9622,  2.338314915805 ,  6.688978148424 ,  0.0            
      9623,  2.3955188805443,  6.8660452778696,  0.0            
      9624,  2.4424849787189,  7.0461774267403,  0.0            
      9625,  2.47745938757  ,  7.2291748267191,  0.0            
      9626,  2.4994252168501,  7.4145078645674,  0.0            
      9627,  2.50781078478  ,  7.6014230743729,  0.0            
      9628,  2.502280829051 ,  7.7889779517125,  0.0            
      9629,  2.4827173081344,  7.9760991195723,  0.0            
      9630,  2.4492280558627,  8.161628076349 ,  0.0            
      9631,  2.4020957964403,  8.3443309152603,  0.0            
      9632,  2.3415454604165,  8.5228687576691,  0.0            
      9633,  2.2673593896918,  8.6957982408829,  0.0            
      9634,  2.1792615961819,  8.861974954412 ,  0.0            
      9635,  2.0780777155624,  9.0209658314894,  0.0            
      9636,  1.9651938764639,  9.1725072069106,  0.0            
      9637,  1.8418861955507,  9.3159420951571,  0.0            
      9638,  1.7090142138663,  9.4500187741784,  0.0            
      9639,  1.5663719219096,  9.5725723721973,  0.0            
      9640,  1.4133547557813,  9.6820794797417,  0.0            
      9641,  1.2514106629136,  9.7801805781637,  0.0            
      9642,  1.0826163919385,  9.868343272317 ,  0.0            
      9643,  0.9083122173798,  9.9469248170461,  0.0            
      9644,  0.7298596661565,  10.016359462432,  0.0            
      9645,  0.5487025599666,  10.077532567834,  0.0            
      9646,  0.3663134542078,  10.129635686385,  0.0            
      9647,  0.183146819887 ,  10.170178388036,  0.0            
      9648,  1.4451349731911,  11.783449715039,  0.0            
      9649,  1.5732302901362,  11.732782352422,  0.0            
      9650,  1.7017867113715,  11.676301386184,  0.0            
      9651,  1.8323810303375,  11.615039631941,  0.0            
      9652,  1.9668918991777,  11.552255704197,  0.0            
      9653,  2.1077942163769,  11.492169965678,  0.0            
      9654,  2.2548193827116,  11.438455555952,  0.0            
      9655,  2.3306838814883,  11.251417393351,  0.0            
      9656,  2.4691050870695,  11.194057782578,  0.0            
      9657,  2.6045729668684,  11.129835125278,  0.0            
      9658,  2.7353843987179,  11.067879109754,  0.0            
      9659,  2.864237482166 ,  10.993583830359,  0.0            
      9660,  2.9856066128364,  10.908690493195,  0.0            
      9661,  3.1007372523595,  10.815318679661,  0.0            
      9662,  3.2133601654003,  10.72094642035 ,  0.0            
      9663,  3.3260295324902,  10.629058870238,  0.0            
      9664,  3.4409811419456,  10.540109938166,  0.0            
      9665,  3.5555994821773,  10.448490146065,  0.0            
      9666,  3.6619378710768,  10.347044911766,  0.0            
      9667,  3.7683467952942,  10.246758638276,  0.0            
      9668,  3.8813500859307,  10.151663305085,  0.0            
      9669,  4.0005455388238,  10.059696443899,  0.0            
      9670,  4.1229703862563,  9.968669892602 ,  0.0            
      9671,  4.2463845985496,  9.8772910176731,  0.0            
      9672,  4.3694318942828,  9.7854094593401,  0.0            
      9673,  4.4917379627142,  9.6930242596763,  0.0            
      9674,  4.6129299795023,  9.6002528292957,  0.0            
      9675,  4.733041670905 ,  9.5069913750837,  0.0            
      9676,  4.8520983559198,  9.4134025713724,  0.0            
      9677,  4.9704338129203,  9.3195899131103,  0.0            
      9678,  5.0882615112138,  9.225728201849 ,  0.0            
      9679,  5.205825850838 ,  9.1318522991369,  0.0            
      9680,  5.3232329821517,  9.037998098246 ,  0.0            
      9681,  5.4405739232152,  8.944152628201 ,  0.0            
      9682,  5.5578798443532,  8.8503169787026,  0.0            
      9683,  5.6751746568862,  8.7564839082821,  0.0            
      9684,  5.7924644460499,  8.6626526781311,  0.0            
      9685,  5.9097532568156,  8.5688216636364,  0.0            
      9686,  6.0270417016908,  8.4749907795451,  0.0            
      9687,  6.1443301484172,  8.3811599212602,  0.0            
      9688,  6.2616186337273,  8.2873291057061,  0.0            
      9689,  6.3789071485268,  8.1934982890897,  0.0            
      9690,  6.4961956428471,  8.0996673865352,  0.0            
      9691,  6.6134840600064,  8.0058362916806,  0.0            
      9692,  6.730772355067 ,  7.9120048190026,  0.0            
      9693,  6.8480604384661,  7.818172502429 ,  0.0            
      9694,  6.9653480011788,  7.7243382649907,  0.0            
      9695,  7.0826343467869,  7.6305000493761,  0.0            
      9696,  7.1999184363497,  7.5366546853075,  0.0            
      9697,  7.3171997928238,  7.4427973588911,  0.0            
      9698,  7.4344787477864,  7.348920244469 ,  0.0            
      9699,  7.5517552638587,  7.2550054552243,  0.0            
      9700,  7.6690151122014,  7.1610158539114,  0.0            
      9701,  7.7862107631188,  7.0668817387356,  0.0            
      9702,  7.903239480768 ,  6.9725333367542,  0.0            
      9703,  8.0200138249501,  6.8779899388375,  0.0            
      9704,  8.1365950050069,  6.7835084644975,  0.0            
      9705,  8.253311243721 ,  6.6895095353643,  0.0            
      9706,  8.3705323517292,  6.5962793435311,  0.0            
      9707,  8.4884112088914,  6.5036562128892,  0.0            
      9708,  8.6067457592859,  6.4111853780386,  0.0            
      9709,  8.7251435449285,  6.3182973608709,  0.0            
      9710,  8.8431012705568,  6.2246165142918,  0.0            
      9711,  8.9604404538057,  6.1302144906341,  0.0            
      9712,  9.0774049675392,  6.03560575781  ,  0.0            
      9713,  9.1941541413779,  5.9408908807858,  0.0            
      9714,  9.3101955159184,  5.8457222903356,  0.0            
      9715,  9.4254619685794,  5.7506304790284,  0.0            
      9716,  9.5413928062385,  5.6575829082181,  0.0            
      9717,  9.6599156170114,  5.5676904993178,  0.0            
      9718,  9.7809507354401,  5.4790629214634,  0.0            
      9719,  9.9021829199397,  5.3878608318594,  0.0            
      9720,  10.020083344964,  5.2907533048832,  0.0            
      9721,  10.133133255891,  5.1885535692354,  0.0            
      9722,  10.247201436939,  5.0889130911774,  0.0            
      9723,  10.367814765941,  4.9924806176918,  0.0            
      9724,  10.506525910391,  4.8859656265398,  0.0            
      9725,  10.618067989972,  4.7452207113138,  0.0            
      9726,  10.40080369235 ,  4.8117673985655,  0.0            
      9727,  10.307221656806,  4.7506847582299,  0.0            
      9728,  10.187620894806,  4.79442256885  ,  0.0            
      9729,  10.278597925828,  4.9001410976051,  0.0            
      9730,  10.1513572684  ,  4.9757581823273,  0.0            
      9731,  10.04284891963 ,  4.8487266930119,  0.0            
      9732,  9.8889290303501,  4.8079454610032,  0.0            
      9733,  9.7356239452425,  4.7705419751582,  0.0            
      9734,  9.5844956152238,  4.7745076404742,  0.0            
      9735,  9.4355733315053,  4.7969038831809,  0.0            
      9736,  9.2909284137818,  4.8201976030351,  0.0            
      9737,  9.1487762609499,  4.8291356372895,  0.0            
      9738,  9.0020113355002,  4.827932951989 ,  0.0            
      9739,  8.85281761702  ,  4.8176436684619,  0.0            
      9740,  8.7016322836845,  4.8126234904742,  0.0            
      9741,  8.5504647435528,  4.8126511130452,  0.0            
      9742,  8.3998849239868,  4.8142488136601,  0.0            
      9743,  8.2496268966386,  4.8157844416461,  0.0            
      9744,  8.099344043687 ,  4.8171689133872,  0.0            
      9745,  7.9487192653956,  4.8184407005146,  0.0            
      9746,  7.7973437671414,  4.8193969761356,  0.0            
      9747,  7.6445417164465,  4.819956164288 ,  0.0            
      9748,  7.4896131874555,  4.8207280360235,  0.0            
      9749,  7.3318333734158,  4.8233613722837,  0.0            
      9750,  7.1709107214617,  4.8303997517797,  0.0            
      9751,  7.0068807049807,  4.8442177774078,  0.0            
      9752,  6.8401638716694,  4.8651748356806,  0.0            
      9753,  6.6716862356902,  4.8901203760813,  0.0            
      9754,  6.4990049297851,  4.7690565493751,  0.0            
      9755,  6.3280997273644,  4.7842245536337,  0.0            
      9756,  6.1581577199597,  4.789245142801 ,  0.0            
      9757,  5.9900866363947,  4.7861971184459,  0.0            
      9758,  5.8237522461706,  4.7789872290936,  0.0            
      9759,  5.6588637109034,  4.7701516080541,  0.0            
      9760,  5.4943165030127,  4.7598153158956,  0.0            
      9761,  5.3295906399092,  4.7473529296664,  0.0            
      9762,  5.1753290580243,  4.8857813228722,  0.0            
      9763,  5.0103869436   ,  4.8728150460574,  0.0            
      9764,  4.8467968676814,  4.863169098124 ,  0.0            
      9765,  4.6851973305985,  4.8568367154317,  0.0            
      9766,  4.5256430758081,  4.8518359387093,  0.0            
      9767,  4.3677561577622,  4.8461509705797,  0.0            
      9768,  4.2111730772879,  4.8392844156887,  0.0            
      9769,  4.0556418777509,  4.8322080654877,  0.0            
      9770,  3.9010720773821,  4.8261695141281,  0.0            
      9771,  3.7475491050218,  4.821749066333 ,  0.0            
      9772,  3.5950444930478,  4.8187683077824,  0.0            
      9773,  3.4435605350488,  4.8167652441378,  0.0            
      9774,  3.2928906794333,  4.8153612267543,  0.0            
      9775,  3.1428611947967,  4.8143476623703,  0.0            
      9776,  2.9932323743958,  4.8136088801409,  0.0            
      9777,  2.8437861237047,  4.8130650862556,  0.0            
      9778,  2.6942980150854,  4.8126900324261,  0.0            
      9779,  2.5444933510394,  4.8126224739671,  0.0            
      9780,  2.3941816959538,  4.8133335738186,  0.0            
      9781,  2.2432426261282,  4.8156731158474,  0.0            
      9782,  2.0918830907971,  4.8205128117827,  0.0            
      9783,  1.940466437756 ,  4.8280036432584,  0.0            
      9784,  1.7894613989876,  4.837030889057 ,  0.0            
      9785,  10.044801195136,  5.0832323570691,  0.0            
      9786,  9.9370643401452,  5.1940409103339,  0.0            
      9787,  9.818477748541 ,  5.2903989743325,  0.0            
      9788,  9.6942931105238,  5.3774579657223,  0.0            
      9789,  9.5708405725008,  5.4608780548279,  0.0            
      9790,  9.4520403238267,  5.5475321908736,  0.0            
      9791,  9.3380854088438,  5.640970492406 ,  0.0            
      9792,  9.2247140756725,  5.7379870794964,  0.0            
      9793,  9.1093091656574,  5.8342519020264,  0.0            
      9794,  8.9927557781971,  5.9294278341403,  0.0            
      9795,  8.8763547839786,  6.0248797563394,  0.0            
      9796,  8.7593118159274,  6.1202150859301,  0.0            
      9797,  8.6407766218839,  6.2139119992907,  0.0            
      9798,  8.5211437944724,  6.3057726446209,  0.0            
      9799,  8.4015953210707,  6.3966407860539,  0.0            
      9800,  8.2829917730781,  6.4877773779963,  0.0            
      9801,  8.1658704315501,  6.5802400188548,  0.0            
      9802,  8.0499254634637,  6.6744960383266,  0.0            
      9803,  7.93427889889  ,  6.7698525293991,  0.0            
      9804,  7.8181282168702,  6.865294275496 ,  0.0            
      9805,  7.7013690332774,  6.9602389500356,  0.0            
      9806,  7.5842384592925,  7.0546971089519,  0.0            
      9807,  7.4669910651417,  7.1488535799631,  0.0            
      9808,  7.349727176484 ,  7.2428695901047,  0.0            
      9809,  7.2324680545579,  7.3368161670132,  0.0            
      9810,  7.115203901548 ,  7.4307221869922,  0.0            
      9811,  6.9979306584836,  7.5245982342679,  0.0            
      9812,  6.8806495413789,  7.6184537107074,  0.0            
      9813,  6.763364334227 ,  7.7122967837237,  0.0            
      9814,  6.6460774648938,  7.8061335600173,  0.0            
      9815,  6.528789866561 ,  7.8999673285048,  0.0            
      9816,  6.4115017118659,  7.9937995102745,  0.0            
      9817,  6.294213155785 ,  8.0876307208349,  0.0            
      9818,  6.1769245075037,  8.1814614555296,  0.0            
      9819,  6.0596360543795,  8.2752922025439,  0.0            
      9820,  5.942347826011 ,  8.3691232270116,  0.0            
      9821,  5.8250595720067,  8.462954415765 ,  0.0            
      9822,  5.7077703096775,  8.5567857994142,  0.0            
      9823,  5.5904787532912,  8.6506174492746,  0.0            
      9824,  5.4731765883664,  8.7444533397766,  0.0            
      9825,  5.3558526370203,  8.8382960068337,  0.0            
      9826,  5.2384605801545,  8.9321639415826,  0.0            
      9827,  5.1209476902513,  9.0260595565777,  0.0            
      9828,  5.003153260248 ,  9.120020255853 ,  0.0            
      9829,  4.884914694761 ,  9.2139929353972,  0.0            
      9830,  4.7658359877294,  9.307941393998 ,  0.0            
      9831,  4.645604850548 ,  9.401583344548 ,  0.0            
      9832,  4.5237029845601,  9.494771477712 ,  0.0            
      9833,  4.4001184747049,  9.587299172441 ,  0.0            
      9834,  4.2748347049839,  9.6794724471027,  0.0            
      9835,  4.1483875707035,  9.7713982136787,  0.0            
      9836,  4.0212050050042,  9.8633101020088,  0.0            
      9837,  3.894914617515 ,  9.955432278613 ,  0.0            
      9838,  3.7727059145849,  10.048908497994,  0.0            
      9839,  3.5589945833265,  10.25100311294 ,  0.0            
      9840,  3.4709011276711,  10.353842111825,  0.0            
      9841,  3.360060508374 ,  10.428632873203,  0.0            
      9842,  3.243057244136 ,  10.514660040036,  0.0            
      9843,  3.1324828144659,  10.606137999671,  0.0            
      9844,  3.0232653507686,  10.702093157057,  0.0            
      9845,  2.9121287101329,  10.797149524627,  0.0            
      9846,  2.7938051163122,  10.88395975566 ,  0.0            
      9847,  2.6600496586111,  10.939163397676,  0.0            
      9848,  2.5354363161577,  10.984466877679,  0.0            
      9849,  2.4022187830494,  11.04708376317 ,  0.0            
      9850,  2.2661252577846,  11.10928983134 ,  0.0            
      9851,  2.1882149388694,  11.305174835984,  0.0            
      9852,  2.0467259950194,  11.360230114084,  0.0            
      9853,  1.9094664430765,  11.419402262457,  0.0            
      9854,  1.7777455417454,  11.480903392085,  0.0            
      9855,  1.6499523336924,  11.541544455634,  0.0            
      9856,  1.5247261189718,  11.598104221876,  0.0            
      9857,  1.4004004613419,  11.649240164143,  0.0            
      9858,  1.3579586865678,  11.513367873728,  0.0            
      9859,  1.4787203949174,  11.460846657818,  0.0            
      9860,  1.6008661628534,  11.403665918659,  0.0            
      9861,  1.7261233201899,  11.343250252202,  0.0            
      9862,  1.8554599049658,  11.282515473339,  0.0            
      9863,  1.9900487059032,  11.22359390832 ,  0.0            
      9864,  2.127964394634 ,  11.166931893039,  0.0            
      9865,  2.47532921465  ,  10.819387894964,  0.0            
      9866,  2.6054780420161,  10.798598675658,  0.0            
      9867,  2.7429385085604,  10.764437026584,  0.0            
      9868,  2.8458357607994,  10.683537375655,  0.0            
      9869,  2.9497532603456,  10.585178304053,  0.0            
      9870,  3.0584344408817,  10.484630282512,  0.0            
      9871,  3.167749897489 ,  10.391480550331,  0.0            
      9872,  3.2825825884754,  10.30742090926 ,  0.0            
      9873,  3.3960358361   ,  10.278955427964,  0.0            
      9874,  3.660078690526 ,  10.145309390842,  0.0            
      9875,  3.653856198223 ,  9.9554025396658,  0.0            
      9876,  3.782820251075 ,  9.8565829227988,  0.0            
      9877,  3.9147305242375,  9.7611870300383,  0.0            
      9878,  4.0466031494255,  9.6675758509643,  0.0            
      9879,  4.1772050028139,  9.5750676023323,  0.0            
      9880,  4.3062717333701,  9.4829147707441,  0.0            
      9881,  4.4330408339159,  9.3905671490905,  0.0            
      9882,  4.5574246359154,  9.2973682944643,  0.0            
      9883,  4.6793363850407,  9.2035537238901,  0.0            
      9884,  4.7995063560424,  9.1093279677466,  0.0            
      9885,  4.9183606809292,  9.0151338937145,  0.0            
      9886,  5.036506034027 ,  8.9210119317282,  0.0            
      9887,  5.1541842054623,  8.8270382643281,  0.0            
      9888,  5.2716588900067,  8.733131769677 ,  0.0            
      9889,  5.3890145580098,  8.639279016909 ,  0.0            
      9890,  5.5063310531935,  8.5454402135681,  0.0            
      9891,  5.6236269782721,  8.4516084092551,  0.0            
      9892,  5.7409171266118,  8.3577757023571,  0.0            
      9893,  5.8582042959679,  8.2639428330345,  0.0            
      9894,  5.9754913611347,  8.1701109744561,  0.0            
      9895,  6.0927797500909,  8.0762809058265,  0.0            
      9896,  6.2100695114199,  7.9824515412863,  0.0            
      9897,  6.3273594430524,  7.8886208194638,  0.0            
      9898,  6.4446482756827,  7.7947869092712,  0.0            
      9899,  6.5619354552678,  7.7009479706904,  0.0            
      9900,  6.6792205169318,  7.6070998813568,  0.0            
      9901,  6.7965004074394,  7.5132333907924,  0.0            
      9902,  6.9137672804325,  7.4193322795826,  0.0            
      9903,  7.0310089370716,  7.3253783300803,  0.0            
      9904,  7.1482220300222,  7.2313574606548,  0.0            
      9905,  7.2654222319428,  7.137265816406 ,  0.0            
      9906,  7.3826529329711,  7.0430703728578,  0.0            
      9907,  7.4999004443698,  6.9486558223494,  0.0            
      9908,  7.616991320259 ,  6.8536932299437,  0.0            
      9909,  7.7333782177287,  6.7577520097439,  0.0            
      9910,  7.8484834877723,  6.6606618115795,  0.0            
      9911,  7.9623901238905,  6.5635604005075,  0.0            
      9912,  8.0768460864458,  6.4687027524401,  0.0            
      9913,  8.1937887791245,  6.3777157423507,  0.0            
      9914,  8.3137262956611,  6.2894184785986,  0.0            
      9915,  8.4354099235455,  6.2016158982273,  0.0            
      9916,  8.5572205746221,  6.1118378526184,  0.0            
      9917,  8.6766102029781,  6.0182187331235,  0.0            
      9918,  8.7925308117019,  5.9209719965162,  0.0            
      9919,  8.9074365552523,  5.8240708119105,  0.0            
      9920,  9.0241970295289,  5.7289027278896,  0.0            
      9921,  9.1396344426665,  5.6311049007629,  0.0            
      9922,  9.2501823344486,  5.5295377739765,  0.0            
      9923,  9.3616675997534,  5.4359892077058,  0.0            
      9924,  9.4797597177951,  5.3519362798086,  0.0            
      9925,  9.6063649734634,  5.277521886297 ,  0.0            
      9926,  9.7352281754054,  5.1992358948126,  0.0            
      9927,  9.8544818948674,  5.1021978223011,  0.0            
      9928,  9.9509230775683,  4.977719152137 ,  0.0            
      9929,  9.8297630161019,  4.9249075924846,  0.0            
      9930,  9.7526525905755,  5.0265409591077,  0.0            
      9931,  9.7017936621205,  4.8933566575528,  0.0            
      9932,  9.6879241840045,  4.9778254450352,  0.0            
      9933,  9.572673773202 ,  4.8989281555781,  0.0            
      9934,  9.6350976238193,  5.1109340905501,  0.0            
      9935,  9.5809789044633,  5.0166787911393,  0.0            
      9936,  9.4378534433571,  4.9287466936451,  0.0            
      9937,  9.5222172232262,  5.175337302878 ,  0.0            
      9938,  9.1538719756036,  4.9943384393177,  0.0            
      9939,  9.006149626309 ,  4.9750168412716,  0.0            
      9940,  8.8536156259952,  4.9543440339004,  0.0            
      9941,  8.700486809864 ,  4.947791994061 ,  0.0            
      9942,  8.5489247682258,  4.9497977601872,  0.0            
      9943,  8.3986843075111,  4.9530705197809,  0.0            
      9944,  8.2487756128689,  4.9557650690681,  0.0            
      9945,  8.0986434432114,  4.9584450636799,  0.0            
      9946,  7.9481735891822,  4.9611345446329,  0.0            
      9947,  7.7969074073413,  4.9631818633495,  0.0            
      9948,  7.64425473443  ,  4.9641219423525,  0.0            
      9949,  7.4892080236901,  4.9646334961222,  0.0            
      9950,  7.3312496545798,  4.9668874815618,  0.0            
      9951,  7.1699472786844,  4.9739333339937,  0.0            
      9952,  7.0058862208109,  4.9881543227805,  0.0            
      9953,  6.8393771086503,  5.0095440712187,  0.0            
      9954,  6.6717816348313,  5.0345522795368,  0.0            
      9955,  6.5022639400751,  4.9132445099912,  0.0            
      9956,  6.3332922816268,  4.9290828262166,  0.0            
      9957,  6.1652358881918,  4.9356825924202,  0.0            
      9958,  5.9990459143049,  4.934826479573 ,  0.0            
      9959,  5.8340264661274,  4.9297085097451,  0.0            
      9960,  5.6700075040321,  4.9222417174898,  0.0            
      9961,  5.5056100020455,  4.9123949587137,  0.0            
      9962,  5.3407519094723,  4.8998623954755,  0.0            
      9963,  5.1863284906665,  5.036523074098 ,  0.0            
      9964,  5.0221797423596,  5.0245522118356,  0.0            
      9965,  4.8588536334383,  5.0158639508766,  0.0            
      9966,  4.6968686061052,  5.0100115759392,  0.0            
      9967,  4.5359333745572,  5.0045812446326,  0.0            
      9968,  4.375829882295 ,  4.9974112445156,  0.0            
      9969,  4.2164013061703,  4.9882672089008,  0.0            
      9970,  4.0578550247152,  4.9786962296006,  0.0            
      9971,  3.9004679344527,  4.9704997481801,  0.0            
      9972,  3.7446021615518,  4.9645169895375,  0.0            
      9973,  3.590400984506 ,  4.9605257947616,  0.0            
      9974,  3.437882179509 ,  4.9578894378742,  0.0            
      9975,  3.2867998354086,  4.9560884936513,  0.0            
      9976,  3.1368539275095,  4.9548324085997,  0.0            
      9977,  2.9876927749537,  4.9539510326729,  0.0            
      9978,  2.8389746833885,  4.9532859396746,  0.0            
      9979,  2.6903541801822,  4.952709184624 ,  0.0            
      9980,  2.5414052427806,  4.9523061999825,  0.0            
      9981,  2.3917690521214,  4.9527124170954,  0.0            
      9982,  2.2412103101211,  4.95529570607  ,  0.0            
      9983,  2.089976217146 ,  4.9616327776281,  0.0            
      9984,  1.9386573240825,  4.9721887422674,  0.0            
      9985,  1.7879713857585,  4.9852842439749,  0.0            
      9986,  1.7885689309935,  5.1339405460462,  0.0            
      9987,  1.7924522857056,  5.2832570134631,  0.0            
      9988,  9.4564147019043,  5.0607532808064,  0.0            
      9989,  1.8097626868942,  5.4330631113557,  0.0            
      9990,  1.9383657756205,  5.1151923424232,  0.0            
      9991,  2.0892054219262,  5.1006938970893,  0.0            
      9992,  1.9406688273488,  5.25671071203  ,  0.0            
      9993,  2.090490201884 ,  5.2372559062185,  0.0            
      9994,  2.2399853259048,  5.092919163604 ,  0.0            
      9995,  2.2403631398126,  5.2285571057317,  0.0            
      9996,  2.3897595724908,  5.0906805891662,  0.0            
      9997,  2.3888297201065,  5.2278253295071,  0.0            
      9998,  2.5382596546286,  5.0911359268735,  0.0            
      9999,  2.5356736670036,  5.2299802861272,  0.0            
     10000,  1.8861969615686,  5.7193100119187,  0.0            
     10001,  1.974569326804 ,  5.8607931572236,  0.0            
     10002,  2.1199177607113,  5.9856459408104,  0.0            
     10003,  2.3299143602218,  6.2894856272405,  0.0            
     10004,  2.4012535579345,  6.4716606551487,  0.0            
     10005,  2.465732784342 ,  6.6551660133291,  0.0            
     10006,  2.5229189113041,  6.8377787155246,  0.0            
     10007,  2.5707691089325,  7.0240474176137,  0.0            
     10008,  2.6069024570279,  7.2141383644564,  0.0            
     10009,  2.6299038192959,  7.4075699299239,  0.0            
     10010,  2.638973314558 ,  7.6035105948446,  0.0            
     10011,  2.6336446363824,  7.8008660269934,  0.0            
     10012,  2.6137081233734,  7.9983840870208,  0.0            
     10013,  2.5791592773424,  8.1947064882125,  0.0            
     10014,  2.5302191163215,  8.3883785336974,  0.0            
     10015,  2.4672107224174,  8.5777093738011,  0.0            
     10016,  2.3894881218245,  8.7605727925628,  0.0            
     10017,  2.2957187721645,  8.9352530652449,  0.0            
     10018,  2.1874398758776,  9.1021202099256,  0.0            
     10019,  2.0669720128794,  9.2616796373184,  0.0            
     10020,  1.9359328191992,  9.4137057605843,  0.0            
     10021,  1.7957769705804,  9.5567698523685,  0.0            
     10022,  1.6458254424604,  9.686664878719 ,  0.0            
     10023,  1.4833622323534,  9.7990057759859,  0.0            
     10024,  1.3116446638557,  9.8993975995554,  0.0            
     10025,  1.1341139948442,  9.9909643898524,  0.0            
     10026,  0.9518102578276,  10.073498322496,  0.0            
     10027,  0.7651280825387,  10.147190824391,  0.0            
     10028,  0.5753683680197,  10.213852898239,  0.0            
     10029,  0.3846648325982,  10.272729593589,  0.0            
     10030,  0.1927381346711,  10.316891877823,  0.0            
     10031,  2.6859185241026,  5.092152710333 ,  0.0            
     10032,  2.6816792511707,  5.2318980884518,  0.0            
     10033,  0.2462959300031,  11.572731121118,  0.0            
     10034,  0.3687729634878,  11.58192405242 ,  0.0            
     10035,  0.4907902046286,  11.586685280416,  0.0            
     10036,  0.6121118644096,  11.583629716506,  0.0            
     10037,  0.732479048754 ,  11.57020328108 ,  0.0            
     10038,  0.8513960943073,  11.545934296574,  0.0            
     10039,  0.9690525845863,  11.512411152447,  0.0            
     10040,  1.0856738496261,  11.471806012582,  0.0            
     10041,  1.2019598785282,  11.425661243946,  0.0            
     10042,  1.3183438753102,  11.375082456   ,  0.0            
     10043,  1.4359626924352,  11.320392831316,  0.0            
     10044,  1.5555499856779,  11.262234272072,  0.0            
     10045,  1.678805845878 ,  11.201830235623,  0.0            
     10046,  1.8063912808468,  11.141618784538,  0.0            
     10047,  1.9393093370697,  11.082775494626,  0.0            
     10048,  2.0756168268178,  11.024327689617,  0.0            
     10049,  2.2125946071885,  10.961482142968,  0.0            
     10050,  2.3451222106455,  10.891678061961,  0.0            
     10051,  2.5814974274325,  10.643427358409,  0.0            
     10052,  2.6942328171591,  10.665575135176,  0.0            
     10053,  2.7772068840627,  10.572392645735,  0.0            
     10054,  2.8751034122073,  10.464254472047,  0.0            
     10055,  2.9835044621985,  10.359997491139,  0.0            
     10056,  3.1144879650639,  10.248010235232,  0.0            
     10057,  3.2688780809368,  10.134415730641,  0.0            
     10058,  3.4407749924136,  10.165412940504,  0.0            
     10059,  3.5383968620685,  10.056646621822,  0.0            
     10060,  3.6684456691362,  9.7605344313328,  0.0            
     10061,  3.805750396427 ,  9.6607525205992,  0.0            
     10062,  3.9422083841083,  9.5650797360986,  0.0            
     10063,  4.077278650165 ,  9.4720419792897,  0.0            
     10064,  4.2107694813375,  9.3801121270933,  0.0            
     10065,  4.3414539972556,  9.2880913164226,  0.0            
     10066,  4.4689718741207,  9.1948910488336,  0.0            
     10067,  4.5930557112593,  9.1008045147442,  0.0            
     10068,  4.7146495389731,  9.0061595943566,  0.0            
     10069,  4.8343201305524,  8.9116208436043,  0.0            
     10070,  4.9529300784866,  8.8172557333419,  0.0            
     10071,  5.070833801296 ,  8.7231661972552,  0.0            
     10072,  5.1884252899298,  8.6292104793209,  0.0            
     10073,  5.3058328494241,  8.5353508588449,  0.0            
     10074,  5.4231768423759,  8.4415145045076,  0.0            
     10075,  5.5404844863961,  8.3476852004816,  0.0            
     10076,  5.6577776382407,  8.2538496461667,  0.0            
     10077,  5.7750619598668,  8.1600118390964,  0.0            
     10078,  5.8923455390465,  8.0661779312891,  0.0            
     10079,  6.0096340688088,  7.9723510979156,  0.0            
     10080,  6.1269279224076,  7.8785272801667,  0.0            
     10081,  6.2442226977487,  7.7846990653995,  0.0            
     10082,  6.3615140486454,  7.6908608414634,  0.0            
     10083,  6.4788005836785,  7.5970085677062,  0.0            
     10084,  6.5960818615295,  7.5031328459177,  0.0            
     10085,  6.7133494438583,  7.4092116596398,  0.0            
     10086,  6.8305805312571,  7.3152061129402,  0.0            
     10087,  6.9477379682395,  7.2210783790086,  0.0            
     10088,  7.0648095837885,  7.1268141895224,  0.0            
     10089,  7.1818401882012,  7.0324501909954,  0.0            
     10090,  7.2989657045188,  6.9379868734084,  0.0            
     10091,  7.4162317130104,  6.8432646697424,  0.0            
     10092,  7.5333847500702,  6.7476463835929,  0.0            
     10093,  7.6493680277634,  6.6501578689198,  0.0            
     10094,  7.7628915625657,  6.5500918909644,  0.0            
     10095,  7.8737901528095,  6.4493889484125,  0.0            
     10096,  7.9855869588467,  6.3529315896672,  0.0            
     10097,  8.1024494140448,  6.2646129241063,  0.0            
     10098,  8.2247166655359,  6.1814209302618,  0.0            
     10099,  8.3496163669536,  6.0990680313733,  0.0            
     10100,  8.4746540203121,  6.0133724255198,  0.0            
     10101,  8.5950006995583,  5.9203176884542,  0.0            
     10102,  8.7073828756715,  5.8192880228602,  0.0            
     10103,  8.8180944198256,  5.719835545517 ,  0.0            
     10104,  8.9363502550046,  5.626865091952 ,  0.0            
     10105,  9.0566338181357,  5.5304766906335,  0.0            
     10106,  9.1621102366659,  5.4165601355824,  0.0            
     10107,  9.2643127286978,  5.3074833250342,  0.0            
     10108,  9.3980413239621,  5.2393525093662,  0.0            
     10109,  9.3168301073054,  5.1119957040546,  0.0            
     10110,  2.8333328834738,  5.092960191153 ,  0.0            
     10111,  2.8277229593798,  5.2328534355136,  0.0            
     10112,  1.9480068098727,  5.3956593875405,  0.0            
     10113,  9.2951719047665,  4.9573306160799,  0.0            
     10114,  2.0964878362458,  5.3676883396484,  0.0            
     10115,  2.2431873596267,  5.3616806657548,  0.0            
     10116,  2.3892201920838,  5.3644544370776,  0.0            
     10117,  2.5335247783618,  5.3693542100317,  0.0            
     10118,  2.6774971263628,  5.3723248563219,  0.0            
     10119,  2.82222698967  ,  5.3731547827281,  0.0            
     10120,  2.9811076237411,  5.0936380008748,  0.0            
     10121,  2.974557500418 ,  5.2332997627897,  0.0            
     10122,  2.968421690894 ,  5.3729621499913,  0.0            
     10123,  9.0723880575064,  5.3019317407789,  0.0            
     10124,  8.969743165732 ,  5.4367944769491,  0.0            
     10125,  8.8415189337367,  5.5320017028753,  0.0            
     10126,  8.7127479277879,  5.6139033595531,  0.0            
     10127,  8.6161783537671,  5.7224962193616,  0.0            
     10128,  8.5134648514171,  5.8265301825634,  0.0            
     10129,  8.3931830753352,  5.9194051777388,  0.0            
     10130,  8.264395747646 ,  5.9970565550968,  0.0            
     10131,  8.1356251018103,  6.0705918041952,  0.0            
     10132,  8.0107086346009,  6.1455115620012,  0.0            
     10133,  7.894134190729 ,  6.2332307082994,  0.0            
     10134,  7.7839533182153,  6.3301257219655,  0.0            
     10135,  7.6774490923512,  6.4378562811751,  0.0            
     10136,  7.5656459855364,  6.5426139523599,  0.0            
     10137,  7.4497604492591,  6.6419775462214,  0.0            
     10138,  7.3323308621116,  6.7381057768946,  0.0            
     10139,  7.2150927993121,  6.8329992078618,  0.0            
     10140,  7.0983028750548,  6.9277735405658,  0.0            
     10141,  6.9817272546937,  7.0225929638412,  0.0            
     10142,  6.8650206877183,  7.1173235849336,  0.0            
     10143,  6.7480765252876,  7.2118019337602,  0.0            
     10144,  6.6309318671056,  7.3060208283072,  0.0            
     10145,  6.5136881355569,  7.4000497897684,  0.0            
     10146,  6.3964073053189,  7.4939754402122,  0.0            
     10147,  6.2791140503914,  7.5878474677835,  0.0            
     10148,  6.1618093117395,  7.6816865834396,  0.0            
     10149,  6.0444966427684,  7.7755003566763,  0.0            
     10150,  5.9271888620408,  7.8693036652608,  0.0            
     10151,  5.8098998773612,  7.9631193295337,  0.0            
     10152,  5.6926278915802,  8.0569602355477,  0.0            
     10153,  5.5753533053061,  8.1508148947704,  0.0            
     10154,  5.4580530692721,  8.2446599983084,  0.0            
     10155,  5.340715231301 ,  8.3384799850645,  0.0            
     10156,  5.2233137616055,  8.4322926258934,  0.0            
     10157,  5.1058156194476,  8.5261311942714,  0.0            
     10158,  4.9880665397244,  8.6201144661178,  0.0            
     10159,  4.8698865506948,  8.7143284985907,  0.0            
     10160,  4.7507456727387,  8.8089804324334,  0.0            
     10161,  4.6301203084567,  8.9039332771218,  0.0            
     10162,  4.506866295433 ,  8.9990045498671,  0.0            
     10163,  4.3802135784838,  9.0932433933244,  0.0            
     10164,  4.2491017587227,  9.1861096889173,  0.0            
     10165,  4.1141032886316,  9.2773284061466,  0.0            
     10166,  3.9762126114511,  9.3685170749954,  0.0            
     10167,  3.5317567068427,  9.8675961169432,  0.0            
     10168,  3.3990726443535,  9.9892124987189,  0.0            
     10169,  3.160944305381 ,  10.020838350854,  0.0            
     10170,  3.0273088963286,  10.140121429285,  0.0            
     10171,  2.8964559320785,  10.260168686761,  0.0            
     10172,  2.7734828957699,  10.381490527918,  0.0            
     10173,  2.662490586211 ,  10.510143826448,  0.0            
     10174,  2.4451792837402,  10.622052081012,  0.0            
     10175,  2.3040532337696,  10.720611768378,  0.0            
     10176,  1.5125408299882,  11.117050984335,  0.0            
     10177,  1.395124327253 ,  11.176467239503,  0.0            
     10178,  1.2804760790914,  11.234229425219,  0.0            
     10179,  1.167764207706 ,  11.289491486534,  0.0            
     10180,  1.0553040175481,  11.340719920338,  0.0            
     10181,  0.9423585301815,  11.385226470642,  0.0            
     10182,  0.8280759050719,  11.420655686036,  0.0            
     10183,  0.7112628305251,  11.44390909903 ,  0.0            
     10184,  0.5909184753409,  11.455813021325,  0.0            
     10185,  0.4773124527466,  11.448826622778,  0.0            
     10186,  0.3592293630224,  11.437365392586,  0.0            
     10187,  0.2406183454446,  11.423593201859,  0.0            
     10188,  3.1297030264037,  5.0945051626281,  0.0            
     10189,  3.1226860858985,  5.2338789919365,  0.0            
     10190,  3.1164525832836,  5.3728414368846,  0.0            
     10191,  3.279605333288 ,  5.0958496310236,  0.0            
     10192,  3.2727107976127,  5.2350730586346,  0.0            
     10193,  3.2669280239668,  5.3735295112389,  0.0            
     10194,  0.2374592064251,  11.269481955419,  0.0            
     10195,  0.3523467963448,  11.288154471917,  0.0            
     10196,  0.4660603246616,  11.308637365923,  0.0            
     10197,  0.5750054693294,  11.320125184698,  0.0            
     10198,  0.6887441024313,  11.322393341177,  0.0            
     10199,  0.8039113395111,  11.299229178876,  0.0            
     10200,  0.9173085295243,  11.262959906378,  0.0            
     10201,  1.0247981697531,  11.210942109532,  0.0            
     10202,  1.1325145039299,  11.152549877333,  0.0            
     10203,  1.6342217426314,  11.056748456526,  0.0            
     10204,  1.7605145349372,  10.997446208308,  0.0            
     10205,  1.8923267930097,  10.939550346532,  0.0            
     10206,  2.0280788507429,  10.880479282466,  0.0            
     10207,  2.1656715662578,  10.812645060545,  0.0            
     10208,  3.4312485434744,  5.0979262772938,  0.0            
     10209,  3.4250797894462,  5.2372541423161,  0.0            
     10210,  3.4202385816772,  5.3755800946378,  0.0            
     10211,  3.5851119487689,  5.1011409998564,  0.0            
     10212,  3.5804533297712,  5.2409529654414,  0.0            
     10213,  3.5771421880618,  5.3797139743083,  0.0            
     10214,  3.7414075827675,  5.1061850275036,  0.0            
     10215,  3.7389229332625,  5.2469972172619,  0.0            
     10216,  3.737563841734 ,  5.3868768510077,  0.0            
     10217,  3.9001870983746,  5.1138877156138,  0.0            
     10218,  3.9006621732793,  5.2563155778929,  0.0            
     10219,  3.9017495458356,  5.3978786793086,  0.0            
     10220,  4.0610104242523,  5.1244895280858,  0.0            
     10221,  4.0648791930094,  5.2690882582982,  0.0            
     10222,  4.0686782843697,  5.4126122676938,  0.0            
     10223,  4.2233248323335,  5.136857974727 ,  0.0            
     10224,  4.2309621109124,  5.28394816139  ,  0.0            
     10225,  4.2377762650653,  5.4295282163736,  0.0            
     10226,  4.3862677705337,  5.1485784430665,  0.0            
     10227,  4.3974099727842,  5.297992159328 ,  0.0            
     10228,  5.3508889494193,  5.0498235598875,  0.0            
     10229,  5.514751579215 ,  5.061705532472 ,  0.0            
     10230,  5.6782385224036,  5.0707604180635,  0.0            
     10231,  5.8411368922091,  5.0770516832348,  0.0            
     10232,  6.0049477252398,  5.0807259433297,  0.0            
     10233,  6.1696235705532,  5.0803554894882,  0.0            
     10234,  6.336165989108 ,  5.0731992299948,  0.0            
     10235,  6.5035414715838,  5.057451177739 ,  0.0            
     10236,  6.6701096050481,  5.1801582869348,  0.0            
     10237,  6.8371085069889,  5.1545747115959,  0.0            
     10238,  7.003845172513 ,  5.1321519080115,  0.0            
     10239,  7.1684460907177,  5.1172995399707,  0.0            
     10240,  7.3305667541967,  5.1105984161442,  0.0            
     10241,  7.4889037150677,  5.1094433786968,  0.0            
     10242,  7.6440732818386,  5.1096975141521,  0.0            
     10243,  7.796428219136 ,  5.1081608409877,  0.0            
     10244,  7.9475470505072,  5.1041321319924,  0.0            
     10245,  8.0979064278346,  5.0989151389559,  0.0            
     10246,  8.2479401296443,  5.094196589333 ,  0.0            
     10247,  8.3969622526996,  5.0903315215686,  0.0            
     10248,  8.5451123436141,  5.0850502611385,  0.0            
     10249,  8.6944529373283,  5.0782311587831,  0.0            
     10250,  8.8480235760757,  5.0819880769789,  0.0            
     10251,  9.0056424179624,  5.1241379938942,  0.0            
     10252,  9.1633768962286,  5.1683383957365,  0.0            
     10253,  8.9506824592925,  5.2467027121881,  0.0            
     10254,  8.8656529865572,  5.3583823007735,  0.0            
     10255,  8.816596222496 ,  5.2072909488154,  0.0            
     10256,  8.6867500335032,  5.2062987837871,  0.0            
     10257,  8.7368717078166,  5.4422705600963,  0.0            
     10258,  8.7963926677527,  5.2989240824918,  0.0            
     10259,  8.6847653772834,  5.3261332398332,  0.0            
     10260,  8.5935195878258,  5.5068007963084,  0.0            
     10261,  8.5456728253682,  5.2205300126417,  0.0            
     10262,  8.397654617565 ,  5.2259721039374,  0.0            
     10263,  8.2487901500192,  5.2301517870077,  0.0            
     10264,  8.0978619597299,  5.2380508801318,  0.0            
     10265,  7.9472344828423,  5.2476833802187,  0.0            
     10266,  7.7963193885946,  5.2553472443305,  0.0            
     10267,  7.6445964092829,  5.2580531580358,  0.0            
     10268,  7.4894827796969,  5.2562132899824,  0.0            
     10269,  7.3306179447715,  5.254945526946 ,  0.0            
     10270,  7.1672370024088,  5.2605288586796,  0.0            
     10271,  7.0015406951239,  5.2761848483964,  0.0            
     10272,  6.8341995635057,  5.300475502421 ,  0.0            
     10273,  6.5029729283002,  5.2027647113998,  0.0            
     10274,  6.3371203549063,  5.217613606984 ,  0.0            
     10275,  6.1720464183263,  5.2240806837396,  0.0            
     10276,  6.0087959247986,  5.2244714650332,  0.0            
     10277,  5.8463726418664,  5.2213958404418,  0.0            
     10278,  5.6850264056751,  5.2159739030441,  0.0            
     10279,  5.5233124521678,  5.2080169270047,  0.0            
     10280,  5.3614791179652,  5.1975955791934,  0.0            
     10281,  5.1989503642405,  5.1861084595169,  0.0            
     10282,  5.0365090347999,  5.1760022003027,  0.0            
     10283,  4.8740599796711,  5.1687598721459,  0.0            
     10284,  4.7117677785476,  5.1634893320728,  0.0            
     10285,  4.5491950727764,  5.1574908728694,  0.0            
     10286,  4.5632854181316,  5.30856984505  ,  0.0            
     10287,  4.7276158030847,  5.3152323202597,  0.0            
     10288,  4.8903584457973,  5.3200708403014,  0.0            
     10289,  5.0518371779741,  5.3258546056481,  0.0            
     10290,  5.2123243931708,  5.3337686172991,  0.0            
     10291,  5.372334469231 ,  5.342837212818 ,  0.0            
     10292,  5.5316978116481,  5.3511879616676,  0.0            
     10293,  5.6912046664165,  5.3577150716191,  0.0            
     10294,  5.8508288305495,  5.362433790586 ,  0.0            
     10295,  6.0118038233198,  5.3656968104936,  0.0            
     10296,  6.1737776759136,  5.3666952357376,  0.0            
     10297,  6.3373893598445,  5.3626180133812,  0.0            
     10298,  6.5016849345014,  5.3498280386813,  0.0            
     10299,  6.6676042809132,  5.3274867563839,  0.0            
     10300,  6.8326152386534,  5.4469936226255,  0.0            
     10301,  7.0006893495744,  5.4193748913193,  0.0            
     10302,  7.1678937979267,  5.4026568109596,  0.0            
     10303,  7.332895843496 ,  5.3995555302367,  0.0            
     10304,  7.4924070176202,  5.4057030005813,  0.0            
     10305,  7.6470579894019,  5.4108380512488,  0.0            
     10306,  7.797451836751 ,  5.406099149938 ,  0.0            
     10307,  7.947696455406 ,  5.3923618986424,  0.0            
     10308,  8.0987966690591,  5.3755054113215,  0.0            
     10309,  8.2526282617788,  5.3620020819048,  0.0            
     10310,  8.4068845844302,  5.3587505244013,  0.0            
     10311,  8.5537206081324,  5.3547821007666,  0.0            
     10312,  8.5159356232517,  5.6320995339928,  0.0            
     10313,  8.4205402401073,  5.4784075839349,  0.0            
     10314,  8.2542982391693,  5.4875828148186,  0.0            
     10315,  8.0994360561518,  5.5107705727481,  0.0            
     10316,  7.9499341927342,  5.5381518141075,  0.0            
     10317,  7.8030302985055,  5.5589128581009,  0.0            
     10318,  7.6534988370862,  5.5652496425445,  0.0            
     10319,  7.4994948313823,  5.5590804330724,  0.0            
     10320,  7.3388921924559,  5.544004839676 ,  0.0            
     10321,  7.1719739933867,  5.5437438720408,  0.0            
     10322,  7.0032997220232,  5.5605783322455,  0.0            
     10323,  6.8348621375893,  5.5934152995061,  0.0            
     10324,  6.6664301450246,  5.4772960431267,  0.0            
     10325,  6.5019581007022,  5.5001837596157,  0.0            
     10326,  6.3390739256828,  5.50955535811  ,  0.0            
     10327,  6.1764599588654,  5.5090884870526,  0.0            
     10328,  6.0150843727601,  5.5050481023371,  0.0            
     10329,  5.8550627708292,  5.5006657707274,  0.0            
     10330,  5.6967393093458,  5.496287581983 ,  0.0            
     10331,  5.5391594136994,  5.491254749137 ,  0.0            
     10332,  5.3819673501947,  5.48531721887  ,  0.0            
     10333,  5.2242240958274,  5.4790399398373,  0.0            
     10334,  5.0654041113973,  5.4734800350381,  0.0            
     10335,  4.9046691441021,  5.4691224846868,  0.0            
     10336,  4.7413866291345,  5.4646613882199,  0.0            
     10337,  4.5754639315769,  5.4574149524532,  0.0            
     10338,  4.4070865179071,  5.4454538616013,  0.0            
     10339,  4.2425187389028,  5.5731517293263,  0.0            
     10340,  4.0715095309549,  5.5553703235884,  0.0            
     10341,  3.9028449804039,  5.5394002833998,  0.0            
     10342,  3.7369987832225,  5.5266944221537,  0.0            
     10343,  3.5749149903893,  5.5181409091696,  0.0            
     10344,  3.4164578111846,  5.5135387269029,  0.0            
     10345,  3.2618654786692,  5.5118694096426,  0.0            
     10346,  3.1104176435344,  5.5121184212199,  0.0            
     10347,  2.9617889374059,  5.5134757443865,  0.0            
     10348,  2.8155209235868,  5.5149147321055,  0.0            
     10349,  2.6716506351908,  5.5148129861685,  0.0            
     10350,  2.5300337908565,  5.5110857297102,  0.0            
     10351,  2.3899130144339,  5.5025148846378,  0.0            
     10352,  2.2477678853251,  5.4929811282571,  0.0            
     10353,  2.1038718822947,  5.4963286790772,  0.0            
     10354,  1.9656682884488,  5.5347801276572,  0.0            
     10355,  1.8313141031513,  5.5782428516684,  0.0            
     10356,  2.0065173208502,  5.6659181386572,  0.0            
     10357,  2.0735918440178,  5.7777478674423,  0.0            
     10358,  2.1290579991739,  5.6216636681985,  0.0            
     10359,  2.1449835234052,  5.7205797350142,  0.0            
     10360,  2.1865335713949,  5.8727241416712,  0.0            
     10361,  2.2411557741943,  5.7503018346249,  0.0            
     10362,  2.2556909981908,  5.6238452750577,  0.0            
     10363,  0.2411492963565,  11.109739475285,  0.0            
     10364,  0.3549961367174,  11.132465917877,  0.0            
     10365,  0.4601645122404,  11.163797771149,  0.0            
     10366,  0.5586576726053,  11.18324737148 ,  0.0            
     10367,  0.6741033596696,  11.207159701939,  0.0            
     10368,  0.7767922123083,  11.183679628667,  0.0            
     10369,  0.8887773942084,  11.143752654342,  0.0            
     10370,  0.9910529507338,  11.084592737341,  0.0            
     10371,  1.0919285978352,  11.01651304559 ,  0.0            
     10372,  1.2409406367749,  11.091158794365,  0.0            
     10373,  1.352664477277 ,  11.030134261815,  0.0            
     10374,  1.4684620231128,  10.96979851557 ,  0.0            
     10375,  1.5890565618216,  10.909879939148,  0.0            
     10376,  1.7142069197049,  10.851839406154,  0.0            
     10377,  1.8445985896995,  10.79613471007 ,  0.0            
     10378,  1.9789256721958,  10.739195257036,  0.0            
     10379,  2.1164618467862,  10.671700099278,  0.0            
     10380,  2.2429134638492,  10.574114586466,  0.0            
     10381,  2.3660844808118,  10.467667982581,  0.0            
     10382,  2.5510735109051,  10.446537298823,  0.0            
     10383,  2.678649439865 ,  10.293232600346,  0.0            
     10384,  2.8029097462789,  10.158887367601,  0.0            
     10385,  2.9311118884116,  10.032967510565,  0.0            
     10386,  3.0593172938239,  9.9086517529393,  0.0            
     10387,  3.2892113745451,  9.8923928775405,  0.0            
     10388,  3.4210448720241,  9.7720686535704,  0.0            
     10389,  3.5589926485132,  9.6615681158851,  0.0            
     10390,  3.6982755436504,  9.5589028695515,  0.0            
     10391,  3.8374438749131,  9.4616804021105,  0.0            
     10392,  3.8760533515134,  9.2621040396725,  0.0            
     10393,  4.0178874614826,  9.1729171776891,  0.0            
     10394,  4.1572234776569,  9.0836355027247,  0.0            
     10395,  4.292054587555 ,  8.9919929609092,  0.0            
     10396,  4.4214712431735,  8.8980965448606,  0.0            
     10397,  4.5464556825049,  8.8028330605556,  0.0            
     10398,  4.6680716073482,  8.7075132988344,  0.0            
     10399,  4.7877381091757,  8.6126111346099,  0.0            
     10400,  4.9062296563299,  8.5183238845661,  0.0            
     10401,  5.02419084379  ,  8.4243943829759,  0.0            
     10402,  5.1418538118423,  8.3306528440744,  0.0            
     10403,  5.2593803012196,  8.2369199746328,  0.0            
     10404,  5.3767962566514,  8.1431309261919,  0.0            
     10405,  5.4941190824454,  8.049264806508 ,  0.0            
     10406,  5.611371119977 ,  7.9553672412641,  0.0            
     10407,  5.7286139864858,  7.8615096030746,  0.0            
     10408,  5.8459059362901,  7.7677274803379,  0.0            
     10409,  5.9632517301021,  7.6739822925576,  0.0            
     10410,  6.080610217103 ,  7.5802100532732,  0.0            
     10411,  6.1979477433524,  7.4863764085123,  0.0            
     10412,  6.3152578528906,  7.3924736589347,  0.0            
     10413,  6.4325407276167,  7.2984637509096,  0.0            
     10414,  6.5497323524824,  7.2042455927096,  0.0            
     10415,  6.6666802944722,  7.1096390233766,  0.0            
     10416,  6.78313313731  ,  7.0145221314601,  0.0            
     10417,  6.8989875303225,  6.9189656392321,  0.0            
     10418,  7.0144616925212,  6.823440288165 ,  0.0            
     10419,  7.1303168715906,  6.7284454766177,  0.0            
     10420,  7.2472045567622,  6.6339573223644,  0.0            
     10421,  7.3650165454012,  6.5382328569744,  0.0            
     10422,  7.4812515737577,  6.4375748961234,  0.0            
     10423,  7.5916160940806,  6.3268522467772,  0.0            
     10424,  7.6927397124528,  6.2056472671369,  0.0            
     10425,  7.7908729485329,  6.0883886956753,  0.0            
     10426,  7.9230303317494,  6.0235782580686,  0.0            
     10427,  8.0550039051594,  5.9574679807477,  0.0            
     10428,  8.1880509464849,  5.8906638004422,  0.0            
     10429,  8.312977106254 ,  5.8280434388499,  0.0            
     10430,  8.3841479491266,  5.6012804412131,  0.0            
     10431,  8.2467205244827,  5.6092681196855,  0.0            
     10432,  8.2498861340421,  5.728469103167 ,  0.0            
     10433,  8.1181157460894,  5.7730112168795,  0.0            
     10434,  7.9791763671845,  5.8302268080718,  0.0            
     10435,  7.8359620729518,  5.8870398481614,  0.0            
     10436,  7.6843879575857,  5.9337726450594,  0.0            
     10437,  7.5896203072783,  6.0775994589913,  0.0            
     10438,  7.5047622626039,  6.2197756627378,  0.0            
     10439,  7.391268056716 ,  6.3375737633445,  0.0            
     10440,  7.2758534344928,  6.4375464504446,  0.0            
     10441,  7.1580525010987,  6.5305655819722,  0.0            
     10442,  7.0423698912618,  6.6234061785236,  0.0            
     10443,  6.9286175533022,  6.7183648017429,  0.0            
     10444,  6.8154353185591,  6.8149764231792,  0.0            
     10445,  6.7013291870512,  6.911941848521 ,  0.0            
     10446,  6.5858913438944,  7.008160128221 ,  0.0            
     10447,  6.4693530853429,  7.1034198224986,  0.0            
     10448,  6.3522618312306,  7.1979240558402,  0.0            
     10449,  6.2349577156382,  7.2920317217823,  0.0            
     10450,  6.1175968277774,  7.3859458619865,  0.0            
     10451,  6.0001768907064,  7.4797349721274,  0.0            
     10452,  5.8827066040343,  7.5733930905137,  0.0            
     10453,  5.7652651404414,  7.6669898533812,  0.0            
     10454,  5.6479649627526,  7.7606883802375,  0.0            
     10455,  5.5307966407052,  7.8545953951976,  0.0            
     10456,  5.4136036302898,  7.9486092425829,  0.0            
     10457,  5.2962303862422,  8.0425360520522,  0.0            
     10458,  5.178639020931 ,  8.1362574988184,  0.0            
     10459,  5.060846812075 ,  8.2297931523091,  0.0            
     10460,  4.9428649973497,  8.3232610400531,  0.0            
     10461,  4.8245787648391,  8.416929990916 ,  0.0            
     10462,  4.7057325187969,  8.5111225098017,  0.0            
     10463,  4.5856196297634,  8.6061451123419,  0.0            
     10464,  4.4631023609317,  8.7016863135327,  0.0            
     10465,  4.3364535201823,  8.796665321238 ,  0.0            
     10466,  4.2042000060718,  8.8892454844201,  0.0            
     10467,  4.0657594170829,  8.9780956344054,  0.0            
     10468,  3.9224535636396,  9.0636099234822,  0.0            
     10469,  3.777724862661 ,  9.1490625203564,  0.0            
     10470,  3.7346346942661,  9.3543827775286,  0.0            
     10471,  3.5945853960902,  9.4522143758914,  0.0            
     10472,  3.455590263821 ,  9.556079232833 ,  0.0            
     10473,  3.3187409236879,  9.666514726923 ,  0.0            
     10474,  3.1866867823217,  9.7849016033132,  0.0            
     10475,  2.9638808081765,  9.7905213867062,  0.0            
     10476,  2.8390091619139,  9.9179481587164,  0.0            
     10477,  2.7144380749543,  10.04766782012 ,  0.0            
     10478,  2.5910499078317,  10.181943152342,  0.0            
     10479,  2.4741879802405,  10.324502283426,  0.0            
     10480,  2.287566555956 ,  10.324464637135,  0.0            
     10481,  2.1773786458035,  10.434226340475,  0.0            
     10482,  2.0585826277047,  10.538469035086,  0.0            
     10483,  1.9262292875689,  10.602100906029,  0.0            
     10484,  1.7941317987089,  10.652577240631,  0.0            
     10485,  1.6655952560591,  10.70468239242 ,  0.0            
     10486,  1.5408862133079,  10.761687343422,  0.0            
     10487,  1.4198759020926,  10.821576186172,  0.0            
     10488,  1.304077789037 ,  10.882734712371,  0.0            
     10489,  1.1947760783416,  10.947094064728,  0.0            
     10490,  1.0402786094116,  10.886827850083,  0.0            
     10491,  0.9508481189821,  10.965278069335,  0.0            
     10492,  0.8549795883511,  11.02579940411 ,  0.0            
     10493,  0.7528805775612,  11.073231037522,  0.0            
     10494,  0.6697903012345,  11.092202276029,  0.0            
     10495,  0.5658460381456,  11.060305813996,  0.0            
     10496,  0.4722313006648,  11.021106475472,  0.0            
     10497,  0.3728762516545,  10.977810421457,  0.0            
     10498,  0.2605925773736,  10.941154537602,  0.0            
     10499,  0.1320319236254,  10.934024027384,  0.0            
     10500,  8.1033980317845,  5.6440509049752,  0.0            
     10501,  7.9604123145425,  5.6830010786631,  0.0            
     10502,  7.8155695895255,  5.7151993144199,  0.0            
     10503,  7.4651828457659,  6.0119552725249,  0.0            
     10504,  7.4003104140882,  6.1444448111032,  0.0            
     10505,  7.2960545344448,  6.24969986687  ,  0.0            
     10506,  7.1799748243852,  6.3406431476981,  0.0            
     10507,  7.0632469939228,  6.4274704410501,  0.0            
     10508,  6.9500165367192,  6.5170797968734,  0.0            
     10509,  6.8399868522142,  6.6119799611269,  0.0            
     10510,  6.7307907185225,  6.7105439922194,  0.0            
     10511,  6.6197231778888,  6.8099299040635,  0.0            
     10512,  6.5060677787619,  6.907965285611 ,  0.0            
     10513,  6.3902607547381,  7.004245712771 ,  0.0            
     10514,  6.273346559702 ,  7.099131727352 ,  0.0            
     10515,  6.1560031715502,  7.19331416476  ,  0.0            
     10516,  6.0385609851402,  7.2871911143395,  0.0            
     10517,  5.9209966076985,  7.38087198057  ,  0.0            
     10518,  5.8033002226781,  7.47428519252  ,  0.0            
     10519,  5.6856378252162,  7.5675488594359,  0.0            
     10520,  5.5683041651073,  7.6610540299244,  0.0            
     10521,  5.4512971029384,  7.7550875218636,  0.0            
     10522,  5.3342256421472,  7.849373751059 ,  0.0            
     10523,  5.2167241685528,  7.943429929477 ,  0.0            
     10524,  5.0987519813445,  8.0369906697905,  0.0            
     10525,  4.9804235288848,  8.1300859724437,  0.0            
     10526,  4.8618558039202,  8.2229255205861,  0.0            
     10527,  4.7430658391883,  8.3159206478579,  0.0            
     10528,  4.6238500387674,  8.4096457156515,  0.0            
     10529,  4.5035089044066,  8.5045051852494,  0.0            
     10530,  4.380404410669 ,  8.5999838228736,  0.0            
     10531,  4.2523168237927,  8.693921608001 ,  0.0            
     10532,  4.1172543884249,  8.7836010494358,  0.0            
     10533,  3.9754377476041,  8.8673314437447,  0.0            
     10534,  3.8286933040955,  8.9464002145995,  0.0            
     10535,  3.6821035169516,  9.0255551550012,  0.0            
     10536,  3.635307158331 ,  9.2396314499793,  0.0            
     10537,  3.4963960231872,  9.3381843101473,  0.0            
     10538,  3.3587034122199,  9.4431587785468,  0.0            
     10539,  3.2223665534441,  9.5522290776451,  0.0            
     10540,  3.0903082328436,  9.6678266367753,  0.0            
     10541,  2.8741283803727,  9.6616039365839,  0.0            
     10542,  2.7518624729388,  9.7926308870204,  0.0            
     10543,  2.6302590792095,  9.9256050414104,  0.0            
     10544,  2.5099034462873,  10.059439307307,  0.0            
     10545,  2.3957435307777,  10.193403305257,  0.0            
     10546,  2.0033870632428,  10.417824902571,  0.0            
     10547,  1.8814613448164,  10.466222525266,  0.0            
     10548,  1.7508026560206,  10.501692211936,  0.0            
     10549,  1.6213444430186,  10.553414732747,  0.0            
     10550,  1.4927198734607,  10.612013405368,  0.0            
     10551,  1.3665593146279,  10.673999159062,  0.0            
     10552,  1.246748936417 ,  10.73753438443 ,  0.0            
     10553,  1.1366740163586,  10.802448118733,  0.0            
     10554,  2.3849749876277,  5.6430157584691,  0.0            
     10555,  2.3668846538455,  5.7937785860262,  0.0            
     10556,  2.3221782764452,  5.9486478959894,  0.0            
     10557,  2.2662605694632,  6.1096994654508,  0.0            
     10558,  2.5208108519449,  5.6561989607277,  0.0            
     10559,  2.4997231811318,  5.8061672376329,  0.0            
     10560,  2.661000494326 ,  5.6595957088408,  0.0            
     10561,  2.8055140429058,  5.6579926430273,  0.0            
     10562,  2.9531798439867,  5.6545584819049,  0.0            
     10563,  3.1033978725117,  5.6513482236031,  0.0            
     10564,  3.2564638710323,  5.64963792965  ,  0.0            
     10565,  3.4128077897749,  5.6505860043469,  0.0            
     10566,  3.5730283898373,  5.6557920819551,  0.0            
     10567,  3.7367263157393,  5.6665752204686,  0.0            
     10568,  3.9035677765169,  5.6817071726913,  0.0            
     10569,  4.0730987702394,  5.6981638211773,  0.0            
     10570,  4.2451021629876,  5.7153061355525,  0.0            
     10571,  4.4138147990545,  5.5898757191403,  0.0            
     10572,  4.5839685243484,  5.6025128159962,  0.0            
     10573,  4.7511659190886,  5.6100689830961,  0.0            
     10574,  4.9149728671008,  5.614237343063 ,  0.0            
     10575,  5.0753131739514,  5.61744277083  ,  0.0            
     10576,  5.2329822164285,  5.6207739969016,  0.0            
     10577,  5.3891310310594,  5.6240183055323,  0.0            
     10578,  5.5448939199786,  5.6272370186086,  0.0            
     10579,  5.7013020794132,  5.63069129529  ,  0.0            
     10580,  5.8591262493684,  5.6349608490486,  0.0            
     10581,  6.019172221738 ,  5.6412389500856,  0.0            
     10582,  6.1813467139599,  5.6501541130754,  0.0            
     10583,  6.3443966415016,  5.6584422131583,  0.0            
     10584,  6.5066205190601,  5.655230963493 ,  0.0            
     10585,  6.6694105543134,  5.6299506393864,  0.0            
     10586,  6.8440915439781,  5.7391617642567,  0.0            
     10587,  7.0110824366225,  5.7000600772796,  0.0            
     10588,  7.1796035050487,  5.6733099672476,  0.0            
     10589,  7.3477664604245,  5.6825285490928,  0.0            
     10590,  7.5111576157313,  5.7162427316192,  0.0            
     10591,  7.6676246550026,  5.7349301214451,  0.0            
     10592,  2.6431402853064,  5.8076695994912,  0.0            
     10593,  2.7914546374402,  5.8033883920862,  0.0            
     10594,  2.9421871965561,  5.7973471099651,  0.0            
     10595,  3.0947712779314,  5.7917328096198,  0.0            
     10596,  3.2497492326938,  5.7879779164085,  0.0            
     10597,  3.408128019508 ,  5.7876453702027,  0.0            
     10598,  3.5706251526672,  5.7934070637675,  0.0            
     10599,  3.7365008884187,  5.8078200907394,  0.0            
     10600,  3.90429575449  ,  5.8271885159437,  0.0            
     10601,  4.0742502018521,  5.8423333569219,  0.0            
     10602,  4.2468835490902,  5.8561456625805,  0.0            
     10603,  4.4177301530523,  5.7315211088703,  0.0            
     10604,  4.5890478764626,  5.7439318945338,  0.0            
     10605,  4.7572346184764,  5.7513042574975,  0.0            
     10606,  4.921503474839 ,  5.7550969300701,  0.0            
     10607,  5.081741865136 ,  5.757464416079 ,  0.0            
     10608,  5.238648905651 ,  5.7588044926178,  0.0            
     10609,  5.3937867823237,  5.758571292715 ,  0.0            
     10610,  5.5487704308164,  5.758728456042 ,  0.0            
     10611,  5.7045617363062,  5.7606778735932,  0.0            
     10612,  5.8622291149694,  5.7650824278814,  0.0            
     10613,  6.0227442413633,  5.7737958703358,  0.0            
     10614,  6.1868654635558,  5.7889762093255,  0.0            
     10615,  6.3536625632709,  5.8095604177496,  0.0            
     10616,  6.519301146936 ,  5.8221976148723,  0.0            
     10617,  6.6806793998308,  5.7799734960779,  0.0            
     10618,  6.865748199605 ,  5.8789253442723,  0.0            
     10619,  7.0213845893594,  5.8292829165446,  0.0            
     10620,  7.189293944387 ,  5.8015338888836,  0.0            
     10621,  7.3530607626167,  5.8277847946778,  0.0            
     10622,  7.5177039388207,  5.8810717561566,  0.0            
     10623,  7.3295487806954,  5.9545888452429,  0.0            
     10624,  7.1920642141789,  6.1669434245627,  0.0            
     10625,  7.0785731788772,  6.2426093127336,  0.0            
     10626,  6.9635215181461,  6.3203040569258,  0.0            
     10627,  6.8529590768262,  6.4057198326787,  0.0            
     10628,  6.7478816736081,  6.5016871756985,  0.0            
     10629,  6.6443908306742,  6.6042417569402,  0.0            
     10630,  6.5377876198674,  6.7078302855273,  0.0            
     10631,  6.4268282002806,  6.8087994305002,  0.0            
     10632,  6.3121625837028,  6.9065931429922,  0.0            
     10633,  6.1955041450797,  7.0018800370479,  0.0            
     10634,  6.0780799452779,  7.0959554991632,  0.0            
     10635,  5.9605228455424,  7.1896189733511,  0.0            
     10636,  5.8427352210593,  7.2830473760809,  0.0            
     10637,  5.7246145280502,  7.3759781690743,  0.0            
     10638,  5.6064668821609,  7.468554879009 ,  0.0            
     10639,  5.4890240091185,  7.5616596020834,  0.0            
     10640,  5.3723623486842,  7.6560449169977,  0.0            
     10641,  5.2555452385375,  7.7509802277168,  0.0            
     10642,  5.1377783363172,  7.8453375787519,  0.0            
     10643,  5.0190859847938,  7.9385895384144,  0.0            
     10644,  4.8997895096866,  8.0308112286622,  0.0            
     10645,  4.780223125807 ,  8.1223417775038,  0.0            
     10646,  4.6606639271428,  8.2138166197171,  0.0            
     10647,  4.5411506303419,  8.3062203302158,  0.0            
     10648,  4.4211443733413,  8.4002720521698,  0.0            
     10649,  4.2984074191427,  8.4952252329941,  0.0            
     10650,  4.1709180587144,  8.5859104168588,  0.0            
     10651,  4.0323030111964,  8.6615736687149,  0.0            
     10652,  3.8903850760363,  8.7417518902838,  0.0            
     10653,  3.7381101379597,  8.8094207130963,  0.0            
     10654,  3.5928438118611,  8.8846699981137,  0.0            
     10655,  3.5404082352393,  9.1133462749038,  0.0            
     10656,  3.4049547687716,  9.2140408106516,  0.0            
     10657,  3.2693780182622,  9.3215441884663,  0.0            
     10658,  3.1322180727647,  9.4277100770425,  0.0            
     10659,  2.9992460541779,  9.539091824821 ,  0.0            
     10660,  2.5462723911414,  9.7981722400953,  0.0            
     10661,  2.4248859006687,  9.9344396801885,  0.0            
     10662,  2.3096849007388,  10.066815966447,  0.0            
     10663,  2.2000593550547,  10.195640406284,  0.0            
     10664,  2.1052556876293,  10.315156519673,  0.0            
     10665,  7.192308983877 ,  5.9311624484417,  0.0            
     10666,  7.0524547816965,  5.954787522592 ,  0.0            
     10667,  6.9169079059684,  6.0076611835889,  0.0            
     10668,  6.7055091772096,  5.9394067890261,  0.0            
     10669,  6.3606930057765,  5.9640421768945,  0.0            
     10670,  6.191196929836 ,  5.9189903638782,  0.0            
     10671,  6.0212180678874,  5.9008343992761,  0.0            
     10672,  5.862266971325 ,  5.8897753655395,  0.0            
     10673,  5.7059787096572,  5.8851779111084,  0.0            
     10674,  5.5511059461417,  5.8845476346034,  0.0            
     10675,  5.3966597355447,  5.8881515150356,  0.0            
     10676,  5.2423247494368,  5.8931789208041,  0.0            
     10677,  5.0860373480711,  5.8930791089784,  0.0            
     10678,  4.9256981685368,  5.8908811861932,  0.0            
     10679,  4.7610997700196,  5.887564456833 ,  0.0            
     10680,  4.5923785313097,  5.8810070646779,  0.0            
     10681,  4.4204870594118,  5.8699787820389,  0.0            
     10682,  4.2512373630506,  5.9965890663589,  0.0            
     10683,  4.0771435334929,  5.989610356491 ,  0.0            
     10684,  3.907401561892 ,  5.9896471397787,  0.0            
     10685,  3.7335709478336,  5.9452447880445,  0.0            
     10686,  3.5656156429094,  5.9300365544577,  0.0            
     10687,  3.4009702258902,  5.9248514734382,  0.0            
     10688,  3.2417186984411,  5.9274216760596,  0.0            
     10689,  3.0860753166498,  5.9337752267748,  0.0            
     10690,  2.9319042277065,  5.9420650732429,  0.0            
     10691,  2.7778246704923,  5.950851542299 ,  0.0            
     10692,  2.6255556891687,  5.9580847902562,  0.0            
     10693,  2.4729619671871,  5.9561735252907,  0.0            
     10694,  7.1007262322436,  6.0750583166982,  0.0            
     10695,  6.9835673657645,  6.1342568286865,  0.0            
     10696,  6.8643494515727,  6.2019864819866,  0.0            
     10697,  6.7549207549288,  6.2848976806647,  0.0            
     10698,  6.6533926888094,  6.3856272342542,  0.0            
     10699,  6.5568212820813,  6.4962197229941,  0.0            
     10700,  6.4558457790324,  6.6066262178987,  0.0            
     10701,  6.348520141359 ,  6.7118723333196,  0.0            
     10702,  6.2355119836608,  6.8116181225598,  0.0            
     10703,  6.1192232830617,  6.9070617026732,  0.0            
     10704,  6.0017459377618,  7.0005386064209,  0.0            
     10705,  5.8841952788623,  7.093645206573 ,  0.0            
     10706,  5.7662356311522,  7.1866454962057,  0.0            
     10707,  5.6474411774423,  7.2787850557957,  0.0            
     10708,  5.5282649744995,  7.3700443984034,  0.0            
     10709,  5.410445413766 ,  7.4623122129505,  0.0            
     10710,  5.2944818926323,  7.5576201645299,  0.0            
     10711,  5.1781051213656,  7.653979929651 ,  0.0            
     10712,  5.0597528256448,  7.7488717815222,  0.0            
     10713,  4.9397611489873,  7.8414474780561,  0.0            
     10714,  4.8188648227369,  7.9319687956753,  0.0            
     10715,  4.6977646084019,  8.0209703563092,  0.0            
     10716,  4.577157938504 ,  8.1094086970049,  0.0            
     10717,  4.4576392545011,  8.1988503261981,  0.0            
     10718,  4.339138365747 ,  8.2907626265741,  0.0            
     10719,  4.2189262640654,  8.3844782799786,  0.0            
     10720,  4.0942541752828,  8.4731894260687,  0.0            
     10721,  3.9576217534498,  8.539330529736 ,  0.0            
     10722,  3.8123162859825,  8.5985698337479,  0.0            
     10723,  3.6597459254691,  8.6635602475021,  0.0            
     10724,  3.4516850357255,  8.9683236394537,  0.0            
     10725,  3.3217146054203,  9.0775421073695,  0.0            
     10726,  3.1968097686156,  9.2024933384501,  0.0            
     10727,  3.0511771126682,  9.287504277346 ,  0.0            
     10728,  2.9140459291834,  9.3918462503398,  0.0            
     10729,  2.7898231403538,  9.5197670089358,  0.0            
     10730,  2.6682470208088,  9.6586043672535,  0.0            
     10731,  2.4592420169913,  9.67286712336  ,  0.0            
     10732,  2.331434610038 ,  9.8167124153674,  0.0            
     10733,  2.2117439490656,  9.9500361682513,  0.0            
     10734,  1.9528658517735,  10.311828093398,  0.0            
     10735,  1.8495255532885,  10.325091716934,  0.0            
     10736,  1.7227835083703,  10.340651334735,  0.0            
     10737,  1.5935234412904,  10.393172523193,  0.0            
     10738,  1.4526188163697,  10.459649329176,  0.0            
     10739,  1.311615870957 ,  10.52917287995 ,  0.0            
     10740,  1.1728592200062,  10.596250402824,  0.0            
     10741,  1.0548578482343,  10.66514024837 ,  0.0            
     10742,  0.9715643592938,  10.770038310077,  0.0            
     10743,  0.8947403882087,  10.863560234446,  0.0            
     10744,  0.8198703527161,  10.91082181683 ,  0.0            
     10745,  0.7299486651482,  10.960062610038,  0.0            
     10746,  0.6612746716778,  11.001970687456,  0.0            
     10747,  0.5991016167995,  10.95196457434 ,  0.0            
     10748,  0.5130920204743,  10.887321947144,  0.0            
     10749,  0.4169886978801,  10.824678696997,  0.0            
     10750,  0.3136737577707,  10.756850939534,  0.0            
     10751,  2.4855498777424,  6.2795694473368,  0.0            
     10752,  2.5405590874127,  6.4524655425779,  0.0            
     10753,  2.5987643014113,  6.6312370221382,  0.0            
     10754,  2.6541220749136,  6.8156707219014,  0.0            
     10755,  2.7017893538178,  7.0058620316709,  0.0            
     10756,  2.7384660074539,  7.2017196565315,  0.0            
     10757,  2.7621787597098,  7.4025283447689,  0.0            
     10758,  2.7718173079655,  7.6072259325572,  0.0            
     10759,  2.7667684044822,  7.814445928322 ,  0.0            
     10760,  2.7467445251796,  8.0227089222267,  0.0            
     10761,  2.7114763190623,  8.2304715164969,  0.0            
     10762,  2.6607566770653,  8.4363090689217,  0.0            
     10763,  2.5953366658953,  8.6381453510665,  0.0            
     10764,  2.5118205037887,  8.8376509719417,  0.0            
     10765,  2.4096348337898,  9.016519883396 ,  0.0            
     10766,  2.2966132985039,  9.1890344736019,  0.0            
     10767,  2.1680104350073,  9.3556630996266,  0.0            
     10768,  2.0287276227181,  9.5159122839797,  0.0            
     10769,  1.882468142108 ,  9.6658590633211,  0.0            
     10770,  1.7290557116462,  9.821830248506 ,  0.0            
     10771,  1.5476990337893,  9.9237243867284,  0.0            
     10772,  1.3622349281809,  10.025926401695,  0.0            
     10773,  1.1805049175445,  10.118475135995,  0.0            
     10774,  0.9932414133574,  10.203674692919,  0.0            
     10775,  0.8002831112287,  10.279872314853,  0.0            
     10776,  0.6072522893653,  10.346853513724,  0.0            
     10777,  0.3964274164939,  10.423153483201,  0.0            
     10778,  0.2013774676098,  10.465053990289,  0.0            
     10779,  6.7790822516   ,  6.0710807102457,  0.0            
     10780,  6.6503367370781,  6.1438689810356,  0.0            
     10781,  6.5571105003955,  6.2710991535468,  0.0            
     10782,  6.4728664292467,  6.3967349809252,  0.0            
     10783,  6.3723937054777,  6.5083429772185,  0.0            
     10784,  6.2702485953653,  6.6186408746459,  0.0            
     10785,  6.1599263296769,  6.720304362489 ,  0.0            
     10786,  6.0442881638843,  6.8149618761457,  0.0            
     10787,  5.926969935638 ,  6.9066082512606,  0.0            
     10788,  5.8099264928267,  6.9984085738872,  0.0            
     10789,  5.692215503489 ,  7.0907317332101,  0.0            
     10790,  5.5725256458896,  7.1817919057287,  0.0            
     10791,  5.4512574266999,  7.2706790452484,  0.0            
     10792,  5.3322255755524,  7.3611000731064,  0.0            
     10793,  5.2177609249466,  7.4589313996121,  0.0            
     10794,  5.1020815562449,  7.558324875884 ,  0.0            
     10795,  4.9825763966044,  7.6540394668609,  0.0            
     10796,  4.8606107243017,  7.7452086589718,  0.0            
     10797,  4.737500406343 ,  7.8326436098828,  0.0            
     10798,  4.61430989132  ,  7.9171414659576,  0.0            
     10799,  4.4922660154895,  8.0000741525328,  0.0            
     10800,  4.3729487015074,  8.0837657861262,  0.0            
     10801,  4.2575179883403,  8.1710321598891,  0.0            
     10802,  4.1435812034135,  8.2627918542201,  0.0            
     10803,  4.0213560641101,  8.3508825365886,  0.0            
     10804,  3.889720781814 ,  8.4034611169834,  0.0            
     10805,  3.7521943416019,  8.4475068580463,  0.0            
     10806,  3.592825957303 ,  8.4935423703459,  0.0            
     10807,  3.5097793731564,  8.7306432916923,  0.0            
     10808,  3.3621819900988,  8.8017458894509,  0.0            
     10809,  3.2459032795183,  8.9375074835461,  0.0            
     10810,  3.1276242816259,  9.0702789027437,  0.0            
     10811,  2.9882355341326,  9.1340519966966,  0.0            
     10812,  2.8384191300744,  9.2106793517169,  0.0            
     10813,  2.7093243263285,  9.364340389879 ,  0.0            
     10814,  2.5864225029782,  9.5211530454334,  0.0            
     10815,  2.3666400410532,  9.557355626342 ,  0.0            
     10816,  2.2288498965247,  9.7126492107007,  0.0            
     10817,  2.0899997194433,  9.8599452784635,  0.0            
     10818,  2.0995382208572,  10.078256373926,  0.0            
     10819,  2.0209909352718,  10.215625568455,  0.0            
     10820,  1.8785650692705,  10.174034767088,  0.0            
     10821,  1.7489487329695,  10.148419703981,  0.0            
     10822,  1.2614392359602,  10.389003767883,  0.0            
     10823,  1.0897310799263,  10.468258955308,  0.0            
     10824,  0.9122831807935,  10.546725346439,  0.0            
     10825,  0.8643291825238,  10.68122854344 ,  0.0            
     10826,  0.8378336324622,  10.786663320858,  0.0            
     10827,  0.7548370868702,  10.816879212969,  0.0            
     10828,  0.6651693327309,  10.865912419611,  0.0            
     10829,  6.536127476746 ,  6.0011742288179,  0.0            
     10830,  6.3105652481531,  6.0977944030948,  0.0            
     10831,  6.161058409116 ,  6.0480631192043,  0.0            
     10832,  6.0094439172775,  6.0222928248755,  0.0            
     10833,  5.8569842801836,  6.0095720996659,  0.0            
     10834,  5.7054023308058,  6.0047707549052,  0.0            
     10835,  5.5532738227129,  6.004330683984 ,  0.0            
     10836,  5.3990186525783,  6.0123413471123,  0.0            
     10837,  5.2452796573692,  6.0263385721547,  0.0            
     10838,  5.0892779414976,  6.0248233609715,  0.0            
     10839,  4.9280007493033,  6.0220306426218,  0.0            
     10840,  4.7638879066472,  6.0197572755377,  0.0            
     10841,  4.5960947128313,  6.0148142599807,  0.0            
     10842,  4.4250276503398,  6.0063342260053,  0.0            
     10843,  4.0909022547277,  6.1389556514024,  0.0            
     10844,  3.9118903926865,  6.1497678207438,  0.0            
     10845,  3.7230918909053,  6.0873081516999,  0.0            
     10846,  3.5539746079463,  6.0718825191022,  0.0            
     10847,  3.3898653425476,  6.0652209829782,  0.0            
     10848,  3.2343182586104,  6.0710450022681,  0.0            
     10849,  3.0816910426911,  6.0801862871759,  0.0            
     10850,  2.9291973155664,  6.0909441457227,  0.0            
     10851,  2.7750908951313,  6.1033531252299,  0.0            
     10852,  2.6196845495158,  6.1115644357319,  0.0            
     10853,  2.4440500782872,  6.1111755028016,  0.0            
     10854,  2.64131882118  ,  6.2688641085505,  0.0            
     10855,  2.6833017669002,  6.4374955794936,  0.0            
     10856,  2.7352653932296,  6.6135538111118,  0.0            
     10857,  2.7876988168237,  6.7981591749287,  0.0            
     10858,  2.8343992290012,  6.9909996190573,  0.0            
     10859,  2.8711336859249,  7.1917549360431,  0.0            
     10860,  2.8953357481274,  7.3994023498208,  0.0            
     10861,  2.9055668690591,  7.6125706131595,  0.0            
     10862,  2.9011030124037,  7.829482637659 ,  0.0            
     10863,  2.8817205026093,  8.0482949621733,  0.0            
     10864,  2.8468001052194,  8.2671664269017,  0.0            
     10865,  2.7959358868529,  8.4899475761715,  0.0            
     10866,  2.7301832071253,  8.6916593648952,  0.0            
     10867,  2.6287541095376,  8.9335449423239,  0.0            
     10868,  2.5188231667444,  9.1137098690799,  0.0            
     10869,  2.4028128939985,  9.2833756540838,  0.0            
     10870,  2.2681214750925,  9.4533926890282,  0.0            
     10871,  2.1244447945795,  9.6165811282075,  0.0            
     10872,  1.9788711848403,  9.7670626659388,  0.0            
     10873,  1.7986669944614,  9.9551988019122,  0.0            
     10874,  1.589803050825 ,  10.058546501361,  0.0            
     10875,  1.4033270763324,  10.159232633044,  0.0            
     10876,  1.2209574115287,  10.251347680875,  0.0            
     10877,  1.0362616538636,  10.336599533083,  0.0            
     10878,  0.8428866640332,  10.412259697169,  0.0            
     10879,  0.6435683776801,  10.470217043078,  0.0            
     10880,  0.4114833836369,  10.581185315912,  0.0            
     10881,  0.2013149225515,  10.613225071634,  0.0            
     10882,  2.7920181510278,  6.2585496203785,  0.0            
     10883,  2.8271117271658,  6.4235479167931,  0.0            
     10884,  2.8732863163918,  6.598090376765 ,  0.0            
     10885,  2.9226125929729,  6.7830123135938,  0.0            
     10886,  2.9680062798404,  6.9782773269711,  0.0            
     10887,  3.0044816771238,  7.1836212344256,  0.0            
     10888,  3.0289617028087,  7.397763198542 ,  0.0            
     10889,  3.0397437597623,  7.6189927167681,  0.0            
     10890,  3.0361260913434,  7.8449771850145,  0.0            
     10891,  3.0184449162622,  8.0732764490051,  0.0            
     10892,  2.9843580635717,  8.2987910795194,  0.0            
     10893,  2.9303828322631,  8.5597029587683,  0.0            
     10894,  2.8611180956023,  8.7546654553732,  0.0            
     10895,  2.7537991667669,  9.0122114003032,  0.0            
     10896,  2.5004000739712,  9.3884794136611,  0.0            
     10897,  1.9523949438621,  10.015723744574,  0.0            
     10898,  1.426175383319 ,  10.306762670712,  0.0            
     10899,  0.7059533760099,  10.584737379746,  0.0            
     10900,  0.5253300151948,  10.682907214146,  0.0            
     10901,  0.1633867805801,  10.772463194071,  0.0            
     10902,  0.6030681980689,  10.769562066888,  0.0            
     10903,  0.7235581916153,  10.703706056904,  0.0            
     10904,  2.6220909233993,  9.227771305968 ,  0.0            
     10905,  2.921224344991 ,  8.9586048379648,  0.0            
     10906,  3.0687479556954,  8.9448175082653,  0.0            
     10907,  3.5709134143367,  8.2949935271132,  0.0            
     10908,  3.707556753175 ,  8.2595990831539,  0.0            
     10909,  3.8409299633426,  8.2358847905271,  0.0            
     10910,  3.9671413970728,  8.2131442049741,  0.0            
     10911,  4.0720681301183,  8.1249982000207,  0.0            
     10912,  4.1770450390459,  8.0400734363896,  0.0            
     10913,  4.2871462654731,  7.957383500806 ,  0.0            
     10914,  4.407079837895 ,  7.8827170551142,  0.0            
     10915,  4.5311855970799,  7.8085352759238,  0.0            
     10916,  4.6567853676021,  7.7314456644918,  0.0            
     10917,  4.782264216467 ,  7.6495023868826,  0.0            
     10918,  4.9065430300838,  7.5615874557608,  0.0            
     10919,  5.0279943534866,  7.4657277235626,  0.0            
     10920,  5.1434006032146,  7.3603188781704,  0.0            
     10921,  5.2542268578131,  7.2456740028384,  0.0            
     10922,  5.3785811289718,  7.1664593632991,  0.0            
     10923,  5.5030127017643,  7.0844032896682,  0.0            
     10924,  5.6230433084362,  6.9943953541248,  0.0            
     10925,  5.7390462012625,  6.9030098996256,  0.0            
     10926,  5.8541419650709,  6.813764051175 ,  0.0            
     10927,  5.9706965890464,  6.7264531838468,  0.0            
     10928,  6.0851599840345,  6.6348590561644,  0.0            
     10929,  6.1885115716569,  6.5313799205491,  0.0            
     10930,  6.2852310849475,  6.4153298533718,  0.0            
     10931,  6.3691400982638,  6.289863893032 ,  0.0            
     10932,  6.443545708091 ,  6.1535083967434,  0.0            
     10933,  6.2521186045081,  6.220983677763 ,  0.0            
     10934,  6.1853663508507,  6.3418556563842,  0.0            
     10935,  6.1053623941216,  6.4550902489871,  0.0            
     10936,  6.1229049808574,  6.1706283832882,  0.0            
     10937,  6.0697828781849,  6.2873551944413,  0.0            
     10938,  6.0056379568927,  6.3933359006053,  0.0            
     10939,  5.9893987696618,  6.1399342117425,  0.0            
     10940,  5.9519834101358,  6.252284260775 ,  0.0            
     10941,  5.9044277047441,  6.3551107332944,  0.0            
     10942,  6.0108438834051,  6.5539318413582,  0.0            
     10943,  5.8455114837579,  6.1250910743002,  0.0            
     10944,  5.8261271384323,  6.2384958649447,  0.0            
     10945,  5.7949834725554,  6.3460511878679,  0.0            
     10946,  2.9410118709878,  6.2457869807152,  0.0            
     10947,  2.9693593834677,  6.4094926603271,  0.0            
     10948,  3.0104146561998,  6.5834935273677,  0.0            
     10949,  3.0568398604213,  6.7692197051613,  0.0            
     10950,  3.1009252238601,  6.9669958356023,  0.0            
     10951,  3.1370821096978,  7.1766946490351,  0.0            
     10952,  3.161886356724 ,  7.396760829785 ,  0.0            
     10953,  3.173480043743 ,  7.6251059242345,  0.0            
     10954,  3.1712547375976,  7.858884387258 ,  0.0            
     10955,  3.1564452082533,  8.0954218334602,  0.0            
     10956,  3.1239844402412,  8.3235071440494,  0.0            
     10957,  3.0835311785062,  8.586946796791 ,  0.0            
     10958,  3.0006149450635,  8.7686316846557,  0.0            
     10959,  3.0879687082075,  6.2331922303255,  0.0            
     10960,  3.1097469597527,  6.3958779998689,  0.0            
     10961,  3.1460520294737,  6.5697728195798,  0.0            
     10962,  3.189916137194 ,  6.7565297350374,  0.0            
     10963,  3.2328350346528,  6.9566883661987,  0.0            
     10964,  3.2686633180504,  7.1701605487785,  0.0            
     10965,  3.293825218654 ,  7.394963260216 ,  0.0            
     10966,  3.3064394540733,  7.6283668911664,  0.0            
     10967,  3.3059065161024,  7.8669296456678,  0.0            
     10968,  3.2967962781554,  8.1221048876918,  0.0            
     10969,  3.272652516019 ,  8.3507416483546,  0.0            
     10970,  3.2749936283927,  8.6222755465361,  0.0            
     10971,  3.1711609910187,  8.7920525766078,  0.0            
     10972,  3.2333993789445,  6.2218578128071,  0.0            
     10973,  3.2474044351911,  6.3834973435103,  0.0            
     10974,  3.2789475600412,  6.5573689032373,  0.0            
     10975,  3.3207049600019,  6.7449380448374,  0.0            
     10976,  3.3627449192325,  6.9468388767208,  0.0            
     10977,  3.3983842922492,  7.1629480469436,  0.0            
     10978,  3.4242307308318,  7.3906852333842,  0.0            
     10979,  3.4374497737003,  7.6193335873073,  0.0            
     10980,  3.4405620308204,  7.8644763063557,  0.0            
     10981,  3.4327469270241,  8.1021189047488,  0.0            
     10982,  3.4231858938543,  8.3201871182472,  0.0            
     10983,  3.4396402805714,  8.54883790288  ,  0.0            
     10984,  5.7037538417762,  6.1207469452142,  0.0            
     10985,  5.6987860010276,  6.2345845370532,  0.0            
     10986,  5.6767946331744,  6.3484414839165,  0.0            
     10987,  3.3800925166488,  6.2129618759465,  0.0            
     10988,  3.383493610505 ,  6.3742351185272,  0.0            
     10989,  3.4091532168503,  6.5464645866359,  0.0            
     10990,  3.4496606402789,  6.7338443403526,  0.0            
     10991,  3.4912365226251,  6.9360913152786,  0.0            
     10992,  3.5267648069863,  7.1532753989265,  0.0            
     10993,  3.5535072010517,  7.3823512723224,  0.0            
     10994,  3.5695139140839,  7.6093386104954,  0.0            
     10995,  3.5758347017046,  7.8524452466802,  0.0            
     10996,  3.5695623679251,  8.0834172190176,  0.0            
     10997,  3.6927160361784,  8.0611462179504,  0.0            
     10998,  3.812232948447 ,  8.0491858486353,  0.0            
     10999,  3.9293293890066,  8.0736520828971,  0.0            
     11000,  3.9852492652985,  7.9677800981862,  0.0            
     11001,  4.0934863068526,  7.8883806932908,  0.0            
     11002,  4.2086386301877,  7.8229337646897,  0.0            
     11003,  4.3277910597034,  7.7572319029166,  0.0            
     11004,  4.4522180648268,  7.6920743474245,  0.0            
     11005,  4.5796693237956,  7.6260655679836,  0.0            
     11006,  4.7061255188821,  7.5529302110153,  0.0            
     11007,  4.8310936501008,  7.4718385291914,  0.0            
     11008,  4.9519073714021,  7.3765612854772,  0.0            
     11009,  5.0752803173406,  7.26142155516  ,  0.0            
     11010,  5.4412045647514,  6.9855366242618,  0.0            
     11011,  5.5612635682152,  6.8950441362509,  0.0            
     11012,  5.6724779166334,  6.805034215645 ,  0.0            
     11013,  5.7828680392406,  6.719892272564 ,  0.0            
     11014,  5.8979378027331,  6.6414841372217,  0.0            
     11015,  5.5599142440341,  6.1177890284394,  0.0            
     11016,  5.5749534240713,  6.2278517250435,  0.0            
     11017,  5.5644298348681,  6.331819514164 ,  0.0            
     11018,  5.8226483246688,  6.5563446640933,  0.0            
     11019,  5.7678336425364,  6.4611173656765,  0.0            
     11020,  5.6417548126334,  6.4874460915527,  0.0            
     11021,  5.5334077808978,  6.438900765388 ,  0.0            
     11022,  5.716315379718 ,  6.6201571244809,  0.0            
     11023,  5.6104367035262,  6.7027335063926,  0.0            
     11024,  5.5485881730686,  6.5871879962624,  0.0            
     11025,  5.4560804236867,  6.5218928917652,  0.0            
     11026,  5.5068607382848,  6.7918557266734,  0.0            
     11027,  5.447491735711 ,  6.6793192067244,  0.0            
     11028,  5.3713665636082,  6.5998381914142,  0.0            
     11029,  3.5239506187731,  6.2142944889477,  0.0            
     11030,  3.5103939502839,  6.3658923591046,  0.0            
     11031,  3.53583972775  ,  6.5370120955552,  0.0            
     11032,  3.5765659453389,  6.7215099394573,  0.0            
     11033,  3.6181050471942,  6.9214683592929,  0.0            
     11034,  3.6535541389839,  7.1377135360924,  0.0            
     11035,  3.6798881405738,  7.3661550465382,  0.0            
     11036,  3.7006332806952,  7.5920490110246,  0.0            
     11037,  3.7109842532183,  7.8398942778131,  0.0            
     11038,  5.4527767748793,  6.234949215191 ,  0.0            
     11039,  5.4804954727326,  6.309700479271 ,  0.0            
     11040,  5.4237575194094,  6.3662968983491,  0.0            
     11041,  5.3464825961183,  6.4491718656983,  0.0            
     11042,  5.2765508324425,  6.5372613512052,  0.0            
     11043,  5.3985404818964,  6.8735528399887,  0.0            
     11044,  5.3529713483811,  6.7591175862068,  0.0            
     11045,  5.2866126892801,  6.6722340318712,  0.0            
     11046,  5.1872225576063,  6.606742784787 ,  0.0            
     11047,  3.671524152754 ,  6.2212097048509,  0.0            
     11048,  3.637717594825 ,  6.3676726126668,  0.0            
     11049,  3.6610970515162,  6.5175090436849,  0.0            
     11050,  3.7024307520964,  6.7013942184826,  0.0            
     11051,  3.7441700704976,  6.8970867557595,  0.0            
     11052,  3.7808724194309,  7.1101132571403,  0.0            
     11053,  3.8052514485994,  7.3399586335162,  0.0            
     11054,  3.8262734229734,  7.5658863887341,  0.0            
     11055,  3.8506350052912,  7.8306744744275,  0.0            
     11056,  4.0028817103655,  7.7216369786264,  0.0            
     11057,  3.9552269477139,  7.5190790526674,  0.0            
     11058,  3.9275638633621,  7.2944387178921,  0.0            
     11059,  3.9067124832533,  7.0655124744998,  0.0            
     11060,  3.867211380466 ,  6.8578606307518,  0.0            
     11061,  3.8248287288165,  6.6633695371529,  0.0            
     11062,  3.7802762416192,  6.4924906231692,  0.0            
     11063,  3.741220529087 ,  6.3716216232242,  0.0            
     11064,  3.8201132474093,  6.2707815463851,  0.0            
     11065,  4.1264256800905,  7.6571743561736,  0.0            
     11066,  4.0741268029185,  7.465202089309 ,  0.0            
     11067,  4.0435008823859,  7.2434971560825,  0.0            
     11068,  4.0299207899834,  7.0136025221709,  0.0            
     11069,  3.9847420785393,  6.796019405326 ,  0.0            
     11070,  3.8914158033518,  6.4155922727993,  0.0            
     11071,  3.9980381701724,  6.3242598975201,  0.0            
     11072,  4.1365894402284,  6.2955630594571,  0.0            
     11073,  4.2649043652058,  6.1367124576053,  0.0            
     11074,  4.4350288648657,  6.1407032498036,  0.0            
     11075,  4.6018824915335,  6.1455439356642,  0.0            
     11076,  4.765163786427 ,  6.1483019180101,  0.0            
     11077,  4.9248142785759,  6.1489142755619,  0.0            
     11078,  5.0868198266842,  6.152520569159 ,  0.0            
     11079,  5.2580100553971,  6.1630759535264,  0.0            
     11080,  5.4083388299262,  6.1266459620713,  0.0            
     11081,  4.253517903118 ,  7.6090841762679,  0.0            
     11082,  4.2008373391766,  7.4442713406735,  0.0            
     11083,  4.17104735573  ,  7.254999688385 ,  0.0            
     11084,  4.3821770190744,  7.5642043998449,  0.0            
     11085,  4.331087517735 ,  7.4233606299491,  0.0            
     11086,  4.3024085727772,  7.2756946855302,  0.0            
     11087,  4.5095667007469,  7.5143645865275,  0.0            
     11088,  4.4570937563988,  7.3917717527254,  0.0            
     11089,  4.4189619245323,  7.2585658353352,  0.0            
     11090,  4.1602700312341,  7.075427073717 ,  0.0            
     11091,  4.2929674852359,  7.1289472902483,  0.0            
     11092,  4.3901309909931,  7.1148466806132,  0.0            
     11093,  4.6372803406354,  7.4533484544309,  0.0            
     11094,  4.5749047620897,  7.3413014022399,  0.0            
     11095,  4.5316692562272,  7.2233651931775,  0.0            
     11096,  4.5021805282711,  7.0842293313147,  0.0            
     11097,  5.3438472839207,  6.2799022163542,  0.0            
     11098,  4.7574754500843,  7.3818077765025,  0.0            
     11099,  4.6862227893053,  7.2760223131363,  0.0            
     11100,  4.634179524011 ,  7.1716630994428,  0.0            
     11101,  4.609306289218 ,  7.0556422492056,  0.0            
     11102,  5.2598018598327,  6.3760663190382,  0.0            
     11103,  5.1856428631139,  6.2854824619966,  0.0            
     11104,  5.0500863645828,  6.277309961094 ,  0.0            
     11105,  4.9134476264464,  6.2755488188768,  0.0            
     11106,  4.7656948997443,  6.2759195564008,  0.0            
     11107,  4.6110558860525,  6.2754222947106,  0.0            
     11108,  4.4524380906739,  6.2751158873802,  0.0            
     11109,  4.2928138454616,  6.2785283107568,  0.0            
     11110,  5.1901246904619,  6.4643404615852,  0.0            
     11111,  5.1356670091837,  6.3763935263551,  0.0            
     11112,  5.0359140796694,  6.4046784069871,  0.0            
     11113,  4.9047162317289,  6.4039688609942,  0.0            
     11114,  4.7714162406201,  6.4027400416352,  0.0            
     11115,  4.6245717099743,  6.4039824118582,  0.0            
     11116,  4.4743867187346,  6.408596770131 ,  0.0            
     11117,  4.3300817459115,  6.423111457785 ,  0.0            
     11118,  4.1837893372005,  6.4538239975364,  0.0            
     11119,  4.0520981952509,  6.5066906082404,  0.0            
     11120,  3.9425213495509,  6.6009777219828,  0.0            
     11121,  4.0965168360989,  6.6894129137417,  0.0            
     11122,  4.2215607198241,  6.6080487040238,  0.0            
     11123,  4.3645658360824,  6.565935611256 ,  0.0            
     11124,  4.4979256639889,  6.5414725465554,  0.0            
     11125,  4.6419340784705,  6.5319155248396,  0.0            
     11126,  4.7835159247602,  6.5288842658866,  0.0            
     11127,  4.932995594988 ,  6.5318630477433,  0.0            
     11128,  5.0839068357323,  6.5342444804955,  0.0            
     11129,  4.1348249683748,  6.8447040147771,  0.0            
     11130,  4.2209402377498,  6.9480420372372,  0.0            
     11131,  4.2966043766599,  7.0208541724771,  0.0            
     11132,  4.3697406011159,  6.9952872898637,  0.0            
     11133,  4.4802438349017,  6.9555558020504,  0.0            
     11134,  4.5870748653052,  6.9275327054972,  0.0            
     11135,  4.8641106757083,  7.3029693362999,  0.0            
     11136,  4.790292302771 ,  7.2136750944175,  0.0            
     11137,  4.7324247008309,  7.1228893709676,  0.0            
     11138,  4.7174238635947,  7.0159107754578,  0.0            
     11139,  4.7020773375239,  6.9032124575781,  0.0            
     11140,  4.2597086488366,  6.7560526695782,  0.0            
     11141,  4.3984669805217,  6.7083659500751,  0.0            
     11142,  4.5304440522482,  6.6762663041121,  0.0            
     11143,  4.6641790486967,  6.6587931986917,  0.0            
     11144,  4.7936797625424,  6.6533242384174,  0.0            
     11145,  4.9177084761791,  6.6586820380822,  0.0            
     11146,  5.0435793590194,  6.6761616897513,  0.0            
     11147,  5.1537722594949,  6.7200109435611,  0.0            
     11148,  5.2332099042056,  6.73461595249  ,  0.0            
     11149,  5.2574428789159,  6.8255136302546,  0.0            
     11150,  5.2883528523364,  6.9424948786833,  0.0            
     11151,  5.3144538245313,  7.0643755506483,  0.0            
     11152,  4.3232287070626,  6.8751294638568,  0.0            
     11153,  4.4389077401635,  6.8312041895947,  0.0            
     11154,  4.5580948383548,  6.8001638233345,  0.0            
     11155,  4.6812616739304,  6.7820816887689,  0.0            
     11156,  4.8032877446884,  6.7767933330048,  0.0            
     11157,  4.9268307513045,  6.7886351650593,  0.0            
     11158,  4.8192584763008,  6.8937818852073,  0.0            
     11159,  5.0439566650127,  6.8053948226256,  0.0            
     11160,  5.1556611612047,  6.8344734438732,  0.0            
     11161,  5.1693152612174,  6.9799809095064,  0.0            
     11162,  5.1794197250033,  7.1263486376839,  0.0            
     11163,  4.8253505949932,  7.0062274443796,  0.0            
     11164,  4.8183588223946,  7.095677034198 ,  0.0            
     11165,  4.967839918176 ,  7.2065559145406,  0.0            
     11166,  4.9353769257451,  6.9165913217635,  0.0            
     11167,  4.935002309018 ,  7.039209960181 ,  0.0            
     11168,  5.0532736745702,  6.9497779138347,  0.0            
     11169,  5.052716510178 ,  7.0828816208073,  0.0            
     11170,  4.8751578246939,  7.1376017149176,  0.0            
     11171,  8.3602667686126,  5.6907082197342,  0.0            
     11172,  8.4240029893818,  5.7425816537362,  0.0            
     11173,  7.1966013792046,  6.0239886138538,  0.0            
     11174,  7.2860424646779,  6.0789010649519,  0.0            
     11175,  1.5892101226609,  10.223487385714,  0.0            
     11176,  5.8760891667536,  6.4409457359736,  0.0            
     11177,  5.9280932229564,  6.4829700425382,  0.0            
     11178,  -5.928093222956,  6.4829700425382,  0.0            
     11179,  -5.876089166754,  6.4409457359736,  0.0            
     11180,  -1.589210122661,  10.223487385714,  0.0            
     11181,  -7.286042464678,  6.0789010649519,  0.0            
     11182,  -7.196601379205,  6.0239886138538,  0.0            
     11183,  -8.424002989382,  5.7425816537362,  0.0            
     11184,  -8.360266768613,  5.6907082197342,  0.0            
     11185,  -4.875157824694,  7.1376017149176,  0.0            
     11186,  -5.052716510178,  7.0828816208073,  0.0            
     11187,  -5.05327367457 ,  6.9497779138347,  0.0            
     11188,  -4.935002309018,  7.039209960181 ,  0.0            
     11189,  -4.935376925745,  6.9165913217635,  0.0            
     11190,  -4.967839918176,  7.2065559145406,  0.0            
     11191,  -4.818358822395,  7.095677034198 ,  0.0            
     11192,  -4.825350594993,  7.0062274443796,  0.0            
     11193,  -5.179419725003,  7.1263486376839,  0.0            
     11194,  -5.169315261218,  6.9799809095064,  0.0            
     11195,  -5.155661161205,  6.8344734438732,  0.0            
     11196,  -5.043956665013,  6.8053948226256,  0.0            
     11197,  -4.819258476301,  6.8937818852073,  0.0            
     11198,  -4.926830751305,  6.7886351650593,  0.0            
     11199,  -4.803287744688,  6.7767933330048,  0.0            
     11200,  -4.68126167393 ,  6.7820816887689,  0.0            
     11201,  -4.558094838355,  6.8001638233345,  0.0            
     11202,  -4.438907740164,  6.8312041895947,  0.0            
     11203,  -4.323228707063,  6.8751294638568,  0.0            
     11204,  -5.314453824531,  7.0643755506483,  0.0            
     11205,  -5.288352852336,  6.9424948786833,  0.0            
     11206,  -5.257442878916,  6.8255136302546,  0.0            
     11207,  -5.233209904206,  6.73461595249  ,  0.0            
     11208,  -5.153772259495,  6.7200109435611,  0.0            
     11209,  -5.04357935902 ,  6.6761616897513,  0.0            
     11210,  -4.917708476179,  6.6586820380822,  0.0            
     11211,  -4.793679762542,  6.6533242384174,  0.0            
     11212,  -4.664179048697,  6.6587931986917,  0.0            
     11213,  -4.530444052248,  6.6762663041121,  0.0            
     11214,  -4.398466980522,  6.7083659500751,  0.0            
     11215,  -4.259708648837,  6.7560526695782,  0.0            
     11216,  -4.702077337524,  6.9032124575781,  0.0            
     11217,  -4.717423863595,  7.0159107754578,  0.0            
     11218,  -4.732424700831,  7.1228893709676,  0.0            
     11219,  -4.790292302771,  7.2136750944175,  0.0            
     11220,  -4.864110675708,  7.3029693362999,  0.0            
     11221,  -4.587074865305,  6.9275327054972,  0.0            
     11222,  -4.480243834902,  6.9555558020504,  0.0            
     11223,  -4.369740601116,  6.9952872898637,  0.0            
     11224,  -4.29660437666 ,  7.0208541724771,  0.0            
     11225,  -4.22094023775 ,  6.9480420372372,  0.0            
     11226,  -4.134824968375,  6.8447040147771,  0.0            
     11227,  -5.083906835732,  6.5342444804955,  0.0            
     11228,  -4.932995594988,  6.5318630477433,  0.0            
     11229,  -4.78351592476 ,  6.5288842658866,  0.0            
     11230,  -4.641934078471,  6.5319155248396,  0.0            
     11231,  -4.497925663989,  6.5414725465554,  0.0            
     11232,  -4.364565836082,  6.565935611256 ,  0.0            
     11233,  -4.221560719824,  6.6080487040238,  0.0            
     11234,  -4.096516836099,  6.6894129137417,  0.0            
     11235,  -3.942521349551,  6.6009777219828,  0.0            
     11236,  -4.052098195251,  6.5066906082404,  0.0            
     11237,  -4.183789337201,  6.4538239975364,  0.0            
     11238,  -4.330081745912,  6.423111457785 ,  0.0            
     11239,  -4.474386718735,  6.408596770131 ,  0.0            
     11240,  -4.624571709974,  6.4039824118582,  0.0            
     11241,  -4.77141624062 ,  6.4027400416352,  0.0            
     11242,  -4.904716231729,  6.4039688609942,  0.0            
     11243,  -5.03591407967 ,  6.4046784069871,  0.0            
     11244,  -5.135667009184,  6.3763935263551,  0.0            
     11245,  -5.190124690462,  6.4643404615852,  0.0            
     11246,  -4.292813845462,  6.2785283107568,  0.0            
     11247,  -4.452438090674,  6.2751158873802,  0.0            
     11248,  -4.611055886053,  6.2754222947106,  0.0            
     11249,  -4.765694899744,  6.2759195564008,  0.0            
     11250,  -4.913447626446,  6.2755488188768,  0.0            
     11251,  -5.050086364583,  6.277309961094 ,  0.0            
     11252,  -5.185642863114,  6.2854824619966,  0.0            
     11253,  -5.259801859833,  6.3760663190382,  0.0            
     11254,  -4.609306289218,  7.0556422492056,  0.0            
     11255,  -4.634179524011,  7.1716630994428,  0.0            
     11256,  -4.686222789305,  7.2760223131363,  0.0            
     11257,  -4.757475450084,  7.3818077765025,  0.0            
     11258,  -5.343847283921,  6.2799022163542,  0.0            
     11259,  -4.502180528271,  7.0842293313147,  0.0            
     11260,  -4.531669256227,  7.2233651931775,  0.0            
     11261,  -4.57490476209 ,  7.3413014022399,  0.0            
     11262,  -4.637280340636,  7.4533484544309,  0.0            
     11263,  -4.390130990993,  7.1148466806132,  0.0            
     11264,  -4.292967485236,  7.1289472902483,  0.0            
     11265,  -4.160270031234,  7.075427073717 ,  0.0            
     11266,  -4.418961924532,  7.2585658353352,  0.0            
     11267,  -4.457093756399,  7.3917717527254,  0.0            
     11268,  -4.509566700747,  7.5143645865275,  0.0            
     11269,  -4.302408572777,  7.2756946855302,  0.0            
     11270,  -4.331087517735,  7.4233606299491,  0.0            
     11271,  -4.382177019074,  7.5642043998449,  0.0            
     11272,  -4.17104735573 ,  7.254999688385 ,  0.0            
     11273,  -4.200837339177,  7.4442713406735,  0.0            
     11274,  -4.253517903118,  7.6090841762679,  0.0            
     11275,  -5.408338829926,  6.1266459620713,  0.0            
     11276,  -5.258010055397,  6.1630759535264,  0.0            
     11277,  -5.086819826684,  6.152520569159 ,  0.0            
     11278,  -4.924814278576,  6.1489142755619,  0.0            
     11279,  -4.765163786427,  6.1483019180101,  0.0            
     11280,  -4.601882491534,  6.1455439356642,  0.0            
     11281,  -4.435028864866,  6.1407032498036,  0.0            
     11282,  -4.264904365206,  6.1367124576053,  0.0            
     11283,  -4.136589440228,  6.2955630594571,  0.0            
     11284,  -3.998038170172,  6.3242598975201,  0.0            
     11285,  -3.891415803352,  6.4155922727993,  0.0            
     11286,  -3.984742078539,  6.796019405326 ,  0.0            
     11287,  -4.029920789984,  7.0136025221709,  0.0            
     11288,  -4.043500882386,  7.2434971560825,  0.0            
     11289,  -4.074126802919,  7.465202089309 ,  0.0            
     11290,  -4.126425680091,  7.6571743561736,  0.0            
     11291,  -3.820113247409,  6.2707815463851,  0.0            
     11292,  -3.741220529087,  6.3716216232242,  0.0            
     11293,  -3.780276241619,  6.4924906231692,  0.0            
     11294,  -3.824828728817,  6.6633695371529,  0.0            
     11295,  -3.867211380466,  6.8578606307518,  0.0            
     11296,  -3.906712483253,  7.0655124744998,  0.0            
     11297,  -3.927563863362,  7.2944387178921,  0.0            
     11298,  -3.955226947714,  7.5190790526674,  0.0            
     11299,  -4.002881710366,  7.7216369786264,  0.0            
     11300,  -3.850635005291,  7.8306744744275,  0.0            
     11301,  -3.826273422974,  7.5658863887341,  0.0            
     11302,  -3.8052514486  ,  7.3399586335162,  0.0            
     11303,  -3.780872419431,  7.1101132571403,  0.0            
     11304,  -3.744170070498,  6.8970867557595,  0.0            
     11305,  -3.702430752096,  6.7013942184826,  0.0            
     11306,  -3.661097051516,  6.5175090436849,  0.0            
     11307,  -3.637717594825,  6.3676726126668,  0.0            
     11308,  -3.671524152754,  6.2212097048509,  0.0            
     11309,  -5.187222557606,  6.606742784787 ,  0.0            
     11310,  -5.28661268928 ,  6.6722340318712,  0.0            
     11311,  -5.352971348381,  6.7591175862068,  0.0            
     11312,  -5.398540481896,  6.8735528399887,  0.0            
     11313,  -5.276550832443,  6.5372613512052,  0.0            
     11314,  -5.346482596118,  6.4491718656983,  0.0            
     11315,  -5.42375751941 ,  6.3662968983491,  0.0            
     11316,  -5.480495472733,  6.309700479271 ,  0.0            
     11317,  -5.452776774879,  6.234949215191 ,  0.0            
     11318,  -3.710984253218,  7.8398942778131,  0.0            
     11319,  -3.700633280695,  7.5920490110246,  0.0            
     11320,  -3.679888140574,  7.3661550465382,  0.0            
     11321,  -3.653554138984,  7.1377135360924,  0.0            
     11322,  -3.618105047194,  6.9214683592929,  0.0            
     11323,  -3.576565945339,  6.7215099394573,  0.0            
     11324,  -3.53583972775 ,  6.5370120955552,  0.0            
     11325,  -3.510393950284,  6.3658923591046,  0.0            
     11326,  -3.523950618773,  6.2142944889477,  0.0            
     11327,  -5.371366563608,  6.5998381914142,  0.0            
     11328,  -5.447491735711,  6.6793192067244,  0.0            
     11329,  -5.506860738285,  6.7918557266734,  0.0            
     11330,  -5.456080423687,  6.5218928917652,  0.0            
     11331,  -5.548588173069,  6.5871879962624,  0.0            
     11332,  -5.610436703526,  6.7027335063926,  0.0            
     11333,  -5.716315379718,  6.6201571244809,  0.0            
     11334,  -5.533407780898,  6.438900765388 ,  0.0            
     11335,  -5.641754812634,  6.4874460915527,  0.0            
     11336,  -5.767833642536,  6.4611173656765,  0.0            
     11337,  -5.822648324669,  6.5563446640933,  0.0            
     11338,  -5.564429834868,  6.331819514164 ,  0.0            
     11339,  -5.574953424071,  6.2278517250435,  0.0            
     11340,  -5.559914244034,  6.1177890284394,  0.0            
     11341,  -5.897937802733,  6.6414841372217,  0.0            
     11342,  -5.782868039241,  6.719892272564 ,  0.0            
     11343,  -5.672477916634,  6.805034215645 ,  0.0            
     11344,  -5.561263568215,  6.8950441362509,  0.0            
     11345,  -5.441204564752,  6.9855366242618,  0.0            
     11346,  -5.075280317341,  7.26142155516  ,  0.0            
     11347,  -4.951907371402,  7.3765612854772,  0.0            
     11348,  -4.831093650101,  7.4718385291914,  0.0            
     11349,  -4.706125518882,  7.5529302110153,  0.0            
     11350,  -4.579669323796,  7.6260655679836,  0.0            
     11351,  -4.452218064827,  7.6920743474245,  0.0            
     11352,  -4.327791059704,  7.7572319029166,  0.0            
     11353,  -4.208638630188,  7.8229337646897,  0.0            
     11354,  -4.093486306853,  7.8883806932908,  0.0            
     11355,  -3.985249265299,  7.9677800981862,  0.0            
     11356,  -3.929329389007,  8.0736520828971,  0.0            
     11357,  -3.812232948447,  8.0491858486353,  0.0            
     11358,  -3.692716036178,  8.0611462179504,  0.0            
     11359,  -3.569562367925,  8.0834172190176,  0.0            
     11360,  -3.575834701705,  7.8524452466802,  0.0            
     11361,  -3.569513914084,  7.6093386104954,  0.0            
     11362,  -3.553507201052,  7.3823512723224,  0.0            
     11363,  -3.526764806986,  7.1532753989265,  0.0            
     11364,  -3.491236522625,  6.9360913152786,  0.0            
     11365,  -3.449660640279,  6.7338443403526,  0.0            
     11366,  -3.40915321685 ,  6.5464645866359,  0.0            
     11367,  -3.383493610505,  6.3742351185272,  0.0            
     11368,  -3.380092516649,  6.2129618759465,  0.0            
     11369,  -5.676794633174,  6.3484414839165,  0.0            
     11370,  -5.698786001028,  6.2345845370532,  0.0            
     11371,  -5.703753841776,  6.1207469452142,  0.0            
     11372,  -3.439640280572,  8.54883790288  ,  0.0            
     11373,  -3.423185893854,  8.3201871182472,  0.0            
     11374,  -3.432746927024,  8.1021189047488,  0.0            
     11375,  -3.44056203082 ,  7.8644763063557,  0.0            
     11376,  -3.4374497737  ,  7.6193335873073,  0.0            
     11377,  -3.424230730832,  7.3906852333842,  0.0            
     11378,  -3.398384292249,  7.1629480469436,  0.0            
     11379,  -3.362744919233,  6.9468388767208,  0.0            
     11380,  -3.320704960002,  6.7449380448374,  0.0            
     11381,  -3.278947560041,  6.5573689032373,  0.0            
     11382,  -3.247404435191,  6.3834973435103,  0.0            
     11383,  -3.233399378945,  6.2218578128071,  0.0            
     11384,  -3.171160991019,  8.7920525766078,  0.0            
     11385,  -3.274993628393,  8.6222755465361,  0.0            
     11386,  -3.272652516019,  8.3507416483546,  0.0            
     11387,  -3.296796278156,  8.1221048876918,  0.0            
     11388,  -3.305906516102,  7.8669296456678,  0.0            
     11389,  -3.306439454073,  7.6283668911664,  0.0            
     11390,  -3.293825218654,  7.394963260216 ,  0.0            
     11391,  -3.26866331805 ,  7.1701605487785,  0.0            
     11392,  -3.232835034653,  6.9566883661987,  0.0            
     11393,  -3.189916137194,  6.7565297350374,  0.0            
     11394,  -3.146052029474,  6.5697728195798,  0.0            
     11395,  -3.109746959753,  6.3958779998689,  0.0            
     11396,  -3.087968708208,  6.2331922303255,  0.0            
     11397,  -3.000614945064,  8.7686316846557,  0.0            
     11398,  -3.083531178506,  8.586946796791 ,  0.0            
     11399,  -3.123984440241,  8.3235071440494,  0.0            
     11400,  -3.156445208253,  8.0954218334602,  0.0            
     11401,  -3.171254737598,  7.858884387258 ,  0.0            
     11402,  -3.173480043743,  7.6251059242345,  0.0            
     11403,  -3.161886356724,  7.396760829785 ,  0.0            
     11404,  -3.137082109698,  7.1766946490351,  0.0            
     11405,  -3.10092522386 ,  6.9669958356023,  0.0            
     11406,  -3.056839860421,  6.7692197051613,  0.0            
     11407,  -3.0104146562  ,  6.5834935273677,  0.0            
     11408,  -2.969359383468,  6.4094926603271,  0.0            
     11409,  -2.941011870988,  6.2457869807152,  0.0            
     11410,  -5.794983472556,  6.3460511878679,  0.0            
     11411,  -5.826127138432,  6.2384958649447,  0.0            
     11412,  -5.845511483758,  6.1250910743002,  0.0            
     11413,  -6.010843883405,  6.5539318413582,  0.0            
     11414,  -5.904427704744,  6.3551107332944,  0.0            
     11415,  -5.951983410136,  6.252284260775 ,  0.0            
     11416,  -5.989398769662,  6.1399342117425,  0.0            
     11417,  -6.005637956893,  6.3933359006053,  0.0            
     11418,  -6.069782878185,  6.2873551944413,  0.0            
     11419,  -6.122904980858,  6.1706283832882,  0.0            
     11420,  -6.105362394122,  6.4550902489871,  0.0            
     11421,  -6.185366350851,  6.3418556563842,  0.0            
     11422,  -6.252118604508,  6.220983677763 ,  0.0            
     11423,  -6.443545708091,  6.1535083967434,  0.0            
     11424,  -6.369140098264,  6.289863893032 ,  0.0            
     11425,  -6.285231084948,  6.4153298533718,  0.0            
     11426,  -6.188511571657,  6.5313799205491,  0.0            
     11427,  -6.085159984035,  6.6348590561644,  0.0            
     11428,  -5.970696589046,  6.7264531838468,  0.0            
     11429,  -5.854141965071,  6.813764051175 ,  0.0            
     11430,  -5.739046201263,  6.9030098996256,  0.0            
     11431,  -5.623043308436,  6.9943953541248,  0.0            
     11432,  -5.503012701764,  7.0844032896682,  0.0            
     11433,  -5.378581128972,  7.1664593632991,  0.0            
     11434,  -5.254226857813,  7.2456740028384,  0.0            
     11435,  -5.143400603215,  7.3603188781704,  0.0            
     11436,  -5.027994353487,  7.4657277235626,  0.0            
     11437,  -4.906543030084,  7.5615874557608,  0.0            
     11438,  -4.782264216467,  7.6495023868826,  0.0            
     11439,  -4.656785367602,  7.7314456644918,  0.0            
     11440,  -4.53118559708 ,  7.8085352759238,  0.0            
     11441,  -4.407079837895,  7.8827170551142,  0.0            
     11442,  -4.287146265473,  7.957383500806 ,  0.0            
     11443,  -4.177045039046,  8.0400734363896,  0.0            
     11444,  -4.072068130118,  8.1249982000207,  0.0            
     11445,  -3.967141397073,  8.2131442049741,  0.0            
     11446,  -3.840929963343,  8.2358847905271,  0.0            
     11447,  -3.707556753175,  8.2595990831539,  0.0            
     11448,  -3.570913414337,  8.2949935271132,  0.0            
     11449,  -3.068747955696,  8.9448175082653,  0.0            
     11450,  -2.921224344991,  8.9586048379648,  0.0            
     11451,  -2.622090923399,  9.227771305968 ,  0.0            
     11452,  -0.723558191615,  10.703706056904,  0.0            
     11453,  -0.603068198069,  10.769562066888,  0.0            
     11454,  -0.16338678058 ,  10.772463194071,  0.0            
     11455,  -0.525330015195,  10.682907214146,  0.0            
     11456,  -0.70595337601 ,  10.584737379746,  0.0            
     11457,  -1.426175383319,  10.306762670712,  0.0            
     11458,  -1.952394943862,  10.015723744574,  0.0            
     11459,  -2.500400073971,  9.3884794136611,  0.0            
     11460,  -2.753799166767,  9.0122114003032,  0.0            
     11461,  -2.861118095602,  8.7546654553732,  0.0            
     11462,  -2.930382832263,  8.5597029587683,  0.0            
     11463,  -2.984358063572,  8.2987910795194,  0.0            
     11464,  -3.018444916262,  8.0732764490051,  0.0            
     11465,  -3.036126091344,  7.8449771850145,  0.0            
     11466,  -3.039743759762,  7.6189927167681,  0.0            
     11467,  -3.028961702809,  7.397763198542 ,  0.0            
     11468,  -3.004481677124,  7.1836212344256,  0.0            
     11469,  -2.96800627984 ,  6.9782773269711,  0.0            
     11470,  -2.922612592973,  6.7830123135938,  0.0            
     11471,  -2.873286316392,  6.598090376765 ,  0.0            
     11472,  -2.827111727166,  6.4235479167931,  0.0            
     11473,  -2.792018151028,  6.2585496203785,  0.0            
     11474,  -0.201314922552,  10.613225071634,  0.0            
     11475,  -0.411483383637,  10.581185315912,  0.0            
     11476,  -0.64356837768 ,  10.470217043078,  0.0            
     11477,  -0.842886664033,  10.412259697169,  0.0            
     11478,  -1.036261653864,  10.336599533083,  0.0            
     11479,  -1.220957411529,  10.251347680875,  0.0            
     11480,  -1.403327076332,  10.159232633044,  0.0            
     11481,  -1.589803050825,  10.058546501361,  0.0            
     11482,  -1.798666994462,  9.9551988019122,  0.0            
     11483,  -1.97887118484 ,  9.7670626659388,  0.0            
     11484,  -2.12444479458 ,  9.6165811282075,  0.0            
     11485,  -2.268121475093,  9.4533926890282,  0.0            
     11486,  -2.402812893999,  9.2833756540838,  0.0            
     11487,  -2.518823166744,  9.1137098690799,  0.0            
     11488,  -2.628754109538,  8.9335449423239,  0.0            
     11489,  -2.730183207125,  8.6916593648952,  0.0            
     11490,  -2.795935886853,  8.4899475761715,  0.0            
     11491,  -2.84680010522 ,  8.2671664269017,  0.0            
     11492,  -2.881720502609,  8.0482949621733,  0.0            
     11493,  -2.901103012404,  7.829482637659 ,  0.0            
     11494,  -2.905566869059,  7.6125706131595,  0.0            
     11495,  -2.895335748127,  7.3994023498208,  0.0            
     11496,  -2.871133685925,  7.1917549360431,  0.0            
     11497,  -2.834399229001,  6.9909996190573,  0.0            
     11498,  -2.787698816824,  6.7981591749287,  0.0            
     11499,  -2.73526539323 ,  6.6135538111118,  0.0            
     11500,  -2.6833017669  ,  6.4374955794936,  0.0            
     11501,  -2.64131882118 ,  6.2688641085505,  0.0            
     11502,  -2.444050078287,  6.1111755028016,  0.0            
     11503,  -2.619684549516,  6.1115644357319,  0.0            
     11504,  -2.775090895131,  6.1033531252299,  0.0            
     11505,  -2.929197315566,  6.0909441457227,  0.0            
     11506,  -3.081691042691,  6.0801862871759,  0.0            
     11507,  -3.23431825861 ,  6.0710450022681,  0.0            
     11508,  -3.389865342548,  6.0652209829782,  0.0            
     11509,  -3.553974607946,  6.0718825191022,  0.0            
     11510,  -3.723091890905,  6.0873081516999,  0.0            
     11511,  -3.911890392687,  6.1497678207438,  0.0            
     11512,  -4.090902254728,  6.1389556514024,  0.0            
     11513,  -4.42502765034 ,  6.0063342260053,  0.0            
     11514,  -4.596094712831,  6.0148142599807,  0.0            
     11515,  -4.763887906647,  6.0197572755377,  0.0            
     11516,  -4.928000749303,  6.0220306426218,  0.0            
     11517,  -5.089277941498,  6.0248233609715,  0.0            
     11518,  -5.245279657369,  6.0263385721547,  0.0            
     11519,  -5.399018652578,  6.0123413471123,  0.0            
     11520,  -5.553273822713,  6.004330683984 ,  0.0            
     11521,  -5.705402330806,  6.0047707549052,  0.0            
     11522,  -5.856984280184,  6.0095720996659,  0.0            
     11523,  -6.009443917278,  6.0222928248755,  0.0            
     11524,  -6.161058409116,  6.0480631192043,  0.0            
     11525,  -6.310565248153,  6.0977944030948,  0.0            
     11526,  -6.536127476746,  6.0011742288179,  0.0            
     11527,  -0.665169332731,  10.865912419611,  0.0            
     11528,  -0.75483708687 ,  10.816879212969,  0.0            
     11529,  -0.837833632462,  10.786663320858,  0.0            
     11530,  -0.864329182524,  10.68122854344 ,  0.0            
     11531,  -0.912283180794,  10.546725346439,  0.0            
     11532,  -1.089731079926,  10.468258955308,  0.0            
     11533,  -1.26143923596 ,  10.389003767883,  0.0            
     11534,  -1.74894873297 ,  10.148419703981,  0.0            
     11535,  -1.878565069271,  10.174034767088,  0.0            
     11536,  -2.020990935272,  10.215625568455,  0.0            
     11537,  -2.099538220857,  10.078256373926,  0.0            
     11538,  -2.089999719443,  9.8599452784635,  0.0            
     11539,  -2.228849896525,  9.7126492107007,  0.0            
     11540,  -2.366640041053,  9.557355626342 ,  0.0            
     11541,  -2.586422502978,  9.5211530454334,  0.0            
     11542,  -2.709324326329,  9.364340389879 ,  0.0            
     11543,  -2.838419130074,  9.2106793517169,  0.0            
     11544,  -2.988235534133,  9.1340519966966,  0.0            
     11545,  -3.127624281626,  9.0702789027437,  0.0            
     11546,  -3.245903279518,  8.9375074835461,  0.0            
     11547,  -3.362181990099,  8.8017458894509,  0.0            
     11548,  -3.509779373156,  8.7306432916923,  0.0            
     11549,  -3.592825957303,  8.4935423703459,  0.0            
     11550,  -3.752194341602,  8.4475068580463,  0.0            
     11551,  -3.889720781814,  8.4034611169834,  0.0            
     11552,  -4.02135606411 ,  8.3508825365886,  0.0            
     11553,  -4.143581203414,  8.2627918542201,  0.0            
     11554,  -4.25751798834 ,  8.1710321598891,  0.0            
     11555,  -4.372948701508,  8.0837657861262,  0.0            
     11556,  -4.49226601549 ,  8.0000741525328,  0.0            
     11557,  -4.61430989132 ,  7.9171414659576,  0.0            
     11558,  -4.737500406343,  7.8326436098828,  0.0            
     11559,  -4.860610724302,  7.7452086589718,  0.0            
     11560,  -4.982576396604,  7.6540394668609,  0.0            
     11561,  -5.102081556245,  7.558324875884 ,  0.0            
     11562,  -5.217760924947,  7.4589313996121,  0.0            
     11563,  -5.332225575552,  7.3611000731064,  0.0            
     11564,  -5.4512574267  ,  7.2706790452484,  0.0            
     11565,  -5.57252564589 ,  7.1817919057287,  0.0            
     11566,  -5.692215503489,  7.0907317332101,  0.0            
     11567,  -5.809926492827,  6.9984085738872,  0.0            
     11568,  -5.926969935638,  6.9066082512606,  0.0            
     11569,  -6.044288163884,  6.8149618761457,  0.0            
     11570,  -6.159926329677,  6.720304362489 ,  0.0            
     11571,  -6.270248595365,  6.6186408746459,  0.0            
     11572,  -6.372393705478,  6.5083429772185,  0.0            
     11573,  -6.472866429247,  6.3967349809252,  0.0            
     11574,  -6.557110500396,  6.2710991535468,  0.0            
     11575,  -6.650336737078,  6.1438689810356,  0.0            
     11576,  -6.7790822516  ,  6.0710807102457,  0.0            
     11577,  -0.20137746761 ,  10.465053990289,  0.0            
     11578,  -0.396427416494,  10.423153483201,  0.0            
     11579,  -0.607252289365,  10.346853513724,  0.0            
     11580,  -0.800283111229,  10.279872314853,  0.0            
     11581,  -0.993241413358,  10.203674692919,  0.0            
     11582,  -1.180504917545,  10.118475135995,  0.0            
     11583,  -1.362234928181,  10.025926401695,  0.0            
     11584,  -1.547699033789,  9.9237243867284,  0.0            
     11585,  -1.729055711646,  9.821830248506 ,  0.0            
     11586,  -1.882468142108,  9.6658590633211,  0.0            
     11587,  -2.028727622718,  9.5159122839797,  0.0            
     11588,  -2.168010435007,  9.3556630996266,  0.0            
     11589,  -2.296613298504,  9.1890344736019,  0.0            
     11590,  -2.40963483379 ,  9.016519883396 ,  0.0            
     11591,  -2.511820503789,  8.8376509719417,  0.0            
     11592,  -2.595336665895,  8.6381453510665,  0.0            
     11593,  -2.660756677065,  8.4363090689217,  0.0            
     11594,  -2.711476319062,  8.2304715164969,  0.0            
     11595,  -2.74674452518 ,  8.0227089222267,  0.0            
     11596,  -2.766768404482,  7.814445928322 ,  0.0            
     11597,  -2.771817307966,  7.6072259325572,  0.0            
     11598,  -2.76217875971 ,  7.4025283447689,  0.0            
     11599,  -2.738466007454,  7.2017196565315,  0.0            
     11600,  -2.701789353818,  7.0058620316709,  0.0            
     11601,  -2.654122074914,  6.8156707219014,  0.0            
     11602,  -2.598764301411,  6.6312370221382,  0.0            
     11603,  -2.540559087413,  6.4524655425779,  0.0            
     11604,  -2.485549877742,  6.2795694473368,  0.0            
     11605,  -0.313673757771,  10.756850939534,  0.0            
     11606,  -0.41698869788 ,  10.824678696997,  0.0            
     11607,  -0.513092020474,  10.887321947144,  0.0            
     11608,  -0.5991016168  ,  10.95196457434 ,  0.0            
     11609,  -0.661274671678,  11.001970687456,  0.0            
     11610,  -0.729948665148,  10.960062610038,  0.0            
     11611,  -0.819870352716,  10.91082181683 ,  0.0            
     11612,  -0.894740388209,  10.863560234446,  0.0            
     11613,  -0.971564359294,  10.770038310077,  0.0            
     11614,  -1.054857848234,  10.66514024837 ,  0.0            
     11615,  -1.172859220006,  10.596250402824,  0.0            
     11616,  -1.311615870957,  10.52917287995 ,  0.0            
     11617,  -1.45261881637 ,  10.459649329176,  0.0            
     11618,  -1.59352344129 ,  10.393172523193,  0.0            
     11619,  -1.72278350837 ,  10.340651334735,  0.0            
     11620,  -1.849525553288,  10.325091716934,  0.0            
     11621,  -1.952865851774,  10.311828093398,  0.0            
     11622,  -2.211743949066,  9.9500361682513,  0.0            
     11623,  -2.331434610038,  9.8167124153674,  0.0            
     11624,  -2.459242016991,  9.67286712336  ,  0.0            
     11625,  -2.668247020809,  9.6586043672535,  0.0            
     11626,  -2.789823140354,  9.5197670089358,  0.0            
     11627,  -2.914045929184,  9.3918462503398,  0.0            
     11628,  -3.051177112668,  9.287504277346 ,  0.0            
     11629,  -3.196809768616,  9.2024933384501,  0.0            
     11630,  -3.32171460542 ,  9.0775421073695,  0.0            
     11631,  -3.451685035726,  8.9683236394537,  0.0            
     11632,  -3.659745925469,  8.6635602475021,  0.0            
     11633,  -3.812316285983,  8.5985698337479,  0.0            
     11634,  -3.95762175345 ,  8.539330529736 ,  0.0            
     11635,  -4.094254175283,  8.4731894260687,  0.0            
     11636,  -4.218926264066,  8.3844782799786,  0.0            
     11637,  -4.339138365747,  8.2907626265741,  0.0            
     11638,  -4.457639254501,  8.1988503261981,  0.0            
     11639,  -4.577157938504,  8.1094086970049,  0.0            
     11640,  -4.697764608402,  8.0209703563092,  0.0            
     11641,  -4.818864822737,  7.9319687956753,  0.0            
     11642,  -4.939761148987,  7.8414474780561,  0.0            
     11643,  -5.059752825645,  7.7488717815222,  0.0            
     11644,  -5.178105121366,  7.653979929651 ,  0.0            
     11645,  -5.294481892632,  7.5576201645299,  0.0            
     11646,  -5.410445413766,  7.4623122129505,  0.0            
     11647,  -5.5282649745  ,  7.3700443984034,  0.0            
     11648,  -5.647441177442,  7.2787850557957,  0.0            
     11649,  -5.766235631152,  7.1866454962057,  0.0            
     11650,  -5.884195278862,  7.093645206573 ,  0.0            
     11651,  -6.001745937762,  7.0005386064209,  0.0            
     11652,  -6.119223283062,  6.9070617026732,  0.0            
     11653,  -6.235511983661,  6.8116181225598,  0.0            
     11654,  -6.348520141359,  6.7118723333196,  0.0            
     11655,  -6.455845779032,  6.6066262178987,  0.0            
     11656,  -6.556821282081,  6.4962197229941,  0.0            
     11657,  -6.65339268881 ,  6.3856272342542,  0.0            
     11658,  -6.754920754929,  6.2848976806647,  0.0            
     11659,  -6.864349451573,  6.2019864819866,  0.0            
     11660,  -6.983567365765,  6.1342568286865,  0.0            
     11661,  -7.100726232244,  6.0750583166982,  0.0            
     11662,  -2.472961967187,  5.9561735252907,  0.0            
     11663,  -2.625555689169,  5.9580847902562,  0.0            
     11664,  -2.777824670492,  5.950851542299 ,  0.0            
     11665,  -2.931904227706,  5.9420650732429,  0.0            
     11666,  -3.08607531665 ,  5.9337752267748,  0.0            
     11667,  -3.241718698441,  5.9274216760596,  0.0            
     11668,  -3.40097022589 ,  5.9248514734382,  0.0            
     11669,  -3.56561564291 ,  5.9300365544577,  0.0            
     11670,  -3.733570947834,  5.9452447880445,  0.0            
     11671,  -3.907401561892,  5.9896471397787,  0.0            
     11672,  -4.077143533493,  5.989610356491 ,  0.0            
     11673,  -4.251237363051,  5.9965890663589,  0.0            
     11674,  -4.420487059412,  5.8699787820389,  0.0            
     11675,  -4.59237853131 ,  5.8810070646779,  0.0            
     11676,  -4.76109977002 ,  5.887564456833 ,  0.0            
     11677,  -4.925698168537,  5.8908811861932,  0.0            
     11678,  -5.086037348071,  5.8930791089784,  0.0            
     11679,  -5.242324749437,  5.8931789208041,  0.0            
     11680,  -5.396659735545,  5.8881515150356,  0.0            
     11681,  -5.551105946142,  5.8845476346034,  0.0            
     11682,  -5.705978709657,  5.8851779111084,  0.0            
     11683,  -5.862266971325,  5.8897753655395,  0.0            
     11684,  -6.021218067887,  5.9008343992761,  0.0            
     11685,  -6.191196929836,  5.9189903638782,  0.0            
     11686,  -6.360693005777,  5.9640421768945,  0.0            
     11687,  -6.70550917721 ,  5.9394067890261,  0.0            
     11688,  -6.916907905968,  6.0076611835889,  0.0            
     11689,  -7.052454781697,  5.954787522592 ,  0.0            
     11690,  -7.192308983877,  5.9311624484417,  0.0            
     11691,  -2.105255687629,  10.315156519673,  0.0            
     11692,  -2.200059355055,  10.195640406284,  0.0            
     11693,  -2.309684900739,  10.066815966447,  0.0            
     11694,  -2.424885900669,  9.9344396801885,  0.0            
     11695,  -2.546272391142,  9.7981722400953,  0.0            
     11696,  -2.999246054178,  9.539091824821 ,  0.0            
     11697,  -3.132218072765,  9.4277100770425,  0.0            
     11698,  -3.269378018262,  9.3215441884663,  0.0            
     11699,  -3.404954768772,  9.2140408106516,  0.0            
     11700,  -3.540408235239,  9.1133462749038,  0.0            
     11701,  -3.592843811861,  8.8846699981137,  0.0            
     11702,  -3.73811013796 ,  8.8094207130963,  0.0            
     11703,  -3.890385076036,  8.7417518902838,  0.0            
     11704,  -4.032303011196,  8.6615736687149,  0.0            
     11705,  -4.170918058714,  8.5859104168588,  0.0            
     11706,  -4.298407419143,  8.4952252329941,  0.0            
     11707,  -4.421144373341,  8.4002720521698,  0.0            
     11708,  -4.541150630342,  8.3062203302158,  0.0            
     11709,  -4.660663927143,  8.2138166197171,  0.0            
     11710,  -4.780223125807,  8.1223417775038,  0.0            
     11711,  -4.899789509687,  8.0308112286622,  0.0            
     11712,  -5.019085984794,  7.9385895384144,  0.0            
     11713,  -5.137778336317,  7.8453375787519,  0.0            
     11714,  -5.255545238538,  7.7509802277168,  0.0            
     11715,  -5.372362348684,  7.6560449169977,  0.0            
     11716,  -5.489024009119,  7.5616596020834,  0.0            
     11717,  -5.606466882161,  7.468554879009 ,  0.0            
     11718,  -5.72461452805 ,  7.3759781690743,  0.0            
     11719,  -5.842735221059,  7.2830473760809,  0.0            
     11720,  -5.960522845542,  7.1896189733511,  0.0            
     11721,  -6.078079945278,  7.0959554991632,  0.0            
     11722,  -6.19550414508 ,  7.0018800370479,  0.0            
     11723,  -6.312162583703,  6.9065931429922,  0.0            
     11724,  -6.426828200281,  6.8087994305002,  0.0            
     11725,  -6.537787619868,  6.7078302855273,  0.0            
     11726,  -6.644390830674,  6.6042417569402,  0.0            
     11727,  -6.747881673608,  6.5016871756985,  0.0            
     11728,  -6.852959076826,  6.4057198326787,  0.0            
     11729,  -6.963521518146,  6.3203040569258,  0.0            
     11730,  -7.078573178877,  6.2426093127336,  0.0            
     11731,  -7.192064214179,  6.1669434245627,  0.0            
     11732,  -7.329548780696,  5.9545888452429,  0.0            
     11733,  -7.517703938821,  5.8810717561566,  0.0            
     11734,  -7.353060762617,  5.8277847946778,  0.0            
     11735,  -7.189293944387,  5.8015338888836,  0.0            
     11736,  -7.02138458936 ,  5.8292829165446,  0.0            
     11737,  -6.865748199605,  5.8789253442723,  0.0            
     11738,  -6.680679399831,  5.7799734960779,  0.0            
     11739,  -6.519301146936,  5.8221976148723,  0.0            
     11740,  -6.353662563271,  5.8095604177496,  0.0            
     11741,  -6.186865463556,  5.7889762093255,  0.0            
     11742,  -6.022744241363,  5.7737958703358,  0.0            
     11743,  -5.862229114969,  5.7650824278814,  0.0            
     11744,  -5.704561736306,  5.7606778735932,  0.0            
     11745,  -5.548770430816,  5.758728456042 ,  0.0            
     11746,  -5.393786782324,  5.758571292715 ,  0.0            
     11747,  -5.238648905651,  5.7588044926178,  0.0            
     11748,  -5.081741865136,  5.757464416079 ,  0.0            
     11749,  -4.921503474839,  5.7550969300701,  0.0            
     11750,  -4.757234618476,  5.7513042574975,  0.0            
     11751,  -4.589047876463,  5.7439318945338,  0.0            
     11752,  -4.417730153052,  5.7315211088703,  0.0            
     11753,  -4.24688354909 ,  5.8561456625805,  0.0            
     11754,  -4.074250201852,  5.8423333569219,  0.0            
     11755,  -3.90429575449 ,  5.8271885159437,  0.0            
     11756,  -3.736500888419,  5.8078200907394,  0.0            
     11757,  -3.570625152667,  5.7934070637675,  0.0            
     11758,  -3.408128019508,  5.7876453702027,  0.0            
     11759,  -3.249749232694,  5.7879779164085,  0.0            
     11760,  -3.094771277931,  5.7917328096198,  0.0            
     11761,  -2.942187196556,  5.7973471099651,  0.0            
     11762,  -2.79145463744 ,  5.8033883920862,  0.0            
     11763,  -2.643140285306,  5.8076695994912,  0.0            
     11764,  -7.667624655003,  5.7349301214451,  0.0            
     11765,  -7.511157615731,  5.7162427316192,  0.0            
     11766,  -7.347766460425,  5.6825285490928,  0.0            
     11767,  -7.179603505049,  5.6733099672476,  0.0            
     11768,  -7.011082436623,  5.7000600772796,  0.0            
     11769,  -6.844091543978,  5.7391617642567,  0.0            
     11770,  -6.669410554314,  5.6299506393864,  0.0            
     11771,  -6.50662051906 ,  5.655230963493 ,  0.0            
     11772,  -6.344396641502,  5.6584422131583,  0.0            
     11773,  -6.18134671396 ,  5.6501541130754,  0.0            
     11774,  -6.019172221738,  5.6412389500856,  0.0            
     11775,  -5.859126249368,  5.6349608490486,  0.0            
     11776,  -5.701302079413,  5.63069129529  ,  0.0            
     11777,  -5.544893919979,  5.6272370186086,  0.0            
     11778,  -5.389131031059,  5.6240183055323,  0.0            
     11779,  -5.232982216429,  5.6207739969016,  0.0            
     11780,  -5.075313173952,  5.61744277083  ,  0.0            
     11781,  -4.914972867101,  5.614237343063 ,  0.0            
     11782,  -4.751165919089,  5.6100689830961,  0.0            
     11783,  -4.583968524348,  5.6025128159962,  0.0            
     11784,  -4.413814799055,  5.5898757191403,  0.0            
     11785,  -4.245102162988,  5.7153061355525,  0.0            
     11786,  -4.07309877024 ,  5.6981638211773,  0.0            
     11787,  -3.903567776517,  5.6817071726913,  0.0            
     11788,  -3.736726315739,  5.6665752204686,  0.0            
     11789,  -3.573028389837,  5.6557920819551,  0.0            
     11790,  -3.412807789775,  5.6505860043469,  0.0            
     11791,  -3.256463871032,  5.64963792965  ,  0.0            
     11792,  -3.103397872512,  5.6513482236031,  0.0            
     11793,  -2.953179843987,  5.6545584819049,  0.0            
     11794,  -2.805514042906,  5.6579926430273,  0.0            
     11795,  -2.661000494326,  5.6595957088408,  0.0            
     11796,  -2.499723181132,  5.8061672376329,  0.0            
     11797,  -2.520810851945,  5.6561989607277,  0.0            
     11798,  -2.266260569463,  6.1096994654508,  0.0            
     11799,  -2.322178276445,  5.9486478959894,  0.0            
     11800,  -2.366884653846,  5.7937785860262,  0.0            
     11801,  -2.384974987628,  5.6430157584691,  0.0            
     11802,  -1.136674016359,  10.802448118733,  0.0            
     11803,  -1.246748936417,  10.73753438443 ,  0.0            
     11804,  -1.366559314628,  10.673999159062,  0.0            
     11805,  -1.492719873461,  10.612013405368,  0.0            
     11806,  -1.621344443019,  10.553414732747,  0.0            
     11807,  -1.750802656021,  10.501692211936,  0.0            
     11808,  -1.881461344816,  10.466222525266,  0.0            
     11809,  -2.003387063243,  10.417824902571,  0.0            
     11810,  -2.395743530778,  10.193403305257,  0.0            
     11811,  -2.509903446287,  10.059439307307,  0.0            
     11812,  -2.63025907921 ,  9.9256050414104,  0.0            
     11813,  -2.751862472939,  9.7926308870204,  0.0            
     11814,  -2.874128380373,  9.6616039365839,  0.0            
     11815,  -3.090308232844,  9.6678266367753,  0.0            
     11816,  -3.222366553444,  9.5522290776451,  0.0            
     11817,  -3.35870341222 ,  9.4431587785468,  0.0            
     11818,  -3.496396023187,  9.3381843101473,  0.0            
     11819,  -3.635307158331,  9.2396314499793,  0.0            
     11820,  -3.682103516952,  9.0255551550012,  0.0            
     11821,  -3.828693304096,  8.9464002145995,  0.0            
     11822,  -3.975437747604,  8.8673314437447,  0.0            
     11823,  -4.117254388425,  8.7836010494358,  0.0            
     11824,  -4.252316823793,  8.693921608001 ,  0.0            
     11825,  -4.380404410669,  8.5999838228736,  0.0            
     11826,  -4.503508904407,  8.5045051852494,  0.0            
     11827,  -4.623850038768,  8.4096457156515,  0.0            
     11828,  -4.743065839188,  8.3159206478579,  0.0            
     11829,  -4.86185580392 ,  8.2229255205861,  0.0            
     11830,  -4.980423528885,  8.1300859724437,  0.0            
     11831,  -5.098751981345,  8.0369906697905,  0.0            
     11832,  -5.216724168553,  7.943429929477 ,  0.0            
     11833,  -5.334225642147,  7.849373751059 ,  0.0            
     11834,  -5.451297102938,  7.7550875218636,  0.0            
     11835,  -5.568304165107,  7.6610540299244,  0.0            
     11836,  -5.685637825216,  7.5675488594359,  0.0            
     11837,  -5.803300222678,  7.47428519252  ,  0.0            
     11838,  -5.920996607699,  7.38087198057  ,  0.0            
     11839,  -6.03856098514 ,  7.2871911143395,  0.0            
     11840,  -6.15600317155 ,  7.19331416476  ,  0.0            
     11841,  -6.273346559702,  7.099131727352 ,  0.0            
     11842,  -6.390260754738,  7.004245712771 ,  0.0            
     11843,  -6.506067778762,  6.907965285611 ,  0.0            
     11844,  -6.619723177889,  6.8099299040635,  0.0            
     11845,  -6.730790718523,  6.7105439922194,  0.0            
     11846,  -6.839986852214,  6.6119799611269,  0.0            
     11847,  -6.950016536719,  6.5170797968734,  0.0            
     11848,  -7.063246993923,  6.4274704410501,  0.0            
     11849,  -7.179974824385,  6.3406431476981,  0.0            
     11850,  -7.296054534445,  6.24969986687  ,  0.0            
     11851,  -7.400310414088,  6.1444448111032,  0.0            
     11852,  -7.465182845766,  6.0119552725249,  0.0            
     11853,  -7.815569589526,  5.7151993144199,  0.0            
     11854,  -7.960412314543,  5.6830010786631,  0.0            
     11855,  -8.103398031785,  5.6440509049752,  0.0            
     11856,  -0.132031923626,  10.934024027384,  0.0            
     11857,  -0.260592577374,  10.941154537602,  0.0            
     11858,  -0.372876251655,  10.977810421457,  0.0            
     11859,  -0.472231300665,  11.021106475472,  0.0            
     11860,  -0.565846038146,  11.060305813996,  0.0            
     11861,  -0.669790301235,  11.092202276029,  0.0            
     11862,  -0.752880577561,  11.073231037522,  0.0            
     11863,  -0.854979588351,  11.02579940411 ,  0.0            
     11864,  -0.950848118982,  10.965278069335,  0.0            
     11865,  -1.040278609412,  10.886827850083,  0.0            
     11866,  -1.194776078342,  10.947094064728,  0.0            
     11867,  -1.304077789037,  10.882734712371,  0.0            
     11868,  -1.419875902093,  10.821576186172,  0.0            
     11869,  -1.540886213308,  10.761687343422,  0.0            
     11870,  -1.665595256059,  10.70468239242 ,  0.0            
     11871,  -1.794131798709,  10.652577240631,  0.0            
     11872,  -1.926229287569,  10.602100906029,  0.0            
     11873,  -2.058582627705,  10.538469035086,  0.0            
     11874,  -2.177378645804,  10.434226340475,  0.0            
     11875,  -2.287566555956,  10.324464637135,  0.0            
     11876,  -2.474187980241,  10.324502283426,  0.0            
     11877,  -2.591049907832,  10.181943152342,  0.0            
     11878,  -2.714438074954,  10.04766782012 ,  0.0            
     11879,  -2.839009161914,  9.9179481587164,  0.0            
     11880,  -2.963880808177,  9.7905213867062,  0.0            
     11881,  -3.186686782322,  9.7849016033132,  0.0            
     11882,  -3.318740923688,  9.666514726923 ,  0.0            
     11883,  -3.455590263821,  9.556079232833 ,  0.0            
     11884,  -3.59458539609 ,  9.4522143758914,  0.0            
     11885,  -3.734634694266,  9.3543827775286,  0.0            
     11886,  -3.777724862661,  9.1490625203564,  0.0            
     11887,  -3.92245356364 ,  9.0636099234822,  0.0            
     11888,  -4.065759417083,  8.9780956344054,  0.0            
     11889,  -4.204200006072,  8.8892454844201,  0.0            
     11890,  -4.336453520182,  8.796665321238 ,  0.0            
     11891,  -4.463102360932,  8.7016863135327,  0.0            
     11892,  -4.585619629764,  8.6061451123419,  0.0            
     11893,  -4.705732518797,  8.5111225098017,  0.0            
     11894,  -4.824578764839,  8.416929990916 ,  0.0            
     11895,  -4.94286499735 ,  8.3232610400531,  0.0            
     11896,  -5.060846812075,  8.2297931523091,  0.0            
     11897,  -5.178639020931,  8.1362574988184,  0.0            
     11898,  -5.296230386242,  8.0425360520522,  0.0            
     11899,  -5.41360363029 ,  7.9486092425829,  0.0            
     11900,  -5.530796640705,  7.8545953951976,  0.0            
     11901,  -5.647964962753,  7.7606883802375,  0.0            
     11902,  -5.765265140442,  7.6669898533812,  0.0            
     11903,  -5.882706604034,  7.5733930905137,  0.0            
     11904,  -6.000176890706,  7.4797349721274,  0.0            
     11905,  -6.117596827778,  7.3859458619865,  0.0            
     11906,  -6.234957715638,  7.2920317217823,  0.0            
     11907,  -6.352261831231,  7.1979240558402,  0.0            
     11908,  -6.469353085343,  7.1034198224986,  0.0            
     11909,  -6.585891343894,  7.008160128221 ,  0.0            
     11910,  -6.701329187051,  6.911941848521 ,  0.0            
     11911,  -6.815435318559,  6.8149764231792,  0.0            
     11912,  -6.928617553302,  6.7183648017429,  0.0            
     11913,  -7.042369891262,  6.6234061785236,  0.0            
     11914,  -7.158052501099,  6.5305655819722,  0.0            
     11915,  -7.275853434493,  6.4375464504446,  0.0            
     11916,  -7.391268056716,  6.3375737633445,  0.0            
     11917,  -7.504762262604,  6.2197756627378,  0.0            
     11918,  -7.589620307278,  6.0775994589913,  0.0            
     11919,  -7.684387957586,  5.9337726450594,  0.0            
     11920,  -7.835962072952,  5.8870398481614,  0.0            
     11921,  -7.979176367185,  5.8302268080718,  0.0            
     11922,  -8.11811574609 ,  5.7730112168795,  0.0            
     11923,  -8.249886134042,  5.728469103167 ,  0.0            
     11924,  -8.246720524483,  5.6092681196855,  0.0            
     11925,  -8.384147949127,  5.6012804412131,  0.0            
     11926,  -8.312977106254,  5.8280434388499,  0.0            
     11927,  -8.188050946485,  5.8906638004422,  0.0            
     11928,  -8.05500390516 ,  5.9574679807477,  0.0            
     11929,  -7.92303033175 ,  6.0235782580686,  0.0            
     11930,  -7.790872948533,  6.0883886956753,  0.0            
     11931,  -7.692739712453,  6.2056472671369,  0.0            
     11932,  -7.591616094081,  6.3268522467772,  0.0            
     11933,  -7.481251573758,  6.4375748961234,  0.0            
     11934,  -7.365016545401,  6.5382328569744,  0.0            
     11935,  -7.247204556762,  6.6339573223644,  0.0            
     11936,  -7.130316871591,  6.7284454766177,  0.0            
     11937,  -7.014461692521,  6.823440288165 ,  0.0            
     11938,  -6.898987530323,  6.9189656392321,  0.0            
     11939,  -6.78313313731 ,  7.0145221314601,  0.0            
     11940,  -6.666680294472,  7.1096390233766,  0.0            
     11941,  -6.549732352482,  7.2042455927096,  0.0            
     11942,  -6.432540727617,  7.2984637509096,  0.0            
     11943,  -6.315257852891,  7.3924736589347,  0.0            
     11944,  -6.197947743352,  7.4863764085123,  0.0            
     11945,  -6.080610217103,  7.5802100532732,  0.0            
     11946,  -5.963251730102,  7.6739822925576,  0.0            
     11947,  -5.84590593629 ,  7.7677274803379,  0.0            
     11948,  -5.728613986486,  7.8615096030746,  0.0            
     11949,  -5.611371119977,  7.9553672412641,  0.0            
     11950,  -5.494119082446,  8.049264806508 ,  0.0            
     11951,  -5.376796256652,  8.1431309261919,  0.0            
     11952,  -5.25938030122 ,  8.2369199746328,  0.0            
     11953,  -5.141853811842,  8.3306528440744,  0.0            
     11954,  -5.02419084379 ,  8.4243943829759,  0.0            
     11955,  -4.90622965633 ,  8.5183238845661,  0.0            
     11956,  -4.787738109176,  8.6126111346099,  0.0            
     11957,  -4.668071607348,  8.7075132988344,  0.0            
     11958,  -4.546455682505,  8.8028330605556,  0.0            
     11959,  -4.421471243174,  8.8980965448606,  0.0            
     11960,  -4.292054587555,  8.9919929609092,  0.0            
     11961,  -4.157223477657,  9.0836355027247,  0.0            
     11962,  -4.017887461483,  9.1729171776891,  0.0            
     11963,  -3.876053351514,  9.2621040396725,  0.0            
     11964,  -3.837443874913,  9.4616804021105,  0.0            
     11965,  -3.69827554365 ,  9.5589028695515,  0.0            
     11966,  -3.558992648513,  9.6615681158851,  0.0            
     11967,  -3.421044872024,  9.7720686535704,  0.0            
     11968,  -3.289211374545,  9.8923928775405,  0.0            
     11969,  -3.059317293824,  9.9086517529393,  0.0            
     11970,  -2.931111888412,  10.032967510565,  0.0            
     11971,  -2.802909746279,  10.158887367601,  0.0            
     11972,  -2.678649439865,  10.293232600346,  0.0            
     11973,  -2.551073510905,  10.446537298823,  0.0            
     11974,  -2.366084480812,  10.467667982581,  0.0            
     11975,  -2.242913463849,  10.574114586466,  0.0            
     11976,  -2.116461846786,  10.671700099278,  0.0            
     11977,  -1.978925672196,  10.739195257036,  0.0            
     11978,  -1.8445985897  ,  10.79613471007 ,  0.0            
     11979,  -1.714206919705,  10.851839406154,  0.0            
     11980,  -1.589056561822,  10.909879939148,  0.0            
     11981,  -1.468462023113,  10.96979851557 ,  0.0            
     11982,  -1.352664477277,  11.030134261815,  0.0            
     11983,  -1.240940636775,  11.091158794365,  0.0            
     11984,  -1.091928597835,  11.01651304559 ,  0.0            
     11985,  -0.991052950734,  11.084592737341,  0.0            
     11986,  -0.888777394208,  11.143752654342,  0.0            
     11987,  -0.776792212308,  11.183679628667,  0.0            
     11988,  -0.67410335967 ,  11.207159701939,  0.0            
     11989,  -0.558657672605,  11.18324737148 ,  0.0            
     11990,  -0.46016451224 ,  11.163797771149,  0.0            
     11991,  -0.354996136718,  11.132465917877,  0.0            
     11992,  -0.241149296356,  11.109739475285,  0.0            
     11993,  -2.255690998191,  5.6238452750577,  0.0            
     11994,  -2.241155774194,  5.7503018346249,  0.0            
     11995,  -2.186533571395,  5.8727241416712,  0.0            
     11996,  -2.144983523405,  5.7205797350142,  0.0            
     11997,  -2.129057999174,  5.6216636681985,  0.0            
     11998,  -2.073591844018,  5.7777478674423,  0.0            
     11999,  -2.00651732085 ,  5.6659181386572,  0.0            
     12000,  -1.831314103151,  5.5782428516684,  0.0            
     12001,  -1.965668288449,  5.5347801276572,  0.0            
     12002,  -2.103871882295,  5.4963286790772,  0.0            
     12003,  -2.247767885325,  5.4929811282571,  0.0            
     12004,  -2.389913014434,  5.5025148846378,  0.0            
     12005,  -2.530033790857,  5.5110857297102,  0.0            
     12006,  -2.671650635191,  5.5148129861685,  0.0            
     12007,  -2.815520923587,  5.5149147321055,  0.0            
     12008,  -2.961788937406,  5.5134757443865,  0.0            
     12009,  -3.110417643534,  5.5121184212199,  0.0            
     12010,  -3.261865478669,  5.5118694096426,  0.0            
     12011,  -3.416457811185,  5.5135387269029,  0.0            
     12012,  -3.574914990389,  5.5181409091696,  0.0            
     12013,  -3.736998783223,  5.5266944221537,  0.0            
     12014,  -3.902844980404,  5.5394002833998,  0.0            
     12015,  -4.071509530955,  5.5553703235884,  0.0            
     12016,  -4.242518738903,  5.5731517293263,  0.0            
     12017,  -4.407086517907,  5.4454538616013,  0.0            
     12018,  -4.575463931577,  5.4574149524532,  0.0            
     12019,  -4.741386629135,  5.4646613882199,  0.0            
     12020,  -4.904669144102,  5.4691224846868,  0.0            
     12021,  -5.065404111397,  5.4734800350381,  0.0            
     12022,  -5.224224095827,  5.4790399398373,  0.0            
     12023,  -5.381967350195,  5.48531721887  ,  0.0            
     12024,  -5.5391594137  ,  5.491254749137 ,  0.0            
     12025,  -5.696739309346,  5.496287581983 ,  0.0            
     12026,  -5.855062770829,  5.5006657707274,  0.0            
     12027,  -6.01508437276 ,  5.5050481023371,  0.0            
     12028,  -6.176459958866,  5.5090884870526,  0.0            
     12029,  -6.339073925683,  5.50955535811  ,  0.0            
     12030,  -6.501958100702,  5.5001837596157,  0.0            
     12031,  -6.666430145025,  5.4772960431267,  0.0            
     12032,  -6.834862137589,  5.5934152995061,  0.0            
     12033,  -7.003299722023,  5.5605783322455,  0.0            
     12034,  -7.171973993387,  5.5437438720408,  0.0            
     12035,  -7.338892192456,  5.544004839676 ,  0.0            
     12036,  -7.499494831382,  5.5590804330724,  0.0            
     12037,  -7.653498837086,  5.5652496425445,  0.0            
     12038,  -7.803030298506,  5.5589128581009,  0.0            
     12039,  -7.949934192734,  5.5381518141075,  0.0            
     12040,  -8.099436056152,  5.5107705727481,  0.0            
     12041,  -8.254298239169,  5.4875828148186,  0.0            
     12042,  -8.420540240107,  5.4784075839349,  0.0            
     12043,  -8.515935623252,  5.6320995339928,  0.0            
     12044,  -8.553720608132,  5.3547821007666,  0.0            
     12045,  -8.40688458443 ,  5.3587505244013,  0.0            
     12046,  -8.252628261779,  5.3620020819048,  0.0            
     12047,  -8.098796669059,  5.3755054113215,  0.0            
     12048,  -7.947696455406,  5.3923618986424,  0.0            
     12049,  -7.797451836751,  5.406099149938 ,  0.0            
     12050,  -7.647057989402,  5.4108380512488,  0.0            
     12051,  -7.49240701762 ,  5.4057030005813,  0.0            
     12052,  -7.332895843496,  5.3995555302367,  0.0            
     12053,  -7.167893797927,  5.4026568109596,  0.0            
     12054,  -7.000689349574,  5.4193748913193,  0.0            
     12055,  -6.832615238654,  5.4469936226255,  0.0            
     12056,  -6.667604280913,  5.3274867563839,  0.0            
     12057,  -6.501684934501,  5.3498280386813,  0.0            
     12058,  -6.337389359845,  5.3626180133812,  0.0            
     12059,  -6.173777675914,  5.3666952357376,  0.0            
     12060,  -6.01180382332 ,  5.3656968104936,  0.0            
     12061,  -5.85082883055 ,  5.362433790586 ,  0.0            
     12062,  -5.691204666417,  5.3577150716191,  0.0            
     12063,  -5.531697811648,  5.3511879616676,  0.0            
     12064,  -5.372334469231,  5.342837212818 ,  0.0            
     12065,  -5.212324393171,  5.3337686172991,  0.0            
     12066,  -5.051837177974,  5.3258546056481,  0.0            
     12067,  -4.890358445797,  5.3200708403014,  0.0            
     12068,  -4.727615803085,  5.3152323202597,  0.0            
     12069,  -4.563285418132,  5.30856984505  ,  0.0            
     12070,  -4.549195072776,  5.1574908728694,  0.0            
     12071,  -4.711767778548,  5.1634893320728,  0.0            
     12072,  -4.874059979671,  5.1687598721459,  0.0            
     12073,  -5.0365090348  ,  5.1760022003027,  0.0            
     12074,  -5.198950364241,  5.1861084595169,  0.0            
     12075,  -5.361479117965,  5.1975955791934,  0.0            
     12076,  -5.523312452168,  5.2080169270047,  0.0            
     12077,  -5.685026405675,  5.2159739030441,  0.0            
     12078,  -5.846372641866,  5.2213958404418,  0.0            
     12079,  -6.008795924799,  5.2244714650332,  0.0            
     12080,  -6.172046418326,  5.2240806837396,  0.0            
     12081,  -6.337120354906,  5.217613606984 ,  0.0            
     12082,  -6.5029729283  ,  5.2027647113998,  0.0            
     12083,  -6.834199563506,  5.300475502421 ,  0.0            
     12084,  -7.001540695124,  5.2761848483964,  0.0            
     12085,  -7.167237002409,  5.2605288586796,  0.0            
     12086,  -7.330617944772,  5.254945526946 ,  0.0            
     12087,  -7.489482779697,  5.2562132899824,  0.0            
     12088,  -7.644596409283,  5.2580531580358,  0.0            
     12089,  -7.796319388595,  5.2553472443305,  0.0            
     12090,  -7.947234482842,  5.2476833802187,  0.0            
     12091,  -8.09786195973 ,  5.2380508801318,  0.0            
     12092,  -8.248790150019,  5.2301517870077,  0.0            
     12093,  -8.397654617565,  5.2259721039374,  0.0            
     12094,  -8.545672825368,  5.2205300126417,  0.0            
     12095,  -8.593519587826,  5.5068007963084,  0.0            
     12096,  -8.684765377284,  5.3261332398332,  0.0            
     12097,  -8.796392667753,  5.2989240824918,  0.0            
     12098,  -8.736871707817,  5.4422705600963,  0.0            
     12099,  -8.686750033503,  5.2062987837871,  0.0            
     12100,  -8.816596222496,  5.2072909488154,  0.0            
     12101,  -8.865652986557,  5.3583823007735,  0.0            
     12102,  -8.950682459293,  5.2467027121881,  0.0            
     12103,  -9.163376896229,  5.1683383957365,  0.0            
     12104,  -9.005642417962,  5.1241379938942,  0.0            
     12105,  -8.848023576076,  5.0819880769789,  0.0            
     12106,  -8.694452937328,  5.0782311587831,  0.0            
     12107,  -8.545112343614,  5.0850502611385,  0.0            
     12108,  -8.3969622527  ,  5.0903315215686,  0.0            
     12109,  -8.247940129644,  5.094196589333 ,  0.0            
     12110,  -8.097906427835,  5.0989151389559,  0.0            
     12111,  -7.947547050507,  5.1041321319924,  0.0            
     12112,  -7.796428219136,  5.1081608409877,  0.0            
     12113,  -7.644073281839,  5.1096975141521,  0.0            
     12114,  -7.488903715068,  5.1094433786968,  0.0            
     12115,  -7.330566754197,  5.1105984161442,  0.0            
     12116,  -7.168446090718,  5.1172995399707,  0.0            
     12117,  -7.003845172513,  5.1321519080115,  0.0            
     12118,  -6.837108506989,  5.1545747115959,  0.0            
     12119,  -6.670109605048,  5.1801582869348,  0.0            
     12120,  -6.503541471584,  5.057451177739 ,  0.0            
     12121,  -6.336165989108,  5.0731992299948,  0.0            
     12122,  -6.169623570553,  5.0803554894882,  0.0            
     12123,  -6.00494772524 ,  5.0807259433297,  0.0            
     12124,  -5.841136892209,  5.0770516832348,  0.0            
     12125,  -5.678238522404,  5.0707604180635,  0.0            
     12126,  -5.514751579215,  5.061705532472 ,  0.0            
     12127,  -5.350888949419,  5.0498235598875,  0.0            
     12128,  -4.397409972784,  5.297992159328 ,  0.0            
     12129,  -4.386267770534,  5.1485784430665,  0.0            
     12130,  -4.237776265065,  5.4295282163736,  0.0            
     12131,  -4.230962110912,  5.28394816139  ,  0.0            
     12132,  -4.223324832334,  5.136857974727 ,  0.0            
     12133,  -4.06867828437 ,  5.4126122676938,  0.0            
     12134,  -4.06487919301 ,  5.2690882582982,  0.0            
     12135,  -4.061010424252,  5.1244895280858,  0.0            
     12136,  -3.901749545836,  5.3978786793086,  0.0            
     12137,  -3.900662173279,  5.2563155778929,  0.0            
     12138,  -3.900187098375,  5.1138877156138,  0.0            
     12139,  -3.737563841734,  5.3868768510077,  0.0            
     12140,  -3.738922933263,  5.2469972172619,  0.0            
     12141,  -3.741407582768,  5.1061850275036,  0.0            
     12142,  -3.577142188062,  5.3797139743083,  0.0            
     12143,  -3.580453329771,  5.2409529654414,  0.0            
     12144,  -3.585111948769,  5.1011409998564,  0.0            
     12145,  -3.420238581677,  5.3755800946378,  0.0            
     12146,  -3.425079789446,  5.2372541423161,  0.0            
     12147,  -3.431248543474,  5.0979262772938,  0.0            
     12148,  -2.165671566258,  10.812645060545,  0.0            
     12149,  -2.028078850743,  10.880479282466,  0.0            
     12150,  -1.89232679301 ,  10.939550346532,  0.0            
     12151,  -1.760514534937,  10.997446208308,  0.0            
     12152,  -1.634221742632,  11.056748456526,  0.0            
     12153,  -1.13251450393 ,  11.152549877333,  0.0            
     12154,  -1.024798169753,  11.210942109532,  0.0            
     12155,  -0.917308529524,  11.262959906378,  0.0            
     12156,  -0.803911339511,  11.299229178876,  0.0            
     12157,  -0.688744102431,  11.322393341177,  0.0            
     12158,  -0.57500546933 ,  11.320125184698,  0.0            
     12159,  -0.466060324662,  11.308637365923,  0.0            
     12160,  -0.352346796345,  11.288154471917,  0.0            
     12161,  -0.237459206425,  11.269481955419,  0.0            
     12162,  -3.266928023967,  5.3735295112389,  0.0            
     12163,  -3.272710797613,  5.2350730586346,  0.0            
     12164,  -3.279605333288,  5.0958496310236,  0.0            
     12165,  -3.116452583284,  5.3728414368846,  0.0            
     12166,  -3.122686085899,  5.2338789919365,  0.0            
     12167,  -3.129703026404,  5.0945051626281,  0.0            
     12168,  -0.240618345445,  11.423593201859,  0.0            
     12169,  -0.359229363022,  11.437365392586,  0.0            
     12170,  -0.477312452747,  11.448826622778,  0.0            
     12171,  -0.590918475341,  11.455813021325,  0.0            
     12172,  -0.711262830525,  11.44390909903 ,  0.0            
     12173,  -0.828075905072,  11.420655686036,  0.0            
     12174,  -0.942358530182,  11.385226470642,  0.0            
     12175,  -1.055304017548,  11.340719920338,  0.0            
     12176,  -1.167764207706,  11.289491486534,  0.0            
     12177,  -1.280476079092,  11.234229425219,  0.0            
     12178,  -1.395124327253,  11.176467239503,  0.0            
     12179,  -1.512540829988,  11.117050984335,  0.0            
     12180,  -2.30405323377 ,  10.720611768378,  0.0            
     12181,  -2.44517928374 ,  10.622052081012,  0.0            
     12182,  -2.662490586211,  10.510143826448,  0.0            
     12183,  -2.77348289577 ,  10.381490527918,  0.0            
     12184,  -2.896455932079,  10.260168686761,  0.0            
     12185,  -3.027308896329,  10.140121429285,  0.0            
     12186,  -3.160944305381,  10.020838350854,  0.0            
     12187,  -3.399072644354,  9.9892124987189,  0.0            
     12188,  -3.531756706843,  9.8675961169432,  0.0            
     12189,  -3.976212611451,  9.3685170749954,  0.0            
     12190,  -4.114103288632,  9.2773284061466,  0.0            
     12191,  -4.249101758723,  9.1861096889173,  0.0            
     12192,  -4.380213578484,  9.0932433933244,  0.0            
     12193,  -4.506866295433,  8.9990045498671,  0.0            
     12194,  -4.630120308457,  8.9039332771218,  0.0            
     12195,  -4.750745672739,  8.8089804324334,  0.0            
     12196,  -4.869886550695,  8.7143284985907,  0.0            
     12197,  -4.988066539724,  8.6201144661178,  0.0            
     12198,  -5.105815619448,  8.5261311942714,  0.0            
     12199,  -5.223313761606,  8.4322926258934,  0.0            
     12200,  -5.340715231301,  8.3384799850645,  0.0            
     12201,  -5.458053069272,  8.2446599983084,  0.0            
     12202,  -5.575353305306,  8.1508148947704,  0.0            
     12203,  -5.69262789158 ,  8.0569602355477,  0.0            
     12204,  -5.809899877361,  7.9631193295337,  0.0            
     12205,  -5.927188862041,  7.8693036652608,  0.0            
     12206,  -6.044496642768,  7.7755003566763,  0.0            
     12207,  -6.16180931174 ,  7.6816865834396,  0.0            
     12208,  -6.279114050392,  7.5878474677835,  0.0            
     12209,  -6.396407305319,  7.4939754402122,  0.0            
     12210,  -6.513688135557,  7.4000497897684,  0.0            
     12211,  -6.630931867106,  7.3060208283072,  0.0            
     12212,  -6.748076525288,  7.2118019337602,  0.0            
     12213,  -6.865020687718,  7.1173235849336,  0.0            
     12214,  -6.981727254694,  7.0225929638412,  0.0            
     12215,  -7.098302875055,  6.9277735405658,  0.0            
     12216,  -7.215092799312,  6.8329992078618,  0.0            
     12217,  -7.332330862112,  6.7381057768946,  0.0            
     12218,  -7.449760449259,  6.6419775462214,  0.0            
     12219,  -7.565645985536,  6.5426139523599,  0.0            
     12220,  -7.677449092351,  6.4378562811751,  0.0            
     12221,  -7.783953318215,  6.3301257219655,  0.0            
     12222,  -7.894134190729,  6.2332307082994,  0.0            
     12223,  -8.010708634601,  6.1455115620012,  0.0            
     12224,  -8.13562510181 ,  6.0705918041952,  0.0            
     12225,  -8.264395747646,  5.9970565550968,  0.0            
     12226,  -8.393183075335,  5.9194051777388,  0.0            
     12227,  -8.513464851417,  5.8265301825634,  0.0            
     12228,  -8.616178353767,  5.7224962193616,  0.0            
     12229,  -8.712747927788,  5.6139033595531,  0.0            
     12230,  -8.841518933737,  5.5320017028753,  0.0            
     12231,  -8.969743165732,  5.4367944769491,  0.0            
     12232,  -9.072388057506,  5.3019317407789,  0.0            
     12233,  -2.968421690894,  5.3729621499913,  0.0            
     12234,  -2.974557500418,  5.2332997627897,  0.0            
     12235,  -2.981107623741,  5.0936380008748,  0.0            
     12236,  -2.82222698967 ,  5.3731547827281,  0.0            
     12237,  -2.677497126363,  5.3723248563219,  0.0            
     12238,  -2.533524778362,  5.3693542100317,  0.0            
     12239,  -2.389220192084,  5.3644544370776,  0.0            
     12240,  -2.243187359627,  5.3616806657548,  0.0            
     12241,  -2.096487836246,  5.3676883396484,  0.0            
     12242,  -9.295171904767,  4.9573306160799,  0.0            
     12243,  -1.948006809873,  5.3956593875405,  0.0            
     12244,  -2.82772295938 ,  5.2328534355136,  0.0            
     12245,  -2.833332883474,  5.092960191153 ,  0.0            
     12246,  -9.316830107306,  5.1119957040546,  0.0            
     12247,  -9.398041323962,  5.2393525093662,  0.0            
     12248,  -9.264312728698,  5.3074833250342,  0.0            
     12249,  -9.162110236666,  5.4165601355824,  0.0            
     12250,  -9.056633818136,  5.5304766906335,  0.0            
     12251,  -8.936350255005,  5.626865091952 ,  0.0            
     12252,  -8.818094419826,  5.719835545517 ,  0.0            
     12253,  -8.707382875672,  5.8192880228602,  0.0            
     12254,  -8.595000699558,  5.9203176884542,  0.0            
     12255,  -8.474654020312,  6.0133724255198,  0.0            
     12256,  -8.349616366954,  6.0990680313733,  0.0            
     12257,  -8.224716665536,  6.1814209302618,  0.0            
     12258,  -8.102449414045,  6.2646129241063,  0.0            
     12259,  -7.985586958847,  6.3529315896672,  0.0            
     12260,  -7.87379015281 ,  6.4493889484125,  0.0            
     12261,  -7.762891562566,  6.5500918909644,  0.0            
     12262,  -7.649368027764,  6.6501578689198,  0.0            
     12263,  -7.53338475007 ,  6.7476463835929,  0.0            
     12264,  -7.41623171301 ,  6.8432646697424,  0.0            
     12265,  -7.298965704519,  6.9379868734084,  0.0            
     12266,  -7.181840188201,  7.0324501909954,  0.0            
     12267,  -7.064809583789,  7.1268141895224,  0.0            
     12268,  -6.94773796824 ,  7.2210783790086,  0.0            
     12269,  -6.830580531257,  7.3152061129402,  0.0            
     12270,  -6.713349443858,  7.4092116596398,  0.0            
     12271,  -6.59608186153 ,  7.5031328459177,  0.0            
     12272,  -6.478800583679,  7.5970085677062,  0.0            
     12273,  -6.361514048646,  7.6908608414634,  0.0            
     12274,  -6.244222697749,  7.7846990653995,  0.0            
     12275,  -6.126927922408,  7.8785272801667,  0.0            
     12276,  -6.009634068809,  7.9723510979156,  0.0            
     12277,  -5.892345539047,  8.0661779312891,  0.0            
     12278,  -5.775061959867,  8.1600118390964,  0.0            
     12279,  -5.657777638241,  8.2538496461667,  0.0            
     12280,  -5.540484486396,  8.3476852004816,  0.0            
     12281,  -5.423176842376,  8.4415145045076,  0.0            
     12282,  -5.305832849424,  8.5353508588449,  0.0            
     12283,  -5.18842528993 ,  8.6292104793209,  0.0            
     12284,  -5.070833801296,  8.7231661972552,  0.0            
     12285,  -4.952930078487,  8.8172557333419,  0.0            
     12286,  -4.834320130552,  8.9116208436043,  0.0            
     12287,  -4.714649538973,  9.0061595943566,  0.0            
     12288,  -4.593055711259,  9.1008045147442,  0.0            
     12289,  -4.468971874121,  9.1948910488336,  0.0            
     12290,  -4.341453997256,  9.2880913164226,  0.0            
     12291,  -4.210769481338,  9.3801121270933,  0.0            
     12292,  -4.077278650165,  9.4720419792897,  0.0            
     12293,  -3.942208384108,  9.5650797360986,  0.0            
     12294,  -3.805750396427,  9.6607525205992,  0.0            
     12295,  -3.668445669136,  9.7605344313328,  0.0            
     12296,  -3.538396862069,  10.056646621822,  0.0            
     12297,  -3.440774992414,  10.165412940504,  0.0            
     12298,  -3.268878080937,  10.134415730641,  0.0            
     12299,  -3.114487965064,  10.248010235232,  0.0            
     12300,  -2.983504462199,  10.359997491139,  0.0            
     12301,  -2.875103412207,  10.464254472047,  0.0            
     12302,  -2.777206884063,  10.572392645735,  0.0            
     12303,  -2.694232817159,  10.665575135176,  0.0            
     12304,  -2.581497427433,  10.643427358409,  0.0            
     12305,  -2.345122210646,  10.891678061961,  0.0            
     12306,  -2.212594607189,  10.961482142968,  0.0            
     12307,  -2.075616826818,  11.024327689617,  0.0            
     12308,  -1.93930933707 ,  11.082775494626,  0.0            
     12309,  -1.806391280847,  11.141618784538,  0.0            
     12310,  -1.678805845878,  11.201830235623,  0.0            
     12311,  -1.555549985678,  11.262234272072,  0.0            
     12312,  -1.435962692435,  11.320392831316,  0.0            
     12313,  -1.31834387531 ,  11.375082456   ,  0.0            
     12314,  -1.201959878528,  11.425661243946,  0.0            
     12315,  -1.085673849626,  11.471806012582,  0.0            
     12316,  -0.969052584586,  11.512411152447,  0.0            
     12317,  -0.851396094307,  11.545934296574,  0.0            
     12318,  -0.732479048754,  11.57020328108 ,  0.0            
     12319,  -0.61211186441 ,  11.583629716506,  0.0            
     12320,  -0.490790204629,  11.586685280416,  0.0            
     12321,  -0.368772963488,  11.58192405242 ,  0.0            
     12322,  -0.246295930003,  11.572731121118,  0.0            
     12323,  -2.681679251171,  5.2318980884518,  0.0            
     12324,  -2.685918524103,  5.092152710333 ,  0.0            
     12325,  -0.192738134671,  10.316891877823,  0.0            
     12326,  -0.384664832598,  10.272729593589,  0.0            
     12327,  -0.57536836802 ,  10.213852898239,  0.0            
     12328,  -0.765128082539,  10.147190824391,  0.0            
     12329,  -0.951810257828,  10.073498322496,  0.0            
     12330,  -1.134113994844,  9.9909643898524,  0.0            
     12331,  -1.311644663856,  9.8993975995554,  0.0            
     12332,  -1.483362232354,  9.7990057759859,  0.0            
     12333,  -1.64582544246 ,  9.686664878719 ,  0.0            
     12334,  -1.79577697058 ,  9.5567698523685,  0.0            
     12335,  -1.935932819199,  9.4137057605843,  0.0            
     12336,  -2.06697201288 ,  9.2616796373184,  0.0            
     12337,  -2.187439875878,  9.1021202099256,  0.0            
     12338,  -2.295718772164,  8.9352530652449,  0.0            
     12339,  -2.389488121825,  8.7605727925628,  0.0            
     12340,  -2.467210722418,  8.5777093738011,  0.0            
     12341,  -2.530219116322,  8.3883785336974,  0.0            
     12342,  -2.579159277342,  8.1947064882125,  0.0            
     12343,  -2.613708123373,  7.9983840870208,  0.0            
     12344,  -2.633644636382,  7.8008660269934,  0.0            
     12345,  -2.638973314558,  7.6035105948446,  0.0            
     12346,  -2.629903819296,  7.4075699299239,  0.0            
     12347,  -2.606902457028,  7.2141383644564,  0.0            
     12348,  -2.570769108933,  7.0240474176137,  0.0            
     12349,  -2.522918911304,  6.8377787155246,  0.0            
     12350,  -2.465732784342,  6.6551660133291,  0.0            
     12351,  -2.401253557935,  6.4716606551487,  0.0            
     12352,  -2.329914360222,  6.2894856272405,  0.0            
     12353,  -2.119917760711,  5.9856459408104,  0.0            
     12354,  -1.974569326804,  5.8607931572236,  0.0            
     12355,  -1.886196961569,  5.7193100119187,  0.0            
     12356,  -2.535673667004,  5.2299802861272,  0.0            
     12357,  -2.538259654629,  5.0911359268735,  0.0            
     12358,  -2.388829720107,  5.2278253295071,  0.0            
     12359,  -2.389759572491,  5.0906805891662,  0.0            
     12360,  -2.240363139813,  5.2285571057317,  0.0            
     12361,  -2.239985325905,  5.092919163604 ,  0.0            
     12362,  -2.090490201884,  5.2372559062185,  0.0            
     12363,  -1.940668827349,  5.25671071203  ,  0.0            
     12364,  -2.089205421926,  5.1006938970893,  0.0            
     12365,  -1.938365775621,  5.1151923424232,  0.0            
     12366,  -1.809762686894,  5.4330631113557,  0.0            
     12367,  -9.456414701904,  5.0607532808064,  0.0            
     12368,  -1.792452285706,  5.2832570134631,  0.0            
     12369,  -1.788568930994,  5.1339405460462,  0.0            
     12370,  -1.787971385759,  4.9852842439749,  0.0            
     12371,  -1.938657324083,  4.9721887422674,  0.0            
     12372,  -2.089976217146,  4.9616327776281,  0.0            
     12373,  -2.241210310121,  4.95529570607  ,  0.0            
     12374,  -2.391769052122,  4.9527124170954,  0.0            
     12375,  -2.541405242781,  4.9523061999825,  0.0            
     12376,  -2.690354180182,  4.952709184624 ,  0.0            
     12377,  -2.838974683388,  4.9532859396746,  0.0            
     12378,  -2.987692774954,  4.9539510326729,  0.0            
     12379,  -3.13685392751 ,  4.9548324085997,  0.0            
     12380,  -3.286799835409,  4.9560884936513,  0.0            
     12381,  -3.437882179509,  4.9578894378742,  0.0            
     12382,  -3.590400984506,  4.9605257947616,  0.0            
     12383,  -3.744602161552,  4.9645169895375,  0.0            
     12384,  -3.900467934453,  4.9704997481801,  0.0            
     12385,  -4.057855024715,  4.9786962296006,  0.0            
     12386,  -4.21640130617 ,  4.9882672089008,  0.0            
     12387,  -4.375829882295,  4.9974112445156,  0.0            
     12388,  -4.535933374557,  5.0045812446326,  0.0            
     12389,  -4.696868606105,  5.0100115759392,  0.0            
     12390,  -4.858853633438,  5.0158639508766,  0.0            
     12391,  -5.02217974236 ,  5.0245522118356,  0.0            
     12392,  -5.186328490667,  5.036523074098 ,  0.0            
     12393,  -5.340751909472,  4.8998623954755,  0.0            
     12394,  -5.505610002046,  4.9123949587137,  0.0            
     12395,  -5.670007504032,  4.9222417174898,  0.0            
     12396,  -5.834026466128,  4.9297085097451,  0.0            
     12397,  -5.999045914305,  4.934826479573 ,  0.0            
     12398,  -6.165235888192,  4.9356825924202,  0.0            
     12399,  -6.333292281627,  4.9290828262166,  0.0            
     12400,  -6.502263940075,  4.9132445099912,  0.0            
     12401,  -6.671781634831,  5.0345522795368,  0.0            
     12402,  -6.83937710865 ,  5.0095440712187,  0.0            
     12403,  -7.005886220811,  4.9881543227805,  0.0            
     12404,  -7.169947278684,  4.9739333339937,  0.0            
     12405,  -7.33124965458 ,  4.9668874815618,  0.0            
     12406,  -7.48920802369 ,  4.9646334961222,  0.0            
     12407,  -7.64425473443 ,  4.9641219423525,  0.0            
     12408,  -7.796907407341,  4.9631818633495,  0.0            
     12409,  -7.948173589182,  4.9611345446329,  0.0            
     12410,  -8.098643443212,  4.9584450636799,  0.0            
     12411,  -8.248775612869,  4.9557650690681,  0.0            
     12412,  -8.398684307511,  4.9530705197809,  0.0            
     12413,  -8.548924768226,  4.9497977601872,  0.0            
     12414,  -8.700486809864,  4.947791994061 ,  0.0            
     12415,  -8.853615625995,  4.9543440339004,  0.0            
     12416,  -9.006149626309,  4.9750168412716,  0.0            
     12417,  -9.153871975604,  4.9943384393177,  0.0            
     12418,  -9.522217223226,  5.175337302878 ,  0.0            
     12419,  -9.437853443357,  4.9287466936451,  0.0            
     12420,  -9.580978904463,  5.0166787911393,  0.0            
     12421,  -9.635097623819,  5.1109340905501,  0.0            
     12422,  -9.572673773202,  4.8989281555781,  0.0            
     12423,  -9.687924184005,  4.9778254450352,  0.0            
     12424,  -9.701793662121,  4.8933566575528,  0.0            
     12425,  -9.752652590576,  5.0265409591077,  0.0            
     12426,  -9.829763016102,  4.9249075924846,  0.0            
     12427,  -9.950923077568,  4.977719152137 ,  0.0            
     12428,  -9.854481894868,  5.1021978223011,  0.0            
     12429,  -9.735228175406,  5.1992358948126,  0.0            
     12430,  -9.606364973464,  5.277521886297 ,  0.0            
     12431,  -9.479759717795,  5.3519362798086,  0.0            
     12432,  -9.361667599753,  5.4359892077058,  0.0            
     12433,  -9.250182334449,  5.5295377739765,  0.0            
     12434,  -9.139634442667,  5.6311049007629,  0.0            
     12435,  -9.024197029529,  5.7289027278896,  0.0            
     12436,  -8.907436555252,  5.8240708119105,  0.0            
     12437,  -8.792530811702,  5.9209719965162,  0.0            
     12438,  -8.676610202978,  6.0182187331235,  0.0            
     12439,  -8.557220574622,  6.1118378526184,  0.0            
     12440,  -8.435409923546,  6.2016158982273,  0.0            
     12441,  -8.313726295661,  6.2894184785986,  0.0            
     12442,  -8.193788779125,  6.3777157423507,  0.0            
     12443,  -8.076846086446,  6.4687027524401,  0.0            
     12444,  -7.962390123891,  6.5635604005075,  0.0            
     12445,  -7.848483487772,  6.6606618115795,  0.0            
     12446,  -7.733378217729,  6.7577520097439,  0.0            
     12447,  -7.616991320259,  6.8536932299437,  0.0            
     12448,  -7.49990044437 ,  6.9486558223494,  0.0            
     12449,  -7.382652932971,  7.0430703728578,  0.0            
     12450,  -7.265422231943,  7.137265816406 ,  0.0            
     12451,  -7.148222030022,  7.2313574606548,  0.0            
     12452,  -7.031008937072,  7.3253783300803,  0.0            
     12453,  -6.913767280433,  7.4193322795826,  0.0            
     12454,  -6.79650040744 ,  7.5132333907924,  0.0            
     12455,  -6.679220516932,  7.6070998813568,  0.0            
     12456,  -6.561935455268,  7.7009479706904,  0.0            
     12457,  -6.444648275683,  7.7947869092712,  0.0            
     12458,  -6.327359443052,  7.8886208194638,  0.0            
     12459,  -6.21006951142 ,  7.9824515412863,  0.0            
     12460,  -6.092779750091,  8.0762809058265,  0.0            
     12461,  -5.975491361135,  8.1701109744561,  0.0            
     12462,  -5.858204295968,  8.2639428330345,  0.0            
     12463,  -5.740917126612,  8.3577757023571,  0.0            
     12464,  -5.623626978272,  8.4516084092551,  0.0            
     12465,  -5.506331053194,  8.5454402135681,  0.0            
     12466,  -5.38901455801 ,  8.639279016909 ,  0.0            
     12467,  -5.271658890007,  8.733131769677 ,  0.0            
     12468,  -5.154184205462,  8.8270382643281,  0.0            
     12469,  -5.036506034027,  8.9210119317282,  0.0            
     12470,  -4.918360680929,  9.0151338937145,  0.0            
     12471,  -4.799506356042,  9.1093279677466,  0.0            
     12472,  -4.679336385041,  9.2035537238901,  0.0            
     12473,  -4.557424635916,  9.2973682944643,  0.0            
     12474,  -4.433040833916,  9.3905671490905,  0.0            
     12475,  -4.30627173337 ,  9.4829147707441,  0.0            
     12476,  -4.177205002814,  9.5750676023323,  0.0            
     12477,  -4.046603149426,  9.6675758509643,  0.0            
     12478,  -3.914730524238,  9.7611870300383,  0.0            
     12479,  -3.782820251075,  9.8565829227988,  0.0            
     12480,  -3.653856198223,  9.9554025396658,  0.0            
     12481,  -3.660078690526,  10.145309390842,  0.0            
     12482,  -3.3960358361  ,  10.278955427964,  0.0            
     12483,  -3.282582588475,  10.30742090926 ,  0.0            
     12484,  -3.167749897489,  10.391480550331,  0.0            
     12485,  -3.058434440882,  10.484630282512,  0.0            
     12486,  -2.949753260346,  10.585178304053,  0.0            
     12487,  -2.8458357608  ,  10.683537375655,  0.0            
     12488,  -2.74293850856 ,  10.764437026584,  0.0            
     12489,  -2.605478042016,  10.798598675658,  0.0            
     12490,  -2.47532921465 ,  10.819387894964,  0.0            
     12491,  -2.127964394634,  11.166931893039,  0.0            
     12492,  -1.990048705903,  11.22359390832 ,  0.0            
     12493,  -1.855459904966,  11.282515473339,  0.0            
     12494,  -1.72612332019 ,  11.343250252202,  0.0            
     12495,  -1.600866162854,  11.403665918659,  0.0            
     12496,  -1.478720394918,  11.460846657818,  0.0            
     12497,  -1.357958686568,  11.513367873728,  0.0            
     12498,  -1.400400461342,  11.649240164143,  0.0            
     12499,  -1.524726118972,  11.598104221876,  0.0            
     12500,  -1.649952333692,  11.541544455634,  0.0            
     12501,  -1.777745541746,  11.480903392085,  0.0            
     12502,  -1.909466443077,  11.419402262457,  0.0            
     12503,  -2.04672599502 ,  11.360230114084,  0.0            
     12504,  -2.18821493887 ,  11.305174835984,  0.0            
     12505,  -2.266125257785,  11.10928983134 ,  0.0            
     12506,  -2.402218783049,  11.04708376317 ,  0.0            
     12507,  -2.535436316158,  10.984466877679,  0.0            
     12508,  -2.660049658611,  10.939163397676,  0.0            
     12509,  -2.793805116312,  10.88395975566 ,  0.0            
     12510,  -2.912128710133,  10.797149524627,  0.0            
     12511,  -3.023265350769,  10.702093157057,  0.0            
     12512,  -3.132482814466,  10.606137999671,  0.0            
     12513,  -3.243057244136,  10.514660040036,  0.0            
     12514,  -3.360060508374,  10.428632873203,  0.0            
     12515,  -3.470901127671,  10.353842111825,  0.0            
     12516,  -3.558994583327,  10.25100311294 ,  0.0            
     12517,  -3.772705914585,  10.048908497994,  0.0            
     12518,  -3.894914617515,  9.955432278613 ,  0.0            
     12519,  -4.021205005004,  9.8633101020088,  0.0            
     12520,  -4.148387570704,  9.7713982136787,  0.0            
     12521,  -4.274834704984,  9.6794724471027,  0.0            
     12522,  -4.400118474705,  9.587299172441 ,  0.0            
     12523,  -4.52370298456 ,  9.494771477712 ,  0.0            
     12524,  -4.645604850548,  9.401583344548 ,  0.0            
     12525,  -4.76583598773 ,  9.307941393998 ,  0.0            
     12526,  -4.884914694761,  9.2139929353972,  0.0            
     12527,  -5.003153260248,  9.120020255853 ,  0.0            
     12528,  -5.120947690251,  9.0260595565777,  0.0            
     12529,  -5.238460580155,  8.9321639415826,  0.0            
     12530,  -5.35585263702 ,  8.8382960068337,  0.0            
     12531,  -5.473176588366,  8.7444533397766,  0.0            
     12532,  -5.590478753291,  8.6506174492746,  0.0            
     12533,  -5.707770309678,  8.5567857994142,  0.0            
     12534,  -5.825059572007,  8.462954415765 ,  0.0            
     12535,  -5.942347826011,  8.3691232270116,  0.0            
     12536,  -6.05963605438 ,  8.2752922025439,  0.0            
     12537,  -6.176924507504,  8.1814614555296,  0.0            
     12538,  -6.294213155785,  8.0876307208349,  0.0            
     12539,  -6.411501711866,  7.9937995102745,  0.0            
     12540,  -6.528789866561,  7.8999673285048,  0.0            
     12541,  -6.646077464894,  7.8061335600173,  0.0            
     12542,  -6.763364334227,  7.7122967837237,  0.0            
     12543,  -6.880649541379,  7.6184537107074,  0.0            
     12544,  -6.997930658484,  7.5245982342679,  0.0            
     12545,  -7.115203901548,  7.4307221869922,  0.0            
     12546,  -7.232468054558,  7.3368161670132,  0.0            
     12547,  -7.349727176484,  7.2428695901047,  0.0            
     12548,  -7.466991065142,  7.1488535799631,  0.0            
     12549,  -7.584238459293,  7.0546971089519,  0.0            
     12550,  -7.701369033278,  6.9602389500356,  0.0            
     12551,  -7.81812821687 ,  6.865294275496 ,  0.0            
     12552,  -7.93427889889 ,  6.7698525293991,  0.0            
     12553,  -8.049925463464,  6.6744960383266,  0.0            
     12554,  -8.16587043155 ,  6.5802400188548,  0.0            
     12555,  -8.282991773078,  6.4877773779963,  0.0            
     12556,  -8.401595321071,  6.3966407860539,  0.0            
     12557,  -8.521143794472,  6.3057726446209,  0.0            
     12558,  -8.640776621884,  6.2139119992907,  0.0            
     12559,  -8.759311815928,  6.1202150859301,  0.0            
     12560,  -8.876354783979,  6.0248797563394,  0.0            
     12561,  -8.992755778197,  5.9294278341403,  0.0            
     12562,  -9.109309165658,  5.8342519020264,  0.0            
     12563,  -9.224714075673,  5.7379870794964,  0.0            
     12564,  -9.338085408844,  5.640970492406 ,  0.0            
     12565,  -9.452040323827,  5.5475321908736,  0.0            
     12566,  -9.570840572501,  5.4608780548279,  0.0            
     12567,  -9.694293110524,  5.3774579657223,  0.0            
     12568,  -9.818477748541,  5.2903989743325,  0.0            
     12569,  -9.937064340145,  5.1940409103339,  0.0            
     12570,  -10.04480119514,  5.0832323570691,  0.0            
     12571,  -1.789461398988,  4.837030889057 ,  0.0            
     12572,  -1.940466437756,  4.8280036432584,  0.0            
     12573,  -2.091883090797,  4.8205128117827,  0.0            
     12574,  -2.243242626128,  4.8156731158474,  0.0            
     12575,  -2.394181695954,  4.8133335738186,  0.0            
     12576,  -2.54449335104 ,  4.8126224739671,  0.0            
     12577,  -2.694298015086,  4.8126900324261,  0.0            
     12578,  -2.843786123705,  4.8130650862556,  0.0            
     12579,  -2.993232374396,  4.8136088801409,  0.0            
     12580,  -3.142861194797,  4.8143476623703,  0.0            
     12581,  -3.292890679433,  4.8153612267543,  0.0            
     12582,  -3.443560535049,  4.8167652441378,  0.0            
     12583,  -3.595044493048,  4.8187683077824,  0.0            
     12584,  -3.747549105022,  4.821749066333 ,  0.0            
     12585,  -3.901072077382,  4.8261695141281,  0.0            
     12586,  -4.055641877751,  4.8322080654877,  0.0            
     12587,  -4.211173077288,  4.8392844156887,  0.0            
     12588,  -4.367756157762,  4.8461509705797,  0.0            
     12589,  -4.525643075808,  4.8518359387093,  0.0            
     12590,  -4.685197330599,  4.8568367154317,  0.0            
     12591,  -4.846796867682,  4.863169098124 ,  0.0            
     12592,  -5.0103869436  ,  4.8728150460574,  0.0            
     12593,  -5.175329058024,  4.8857813228722,  0.0            
     12594,  -5.329590639909,  4.7473529296664,  0.0            
     12595,  -5.494316503013,  4.7598153158956,  0.0            
     12596,  -5.658863710903,  4.7701516080541,  0.0            
     12597,  -5.823752246171,  4.7789872290936,  0.0            
     12598,  -5.990086636395,  4.7861971184459,  0.0            
     12599,  -6.15815771996 ,  4.789245142801 ,  0.0            
     12600,  -6.328099727364,  4.7842245536337,  0.0            
     12601,  -6.499004929785,  4.7690565493751,  0.0            
     12602,  -6.67168623569 ,  4.8901203760813,  0.0            
     12603,  -6.84016387167 ,  4.8651748356806,  0.0            
     12604,  -7.006880704981,  4.8442177774078,  0.0            
     12605,  -7.170910721462,  4.8303997517797,  0.0            
     12606,  -7.331833373416,  4.8233613722837,  0.0            
     12607,  -7.489613187456,  4.8207280360235,  0.0            
     12608,  -7.644541716446,  4.819956164288 ,  0.0            
     12609,  -7.797343767142,  4.8193969761356,  0.0            
     12610,  -7.948719265396,  4.8184407005146,  0.0            
     12611,  -8.099344043687,  4.8171689133872,  0.0            
     12612,  -8.249626896639,  4.8157844416461,  0.0            
     12613,  -8.399884923987,  4.8142488136601,  0.0            
     12614,  -8.550464743553,  4.8126511130452,  0.0            
     12615,  -8.701632283685,  4.8126234904742,  0.0            
     12616,  -8.85281761702 ,  4.8176436684619,  0.0            
     12617,  -9.0020113355  ,  4.827932951989 ,  0.0            
     12618,  -9.14877626095 ,  4.8291356372895,  0.0            
     12619,  -9.290928413782,  4.8201976030351,  0.0            
     12620,  -9.435573331505,  4.7969038831809,  0.0            
     12621,  -9.584495615224,  4.7745076404742,  0.0            
     12622,  -9.735623945243,  4.7705419751582,  0.0            
     12623,  -9.88892903035 ,  4.8079454610032,  0.0            
     12624,  -10.04284891963,  4.8487266930119,  0.0            
     12625,  -10.1513572684 ,  4.9757581823273,  0.0            
     12626,  -10.27859792583,  4.9001410976051,  0.0            
     12627,  -10.18762089481,  4.79442256885  ,  0.0            
     12628,  -10.30722165681,  4.7506847582299,  0.0            
     12629,  -10.40080369235,  4.8117673985655,  0.0            
     12630,  -10.61806798997,  4.7452207113138,  0.0            
     12631,  -10.50652591039,  4.8859656265398,  0.0            
     12632,  -10.36781476594,  4.9924806176918,  0.0            
     12633,  -10.24720143694,  5.0889130911774,  0.0            
     12634,  -10.13313325589,  5.1885535692354,  0.0            
     12635,  -10.02008334496,  5.2907533048832,  0.0            
     12636,  -9.90218291994 ,  5.3878608318594,  0.0            
     12637,  -9.78095073544 ,  5.4790629214634,  0.0            
     12638,  -9.659915617012,  5.5676904993178,  0.0            
     12639,  -9.541392806239,  5.6575829082181,  0.0            
     12640,  -9.42546196858 ,  5.7506304790284,  0.0            
     12641,  -9.310195515918,  5.8457222903356,  0.0            
     12642,  -9.194154141378,  5.9408908807858,  0.0            
     12643,  -9.077404967539,  6.03560575781  ,  0.0            
     12644,  -8.960440453806,  6.1302144906341,  0.0            
     12645,  -8.843101270557,  6.2246165142918,  0.0            
     12646,  -8.725143544929,  6.3182973608709,  0.0            
     12647,  -8.606745759286,  6.4111853780386,  0.0            
     12648,  -8.488411208892,  6.5036562128892,  0.0            
     12649,  -8.370532351729,  6.5962793435311,  0.0            
     12650,  -8.253311243721,  6.6895095353643,  0.0            
     12651,  -8.136595005007,  6.7835084644975,  0.0            
     12652,  -8.02001382495 ,  6.8779899388375,  0.0            
     12653,  -7.903239480768,  6.9725333367542,  0.0            
     12654,  -7.786210763119,  7.0668817387356,  0.0            
     12655,  -7.669015112201,  7.1610158539114,  0.0            
     12656,  -7.551755263859,  7.2550054552243,  0.0            
     12657,  -7.434478747786,  7.348920244469 ,  0.0            
     12658,  -7.317199792824,  7.4427973588911,  0.0            
     12659,  -7.19991843635 ,  7.5366546853075,  0.0            
     12660,  -7.082634346787,  7.6305000493761,  0.0            
     12661,  -6.965348001179,  7.7243382649907,  0.0            
     12662,  -6.848060438466,  7.818172502429 ,  0.0            
     12663,  -6.730772355067,  7.9120048190026,  0.0            
     12664,  -6.613484060006,  8.0058362916806,  0.0            
     12665,  -6.496195642847,  8.0996673865352,  0.0            
     12666,  -6.378907148527,  8.1934982890897,  0.0            
     12667,  -6.261618633727,  8.2873291057061,  0.0            
     12668,  -6.144330148417,  8.3811599212602,  0.0            
     12669,  -6.027041701691,  8.4749907795451,  0.0            
     12670,  -5.909753256816,  8.5688216636364,  0.0            
     12671,  -5.79246444605 ,  8.6626526781311,  0.0            
     12672,  -5.675174656886,  8.7564839082821,  0.0            
     12673,  -5.557879844353,  8.8503169787026,  0.0            
     12674,  -5.440573923215,  8.944152628201 ,  0.0            
     12675,  -5.323232982152,  9.037998098246 ,  0.0            
     12676,  -5.205825850838,  9.1318522991369,  0.0            
     12677,  -5.088261511214,  9.225728201849 ,  0.0            
     12678,  -4.97043381292 ,  9.3195899131103,  0.0            
     12679,  -4.85209835592 ,  9.4134025713724,  0.0            
     12680,  -4.733041670905,  9.5069913750837,  0.0            
     12681,  -4.612929979502,  9.6002528292957,  0.0            
     12682,  -4.491737962714,  9.6930242596763,  0.0            
     12683,  -4.369431894283,  9.7854094593401,  0.0            
     12684,  -4.24638459855 ,  9.8772910176731,  0.0            
     12685,  -4.122970386256,  9.968669892602 ,  0.0            
     12686,  -4.000545538824,  10.059696443899,  0.0            
     12687,  -3.881350085931,  10.151663305085,  0.0            
     12688,  -3.768346795294,  10.246758638276,  0.0            
     12689,  -3.661937871077,  10.347044911766,  0.0            
     12690,  -3.555599482177,  10.448490146065,  0.0            
     12691,  -3.440981141946,  10.540109938166,  0.0            
     12692,  -3.32602953249 ,  10.629058870238,  0.0            
     12693,  -3.2133601654  ,  10.72094642035 ,  0.0            
     12694,  -3.10073725236 ,  10.815318679661,  0.0            
     12695,  -2.985606612836,  10.908690493195,  0.0            
     12696,  -2.864237482166,  10.993583830359,  0.0            
     12697,  -2.735384398718,  11.067879109754,  0.0            
     12698,  -2.604572966868,  11.129835125278,  0.0            
     12699,  -2.46910508707 ,  11.194057782578,  0.0            
     12700,  -2.330683881488,  11.251417393351,  0.0            
     12701,  -2.254819382712,  11.438455555952,  0.0            
     12702,  -2.107794216377,  11.492169965678,  0.0            
     12703,  -1.966891899178,  11.552255704197,  0.0            
     12704,  -1.832381030338,  11.615039631941,  0.0            
     12705,  -1.701786711372,  11.676301386184,  0.0            
     12706,  -1.573230290136,  11.732782352422,  0.0            
     12707,  -1.445134973191,  11.783449715039,  0.0            
     12708,  -0.183146819887,  10.170178388036,  0.0            
     12709,  -0.366313454208,  10.129635686385,  0.0            
     12710,  -0.548702559967,  10.077532567834,  0.0            
     12711,  -0.729859666157,  10.016359462432,  0.0            
     12712,  -0.90831221738 ,  9.9469248170461,  0.0            
     12713,  -1.082616391939,  9.868343272317 ,  0.0            
     12714,  -1.251410662914,  9.7801805781637,  0.0            
     12715,  -1.413354755781,  9.6820794797417,  0.0            
     12716,  -1.56637192191 ,  9.5725723721973,  0.0            
     12717,  -1.709014213866,  9.4500187741784,  0.0            
     12718,  -1.841886195551,  9.3159420951571,  0.0            
     12719,  -1.965193876464,  9.1725072069106,  0.0            
     12720,  -2.078077715562,  9.0209658314894,  0.0            
     12721,  -2.179261596182,  8.861974954412 ,  0.0            
     12722,  -2.267359389692,  8.6957982408829,  0.0            
     12723,  -2.341545460417,  8.5228687576691,  0.0            
     12724,  -2.40209579644 ,  8.3443309152603,  0.0            
     12725,  -2.449228055863,  8.161628076349 ,  0.0            
     12726,  -2.482717308134,  7.9760991195723,  0.0            
     12727,  -2.502280829051,  7.7889779517125,  0.0            
     12728,  -2.50781078478 ,  7.6014230743729,  0.0            
     12729,  -2.49942521685 ,  7.4145078645674,  0.0            
     12730,  -2.47745938757 ,  7.2291748267191,  0.0            
     12731,  -2.442484978719,  7.0461774267403,  0.0            
     12732,  -2.395518880544,  6.8660452778696,  0.0            
     12733,  -2.338314915805,  6.688978148424 ,  0.0            
     12734,  -2.273251661688,  6.515099327731 ,  0.0            
     12735,  -2.202147107741,  6.3466833215218,  0.0            
     12736,  -2.129496440905,  6.1868216678258,  0.0            
     12737,  -1.997693615245,  6.0548307053503,  0.0            
     12738,  -1.868163227873,  5.9205584346788,  0.0            
     12739,  -1.765206925437,  5.7687323158285,  0.0            
     12740,  -1.689547280439,  5.6271719146922,  0.0            
     12741,  -1.664363574119,  5.4648239464319,  0.0            
     12742,  -1.645238444753,  5.3075479700796,  0.0            
     12743,  -1.640250073388,  5.1515405112135,  0.0            
     12744,  -1.638209140075,  4.9975620420181,  0.0            
     12745,  -1.639061986875,  4.845564419549 ,  0.0            
     12746,  -1.23794046631 ,  11.560885773993,  0.0            
     12747,  -1.276463029553,  11.694972329049,  0.0            
     12748,  -1.317138777426,  11.828618527589,  0.0            
     12749,  -1.534607952356,  5.6822621987654,  0.0            
     12750,  -1.521377968925,  5.5025299580746,  0.0            
     12751,  -1.499157218115,  5.3199720823376,  0.0            
     12752,  -1.492540969301,  5.1621757744186,  0.0            
     12753,  -1.488972646368,  5.0060026529698,  0.0            
     12754,  -1.489126318639,  4.8519831508757,  0.0            
     12755,  -1.117899731784,  11.603795179084,  0.0            
     12756,  -0.997535479501,  11.641904194537,  0.0            
     12757,  -0.876290395877,  11.67427549975 ,  0.0            
     12758,  -0.753865388398,  11.699312207642,  0.0            
     12759,  -0.630029824955,  11.715718684077,  0.0            
     12760,  -0.505043624658,  11.723378128299,  0.0            
     12761,  -0.379181881174,  11.723604732921,  0.0            
     12762,  -0.252866610252,  11.718608717773,  0.0            
     12763,  -1.37285683977 ,  5.4721586824186,  0.0            
     12764,  -1.353986461476,  5.3195525741098,  0.0            
     12765,  -1.343640370854,  5.1657445091516,  0.0            
     12766,  -1.339515117818,  5.0111591292527,  0.0            
     12767,  -1.339344548764,  4.8566539127594,  0.0            
     12768,  -0.347409161803,  9.9893139838208,  0.0            
     12769,  -0.521050624281,  9.9432893679914,  0.0            
     12770,  -0.693395027088,  9.8877394903575,  0.0            
     12771,  -0.863012257606,  9.8231236646986,  0.0            
     12772,  -1.028412255824,  9.7489634405521,  0.0            
     12773,  -1.188123103793,  9.6648567630054,  0.0            
     12774,  -1.34089339815 ,  9.5705072153002,  0.0            
     12775,  -1.485380749153,  9.4654182563424,  0.0            
     12776,  -1.62068185398 ,  9.3492712198491,  0.0            
     12777,  -1.746632869656,  9.2228728665736,  0.0            
     12778,  -1.863039037838,  9.0874371388209,  0.0            
     12779,  -1.969263222619,  8.9439412407383,  0.0            
     12780,  -2.064420418554,  8.7931254743164,  0.0            
     12781,  -2.147619685309,  8.6355840464284,  0.0            
     12782,  -2.218266822147,  8.4720194860503,  0.0            
     12783,  -2.276230932177,  8.3034031919617,  0.0            
     12784,  -2.321439724288,  8.1308651750033,  0.0            
     12785,  -2.353664492863,  7.9555130598224,  0.0            
     12786,  -2.372647544635,  7.7784075203778,  0.0            
     12787,  -2.37826369579 ,  7.6005604814564,  0.0            
     12788,  -2.370582040724,  7.4229273606941,  0.0            
     12789,  -2.349847750763,  7.246385439883 ,  0.0            
     12790,  -2.316474855815,  7.0717106299839,  0.0            
     12791,  -2.271189701969,  6.8995987082285,  0.0            
     12792,  -2.215233008854,  6.7306889269429,  0.0            
     12793,  -2.15015602176 ,  6.5659022967611,  0.0            
     12794,  -2.076046572486,  6.4074364166804,  0.0            
     12795,  -1.990145338413,  6.2567743249072,  0.0            
     12796,  -1.878942243726,  6.1220153438604,  0.0            
     12797,  -1.756779195499,  5.9828729588292,  0.0            
     12798,  -1.633886841528,  5.8286259627653,  0.0            
     12799,  -1.359077039042,  11.962194130922,  0.0            
     12800,  -1.491101501711,  11.916794612074,  0.0            
     12801,  -1.622984913443,  11.866212178149,  0.0            
     12802,  -1.754768323264,  11.809753266317,  0.0            
     12803,  -1.887718261544,  11.747670399961,  0.0            
     12804,  -2.024256934819,  11.682858066536,  0.0            
     12805,  -2.168336490521,  11.620059094299,  0.0            
     12806,  -2.318740852873,  11.565124473302,  0.0            
     12807,  -2.404056043855,  11.388346564142,  0.0            
     12808,  -2.547582313741,  11.331360478612,  0.0            
     12809,  -2.684378821805,  11.264607722648,  0.0            
     12810,  -2.81615036288 ,  11.190070333392,  0.0            
     12811,  -2.943276885196,  11.108040833286,  0.0            
     12812,  -3.065065831963,  11.018722019682,  0.0            
     12813,  -3.182509495922,  10.925328437041,  0.0            
     12814,  -3.297956402599,  10.831113314421,  0.0            
     12815,  -3.413167418159,  10.737836383384,  0.0            
     12816,  -3.529049305677,  10.645124952621,  0.0            
     12817,  -3.643968731371,  10.550356492738,  0.0            
     12818,  -3.755606626115,  10.451885386448,  0.0            
     12819,  -3.866997782323,  10.354097950503,  0.0            
     12820,  -3.981518565366,  10.259650151396,  0.0            
     12821,  -4.099596441302,  10.167669136306,  0.0            
     12822,  -4.219780515486,  10.076469231173,  0.0            
     12823,  -4.340708923626,  9.9848881200839,  0.0            
     12824,  -4.46143536922 ,  9.892734891486 ,  0.0            
     12825,  -4.581691454421,  9.8000465635118,  0.0            
     12826,  -4.701246067584,  9.7069950854902,  0.0            
     12827,  -4.820145654335,  9.61358751286  ,  0.0            
     12828,  -4.938422620655,  9.5199558972645,  0.0            
     12829,  -5.056280999589,  9.4261759309881,  0.0            
     12830,  -5.173853931037,  9.332351789825 ,  0.0            
     12831,  -5.291281589682,  9.2385102369108,  0.0            
     12832,  -5.408627694748,  9.144673101376 ,  0.0            
     12833,  -5.525940266267,  9.0508375749576,  0.0            
     12834,  -5.643236508098,  8.9570051580735,  0.0            
     12835,  -5.760527625802,  8.8631735417564,  0.0            
     12836,  -5.877816645752,  8.7693425790014,  0.0            
     12837,  -5.995105273914,  8.6755117190886,  0.0            
     12838,  -6.112393776553,  8.5816809156181,  0.0            
     12839,  -6.229682278278,  8.4878501098971,  0.0            
     12840,  -6.346970777216,  8.3940192984131,  0.0            
     12841,  -6.464259269495,  8.3001884749675,  0.0            
     12842,  -6.581547749269,  8.2063576302277,  0.0            
     12843,  -6.69883621026 ,  8.1125267493183,  0.0            
     12844,  -6.816124646005,  8.0186957970136,  0.0            
     12845,  -6.933413038043,  7.9248646700842,  0.0            
     12846,  -7.050701318014,  7.8310330986114,  0.0            
     12847,  -7.167989321131,  7.7372004880694,  0.0            
     12848,  -7.285276773794,  7.643365727355 ,  0.0            
     12849,  -7.40256344819 ,  7.5495267581784,  0.0            
     12850,  -7.519849033476,  7.455679650071 ,  0.0            
     12851,  -7.637132151468,  7.3618157194137,  0.0            
     12852,  -7.754405227086,  7.2679176222969,  0.0            
     12853,  -7.871647305759,  7.1739561589506,  0.0            
     12854,  -7.988819634529,  7.0799050586408,  0.0            
     12855,  -8.105893231971,  6.9857792629411,  0.0            
     12856,  -8.222899499225,  6.8916844881411,  0.0            
     12857,  -8.339964287704,  6.7977863600506,  0.0            
     12858,  -8.457230687961,  6.70419652402  ,  0.0            
     12859,  -8.574760255998,  6.6108611821449,  0.0            
     12860,  -8.692479877842,  6.5175989233125,  0.0            
     12861,  -8.810231151244,  6.4241790563293,  0.0            
     12862,  -8.92782347223 ,  6.3304471001614,  0.0            
     12863,  -9.045179117075,  6.2364171716422,  0.0            
     12864,  -9.162348565333,  6.142237648962 ,  0.0            
     12865,  -9.279329234163,  6.0479302204206,  0.0            
     12866,  -9.39595025279 ,  5.9534526713654,  0.0            
     12867,  -9.512313833873,  5.8591807992544,  0.0            
     12868,  -9.629149013621,  5.7659723106131,  0.0            
     12869,  -9.74730059177 ,  5.6741729680346,  0.0            
     12870,  -9.866672340773,  5.5827611161558,  0.0            
     12871,  -9.986029077474,  5.4897537056505,  0.0            
     12872,  -10.10370349322,  5.393639835584 ,  0.0            
     12873,  -10.21954318303,  5.2951139995445,  0.0            
     12874,  -10.33636526572,  5.197194845612 ,  0.0            
     12875,  -10.45648310224,  5.0999077945479,  0.0            
     12876,  -10.5751647815 ,  4.9970259563976,  0.0            
     12877,  -10.68522145344,  4.8967705181879,  0.0            
     12878,  -10.80988371244,  4.8337221765543,  0.0            
     12879,  -10.92616620836,  4.779963628272 ,  0.0            
     12880,  -11.10856688983,  4.7038787954918,  0.0            
     12881,  -11.01726408364,  4.8460138825509,  0.0            
     12882,  -10.89332682044,  4.9405059354875,  0.0            
     12883,  -10.7707416002 ,  5.0222351725155,  0.0            
     12884,  -10.6549097788 ,  5.1144498416094,  0.0            
     12885,  -10.53888195202,  5.2109083860165,  0.0            
     12886,  -10.42151369407,  5.3068764680254,  0.0            
     12887,  -10.30461366997,  5.4030018923172,  0.0            
     12888,  -10.18791581064,  5.4992576557935,  0.0            
     12889,  -10.07042697827,  5.5944307990726,  0.0            
     12890,  -9.952139544618,  5.6881024420184,  0.0            
     12891,  -9.833798684193,  5.7808982760497,  0.0            
     12892,  -9.716005013754,  5.8737590160289,  0.0            
     12893,  -9.59883621418 ,  5.9672091125261,  0.0            
     12894,  -9.481937264332,  6.0611689815293,  0.0            
     12895,  -9.364964956812,  6.155282572386 ,  0.0            
     12896,  -9.247825910924,  6.249336824302 ,  0.0            
     12897,  -9.130573070119,  6.3433043713084,  0.0            
     12898,  -9.013234108337,  6.4371833922053,  0.0            
     12899,  -8.895813033544,  6.530946797966 ,  0.0            
     12900,  -8.778345298604,  6.6246039902112,  0.0            
     12901,  -8.660896546743,  6.7182161485772,  0.0            
     12902,  -8.543520658915,  6.8118647931658,  0.0            
     12903,  -8.426237827344,  6.9056094839408,  0.0            
     12904,  -8.30902392586 ,  6.9994620501202,  0.0            
     12905,  -8.191830154653,  7.093382440724 ,  0.0            
     12906,  -8.074615718853,  7.1873148279822,  0.0            
     12907,  -7.957369257071,  7.2812233897699,  0.0            
     12908,  -7.840099095844,  7.3751013335777,  0.0            
     12909,  -7.722817275684,  7.4689565163521,  0.0            
     12910,  -7.605531036595,  7.5627987627348,  0.0            
     12911,  -7.488243413244,  7.6566346031241,  0.0            
     12912,  -7.370955307471,  7.7504675462465,  0.0            
     12913,  -7.253666993775,  7.8442992182764,  0.0            
     12914,  -7.136378569705,  7.9381303530359,  0.0            
     12915,  -7.019090093839,  8.0319612680384,  0.0            
     12916,  -6.901801597511,  8.1257921016646,  0.0            
     12917,  -6.784513095272,  8.2196229097269,  0.0            
     12918,  -6.667224592022,  8.3134537119616,  0.0            
     12919,  -6.549936088843,  8.4072845137238,  0.0            
     12920,  -6.432647585781,  8.5011153158237,  0.0            
     12921,  -6.315359082764,  8.5949461181322,  0.0            
     12922,  -6.198070579758,  8.688776920511 ,  0.0            
     12923,  -6.080782076748,  8.7826077229079,  0.0            
     12924,  -5.963493531732,  8.8764385419008,  0.0            
     12925,  -5.846204835573,  8.970269390635 ,  0.0            
     12926,  -5.728915353519,  9.0641004174768,  0.0            
     12927,  -5.611623725846,  9.1579316216636,  0.0            
     12928,  -5.494325123461,  9.2517635664388,  0.0            
     12929,  -5.377010824974,  9.3455951602638,  0.0            
     12930,  -5.259657056017,  9.4394259361752,  0.0            
     12931,  -5.142228645844,  9.5332433822438,  0.0            
     12932,  -5.024650943259,  9.6270297516365,  0.0            
     12933,  -4.906849187746,  9.720728562345 ,  0.0            
     12934,  -4.788712320895,  9.8142949300597,  0.0            
     12935,  -4.670217517043,  9.9076475548568,  0.0            
     12936,  -4.551330084074,  10.000753651038,  0.0            
     12937,  -4.43217255048 ,  10.09346924734 ,  0.0            
     12938,  -4.312905992119,  10.185737010496,  0.0            
     12939,  -4.194095529007,  10.277690402106,  0.0            
     12940,  -4.076500503859,  10.370111273837,  0.0            
     12941,  -3.960815982484,  10.464051533184,  0.0            
     12942,  -3.846633776222,  10.559938547972,  0.0            
     12943,  -3.732318822983,  10.656418048969,  0.0            
     12944,  -3.616588718481,  10.751574401318,  0.0            
     12945,  -3.50007584816 ,  10.845619287489,  0.0            
     12946,  -3.38353865032 ,  10.939596010552,  0.0            
     12947,  -3.266545737233,  11.033902615381,  0.0            
     12948,  -3.148059986739,  11.127791453442,  0.0            
     12949,  -3.026518576816,  11.219771060684,  0.0            
     12950,  -2.900904655952,  11.307894296743,  0.0            
     12951,  -2.770308034516,  11.390493088791,  0.0            
     12952,  -2.635230860762,  11.461563644397,  0.0            
     12953,  -1.152404468473,  11.736100688032,  0.0            
     12954,  -1.027984531979,  11.772886300119,  0.0            
     12955,  -0.90273719147 ,  11.804778480506,  0.0            
     12956,  -0.776364256942,  11.83055772378 ,  0.0            
     12957,  -1.188890213696,  11.869147626504,  0.0            
     12958,  -1.226679920835,  12.002970053684,  0.0            
     12959,  -1.060164398435,  11.905405294524,  0.0            
     12960,  -0.930567192166,  11.937193252508,  0.0            
     12961,  -0.799903283431,  11.963690381878,  0.0            
     12962,  -1.093584286994,  12.039176544756,  0.0            
     12963,  -0.959465689512,  12.071064503386,  0.0            
     12964,  -0.824336074048,  12.098373670536,  0.0            
     12965,  -2.491433530729,  11.51903828979 ,  0.0            
     12966,  -2.375929251915,  11.6934910267  ,  0.0            
     12967,  -2.221124689904,  11.749734242612,  0.0            
     12968,  -2.077613685916,  11.813713629154,  0.0            
     12969,  -1.941717514944,  11.880512967142,  0.0            
     12970,  -1.807665317515,  11.943140402966,  0.0            
     12971,  -1.673049731881,  11.99916301085 ,  0.0            
     12972,  -1.537504212815,  12.049822173778,  0.0            
     12973,  -1.401635835658,  12.096236864824,  0.0            
     12974,  -1.265341936999,  12.138094646104,  0.0            
     12975,  -1.12790215166 ,  12.174324484954,  0.0            
     12976,  -0.989141499439,  12.206189022543,  0.0            
     12977,  -0.849449624997,  12.234398614327,  0.0            
     12978,  -0.328878022225,  9.851021390137 ,  0.0            
     12979,  -0.493647033812,  9.8111318613515,  0.0            
     12980,  -0.657035741289,  9.7612406532972,  0.0            
     12981,  -0.817587093084,  9.7016285246355,  0.0            
     12982,  -0.973868878749,  9.6321081573839,  0.0            
     12983,  -1.124537630138,  9.5524952923523,  0.0            
     12984,  -1.268525336937,  9.4627145398555,  0.0            
     12985,  -1.404862673443,  9.362765882083 ,  0.0            
     12986,  -1.532840681622,  9.2528210601568,  0.0            
     12987,  -1.652016676056,  9.1334935297935,  0.0            
     12988,  -1.761976271873,  9.0056057280524,  0.0            
     12989,  -1.862149773572,  8.8699541118374,  0.0            
     12990,  -1.951870652726,  8.7272718410585,  0.0            
     12991,  -2.030497795465,  8.5782654263649,  0.0            
     12992,  -2.097545855555,  8.4237118231907,  0.0            
     12993,  -2.152738203462,  8.2645037971707,  0.0            
     12994,  -2.195865874402,  8.1016094957833,  0.0            
     12995,  -2.226691687866,  7.9359950484439,  0.0            
     12996,  -2.244993555149,  7.7686021640706,  0.0            
     12997,  -1.382569873004,  5.6236124778206,  0.0            
     12998,  -1.249195602779,  5.5752759937333,  0.0            
     12999,  -1.219514316567,  5.4519326577959,  0.0            
     13000,  -1.202095238453,  5.3222014384354,  0.0            
     13001,  -1.193272801912,  5.1733433488113,  0.0            
     13002,  -1.189852312029,  5.0180037093511,  0.0            
     13003,  -1.189768872062,  4.8617451208345,  0.0            
     13004,  -0.648660055159,  11.849097767783,  0.0            
     13005,  -0.519801077552,  11.860038619599,  0.0            
     13006,  -0.390049709713,  11.864113556767,  0.0            
     13007,  -0.259898587   ,  11.862885774998,  0.0            
     13008,  -2.250652779261,  7.6003454510078,  0.0            
     13009,  -2.243700323794,  7.4321098867871,  0.0            
     13010,  -2.224304269096,  7.2647495460736,  0.0            
     13011,  -2.19275526776 ,  7.0990793854276,  0.0            
     13012,  -2.149544891595,  6.935904049179 ,  0.0            
     13013,  -2.095464166547,  6.7760501002913,  0.0            
     13014,  -2.031339697953,  6.6205668524718,  0.0            
     13015,  -1.95686969253 ,  6.4710035908595,  0.0            
     13016,  -1.869634371803,  6.3292201491544,  0.0            
     13017,  -1.76831618405 ,  6.1949887615586,  0.0            
     13018,  -1.658303145448,  6.0641836545716,  0.0            
     13019,  -1.546991113429,  5.9340992855908,  0.0            
     13020,  -1.428080810324,  5.8117080476496,  0.0            
     13021,  -1.291299760653,  5.7329194212631,  0.0            
     13022,  -1.155297511048,  5.6529721801416,  0.0            
     13023,  -1.076387107699,  5.5269829731131,  0.0            
     13024,  -10.93640713093,  4.6648930006949,  0.0            
     13025,  -10.7781300316 ,  4.7035474417973,  0.0            
     13026,  -10.47189566327,  4.6850377292597,  0.0            
     13027,  -10.32778231041,  4.6402571220322,  0.0            
     13028,  -10.18700333914,  4.6594356029171,  0.0            
     13029,  -10.04167401168,  4.6831067075691,  0.0            
     13030,  -9.894932853734,  4.6643223076154,  0.0            
     13031,  -9.742812233941,  4.6445611123438,  0.0            
     13032,  -9.591561076261,  4.6481416968695,  0.0            
     13033,  -9.441058172656,  4.6599598956888,  0.0            
     13034,  -9.293185963492,  4.6738218983688,  0.0            
     13035,  -9.146858613768,  4.6817806626948,  0.0            
     13036,  -9.000007567787,  4.6808665323766,  0.0            
     13037,  -8.851308390416,  4.6761877543408,  0.0            
     13038,  -8.701212001014,  4.673157202861 ,  0.0            
     13039,  -8.550705912538,  4.6726615254632,  0.0            
     13040,  -8.400322903245,  4.6732908521792,  0.0            
     13041,  -8.250058287756,  4.6740338026068,  0.0            
     13042,  -8.099736967551,  4.6746807820783,  0.0            
     13043,  -7.949032330784,  4.6752459351398,  0.0            
     13044,  -7.797602350369,  4.6756906038722,  0.0            
     13045,  -7.644728805331,  4.6760737128793,  0.0            
     13046,  -7.48986408287 ,  4.6769299563624,  0.0            
     13047,  -7.332106032253,  4.6796523786823,  0.0            
     13048,  -7.171233562904,  4.6865798755123,  0.0            
     13049,  -7.006880248868,  4.7001669503946,  0.0            
     13050,  -6.839578977244,  4.7209874614344,  0.0            
     13051,  -6.669903761751,  4.74599869254  ,  0.0            
     13052,  -6.494263427648,  4.6245317233036,  0.0            
     13053,  -6.321022180205,  4.6386073396331,  0.0            
     13054,  -6.148687714015,  4.6414154566799,  0.0            
     13055,  -5.978232236417,  4.6354397682466,  0.0            
     13056,  -5.810203654115,  4.6254731610729,  0.0            
     13057,  -5.644379966365,  4.6148891653137,  0.0            
     13058,  -5.480026373304,  4.6041695833003,  0.0            
     13059,  -5.316233043474,  4.5924351284131,  0.0            
     13060,  -5.164685375442,  4.7334396350234,  0.0            
     13061,  -5.000253512769,  4.7203638636022,  0.0            
     13062,  -4.837419601008,  4.7103519270016,  0.0            
     13063,  -4.67668351051 ,  4.703760930238 ,  0.0            
     13064,  -4.518447488836,  4.6991264334678,  0.0            
     13065,  -4.362198568298,  4.6947035610948,  0.0            
     13066,  -4.207610676263,  4.6898361826705,  0.0            
     13067,  -4.054102474858,  4.6849894177773,  0.0            
     13068,  -3.901446251313,  4.6809049576284,  0.0            
     13069,  -3.749483383978,  4.6779146544614,  0.0            
     13070,  -3.59812753195 ,  4.6758761192009,  0.0            
     13071,  -3.447325440507,  4.6744807031376,  0.0            
     13072,  -3.296937163044,  4.6734818103121,  0.0            
     13073,  -3.146858546273,  4.672746986018 ,  0.0            
     13074,  -2.996949662406,  4.6722063131846,  0.0            
     13075,  -2.847080601072,  4.6718251274665,  0.0            
     13076,  -2.697121863946,  4.6716179444933,  0.0            
     13077,  -2.546909238954,  4.6717132521376,  0.0            
     13078,  -2.396352961754,  4.6724317889858,  0.0            
     13079,  -2.245398282208,  4.6742872529056,  0.0            
     13080,  -2.094203522731,  4.677764397183 ,  0.0            
     13081,  -1.942991490758,  4.6829003074511,  0.0            
     13082,  -1.792060250249,  4.688987881585 ,  0.0            
     13083,  -1.641527949793,  4.6948124494989,  0.0            
     13084,  -1.491350609786,  4.6994483769743,  0.0            
     13085,  -1.34138504897 ,  4.703028552878 ,  0.0            
     13086,  -1.191671305186,  4.7064690336077,  0.0            
     13087,  -1.052992470751,  5.3540590564329,  0.0            
     13088,  -1.044360154514,  5.1928647803833,  0.0            
     13089,  -1.041233550833,  5.0290295378902,  0.0            
     13090,  -1.040934447464,  4.8680128452506,  0.0            
     13091,  -11.08439977067,  4.541318851418 ,  0.0            
     13092,  -10.93399780867,  4.5293045602264,  0.0            
     13093,  -10.7856479209 ,  4.5499932016949,  0.0            
     13094,  -10.6343421561 ,  4.567747932212 ,  0.0            
     13095,  -10.48823188526,  4.5351979651861,  0.0            
     13096,  -10.33993911238,  4.5129070869863,  0.0            
     13097,  -10.19135953503,  4.5210857200315,  0.0            
     13098,  -10.04378827237,  4.5279873774483,  0.0            
     13099,  -9.896860140579,  4.523030725426 ,  0.0            
     13100,  -9.747208778478,  4.5154903594058,  0.0            
     13101,  -9.595918551316,  4.5150897925846,  0.0            
     13102,  -9.445205518704,  4.5212876708297,  0.0            
     13103,  -9.295963873481,  4.5290831526177,  0.0            
     13104,  -9.147777495599,  4.5339513020007,  0.0            
     13105,  -8.999569349268,  4.5343654597767,  0.0            
     13106,  -8.850543744396,  4.5324486758284,  0.0            
     13107,  -8.700735650146,  4.5308586875318,  0.0            
     13108,  -8.550579536192,  4.5304003011558,  0.0            
     13109,  -8.400388226966,  4.5305853788957,  0.0            
     13110,  -8.25018947407 ,  4.5308963673804,  0.0            
     13111,  -8.099881939249,  4.5311709349052,  0.0            
     13112,  -7.94915605139 ,  4.5314043330123,  0.0            
     13113,  -7.797712036199,  4.5316036326821,  0.0            
     13114,  -7.644808803779,  4.5318727894727,  0.0            
     13115,  -7.489959488336,  4.5327015102867,  0.0            
     13116,  -7.332131304039,  4.5353750388886,  0.0            
     13117,  -7.171109007066,  4.5421763766218,  0.0            
     13118,  -7.006236938719,  4.5556655223037,  0.0            
     13119,  -6.838094671667,  4.5765367254704,  0.0            
     13120,  -6.666975248177,  4.6016909327051,  0.0            
     13121,  -6.489032931112,  4.4789564761608,  0.0            
     13122,  -6.313354993881,  4.4917320641357,  0.0            
     13123,  -6.138414359718,  4.4920777960314,  0.0            
     13124,  -5.965367530707,  4.482912785868 ,  0.0            
     13125,  -5.795367103514,  4.4699589758534,  0.0            
     13126,  -5.628447501167,  4.4574817475754,  0.0            
     13127,  -5.152935230477,  4.5797552939759,  0.0            
     13128,  -4.990235849932,  4.5677454408214,  0.0            
     13129,  -4.829198473499,  4.5583199493269,  0.0            
     13130,  -4.670028673123,  4.5520040265366,  0.0            
     13131,  -4.513290059057,  4.5478165878482,  0.0            
     13132,  -4.358402470852,  4.5443660271525,  0.0            
     13133,  -4.205172337154,  4.5409741566087,  0.0            
     13134,  -4.05290496273 ,  4.53776643108  ,  0.0            
     13135,  -3.90138143076 ,  4.5351268290339,  0.0            
     13136,  -3.750317373372,  4.5332156016662,  0.0            
     13137,  -3.599627823698,  4.5319197263278,  0.0            
     13138,  -3.449218891976,  4.5310332576641,  0.0            
     13139,  -3.299007962298,  4.5303961820383,  0.0            
     13140,  -3.148927481923,  4.5299227350092,  0.0            
     13141,  -2.998905372891,  4.5295704622404,  0.0            
     13142,  -2.848868612734,  4.5293268042828,  0.0            
     13143,  -2.698748489146,  4.5292186987735,  0.0            
     13144,  -2.548453529306,  4.5293474267257,  0.0            
     13145,  -2.397944149602,  4.5299222333083,  0.0            
     13146,  -2.247199679674,  4.5312490543038,  0.0            
     13147,  -2.096327806303,  4.533599555383 ,  0.0            
     13148,  -1.945463190256,  4.5369756850425,  0.0            
     13149,  -11.22288340274,  4.5006760210843,  0.0            
     13150,  -1.794783368789,  4.5409445210729,  0.0            
     13151,  -1.64435007043 ,  4.5447833849798,  0.0            
     13152,  -1.4941415366  ,  4.547940853805 ,  0.0            
     13153,  -1.344076225092,  4.5504249598622,  0.0            
     13154,  -1.194174423316,  4.5526177151079,  0.0            
     13155,  -11.08132756583,  4.3820710836143,  0.0            
     13156,  -10.93768830166,  4.3904974483358,  0.0            
     13157,  -10.79089097273,  4.3990035821614,  0.0            
     13158,  -10.64430108327,  4.4037021734641,  0.0            
     13159,  -10.49742929932,  4.3940711380971,  0.0            
     13160,  -10.34795355635,  4.3823533680822,  0.0            
     13161,  -10.19733299775,  4.3802555717466,  0.0            
     13162,  -10.04781601655,  4.3820105569171,  0.0            
     13163,  -9.898774227445,  4.3801754444808,  0.0            
     13164,  -9.748836143079,  4.3770064828831,  0.0            
     13165,  -9.598164437616,  4.3768250550558,  0.0            
     13166,  -9.447682788384,  4.3799892292881,  0.0            
     13167,  -9.297935730852,  4.3841714380947,  0.0            
     13168,  -9.148781611349,  4.3870059383851,  0.0            
     13169,  -8.999703714358,  4.3876515065148,  0.0            
     13170,  -8.850281249544,  4.3869728092673,  0.0            
     13171,  -8.700466652075,  4.3862229968765,  0.0            
     13172,  -8.550435228784,  4.3859223167974,  0.0            
     13173,  -8.400342779875,  4.3859448266423,  0.0            
     13174,  -8.250190740699,  4.3860623826102,  0.0            
     13175,  -8.099901187967,  4.3861820400566,  0.0            
     13176,  -7.949175191259,  4.3862924490445,  0.0            
     13177,  -7.797731389063,  4.3864046087298,  0.0            
     13178,  -7.644812396563,  4.3866259118358,  0.0            
     13179,  -7.48994334051 ,  4.387416373279 ,  0.0            
     13180,  -7.331999742256,  4.390021029998 ,  0.0            
     13181,  -7.170734715688,  4.3967287162347,  0.0            
     13182,  -7.005292728823,  4.4101960525353,  0.0            
     13183,  -6.836238623954,  4.4311797510855,  0.0            
     13184,  -6.663652887548,  4.4564529385028,  0.0            
     13185,  -6.484477539673,  4.3318767456299,  0.0            
     13186,  -6.306807944423,  4.3434194601954,  0.0            
     13187,  -6.12963856393 ,  4.3414949668202,  0.0            
     13188,  -5.464219454784,  4.4463785679038,  0.0            
     13189,  -5.301599076169,  4.4355767080249,  0.0            
     13190,  -5.140316189967,  4.424551502235 ,  0.0            
     13191,  -4.979987402432,  4.4142012121476,  0.0            
     13192,  -4.821320127086,  4.4059678715343,  0.0            
     13193,  -4.664215351853,  4.4003756405195,  0.0            
     13194,  -4.509152318528,  4.396806667631 ,  0.0            
     13195,  -4.355566228778,  4.3942197543588,  0.0            
     13196,  -4.203356516239,  4.3919965243578,  0.0            
     13197,  -4.051895722326,  4.3900482851823,  0.0            
     13198,  -3.901021699508,  4.3885041687446,  0.0            
     13199,  -3.750447578361,  4.3874024096424,  0.0            
     13200,  -3.600109087995,  4.3866560604716,  0.0            
     13201,  -3.449909317228,  4.3861403340395,  0.0            
     13202,  -3.299802965082,  4.3857652540297,  0.0            
     13203,  -3.149745993543,  4.3854842296175,  0.0            
     13204,  -2.999704420706,  4.3852764571899,  0.0            
     13205,  -2.84963991095 ,  4.3851399238191,  0.0            
     13206,  -2.699517817326,  4.3850981736928,  0.0            
     13207,  -2.549290550002,  4.3852190279462,  0.0            
     13208,  -2.398939673334,  4.3856299969819,  0.0            
     13209,  -2.248458941882,  4.3865091515429,  0.0            
     13210,  -2.09791189714 ,  4.388012180797 ,  0.0            
     13211,  -1.947376264112,  4.3901402891106,  0.0            
     13212,  -1.796948408407,  4.3926429803995,  0.0            
     13213,  -1.64665461186 ,  4.3950959594561,  0.0            
     13214,  -1.496474024162,  4.3971601335279,  0.0            
     13215,  -1.346351767963,  4.3987894227482,  0.0            
     13216,  -1.196295631263,  4.4001361611706,  0.0            
     13217,  -11.22182220912,  4.3602673287336,  0.0            
     13218,  -11.38280436466,  4.574285263535 ,  0.0            
     13219,  -11.35253265472,  4.4595568324168,  0.0            
     13220,  -11.35914634722,  4.3331764599068,  0.0            
     13221,  -11.45800383466,  4.4281856511145,  0.0            
     13222,  -11.51155882038,  4.4859703756461,  0.0            
     13223,  -11.48959401951,  4.3298369334273,  0.0            
     13224,  -11.60912970672,  4.3792330053862,  0.0            
     13225,  -11.68140320515,  4.248293235729 ,  0.0            
     13226,  -11.53260557083,  4.2027155732353,  0.0            
     13227,  -11.37887432877,  4.2029788843364,  0.0            
     13228,  -11.23124795163,  4.2177737037435,  0.0            
     13229,  -11.08592179506,  4.2324021378202,  0.0            
     13230,  -10.94042208672,  4.24120133231  ,  0.0            
     13231,  -10.79394360413,  4.2470898635575,  0.0            
     13232,  -10.64705028369,  4.2491052033075,  0.0            
     13233,  -10.49925520567,  4.2448003448704,  0.0            
     13234,  -10.34986211254,  4.2390219164328,  0.0            
     13235,  -10.19962150275,  4.236894104922 ,  0.0            
     13236,  -10.04958840038,  4.2369480642163,  0.0            
     13237,  -9.899756378391,  4.2361581801244,  0.0            
     13238,  -9.749646325008,  4.234893807025 ,  0.0            
     13239,  -9.599268799772,  4.2348788261727,  0.0            
     13240,  -9.44899320681 ,  4.2364357823668,  0.0            
     13241,  -9.299075029995,  4.2385572784236,  0.0            
     13242,  -9.14945978886 ,  4.2401041752955,  0.0            
     13243,  -8.999908426776,  4.2406305495676,  0.0            
     13244,  -8.850214216061,  4.2404657994166,  0.0            
     13245,  -8.70033402353 ,  4.2401648988205,  0.0            
     13246,  -8.55033345014 ,  4.2400112497028,  0.0            
     13247,  -8.400281275497,  4.2399991944559,  0.0            
     13248,  -8.25015229304 ,  4.2400470335607,  0.0            
     13249,  -8.099873846981,  4.2401121002123,  0.0            
     13250,  -7.949150443037,  4.2401808711344,  0.0            
     13251,  -7.797703935928,  4.2402560405905,  0.0            
     13252,  -7.644762056378,  4.2404341413739,  0.0            
     13253,  -7.489841008911,  4.2411530756147,  0.0            
     13254,  -7.331756590537,  4.2436423373365,  0.0            
     13255,  -7.170224632096,  4.2502096730348,  0.0            
     13256,  -7.004274868469,  4.2635814096932,  0.0            
     13257,  -6.834440039185,  4.2845536044158,  0.0            
     13258,  -6.660672965893,  4.3097904190002,  0.0            
     13259,  -6.481317350767,  4.1824140108223,  0.0            
     13260,  -6.30251986896 ,  4.1930189626753,  0.0            
     13261,  -6.12397010132 ,  4.1894870935256,  0.0            
     13262,  -5.954357134729,  4.3293105812165,  0.0            
     13263,  -5.782472347408,  4.3133890895779,  0.0            
     13264,  -5.614404056137,  4.2989367822593,  0.0            
     13265,  -5.450015813395,  4.2874295267586,  0.0            
     13266,  -5.288338077007,  4.2777478222592,  0.0            
     13267,  -5.128812110032,  4.2687731731264,  0.0            
     13268,  -4.970760834855,  4.2606094862515,  0.0            
     13269,  -4.814362662927,  4.2540856463896,  0.0            
     13270,  -4.659310624726,  4.2495932909591,  0.0            
     13271,  -4.505823947719,  4.2467650642814,  0.0            
     13272,  -4.353418865985,  4.2448802647358,  0.0            
     13273,  -4.202004569786,  4.2434435743109,  0.0            
     13274,  -4.051109548713,  4.2422878753636,  0.0            
     13275,  -3.900619553892,  4.2414165015224,  0.0            
     13276,  -3.750315450188,  4.2408126120124,  0.0            
     13277,  -3.600153508826,  4.2404124407612,  0.0            
     13278,  -3.450059884735,  4.2401397185608,  0.0            
     13279,  -3.300010533246,  4.239942480992 ,  0.0            
     13280,  -3.149979036535,  4.2397938054994,  0.0            
     13281,  -2.999950132876,  4.239682717222 ,  0.0            
     13282,  -2.849905092802,  4.2396102234988,  0.0            
     13283,  -2.699826721951,  4.239593595488 ,  0.0            
     13284,  -2.549691465364,  4.239675711905 ,  0.0            
     13285,  -2.399489129488,  4.2399317917795,  0.0            
     13286,  -2.249217783044,  4.2404632073733,  0.0            
     13287,  -2.098909765422,  4.2413584489448,  0.0            
     13288,  -1.948606831356,  4.2426210311062,  0.0            
     13289,  -1.798356257609,  4.2441131100396,  0.0            
     13290,  -1.648165632085,  4.245594271601 ,  0.0            
     13291,  -1.498014628326,  4.2468624954908,  0.0            
     13292,  -1.347864485456,  4.2478678274311,  0.0            
     13293,  -1.197718512735,  4.2486701890399,  0.0            
     13294,  -1.042427321531,  4.710001900577 ,  0.0            
     13295,  -1.044523580269,  4.5546049721872,  0.0            
     13296,  -1.046343795409,  4.401248235731 ,  0.0            
     13297,  -1.047597643139,  4.2493032776448,  0.0            
     13298,  -0.926298165152,  5.6016722963004,  0.0            
     13299,  -0.908359371624,  5.4025746813471,  0.0            
     13300,  -0.89853856737 ,  5.2091010304806,  0.0            
     13301,  -0.894414528636,  5.0379064791625,  0.0            
     13302,  -0.893159358325,  4.8726279721709,  0.0            
     13303,  -0.893794693845,  4.7124118481503,  0.0            
     13304,  -0.895205758021,  4.5558966175384,  0.0            
     13305,  -0.896563772216,  4.4019591456173,  0.0            
     13306,  -0.897565181941,  4.2497291513978,  0.0            
     13307,  -0.771148363273,  5.563020856834 ,  0.0            
     13308,  -0.759147032541,  5.3871786422545,  0.0            
     13309,  -0.753009463815,  5.2084238701268,  0.0            
     13310,  -0.748114504215,  5.037465284473 ,  0.0            
     13311,  -0.74580891784 ,  4.8725687403023,  0.0            
     13312,  -0.745456524309,  4.7124575593531,  0.0            
     13313,  -0.746083247373,  4.5560172630919,  0.0            
     13314,  -0.746917993274,  4.4021218319108,  0.0            
     13315,  -0.747631736855,  4.2499261170211,  0.0            
     13316,  -0.748191825069,  4.0987316863434,  0.0            
     13317,  -0.89825338184 ,  4.0985204482794,  0.0            
     13318,  -1.048390330091,  4.0982389966774,  0.0            
     13319,  -1.198574490333,  4.0978637449794,  0.0            
     13320,  -1.348749314567,  4.0973847128713,  0.0            
     13321,  -1.498901241882,  4.0967763191608,  0.0            
     13322,  -1.64902783562 ,  4.0960173000499,  0.0            
     13323,  -1.799155654315,  4.0951492731313,  0.0            
     13324,  -1.949301255628,  4.094290477234 ,  0.0            
     13325,  -2.09946521909 ,  4.0935720810614,  0.0            
     13326,  -2.249626958556,  4.0930644216017,  0.0            
     13327,  -2.399766389305,  4.0927605666085,  0.0            
     13328,  -2.54986966823 ,  4.0926096844186,  0.0            
     13329,  -2.699938262765,  4.0925557884382,  0.0            
     13330,  -2.849978587264,  4.0925574782301,  0.0            
     13331,  -3.00000192385 ,  4.0925907300835,  0.0            
     13332,  -3.150016621815,  4.0926451054801,  0.0            
     13333,  -3.300031076116,  4.0927187612044,  0.0            
     13334,  -3.450051804127,  4.092815736611 ,  0.0            
     13335,  -3.600092642898,  4.0929479867701,  0.0            
     13336,  -3.750165929478,  4.0931400025357,  0.0            
     13337,  -3.900316965862,  4.0934320083617,  0.0            
     13338,  -4.050574999958,  4.0938662482596,  0.0            
     13339,  -4.201079081828,  4.0944811377376,  0.0            
     13340,  -4.351917805594,  4.0953311335113,  0.0            
     13341,  -4.503403326827,  4.0965946593993,  0.0            
     13342,  -4.655674592827,  4.0986445498076,  0.0            
     13343,  -4.809119114067,  4.1019689259766,  0.0            
     13344,  -4.963843074824,  4.1068101297653,  0.0            
     13345,  -5.120258980995,  4.1129631768309,  0.0            
     13346,  -5.278720013034,  4.1201437813831,  0.0            
     13347,  -5.439965929101,  4.1288949001427,  0.0            
     13348,  -5.604817031561,  4.1407892303124,  0.0            
     13349,  -5.773907274798,  4.1568729243077,  0.0            
     13350,  -5.947235265176,  4.1750983623963,  0.0            
     13351,  -6.121401535356,  4.0354488942541,  0.0            
     13352,  -6.300364586093,  4.0397384300863,  0.0            
     13353,  -6.479344796425,  4.0297958713395,  0.0            
     13354,  -6.658411418739,  4.1608217118687,  0.0            
     13355,  -6.832860203181,  4.1359131486876,  0.0            
     13356,  -7.003220709478,  4.1152558339964,  0.0            
     13357,  -7.169573068722,  4.1021972993334,  0.0            
     13358,  -7.331379359533,  4.0958964975316,  0.0            
     13359,  -7.489638746717,  4.093597972295 ,  0.0            
     13360,  -7.644654366312,  4.0929880903283,  0.0            
     13361,  -7.797644168902,  4.0928546283446,  0.0            
     13362,  -7.949107394125,  4.0927933686658,  0.0            
     13363,  -8.09983332732 ,  4.0927316086476,  0.0            
     13364,  -8.250106881111,  4.0926778988565,  0.0            
     13365,  -8.400225422307,  4.0926462583867,  0.0            
     13366,  -8.550262767721,  4.0926522600659,  0.0            
     13367,  -8.700261282607,  4.092714619429 ,  0.0            
     13368,  -8.850195115672,  4.092810168655 ,  0.0            
     13369,  -9.000042933979,  4.0928001226719,  0.0            
     13370,  -9.149830833315,  4.0924560450062,  0.0            
     13371,  -9.299654602123,  4.091665988797 ,  0.0            
     13372,  -9.449621111963,  4.0906509614203,  0.0            
     13373,  -9.599754218251,  4.0899179171496,  0.0            
     13374,  -9.749947060671,  4.0898756516888,  0.0            
     13375,  -9.90005907986 ,  4.0903567842091,  0.0            
     13376,  -10.05009611821,  4.0907435679256,  0.0            
     13377,  -10.20019529212,  4.0910823354791,  0.0            
     13378,  -10.35025118754,  4.0925337067081,  0.0            
     13379,  -10.49974032727,  4.0953210169665,  0.0            
     13380,  -10.64833034971,  4.0971611615316,  0.0            
     13381,  -10.79628095439,  4.0958862782734,  0.0            
     13382,  -10.94403863333,  4.091744843094 ,  0.0            
     13383,  -11.09188945944,  4.0849486553052,  0.0            
     13384,  -11.24080032028,  4.0755854156807,  0.0            
     13385,  -11.39193380881,  4.0685657614235,  0.0            
     13386,  -11.54508816085,  4.0745326133289,  0.0            
     13387,  -11.6950049074 ,  4.0951564990784,  0.0            
     13388,  -0.668035877237,  11.983914180153,  0.0            
     13389,  -0.688180918248,  12.120207339263,  0.0            
     13390,  -0.709027816134,  12.258024163194,  0.0            
     13391,  -11.70117069136,  3.9485124101462,  0.0            
     13392,  -11.55006177926,  3.9347692589231,  0.0            
     13393,  -11.39770352765,  3.929767529765 ,  0.0            
     13394,  -11.24616414936,  3.9327549688133,  0.0            
     13395,  -11.09599161305,  3.938216140244 ,  0.0            
     13396,  -10.94679512482,  3.942717161294 ,  0.0            
     13397,  -10.79793572496,  3.9454735868344,  0.0            
     13398,  -10.64906765999,  3.9464124945827,  0.0            
     13399,  -10.49986036816,  3.9457457426851,  0.0            
     13400,  -10.35019579839,  3.9445006231153,  0.0            
     13401,  -10.20020578462,  3.9437009978182,  0.0            
     13402,  -10.05014059768,  3.9434109722767,  0.0            
     13403,  -9.9000883829  ,  3.9432187271245,  0.0            
     13404,  -9.750023826352,  3.9430418416469,  0.0            
     13405,  -9.599942886353,  3.943077532837 ,  0.0            
     13406,  -9.449895076775,  3.9433955460471,  0.0            
     13407,  -9.299919528553,  3.9438440968869,  0.0            
     13408,  -9.150004698279,  3.9442198399371,  0.0            
     13409,  -9.000104898126,  3.94442389795  ,  0.0            
     13410,  -8.850178350008,  3.9444848064526,  0.0            
     13411,  -8.700211818476,  3.9444826080699,  0.0            
     13412,  -8.550209464563,  3.9444753754731,  0.0            
     13413,  -8.400177461897,  3.9444854324237,  0.0            
     13414,  -8.250064784738,  3.9445189004029,  0.0            
     13415,  -8.099794177965,  3.9445748616003,  0.0            
     13416,  -7.949063530644,  3.9446419120439,  0.0            
     13417,  -7.797563276187,  3.9446981521248,  0.0            
     13418,  -7.644483608901,  3.9447690359457,  0.0            
     13419,  -7.489292314746,  3.9451819565346,  0.0            
     13420,  -7.330774448566,  3.9471299953559,  0.0            
     13421,  -7.168620681856,  3.952915523706 ,  0.0            
     13422,  -7.001896687236,  3.9652363878142,  0.0            
     13423,  -6.831225417469,  3.984988679558 ,  0.0            
     13424,  -6.656588417593,  4.008981012172 ,  0.0            
     13425,  -6.477464928634,  3.8729343070166,  0.0            
     13426,  -6.299080949447,  3.882572608247 ,  0.0            
     13427,  -6.120527135452,  3.8786621997024,  0.0            
     13428,  -5.944060711005,  4.0199836014663,  0.0            
     13429,  -5.769837626292,  4.0004311980321,  0.0            
     13430,  -5.599930131478,  3.9832956220701,  0.0            
     13431,  -5.43443854421 ,  3.9712339428203,  0.0            
     13432,  -5.273150514913,  3.9634397651764,  0.0            
     13433,  -5.115074649022,  3.9579681033256,  0.0            
     13434,  -4.959548482558,  3.9536902355867,  0.0            
     13435,  -4.805804905455,  3.9504138310618,  0.0            
     13436,  -4.653382435912,  3.948169791955 ,  0.0            
     13437,  -4.501888979217,  3.9467977356377,  0.0            
     13438,  -4.351005026853,  3.9459920180992,  0.0            
     13439,  -4.200530337285,  3.9454998001056,  0.0            
     13440,  -4.050268165953,  3.9451780421413,  0.0            
     13441,  -3.900141389672,  3.9449672465708,  0.0            
     13442,  -3.75007236353 ,  3.9448324558008,  0.0            
     13443,  -3.600041388848,  3.9447472622385,  0.0            
     13444,  -3.450025038601,  3.9446901616326,  0.0            
     13445,  -3.300017219537,  3.9446487939519,  0.0            
     13446,  -3.150011599882,  3.9446171393624,  0.0            
     13447,  -3.000005514567,  3.9445932988072,  0.0            
     13448,  -2.849995448126,  3.9445785118637,  0.0            
     13449,  -2.699977460642,  3.9445786401269,  0.0            
     13450,  -2.549946242633,  3.9446065711639,  0.0            
     13451,  -2.399897824766,  3.9446840118438,  0.0            
     13452,  -2.249830716887,  3.9448401663538,  0.0            
     13453,  -2.099749643533,  3.9451023895358,  0.0            
     13454,  -1.949662709624,  3.9454767035045,  0.0            
     13455,  -1.799577137696,  3.9459299778305,  0.0            
     13456,  -1.649489193878,  3.9463968252861,  0.0            
     13457,  -1.499386646296,  3.9468155495598,  0.0            
     13458,  -1.349251850215,  3.9471616675738,  0.0            
     13459,  -1.199086676238,  3.9474449356741,  0.0            
     13460,  -1.04890003318 ,  3.9476835814382,  0.0            
     13461,  -0.89873837405 ,  3.9478953688363,  0.0            
     13462,  -0.748633683088,  3.9481130058316,  0.0            
     13463,  -0.609374557573,  5.3607240036887,  0.0            
     13464,  -0.605211679533,  5.1943007038583,  0.0            
     13465,  -0.600772447916,  5.0297466558741,  0.0            
     13466,  -0.598056117437,  4.868474299051 ,  0.0            
     13467,  -0.597029777458,  4.7103984909486,  0.0            
     13468,  -0.597022901515,  4.555104902044 ,  0.0            
     13469,  -0.597401802366,  4.4018266055188,  0.0            
     13470,  -0.597848245793,  4.2499556152702,  0.0            
     13471,  -0.598272658042,  4.0989186339515,  0.0            
     13472,  -0.598650455971,  3.9483735971586,  0.0            
     13473,  -0.457489628499,  5.3374579504392,  0.0            
     13474,  -0.455246729046,  5.1786993198818,  0.0            
     13475,  -0.451903049319,  5.0201374533452,  0.0            
     13476,  -0.449436583095,  4.8629510409348,  0.0            
     13477,  -0.448215769439,  4.7074656705252,  0.0            
     13478,  -0.447872911679,  4.5537233094918,  0.0            
     13479,  -0.447955578002,  4.4013214332463,  0.0            
     13480,  -0.448200843178,  4.2499195240862,  0.0            
     13481,  -0.448500891667,  4.0991206423111,  0.0            
     13482,  -0.448801010443,  3.9486923528389,  0.0            
     13483,  -11.70140493245,  3.7973997923352,  0.0            
     13484,  -11.55098553774,  3.7902576219181,  0.0            
     13485,  -11.39969247508,  3.786985628982 ,  0.0            
     13486,  -11.24861583793,  3.7881294850991,  0.0            
     13487,  -11.09822826796,  3.7911043211347,  0.0            
     13488,  -10.94846309471,  3.7938217034115,  0.0            
     13489,  -10.79897124005,  3.7955512726029,  0.0            
     13490,  -10.64952407441,  3.7962246862522,  0.0            
     13491,  -10.49991956678,  3.7960525308373,  0.0            
     13492,  -10.35010235802,  3.7955332773952,  0.0            
     13493,  -10.20012064613,  3.7951344972656,  0.0            
     13494,  -10.05008867341,  3.7949521564915,  0.0            
     13495,  -9.900058071423,  3.7948560953021,  0.0            
     13496,  -9.75003211733 ,  3.7947928088884,  0.0            
     13497,  -9.60000881096 ,  3.794812491997 ,  0.0            
     13498,  -9.450003125815,  3.7949385772833,  0.0            
     13499,  -9.300026411001,  3.7951219085484,  0.0            
     13500,  -9.150072181733,  3.7952917070425,  0.0            
     13501,  -9.000121515055,  3.7954081569576,  0.0            
     13502,  -8.850156854773,  3.7954713919648,  0.0            
     13503,  -8.700172261121,  3.7955010576426,  0.0            
     13504,  -8.550165877197,  3.795517511139 ,  0.0            
     13505,  -8.400135990173,  3.795537281673 ,  0.0            
     13506,  -8.250030933982,  3.795574486863 ,  0.0            
     13507,  -8.099772910736,  3.7956358216725,  0.0            
     13508,  -7.949066156132,  3.7957152958336,  0.0            
     13509,  -7.797565755133,  3.7957958504283,  0.0            
     13510,  -7.644338913031,  3.7958077907102,  0.0            
     13511,  -7.488868345039,  3.795875413498 ,  0.0            
     13512,  -7.329835017647,  3.7971939350633,  0.0            
     13513,  -7.167076943688,  3.8020856001338,  0.0            
     13514,  -6.999752572401,  3.8130210203054,  0.0            
     13515,  -6.828773543677,  3.8309968913805,  0.0            
     13516,  -6.654257448676,  3.8532683134379,  0.0            
     13517,  -6.474079707461,  3.7110445312648,  0.0            
     13518,  -6.296829738275,  3.720397998213 ,  0.0            
     13519,  -6.119314073904,  3.7178516096848,  0.0            
     13520,  -5.943254943697,  3.8637152713475,  0.0            
     13521,  -5.768609794177,  3.8443295902   ,  0.0            
     13522,  -5.598089367572,  3.8270712308796,  0.0            
     13523,  -5.431978074937,  3.8151592758845,  0.0            
     13524,  -5.270406493124,  3.8082421867845,  0.0            
     13525,  -5.112328089019,  3.8040853900405,  0.0            
     13526,  -4.957176162836,  3.8011731020917,  0.0            
     13527,  -4.803937439611,  3.7990496081653,  0.0            
     13528,  -4.652091024223,  3.7976329001925,  0.0            
     13529,  -4.501046624524,  3.7967912946615,  0.0            
     13530,  -4.350509966532,  3.7963272959399,  0.0            
     13531,  -4.200241961663,  3.7960719772483,  0.0            
     13532,  -4.050113121244,  3.7959245899422,  0.0            
     13533,  -3.900055179234,  3.7958374082632,  0.0            
     13534,  -3.750026895601,  3.795784831619 ,  0.0            
     13535,  -3.600015146811,  3.7957520265889,  0.0            
     13536,  -3.450009378365,  3.7957296042066,  0.0            
     13537,  -3.300006777847,  3.7957129491363,  0.0            
     13538,  -3.150004851252,  3.7957000745354,  0.0            
     13539,  -3.000002612968,  3.7956905711569,  0.0            
     13540,  -2.84999871653 ,  3.795685267732 ,  0.0            
     13541,  -2.699991434499,  3.7956870508379,  0.0            
     13542,  -2.549978565897,  3.7957023767955,  0.0            
     13543,  -2.399957824388,  3.7957428174959,  0.0            
     13544,  -2.249927150667,  3.7958230003686,  0.0            
     13545,  -2.099887574714,  3.7959529426716,  0.0            
     13546,  -1.949842252551,  3.7961386237848,  0.0            
     13547,  -1.799792228833,  3.7963698880272,  0.0            
     13548,  -1.649732230706,  3.7966156753134,  0.0            
     13549,  -1.499653656507,  3.7968445754848,  0.0            
     13550,  -1.349545339606,  3.7970450456404,  0.0            
     13551,  -1.199407389024,  3.7972284122374,  0.0            
     13552,  -1.049243703111,  3.7974102976629,  0.0            
     13553,  -0.899088966292,  3.797594975363 ,  0.0            
     13554,  -0.74897655507 ,  3.7978128769801,  0.0            
     13555,  -0.598961878465,  3.7981013441339,  0.0            
     13556,  -0.449061440433,  3.7984712178323,  0.0            
     13557,  -0.449268233138,  3.6483774971046,  0.0            
     13558,  -0.599203081334,  3.6479931536574,  0.0            
     13559,  -0.749235011284,  3.6477026065258,  0.0            
     13560,  -0.899344811251,  3.6474900780797,  0.0            
     13561,  -1.04948665773 ,  3.6473061754381,  0.0            
     13562,  -1.199621739805,  3.6471237026712,  0.0            
     13563,  -1.349726093293,  3.6469932853541,  0.0            
     13564,  -1.49980586666 ,  3.6468864781229,  0.0            
     13565,  -1.649862128085,  3.646776452608 ,  0.0            
     13566,  -1.799901298414,  3.6466636702675,  0.0            
     13567,  -1.949928926156,  3.6465632519798,  0.0            
     13568,  -2.099951334298,  3.6464955635494,  0.0            
     13569,  -2.249972973986,  3.6464427356619,  0.0            
     13570,  -2.399986173463,  3.6463938381741,  0.0            
     13571,  -2.549992178761,  3.6463732053254,  0.0            
     13572,  -2.699996746814,  3.6463669699891,  0.0            
     13573,  -2.84999944792 ,  3.6463661658885,  0.0            
     13574,  -3.000000812862,  3.6463680194372,  0.0            
     13575,  -3.150001534277,  3.6463712270334,  0.0            
     13576,  -3.300002101867,  3.6463754170188,  0.0            
     13577,  -3.450002858416,  3.6463807754913,  0.0            
     13578,  -3.600004676556,  3.6463881551222,  0.0            
     13579,  -3.750008763732,  3.646399544867 ,  0.0            
     13580,  -3.900019256942,  3.6464192000502,  0.0            
     13581,  -4.050043380332,  3.6464550709702,  0.0            
     13582,  -4.200101131851,  3.6465241658442,  0.0            
     13583,  -4.350256764786,  3.6466530943488,  0.0            
     13584,  -4.500588803073,  3.6469073241012,  0.0            
     13585,  -4.651339692889,  3.6473970100513,  0.0            
     13586,  -4.802777449767,  3.6482356119922,  0.0            
     13587,  -4.955566337258,  3.6495254416165,  0.0            
     13588,  -5.110343120808,  3.651382157488 ,  0.0            
     13589,  -5.268354063153,  3.6542530681802,  0.0            
     13590,  -5.430052260332,  3.6599035705941,  0.0            
     13591,  -5.596700031954,  3.6712355655561,  0.0            
     13592,  -5.767747519929,  3.6875712541234,  0.0            
     13593,  -5.942579886393,  3.7051126935458,  0.0            
     13594,  -6.116168271179,  3.5523694600548,  0.0            
     13595,  -6.292162848755,  3.5522539483753,  0.0            
     13596,  -6.467956118682,  3.5430520392697,  0.0            
     13597,  -6.650083935805,  3.6932861820068,  0.0            
     13598,  -6.824443285529,  3.6739234634748,  0.0            
     13599,  -6.996043283358,  3.6589461710191,  0.0            
     13600,  -7.164693962474,  3.6502842988746,  0.0            
     13601,  -7.329290679194,  3.6465191845084,  0.0            
     13602,  -7.488951553881,  3.6462205151476,  0.0            
     13603,  -7.645255093963,  3.6467045321127,  0.0            
     13604,  -7.797967039484,  3.6465360552341,  0.0            
     13605,  -7.949214287125,  3.6464437003182,  0.0            
     13606,  -8.099794477517,  3.6463505578679,  0.0            
     13607,  -8.250009665945,  3.646287292053 ,  0.0            
     13608,  -8.400099610252,  3.646249034372 ,  0.0            
     13609,  -8.55012781096 ,  3.6462240486599,  0.0            
     13610,  -8.70013701542 ,  3.6461962711428,  0.0            
     13611,  -8.850131257648,  3.6461544329398,  0.0            
     13612,  -9.000114036708,  3.6460953897794,  0.0            
     13613,  -9.150087789679,  3.6460231077039,  0.0            
     13614,  -9.300060044431,  3.6459460392319,  0.0            
     13615,  -9.450038774377,  3.6458777945398,  0.0            
     13616,  -9.600028334019,  3.6458360086208,  0.0            
     13617,  -9.750027381696,  3.6458310662978,  0.0            
     13618,  -9.900032913838,  3.6458549049327,  0.0            
     13619,  -10.05004617262,  3.6458981111056,  0.0            
     13620,  -10.20006109696,  3.6459850020174,  0.0            
     13621,  -10.35005278504,  3.6461492609097,  0.0            
     13622,  -10.49997222241,  3.6463266369893,  0.0            
     13623,  -10.64980266624,  3.6463105354858,  0.0            
     13624,  -10.79956740825,  3.6458663793116,  0.0            
     13625,  -10.94937340578,  3.6448641492656,  0.0            
     13626,  -11.09934262884,  3.6433672609198,  0.0            
     13627,  -11.24964642681,  3.6418768861848,  0.0            
     13628,  -11.40025887539,  3.6415441491315,  0.0            
     13629,  -11.5508911978 ,  3.643526625087 ,  0.0            
     13630,  -11.70100317069,  3.6472793691547,  0.0            
     13631,  -11.70069059749,  3.497541646848 ,  0.0            
     13632,  -11.55069791562,  3.4954657149643,  0.0            
     13633,  -11.40041593742,  3.4942677180576,  0.0            
     13634,  -11.25009711176,  3.4942710219093,  0.0            
     13635,  -11.09989646658,  3.4949596726102,  0.0            
     13636,  -10.94985476652,  3.4957323426372,  0.0            
     13637,  -10.7998969369 ,  3.4962828929353,  0.0            
     13638,  -10.6499685266 ,  3.4965551748057,  0.0            
     13639,  -10.50001871258,  3.4966128310162,  0.0            
     13640,  -10.35003923747,  3.4965641962299,  0.0            
     13641,  -10.20003501448,  3.4965018499808,  0.0            
     13642,  -10.05002532615,  3.4964633333188,  0.0            
     13643,  -9.900019962453,  3.4964439789416,  0.0            
     13644,  -9.750022164376,  3.4964337186451,  0.0            
     13645,  -9.600030550564,  3.4964318501517,  0.0            
     13646,  -9.450046724397,  3.4964783334352,  0.0            
     13647,  -9.300062099608,  3.4964660367399,  0.0            
     13648,  -9.150080426804,  3.4965056795218,  0.0            
     13649,  -9.000095655801,  3.4965569512957,  0.0            
     13650,  -8.850104101062,  3.4966096171743,  0.0            
     13651,  -8.700104537603,  3.4966523478406,  0.0            
     13652,  -8.550093244421,  3.4966818911278,  0.0            
     13653,  -8.400064945275,  3.4967054750793,  0.0            
     13654,  -8.249991594627,  3.4967354204404,  0.0            
     13655,  -8.099843903301,  3.4967783388929,  0.0            
     13656,  -7.94953083712 ,  3.4968448434186,  0.0            
     13657,  -7.798907756064,  3.496914495231 ,  0.0            
     13658,  -7.647819308218,  3.4966019080762,  0.0            
     13659,  -7.489373125582,  3.4965910546162,  0.0            
     13660,  -7.329376457209,  3.4961938816414,  0.0            
     13661,  -7.160750062525,  3.497751020434 ,  0.0            
     13662,  -6.990028536148,  3.502715818872 ,  0.0            
     13663,  -6.817404571092,  3.5129394731441,  0.0            
     13664,  -6.64307420513 ,  3.5279580128747,  0.0            
     13665,  -6.459505124788,  3.3684283893694,  0.0            
     13666,  -6.28523490827 ,  3.3772227642998,  0.0            
     13667,  -6.111111262747,  3.3811132677716,  0.0            
     13668,  -5.940291182119,  3.5440712016432,  0.0            
     13669,  -5.765042596718,  3.5305392191841,  0.0            
     13670,  -5.592011098888,  3.5158327593368,  0.0            
     13671,  -5.425090874232,  3.5047443533754,  0.0            
     13672,  -5.263294824662,  3.5011765953466,  0.0            
     13673,  -5.106854650006,  3.4993820749633,  0.0            
     13674,  -4.95345063818 ,  3.4982995935356,  0.0            
     13675,  -4.801617438595,  3.497592538507 ,  0.0            
     13676,  -4.650730049735,  3.4971599963004,  0.0            
     13677,  -4.500278518823,  3.496919458671 ,  0.0            
     13678,  -4.350003883113,  3.4968263307666,  0.0            
     13679,  -4.20002279921 ,  3.4967462875849,  0.0            
     13680,  -4.050012818324,  3.4967210587322,  0.0            
     13681,  -3.90000561652 ,  3.4967096549408,  0.0            
     13682,  -3.750002409561,  3.4967040816846,  0.0            
     13683,  -3.600001207778,  3.4967009346528,  0.0            
     13684,  -3.450000736408,  3.4966988249912,  0.0            
     13685,  -3.300000549743,  3.4966972254685,  0.0            
     13686,  -3.150000392772,  3.4966959617634,  0.0            
     13687,  -3.000000164072,  3.49669503746  ,  0.0            
     13688,  -2.84999970455 ,  3.4966946200023,  0.0            
     13689,  -2.699998791464,  3.496695194339 ,  0.0            
     13690,  -2.54999727279 ,  3.496697918621 ,  0.0            
     13691,  -2.399995348558,  3.4967057215766,  0.0            
     13692,  -2.249998983466,  3.4968243053301,  0.0            
     13693,  -2.099998364298,  3.4968272988387,  0.0            
     13694,  -1.949975175574,  3.4967713117206,  0.0            
     13695,  -1.799958100812,  3.4968112890756,  0.0            
     13696,  -1.649936704619,  3.4968575935392,  0.0            
     13697,  -1.499904251884,  3.4969052632072,  0.0            
     13698,  -1.349854540532,  3.4969549583146,  0.0            
     13699,  -1.199786044856,  3.49705681675  ,  0.0            
     13700,  -1.049680437491,  3.4973376447862,  0.0            
     13701,  -0.899536514445,  3.4975440200759,  0.0            
     13702,  -0.749432899463,  3.4977417242237,  0.0            
     13703,  -0.599392009784,  3.4980151514832,  0.0            
     13704,  -0.449433258808,  3.4983858697622,  0.0            
     13705,  -0.449572893573,  3.3484767520972,  0.0            
     13706,  -0.599548590322,  3.3481385409469,  0.0            
     13707,  -0.749588783085,  3.347896175244 ,  0.0            
     13708,  -0.899673941021,  3.3477236772492,  0.0            
     13709,  -1.049802755996,  3.3475474084062,  0.0            
     13710,  -1.199997936392,  3.3469202130742,  0.0            
     13711,  -1.349999833029,  3.3469202082831,  0.0            
     13712,  -1.500000019526,  3.346920119135 ,  0.0            
     13713,  -1.649999999195,  3.3469201236448,  0.0            
     13714,  -1.8           ,  3.346920123346 ,  0.0            
     13715,  -1.95          ,  3.346920123346 ,  0.0            
     13716,  -2.1           ,  3.346920123346 ,  0.0            
     13717,  -2.25          ,  3.346920123346 ,  0.0            
     13718,  -2.4           ,  3.346920123346 ,  0.0            
     13719,  -2.55          ,  3.346920123346 ,  0.0            
     13720,  -2.7           ,  3.346920123346 ,  0.0            
     13721,  -2.85          ,  3.346920123346 ,  0.0            
     13722,  -3.0           ,  3.346920123346 ,  0.0            
     13723,  -3.15          ,  3.346920123346 ,  0.0            
     13724,  -3.3           ,  3.346920123346 ,  0.0            
     13725,  -3.45          ,  3.346920123346 ,  0.0            
     13726,  -3.6           ,  3.346920123346 ,  0.0            
     13727,  -3.75          ,  3.346920123346 ,  0.0            
     13728,  -3.9           ,  3.346920123346 ,  0.0            
     13729,  -4.05          ,  3.346920123346 ,  0.0            
     13730,  -4.2           ,  3.346920123346 ,  0.0            
     13731,  -4.35          ,  3.346920123346 ,  0.0            
     13732,  -4.5           ,  3.346920123346 ,  0.0            
     13733,  -4.65          ,  3.346920123346 ,  0.0            
     13734,  -4.8           ,  3.346920123346 ,  0.0            
     13735,  -4.95          ,  3.346920123346 ,  0.0            
     13736,  -5.1           ,  3.346920123346 ,  0.0            
     13737,  -5.256394356601,  3.3482608979481,  0.0            
     13738,  -5.411845679482,  3.3508686831598,  0.0            
     13739,  -5.584264871634,  3.3625915804006,  0.0            
     13740,  -5.761132453946,  3.3730293332603,  0.0            
     13741,  -5.936572636363,  3.3799417394694,  0.0            
     13742,  -6.106034356995,  3.2038080104026,  0.0            
     13743,  -6.278248122618,  3.1947495028477,  0.0            
     13744,  -6.451310399237,  3.186493874474 ,  0.0            
     13745,  -6.633824839121,  3.3569434596966,  0.0            
     13746,  -6.808193963355,  3.3480056327579,  0.0            
     13747,  -6.981924731307,  3.3449385782355,  0.0            
     13748,  -7.154148792184,  3.3452213802753,  0.0            
     13749,  -7.322875761357,  3.3463557914588,  0.0            
     13750,  -7.486854347418,  3.3467257787779,  0.0            
     13751,  -7.650005873868,  3.3469568388814,  0.0            
     13752,  -7.800004921133,  3.3469121924745,  0.0            
     13753,  -7.949593694674,  3.3470836891912,  0.0            
     13754,  -8.099777812105,  3.3471423005773,  0.0            
     13755,  -8.249940809022,  3.3471436336578,  0.0            
     13756,  -8.400025603395,  3.3471278109461,  0.0            
     13757,  -8.550060956638,  3.3471080830912,  0.0            
     13758,  -8.700074328314,  3.3470795435868,  0.0            
     13759,  -8.850076890401,  3.3470383987195,  0.0            
     13760,  -9.000073026181,  3.3469902335144,  0.0            
     13761,  -9.150064024709,  3.3469480401894,  0.0            
     13762,  -9.300051916069,  3.3469218835996,  0.0            
     13763,  -9.450038665643,  3.3469123093091,  0.0            
     13764,  -9.600026624862,  3.346913099667 ,  0.0            
     13765,  -9.750017905334,  3.3469179238536,  0.0            
     13766,  -9.900014137686,  3.3469237679747,  0.0            
     13767,  -10.05001710388,  3.3469314196161,  0.0            
     13768,  -10.20002641579,  3.3469440423057,  0.0            
     13769,  -10.35004018947,  3.3469602919009,  0.0            
     13770,  -10.50005249046,  3.3469623470042,  0.0            
     13771,  -10.65006352033,  3.3469117221928,  0.0            
     13772,  -10.80007507826,  3.3467623009651,  0.0            
     13773,  -10.95010886913,  3.3464886994891,  0.0            
     13774,  -11.10018184473,  3.3461326075906,  0.0            
     13775,  -11.25032048948,  3.3458664849557,  0.0            
     13776,  -11.40048610537,  3.3459936246704,  0.0            
     13777,  -11.55059837895,  3.3467495037285,  0.0            
     13778,  -11.70053643759,  3.3479783316874,  0.0            
     13779,  -0.305236268198,  5.3197284817631,  0.0            
     13780,  -0.304095957244,  5.166033715635 ,  0.0            
     13781,  -0.301927894277,  5.0117940802705,  0.0            
     13782,  -0.300122057251,  4.8578711670983,  0.0            
     13783,  -0.299090190044,  4.7046468312795,  0.0            
     13784,  -0.298678990231,  4.5523441281242,  0.0            
     13785,  -0.298616126394,  4.4008068652856,  0.0            
     13786,  -0.298722150509,  4.2498875879391,  0.0            
     13787,  -0.298905284596,  4.0993500497569,  0.0            
     13788,  -0.299109316389,  3.949058599609 ,  0.0            
     13789,  -0.299293260816,  3.7989058159782,  0.0            
     13790,  -0.299441274509,  3.6488397897684,  0.0            
     13791,  -0.299560016692,  3.4988427542369,  0.0            
     13792,  -0.299661178199,  3.3489037628539,  0.0            
     13793,  -11.7004847896 ,  3.1983824627134,  0.0            
     13794,  -11.55056894274,  3.1975960496396,  0.0            
     13795,  -11.40053114445,  3.1970957015479,  0.0            
     13796,  -11.2504348286 ,  3.1969433387822,  0.0            
     13797,  -11.10032441532,  3.1970209132464,  0.0            
     13798,  -10.95023550775,  3.1971727297769,  0.0            
     13799,  -10.8001644586 ,  3.1973023614883,  0.0            
     13800,  -10.65011305288,  3.197379701466 ,  0.0            
     13801,  -10.50007286897,  3.1974117572588,  0.0            
     13802,  -10.35004437155,  3.1974176352086,  0.0            
     13803,  -10.20002478144,  3.1974140172034,  0.0            
     13804,  -10.05001434309,  3.1974095271455,  0.0            
     13805,  -9.900011230361,  3.1974058128292,  0.0            
     13806,  -9.750014061367,  3.1974016692781,  0.0            
     13807,  -9.600020634022,  3.1973966327347,  0.0            
     13808,  -9.450029167987,  3.1973934751468,  0.0            
     13809,  -9.300037760312,  3.1973987749149,  0.0            
     13810,  -9.150044941107,  3.1974193159859,  0.0            
     13811,  -9.000049727363,  3.1974552929664,  0.0            
     13812,  -8.850051118758,  3.1974976750939,  0.0            
     13813,  -8.700047140571,  3.1975343765621,  0.0            
     13814,  -8.550031885568,  3.1975596861435,  0.0            
     13815,  -8.399982346212,  3.1975757592068,  0.0            
     13816,  -8.249844306065,  3.197584094089 ,  0.0            
     13817,  -8.099474312054,  3.1975654064305,  0.0            
     13818,  -7.948572351292,  3.1974628624416,  0.0            
     13819,  -7.796334749181,  3.19731565414  ,  0.0            
     13820,  -7.641148431175,  3.1976563142187,  0.0            
     13821,  -7.48236879206 ,  3.1976451553134,  0.0            
     13822,  -7.317946652436,  3.1964686036366,  0.0            
     13823,  -7.148163253779,  3.1930345962544,  0.0            
     13824,  -6.974170892527,  3.1856707428059,  0.0            
     13825,  -6.799237941549,  3.1776823479265,  0.0            
     13826,  -6.625047852051,  3.1789210280538,  0.0            
     13827,  -5.933182376254,  3.2139079777357,  0.0            
     13828,  -5.759560845118,  3.2161167301729,  0.0            
     13829,  -5.587834506062,  3.210919247054 ,  0.0            
     13830,  -5.412700018181,  3.2008929647301,  0.0            
     13831,  -5.259973356964,  3.1979773469693,  0.0            
     13832,  -5.104503468109,  3.1974630091421,  0.0            
     13833,  -4.951957710281,  3.1974167981741,  0.0            
     13834,  -4.800786395182,  3.1974585318117,  0.0            
     13835,  -4.650288422572,  3.1974929910241,  0.0            
     13836,  -4.500091000679,  3.1975109885253,  0.0            
     13837,  -4.350024889554,  3.1975181215082,  0.0            
     13838,  -4.200004918218,  3.1975204656809,  0.0            
     13839,  -4.05000077806 ,  3.1975209998044,  0.0            
     13840,  -3.9           ,  3.1975210980176,  0.0            
     13841,  -3.75          ,  3.1975210980176,  0.0            
     13842,  -3.6           ,  3.1975210980176,  0.0            
     13843,  -3.45          ,  3.1975210980176,  0.0            
     13844,  -3.3           ,  3.1975210980176,  0.0            
     13845,  -3.15          ,  3.1975210980176,  0.0            
     13846,  -3.0           ,  3.1975210980176,  0.0            
     13847,  -2.85          ,  3.1975210980175,  0.0            
     13848,  -2.699999999915,  3.1975210980071,  0.0            
     13849,  -2.549999999351,  3.1975210979423,  0.0            
     13850,  -2.399999990892,  3.197521097013 ,  0.0            
     13851,  -2.249999954752,  3.1975210933739,  0.0            
     13852,  -2.09999977503 ,  3.197521077526 ,  0.0            
     13853,  -1.94999921848 ,  3.197521039146 ,  0.0            
     13854,  -1.799997411194,  3.1975209613666,  0.0            
     13855,  -1.64999287401 ,  3.1975209992869,  0.0            
     13856,  -1.499981074902,  3.1975222443089,  0.0            
     13857,  -1.349953470284,  3.1975302691829,  0.0            
     13858,  -1.199880755967,  3.1976123747679,  0.0            
     13859,  -1.049817043506,  3.1978690919915,  0.0            
     13860,  -0.899760993832,  3.1980253691539,  0.0            
     13861,  -0.749710478763,  3.1981633152948,  0.0            
     13862,  -0.599679001409,  3.198366726063 ,  0.0            
     13863,  -0.449690409881,  3.1986568228396,  0.0            
     13864,  -0.299746571858,  3.1990295980837,  0.0            
     13865,  -0.299811438238,  3.049210766576 ,  0.0            
     13866,  -0.449781014344,  3.048910365936 ,  0.0            
     13867,  -0.599781683327,  3.0486761187673,  0.0            
     13868,  -0.749806474246,  3.0485122816481,  0.0            
     13869,  -0.899836871581,  3.0484157842526,  0.0            
     13870,  -1.049873906509,  3.0483205037303,  0.0            
     13871,  -1.199913676694,  3.0482067557688,  0.0            
     13872,  -1.349953284975,  3.0481481410299,  0.0            
     13873,  -1.499978662378,  3.0481321471311,  0.0            
     13874,  -1.649991500718,  3.0481289401808,  0.0            
     13875,  -1.799996811402,  3.0481282331284,  0.0            
     13876,  -1.949999018914,  3.04812808072  ,  0.0            
     13877,  -2.099999713656,  3.0481280499078,  0.0            
     13878,  -2.249999941894,  3.0481280440251,  0.0            
     13879,  -2.399999988184,  3.0481280432226,  0.0            
     13880,  -2.549999999148,  3.0481280431258,  0.0            
     13881,  -2.699999999885,  3.0481280431226,  0.0            
     13882,  -2.85          ,  3.0481280431234,  0.0            
     13883,  -3.0           ,  3.0481280431234,  0.0            
     13884,  -3.15          ,  3.0481280431234,  0.0            
     13885,  -3.3           ,  3.0481280431234,  0.0            
     13886,  -3.45          ,  3.0481280431234,  0.0            
     13887,  -3.6           ,  3.0481280431234,  0.0            
     13888,  -3.75          ,  3.0481280431234,  0.0            
     13889,  -3.9           ,  3.0481280431234,  0.0            
     13890,  -4.050001073809,  3.048128031143 ,  0.0            
     13891,  -4.200006856148,  3.0481279439734,  0.0            
     13892,  -4.350034586631,  3.0481276967942,  0.0            
     13893,  -4.500126680965,  3.0481273857204,  0.0            
     13894,  -4.650398782703,  3.0481296387152,  0.0            
     13895,  -4.801076451541,  3.0481474827573,  0.0            
     13896,  -4.95261664869 ,  3.0482374413706,  0.0            
     13897,  -5.105761927526,  3.0485965283138,  0.0            
     13898,  -5.261692501947,  3.049938201025 ,  0.0            
     13899,  -5.421293994217,  3.0534616906496,  0.0            
     13900,  -5.585640006489,  3.0586450533025,  0.0            
     13901,  -5.755266732149,  3.0602773552618,  0.0            
     13902,  -5.930068723273,  3.0479097631714,  0.0            
     13903,  -6.102470774424,  3.018592445744 ,  0.0            
     13904,  -6.274029917123,  3.0044587141114,  0.0            
     13905,  -6.446543688577,  2.9978197031477,  0.0            
     13906,  -6.619950958612,  2.9937594093691,  0.0            
     13907,  -6.795605143332,  2.994053418966 ,  0.0            
     13908,  -6.972734683416,  3.0316622227271,  0.0            
     13909,  -7.147392879916,  3.043283791396 ,  0.0            
     13910,  -7.318029499944,  3.047870184762 ,  0.0            
     13911,  -7.481913577437,  3.0487962018478,  0.0            
     13912,  -7.640588114676,  3.0486228534889,  0.0            
     13913,  -7.795529584772,  3.0482842978498,  0.0            
     13914,  -7.948129294606,  3.0481507615249,  0.0            
     13915,  -8.099301189561,  3.0481255970057,  0.0            
     13916,  -8.249782993143,  3.0481103812636,  0.0            
     13917,  -8.399952004735,  3.0480952796051,  0.0            
     13918,  -8.55000925384 ,  3.0480800877921,  0.0            
     13919,  -8.700024172974,  3.0480587396192,  0.0            
     13920,  -8.85002810646 ,  3.0480282782624,  0.0            
     13921,  -9.000027963369,  3.0479932815421,  0.0            
     13922,  -9.1500263225  ,  3.0479637080197,  0.0            
     13923,  -9.300023305854,  3.0479470114559,  0.0            
     13924,  -9.450019106994,  3.0479429831425,  0.0            
     13925,  -9.600014306092,  3.0479459078181,  0.0            
     13926,  -9.750010400857,  3.0479502100442,  0.0            
     13927,  -9.90000905319 ,  3.0479534186224,  0.0            
     13928,  -10.05001264717,  3.0479555547066,  0.0            
     13929,  -10.20002339217,  3.047957215872 ,  0.0            
     13930,  -10.35004461886,  3.0479577842698,  0.0            
     13931,  -10.50007832638,  3.0479538887067,  0.0            
     13932,  -10.6501284131 ,  3.0479390360594,  0.0            
     13933,  -10.80019378972,  3.047906082056 ,  0.0            
     13934,  -10.95027745192,  3.04785454352  ,  0.0            
     13935,  -11.10037004415,  3.047803248612 ,  0.0            
     13936,  -11.25046622387,  3.0478041907754,  0.0            
     13937,  -11.4005337837 ,  3.0479383825594,  0.0            
     13938,  -11.55054429603,  3.0482705852668,  0.0            
     13939,  -11.70045639479,  3.0487844257877,  0.0            
     13940,  -0.299858173573,  2.8994435750735,  0.0            
     13941,  -0.449847387372,  2.8992347223289,  0.0            
     13942,  -0.599864615189,  2.8990614842279,  0.0            
     13943,  -0.749882470302,  2.8989204678653,  0.0            
     13944,  -0.899903162632,  2.8988906390717,  0.0            
     13945,  -1.04992935449 ,  2.8988471380851,  0.0            
     13946,  -1.19995112437 ,  2.8987940742714,  0.0            
     13947,  -1.349971834692,  2.8987614382468,  0.0            
     13948,  -1.499985822829,  2.8987488795765,  0.0            
     13949,  -1.649994037233,  2.8987451989791,  0.0            
     13950,  -1.799997681702,  2.8987441906191,  0.0            
     13951,  -1.94999926746 ,  2.8987438914573,  0.0            
     13952,  -2.099999782421,  2.8987438080428,  0.0            
     13953,  -2.249999955062,  2.8987437851476,  0.0            
     13954,  -2.399999990767,  2.8987437805264,  0.0            
     13955,  -2.549999999318,  2.8987437796211,  0.0            
     13956,  -2.699999999903,  2.8987437795573,  0.0            
     13957,  -2.85          ,  2.8987437795495,  0.0            
     13958,  -3.0           ,  2.8987437795494,  0.0            
     13959,  -3.15          ,  2.8987437795494,  0.0            
     13960,  -3.3           ,  2.8987437795494,  0.0            
     13961,  -3.45          ,  2.8987437795494,  0.0            
     13962,  -3.6           ,  2.8987437795494,  0.0            
     13963,  -3.75          ,  2.8987437795494,  0.0            
     13964,  -3.9           ,  2.8987437795494,  0.0            
     13965,  -4.050000921018,  2.8987438490282,  0.0            
     13966,  -4.200006006135,  2.8987442804478,  0.0            
     13967,  -4.350029995986,  2.8987464009141,  0.0            
     13968,  -4.500109925735,  2.8987540096533,  0.0            
     13969,  -4.650341594767,  2.8987781331811,  0.0            
     13970,  -4.800910271056,  2.8988467571856,  0.0            
     13971,  -4.952157191801,  2.8990361235398,  0.0            
     13972,  -5.104591277898,  2.8995528730749,  0.0            
     13973,  -5.258861083904,  2.9008623233158,  0.0            
     13974,  -5.415662546491,  2.9035079703446,  0.0            
     13975,  -5.575799278644,  2.9069260135116,  0.0            
     13976,  -5.744989668098,  2.8964059983159,  0.0            
     13977,  -5.915066406162,  2.8834492270333,  0.0            
     13978,  -6.98040336846 ,  2.8759272449328,  0.0            
     13979,  -7.15928189209 ,  2.8963555878696,  0.0            
     13980,  -7.325624340521,  2.8998184806618,  0.0            
     13981,  -7.486062277692,  2.9000535914798,  0.0            
     13982,  -7.64259644793 ,  2.8995827957989,  0.0            
     13983,  -7.796379667729,  2.899134034916 ,  0.0            
     13984,  -7.948422453955,  2.8988797590946,  0.0            
     13985,  -8.099382894103,  2.89876465317  ,  0.0            
     13986,  -8.249799271024,  2.8987145524302,  0.0            
     13987,  -8.399946160532,  2.8986912581286,  0.0            
     13988,  -8.549995893349,  2.8986768895069,  0.0            
     13989,  -8.700007284302,  2.8986608689079,  0.0            
     13990,  -8.850009982102,  2.8986389599605,  0.0            
     13991,  -9.00001030663 ,  2.8986139721184,  0.0            
     13992,  -9.150010810185,  2.8985928273299,  0.0            
     13993,  -9.30001094736 ,  2.8985808082863,  0.0            
     13994,  -9.450010240695,  2.8985777957707,  0.0            
     13995,  -9.600008538647,  2.8985797754944,  0.0            
     13996,  -9.750006886924,  2.8985828125957,  0.0            
     13997,  -9.900006694498,  2.8985851590667,  0.0            
     13998,  -10.05001013634,  2.8985868341872,  0.0            
     13999,  -10.20001939631,  2.8985883264265,  0.0            
     14000,  -10.35003773297,  2.8985895512135,  0.0            
     14001,  -10.50006745502,  2.8985890923742,  0.0            
     14002,  -10.65011225179,  2.8985841579778,  0.0            
     14003,  -10.80017119025,  2.8985718792154,  0.0            
     14004,  -10.95024554854,  2.8985531717243,  0.0            
     14005,  -11.10032567246,  2.8985388170693,  0.0            
     14006,  -11.25040508077,  2.8985562474147,  0.0            
     14007,  -11.40045808461,  2.8986480398753,  0.0            
     14008,  -11.55046462923,  2.8988515993876,  0.0            
     14009,  -11.70039316886,  2.8991680828556,  0.0            
     14010,  -0.535130670085,  11.997345576922,  0.0            
     14011,  -0.401398828901,  12.004456200766,  0.0            
     14012,  -0.267343953305,  12.006543430673,  0.0            
     14013,  -0.551144048586,  12.135724530284,  0.0            
     14014,  -0.567881044352,  12.275385646839,  0.0            
     14015,  -0.413333365241,  12.145238703458,  0.0            
     14016,  -0.425904083767,  12.286593992111,  0.0            
     14017,  -0.275234154368,  12.150151062017,  0.0            
     14018,  -0.283567196222,  12.293772860165,  0.0            
     14019,  -11.24852265549,  4.6395180243744,  0.0            
     14020,  -11.33074996797,  4.7573396286736,  0.0            
     14021,  -11.20717262049,  4.8396574532052,  0.0            
     14022,  -11.09773688469,  4.944687596331 ,  0.0            
     14023,  -10.97887449146,  5.0435316417573,  0.0            
     14024,  -10.85774785783,  5.134899951729 ,  0.0            
     14025,  -10.74016262595,  5.2275421113312,  0.0            
     14026,  -10.6236101177 ,  5.3219214084678,  0.0            
     14027,  -10.50672328215,  5.4165425983873,  0.0            
     14028,  -10.38977170078,  5.511309136798 ,  0.0            
     14029,  -10.27274621157,  5.6061388030011,  0.0            
     14030,  -10.1553731537 ,  5.7005919700947,  0.0            
     14031,  -10.03767709386,  5.7944614527886,  0.0            
     14032,  -9.919960309642,  5.8879408492048,  0.0            
     14033,  -9.802458135245,  5.9813906787977,  0.0            
     14034,  -9.685199423058,  6.075035481823 ,  0.0            
     14035,  -9.568049662788,  6.1688785146969,  0.0            
     14036,  -9.450878063596,  6.2628009133134,  0.0            
     14037,  -9.333643322955,  6.3567134251272,  0.0            
     14038,  -9.216362949354,  6.4505920668167,  0.0            
     14039,  -9.099053801048,  6.5444356832065,  0.0            
     14040,  -8.981722572409,  6.638242157458 ,  0.0            
     14041,  -8.864380484391,  6.7320175447737,  0.0            
     14042,  -8.74704518777 ,  6.8257808665747,  0.0            
     14043,  -8.629731618061,  6.9195561886143,  0.0            
     14044,  -8.512445077229,  7.01336101148  ,  0.0            
     14045,  -8.395178588106,  7.10719833633  ,  0.0            
     14046,  -8.277918204546,  7.2010563058694,  0.0            
     14047,  -8.160652222654,  7.2949182304056,  0.0            
     14048,  -8.043376900358,  7.3887730418345,  0.0            
     14049,  -7.926094321084,  7.4826182582502,  0.0            
     14050,  -7.808807955367,  7.5764562403342,  0.0            
     14051,  -7.691520103758,  7.6702901606454,  0.0            
     14052,  -7.574231791559,  7.7641221809284,  0.0            
     14053,  -7.456943347356,  7.8579534187043,  0.0            
     14054,  -7.339654862738,  7.9517843589855,  0.0            
     14055,  -7.222366363622,  8.0456151968663,  0.0            
     14056,  -7.105077860384,  8.1394460044753,  0.0            
     14057,  -6.987789356658,  8.2332768058499,  0.0            
     14058,  -6.870500853274,  8.327107607109 ,  0.0            
     14059,  -6.753212350145,  8.4209384090079,  0.0            
     14060,  -6.635923847113,  8.5147692112589,  0.0            
     14061,  -6.518635344103,  8.6086000136285,  0.0            
     14062,  -6.401346841096,  8.7024308160256,  0.0            
     14063,  -6.284058338091,  8.7962616184274,  0.0            
     14064,  -6.166769835086,  8.89009242083  ,  0.0            
     14065,  -6.049481320546,  8.9839232270156,  0.0            
     14066,  -5.93219275687 ,  9.0777540403126,  0.0            
     14067,  -5.814903941847,  9.171584892052 ,  0.0            
     14068,  -5.697614358455,  9.2654157725785,  0.0            
     14069,  -5.580322198653,  9.3592467920118,  0.0            
     14070,  -5.463023778921,  9.4530775175677,  0.0            
     14071,  -5.345709165015,  9.5469075112327,  0.0            
     14072,  -5.228362658472,  9.6407318768794,  0.0            
     14073,  -5.110951685887,  9.7345430232677,  0.0            
     14074,  -4.993441953039,  9.8283176863167,  0.0            
     14075,  -4.875782728952,  9.9220345794951,  0.0            
     14076,  -4.757957582194,  10.015653882344,  0.0            
     14077,  -4.639945845509,  10.109148711186,  0.0            
     14078,  -4.521803911869,  10.202440382359,  0.0            
     14079,  -4.403629638122,  10.295488015034,  0.0            
     14080,  -4.28571173157 ,  10.388351163834,  0.0            
     14081,  -4.168399023498,  10.481399455788,  0.0            
     14082,  -4.051935405575,  10.575131583344,  0.0            
     14083,  -3.936053746296,  10.669763044569,  0.0            
     14084,  -3.820058956495,  10.76478027157 ,  0.0            
     14085,  -3.703474694574,  10.859427763461,  0.0            
     14086,  -3.586477577751,  10.95362649385 ,  0.0            
     14087,  -3.469340719978,  11.047708561808,  0.0            
     14088,  -3.351820485599,  11.141909792515,  0.0            
     14089,  -3.233372832885,  11.236023889024,  0.0            
     14090,  -3.113103427898,  11.329558523802,  0.0            
     14091,  -2.990242099547,  11.421634821137,  0.0            
     14092,  -2.863686986096,  11.51116693489 ,  0.0            
     14093,  -2.732105350124,  11.589206286156,  0.0            
     14094,  -2.572594404975,  11.659605946482,  0.0            
     14095,  -2.516408061074,  11.779422481409,  0.0            
     14096,  -2.392058981339,  11.820275833629,  0.0            
     14097,  -2.25558671903 ,  11.875968684984,  0.0            
     14098,  -2.128245882879,  11.946291658764,  0.0            
     14099,  -1.995257314109,  12.01485230823 ,  0.0            
     14100,  -1.860928109648,  12.077834843516,  0.0            
     14101,  -1.723298915551,  12.132146947688,  0.0            
     14102,  -1.58391839327 ,  12.182586228327,  0.0            
     14103,  -1.444311536877,  12.230720812418,  0.0            
     14104,  -1.304605638481,  12.274877743871,  0.0            
     14105,  -1.162776268569,  12.310478507358,  0.0            
     14106,  -1.01918084626 ,  12.341864733644,  0.0            
     14107,  -0.874916406645,  12.371163147197,  0.0            
     14108,  -0.730424548359,  12.397290574672,  0.0            
     14109,  -0.585342714844,  12.416448111085,  0.0            
     14110,  -0.439104022107,  12.428262983808,  0.0            
     14111,  -0.303380109701,  5.4707118190627,  0.0            
     14112,  -0.454823554386,  5.4949599550923,  0.0            
     14113,  -0.606633860598,  5.5195385033075,  0.0            
     14114,  -1.054169646283,  5.7375480545337,  0.0            
     14115,  -1.203856854588,  5.8338752024287,  0.0            
     14116,  -1.330092369779,  5.9279506248657,  0.0            
     14117,  -1.449487436436,  6.035065418318 ,  0.0            
     14118,  -1.560769078963,  6.1503516760384,  0.0            
     14119,  -1.664170081327,  6.2728568463119,  0.0            
     14120,  -1.759041964165,  6.4008585629997,  0.0            
     14121,  -1.842816241606,  6.5353493473612,  0.0            
     14122,  -1.915480862998,  6.6762415768807,  0.0            
     14123,  -1.977735944882,  6.8225344783831,  0.0            
     14124,  -2.029595323352,  6.9731221832644,  0.0            
     14125,  -2.070591866145,  7.1270403595794,  0.0            
     14126,  -2.100268913092,  7.2834282468749,  0.0            
     14127,  -2.118325234489,  7.4414496278163,  0.0            
     14128,  -2.124579071821,  7.6002729909356,  0.0            
     14129,  -2.118935744884,  7.7590590923693,  0.0            
     14130,  -2.101396611725,  7.9169646161372,  0.0            
     14131,  -2.072065247871,  8.0731356125842,  0.0            
     14132,  -2.031125969127,  8.2267042502049,  0.0            
     14133,  -1.978808962569,  8.3767924249496,  0.0            
     14134,  -1.915376324207,  8.5225303901375,  0.0            
     14135,  -1.841153821344,  8.6630903993114,  0.0            
     14136,  -1.756571546036,  8.797702800093 ,  0.0            
     14137,  -1.662146596297,  8.9256430819518,  0.0            
     14138,  -1.558436008692,  9.0462047711996,  0.0            
     14139,  -1.445991732311,  9.158691553028 ,  0.0            
     14140,  -1.325337230347,  9.2624443322266,  0.0            
     14141,  -1.19702407871 ,  9.3569124208055,  0.0            
     14142,  -1.061694952112,  9.4417241112469,  0.0            
     14143,  -0.92012006782 ,  9.5166095560912,  0.0            
     14144,  -0.773177272083,  9.5813877325306,  0.0            
     14145,  -0.621963378937,  9.6359541827117,  0.0            
     14146,  -0.467715240494,  9.680223927031 ,  0.0            
     14147,  -0.292313808988,  12.437109645768,  0.0            
     14148,  -11.46202086991,  4.6749352144762,  0.0            
     14149,  -0.311755241384,  9.7139644724425,  0.0            
     14150,  -0.149908122628,  2.8996959933923,  0.0            
     14151,  -0.149885731311,  3.0495707182188,  0.0            
     14152,  -0.149854088759,  3.1994719751171,  0.0            
     14153,  -0.149811054792,  3.3494028443919,  0.0            
     14154,  -0.149759033575,  3.4993678378719,  0.0            
     14155,  -0.149697412491,  3.6493624822293,  0.0            
     14156,  -0.149620746674,  3.7993913145717,  0.0            
     14157,  -0.149527185743,  3.9494649762685,  0.0            
     14158,  -0.149427442252,  4.099610983046 ,  0.0            
     14159,  -0.149347948883,  4.2498846613407,  0.0            
     14160,  -0.14932301391 ,  4.400348440686 ,  0.0            
     14161,  -0.1494046264  ,  4.5511119955845,  0.0            
     14162,  -0.149678850206,  4.7022210880924,  0.0            
     14163,  -0.15026493174 ,  4.8537055016972,  0.0            
     14164,  -0.151201145495,  5.005360315699 ,  0.0            
     14165,  -0.152231094915,  5.1568919102033,  0.0            
     14166,  -0.152657570623,  5.307789435236 ,  0.0            
     14167,  -0.151631345134,  5.4575865954694,  0.0            
     14168,  -11.59544433187,  4.5756220810297,  0.0            
     14169,  -11.7145971145 ,  4.4517813251895,  0.0            
     14170,  -11.83010982923,  4.3109354037129,  0.0            
     14171,  -11.84508290324,  4.1273127579417,  0.0            
     14172,  -11.85020233739,  3.95288400349  ,  0.0            
     14173,  -11.85062770366,  3.8022339396469,  0.0            
     14174,  -11.85050931333,  3.6500044795103,  0.0            
     14175,  -11.85037689548,  3.4992696754484,  0.0            
     14176,  -11.85029042301,  3.3491305320876,  0.0            
     14177,  -11.85028245118,  3.1992291231883,  0.0            
     14178,  -11.85026900993,  3.0493853761139,  0.0            
     14179,  -11.85023676628,  2.8995607327475,  0.0            
     14180,  -11.85016155037,  2.7497619959725,  0.0            
     14181,  -11.70025302236,  2.7495729379214,  0.0            
     14182,  -11.55028864345,  2.7494253349228,  0.0            
     14183,  -11.40027861707,  2.7493310082986,  0.0            
     14184,  -11.25024325347,  2.7492860892435,  0.0            
     14185,  -11.10019432138,  2.7492732340978,  0.0            
     14186,  -10.95014601263,  2.7492743426191,  0.0            
     14187,  -10.8001016379 ,  2.749278017755 ,  0.0            
     14188,  -10.65006655906,  2.749279941524 ,  0.0            
     14189,  -10.50003996466,  2.749279647522 ,  0.0            
     14190,  -10.35002234042,  2.7492782753569,  0.0            
     14191,  -10.20001147466,  2.74927676891  ,  0.0            
     14192,  -10.05000594855,  2.7492755390735,  0.0            
     14193,  -9.900003775464,  2.7492744286776,  0.0            
     14194,  -9.750003566906,  2.7492731162374,  0.0            
     14195,  -9.600003907866,  2.7492715707605,  0.0            
     14196,  -9.450003852894,  2.7492706728088,  0.0            
     14197,  -9.300002816812,  2.7492724049442,  0.0            
     14198,  -9.150001247821,  2.7492787689114,  0.0            
     14199,  -8.999999931861,  2.7492897960541,  0.0            
     14200,  -8.849999620747,  2.7493027883469,  0.0            
     14201,  -8.699998615751,  2.7493143698476,  0.0            
     14202,  -8.549992772362,  2.7493234772304,  0.0            
     14203,  -8.399963575012,  2.7493341233472,  0.0            
     14204,  -8.249877843924,  2.7493555127099,  0.0            
     14205,  -8.099638227877,  2.7494068165882,  0.0            
     14206,  -7.949107281103,  2.7495195141022,  0.0            
     14207,  -7.798011655048,  2.7497455135675,  0.0            
     14208,  -7.646097276467,  2.750122003421 ,  0.0            
     14209,  -7.493056275274,  2.7505846649696,  0.0            
     14210,  -7.33904271438 ,  2.7507461419574,  0.0            
     14211,  -7.185191581516,  2.7493117541727,  0.0            
     14212,  -7.038156186494,  2.7413013323249,  0.0            
     14213,  -6.90939758345 ,  2.7164658089798,  0.0            
     14214,  -6.791272858204,  2.8120661700985,  0.0            
     14215,  -6.615586125067,  2.8012703739758,  0.0            
     14216,  -6.446432659874,  2.8027475391117,  0.0            
     14217,  -6.277950205554,  2.8067686450825,  0.0            
     14218,  -6.103908476673,  2.8212727656807,  0.0            
     14219,  -5.988391198672,  2.7214591587259,  0.0            
     14220,  -5.862206522884,  2.7492043409586,  0.0            
     14221,  -5.71199449249 ,  2.7518771663066,  0.0            
     14222,  -5.561466660747,  2.7540841990479,  0.0            
     14223,  -5.407715736826,  2.7523062074545,  0.0            
     14224,  -5.254613059812,  2.7508444741098,  0.0            
     14225,  -5.102476927806,  2.7500246657267,  0.0            
     14226,  -4.951192098559,  2.7496427270962,  0.0            
     14227,  -4.800512928761,  2.7494774565174,  0.0            
     14228,  -4.65019445344 ,  2.7494085815561,  0.0            
     14229,  -4.500063380151,  2.7493817767454,  0.0            
     14230,  -4.350017275685,  2.749372545008 ,  0.0            
     14231,  -4.20000349836 ,  2.7493698527231,  0.0            
     14232,  -4.05000052052 ,  2.7493692679327,  0.0            
     14233,  -3.9           ,  2.7493691738713,  0.0            
     14234,  -3.75          ,  2.7493691738713,  0.0            
     14235,  -3.6           ,  2.7493691738713,  0.0            
     14236,  -3.45          ,  2.7493691738713,  0.0            
     14237,  -3.3           ,  2.7493691738713,  0.0            
     14238,  -3.15          ,  2.7493691738713,  0.0            
     14239,  -3.0           ,  2.7493691738713,  0.0            
     14240,  -2.85          ,  2.7493691738713,  0.0            
     14241,  -2.699999999947,  2.7493691738813,  0.0            
     14242,  -2.549999999636,  2.7493691739506,  0.0            
     14243,  -2.399999995232,  2.7493691749002,  0.0            
     14244,  -2.249999976723,  2.7493691795088,  0.0            
     14245,  -2.09999988933 ,  2.749369201128 ,  0.0            
     14246,  -1.949999629727,  2.7493692744065,  0.0            
     14247,  -1.799998849906,  2.7493695134502,  0.0            
     14248,  -1.6499970871  ,  2.7493702334975,  0.0            
     14249,  -1.499993300201,  2.749372470646 ,  0.0            
     14250,  -1.349987191515,  2.7493787614249,  0.0            
     14251,  -1.199978995716,  2.7493926224436,  0.0            
     14252,  -1.049972568004,  2.7494131795784,  0.0            
     14253,  -0.899972844914,  2.7494322893841,  0.0            
     14254,  -0.749993699073,  2.7493098728842,  0.0            
     14255,  -0.599932210013,  2.7495187443858,  0.0            
     14256,  -0.449907455012,  2.7496050972918,  0.0            
     14257,  -0.299906031405,  2.7497112072539,  0.0            
     14258,  -0.149933149096,  2.7498390191573,  0.0            
     14259,  -0.155354972986,  9.7369684513636,  0.0            
     14260,  -0.163953511209,  9.8804885602377,  0.0            
     14261,  -0.17340216129 ,  10.024776758081,  0.0            
     14262,  -0.123263877203,  11.09951205961 ,  0.0            
     14263,  -0.120082063578,  11.256849150246,  0.0            
     14264,  -0.120911905068,  11.411014638466,  0.0            
     14265,  -0.123318491927,  11.561862570769,  0.0            
     14266,  -0.126356306241,  11.710495459256,  0.0            
     14267,  -0.129734858742,  11.857975794573,  0.0            
     14268,  -0.133386451505,  12.004926441189,  0.0            
     14269,  -0.137290509133,  12.151695440081,  0.0            
     14270,  -0.141416190423,  12.298305312382,  0.0            
     14271,  -0.145734871784,  12.444546501726,  0.0            
     14272,  -2.968785268518,  11.624971785186,  0.0            
     14273,  -3.086073771524,  11.531140982781,  0.0            
     14274,  -3.203362274531,  11.437310180376,  0.0            
     14275,  -3.320650777537,  11.343479377971,  0.0            
     14276,  -3.437939280543,  11.249648575566,  0.0            
     14277,  -3.55522778355 ,  11.15581777316 ,  0.0            
     14278,  -3.672516286556,  11.061986970756,  0.0            
     14279,  -3.789804789562,  10.96815616835 ,  0.0            
     14280,  -3.907093292568,  10.874325365946,  0.0            
     14281,  -4.024381795574,  10.78049456354 ,  0.0            
     14282,  -4.141670298581,  10.686663761136,  0.0            
     14283,  -4.258958801587,  10.59283295873 ,  0.0            
     14284,  -4.376247304593,  10.499002156326,  0.0            
     14285,  -4.4935358076  ,  10.40517135392 ,  0.0            
     14286,  -4.610824310606,  10.311340551516,  0.0            
     14287,  -4.728112813612,  10.21750974911 ,  0.0            
     14288,  -4.845401316618,  10.123678946706,  0.0            
     14289,  -4.962689819625,  10.0298481443  ,  0.0            
     14290,  -5.079978322631,  9.9360173418955,  0.0            
     14291,  -5.197266825637,  9.8421865394904,  0.0            
     14292,  -5.314555328643,  9.7483557370854,  0.0            
     14293,  -5.43184383165 ,  9.6545249346804,  0.0            
     14294,  -5.549132334656,  9.5606941322754,  0.0            
     14295,  -5.666420837662,  9.4668633298704,  0.0            
     14296,  -5.783709340668,  9.3730325274654,  0.0            
     14297,  -5.900997843675,  9.2792017250604,  0.0            
     14298,  -6.018286346681,  9.1853709226554,  0.0            
     14299,  -6.135574849687,  9.0915401202504,  0.0            
     14300,  -6.252863352693,  8.9977093178454,  0.0            
     14301,  -6.3701518557  ,  8.9038785154404,  0.0            
     14302,  -6.487440358706,  8.8100477130354,  0.0            
     14303,  -6.604728861712,  8.7162169106304,  0.0            
     14304,  -6.722017364718,  8.6223861082254,  0.0            
     14305,  -6.839305867725,  8.5285553058204,  0.0            
     14306,  -6.956594370731,  8.4347245034154,  0.0            
     14307,  -7.073882873737,  8.3408937010103,  0.0            
     14308,  -7.191171376744,  8.2470628986053,  0.0            
     14309,  -7.30845987975 ,  8.1532320962003,  0.0            
     14310,  -7.425748382756,  8.0594012937953,  0.0            
     14311,  -7.543036885762,  7.9655704913903,  0.0            
     14312,  -7.660325388768,  7.8717396889853,  0.0            
     14313,  -7.777613891775,  7.7779088865803,  0.0            
     14314,  -7.894902394781,  7.6840780841753,  0.0            
     14315,  -8.012190897787,  7.5902472817703,  0.0            
     14316,  -8.129479400794,  7.4964164793653,  0.0            
     14317,  -8.2467679038  ,  7.4025856769603,  0.0            
     14318,  -8.364056406806,  7.3087548745553,  0.0            
     14319,  -8.481344909812,  7.2149240721503,  0.0            
     14320,  -8.598633412819,  7.1210932697453,  0.0            
     14321,  -8.715921915825,  7.0272624673402,  0.0            
     14322,  -8.833210418831,  6.9334316649352,  0.0            
     14323,  -8.950498921837,  6.8396008625302,  0.0            
     14324,  -9.067787424844,  6.7457700601252,  0.0            
     14325,  -9.18507592785 ,  6.6519392577202,  0.0            
     14326,  -9.302364430856,  6.5581084553152,  0.0            
     14327,  -9.419652933862,  6.4642776529102,  0.0            
     14328,  -9.536941436869,  6.3704468505052,  0.0            
     14329,  -9.654229939875,  6.2766160481002,  0.0            
     14330,  -9.771518442881,  6.1827852456952,  0.0            
     14331,  -9.888806945887,  6.0889544432902,  0.0            
     14332,  -10.00609544889,  5.9951236408852,  0.0            
     14333,  -10.1233839519 ,  5.9012928384802,  0.0            
     14334,  -10.24067245491,  5.8074620360752,  0.0            
     14335,  -10.35796095791,  5.7136312336702,  0.0            
     14336,  -10.47524946092,  5.6198004312652,  0.0            
     14337,  -10.59253796392,  5.5259696288601,  0.0            
     14338,  -10.70982646693,  5.4321388264551,  0.0            
     14339,  -10.82711496994,  5.3383080240501,  0.0            
     14340,  -10.94440347294,  5.2444772216451,  0.0            
     14341,  -11.06169197595,  5.1506464192401,  0.0            
     14342,  -11.17898047896,  5.0568156168351,  0.0            
     14343,  -11.29626898196,  4.9629848144301,  0.0            
     14344,  -11.41355748497,  4.8691540120251,  0.0            
     14345,  -11.53084598798,  4.7753232096201,  0.0            
     14346,  -11.64813450462,  4.6814923963046,  0.0            
     14347,  -11.77751923475,  4.5779846122016,  0.0            
     14348,  -11.89568394635,  4.4834528429182,  0.0            
     14349,  -12.0          ,  4.4000000000001,  0.0            
     14350,  -12.0          ,  4.2644781042133,  0.0            
     14351,  -12.0          ,  4.1001285884874,  0.0            
     14352,  -12.0          ,  3.9500000000001,  0.0            
     14353,  -12.0          ,  3.8000000000001,  0.0            
     14354,  -12.0          ,  3.6500000000001,  0.0            
     14355,  -12.0          ,  3.5000000000001,  0.0            
     14356,  -12.0          ,  3.3500000000001,  0.0            
     14357,  -12.0          ,  3.2000000000001,  0.0            
     14358,  -12.0          ,  3.0500000000001,  0.0            
     14359,  -12.0          ,  2.9000000000001,  0.0            
     14360,  -12.0          ,  2.7500000000001,  0.0            
     14361,  -12.0          ,  2.6000000000001,  0.0            
     14362,  -11.85         ,  2.6000000000002,  0.0            
     14363,  -11.7          ,  2.6000000000002,  0.0            
     14364,  -11.55         ,  2.6000000000002,  0.0            
     14365,  -11.4          ,  2.6000000000002,  0.0            
     14366,  -11.25         ,  2.6000000000002,  0.0            
     14367,  -11.1          ,  2.6000000000002,  0.0            
     14368,  -10.95         ,  2.6000000000002,  0.0            
     14369,  -10.8          ,  2.6000000000002,  0.0            
     14370,  -10.65         ,  2.6000000000002,  0.0            
     14371,  -10.5          ,  2.6000000000002,  0.0            
     14372,  -10.35         ,  2.6000000000002,  0.0            
     14373,  -10.2          ,  2.6000000000002,  0.0            
     14374,  -10.05         ,  2.6000000000002,  0.0            
     14375,  -9.9           ,  2.6000000000002,  0.0            
     14376,  -9.75          ,  2.6000000000002,  0.0            
     14377,  -9.6           ,  2.6000000000002,  0.0            
     14378,  -9.45          ,  2.6000000000002,  0.0            
     14379,  -9.3           ,  2.6000000000002,  0.0            
     14380,  -9.15          ,  2.6000000000002,  0.0            
     14381,  -9.0           ,  2.6000000000002,  0.0            
     14382,  -8.85          ,  2.6000000000002,  0.0            
     14383,  -8.7           ,  2.6000000000002,  0.0            
     14384,  -8.55          ,  2.6000000000002,  0.0            
     14385,  -8.4           ,  2.6000000000002,  0.0            
     14386,  -8.25          ,  2.6000000000002,  0.0            
     14387,  -8.1           ,  2.6000000000002,  0.0            
     14388,  -7.95          ,  2.6000000000002,  0.0            
     14389,  -7.8           ,  2.6000000000002,  0.0            
     14390,  -7.65          ,  2.6000000000002,  0.0            
     14391,  -7.5           ,  2.6000000000002,  0.0            
     14392,  -7.35          ,  2.6000000000002,  0.0            
     14393,  -7.2           ,  2.6000000000002,  0.0            
     14394,  -7.05          ,  2.6000000000002,  0.0            
     14395,  -6.9           ,  2.6000000000002,  0.0            
     14396,  -6.774706837271,  2.6000000000002,  0.0            
     14397,  -6.6           ,  2.6000000000002,  0.0            
     14398,  -6.45          ,  2.6000000000001,  0.0            
     14399,  -6.3           ,  2.6000000000001,  0.0            
     14400,  -6.125352612161,  2.6000000000001,  0.0            
     14401,  -6.0           ,  2.6000000000001,  0.0            
     14402,  -5.85          ,  2.6000000000001,  0.0            
     14403,  -5.7           ,  2.6000000000001,  0.0            
     14404,  -5.55          ,  2.6000000000001,  0.0            
     14405,  -5.4           ,  2.6000000000001,  0.0            
     14406,  -5.25          ,  2.6000000000001,  0.0            
     14407,  -5.1           ,  2.6000000000001,  0.0            
     14408,  -4.95          ,  2.6000000000001,  0.0            
     14409,  -4.8           ,  2.6000000000001,  0.0            
     14410,  -4.65          ,  2.6000000000001,  0.0            
     14411,  -4.5           ,  2.6000000000001,  0.0            
     14412,  -4.35          ,  2.6000000000001,  0.0            
     14413,  -4.2           ,  2.6000000000001,  0.0            
     14414,  -4.05          ,  2.6000000000001,  0.0            
     14415,  -3.9           ,  2.6000000000001,  0.0            
     14416,  -3.75          ,  2.6000000000001,  0.0            
     14417,  -3.6           ,  2.6000000000001,  0.0            
     14418,  -3.45          ,  2.6000000000001,  0.0            
     14419,  -3.3           ,  2.6000000000001,  0.0            
     14420,  -3.15          ,  2.6000000000001,  0.0            
     14421,  -3.0           ,  2.6000000000001,  0.0            
     14422,  -2.85          ,  2.6000000000001,  0.0            
     14423,  -2.7           ,  2.6000000000001,  0.0            
     14424,  -2.55          ,  2.6000000000001,  0.0            
     14425,  -2.4           ,  2.6000000000001,  0.0            
     14426,  -2.25          ,  2.6000000000001,  0.0            
     14427,  -2.1           ,  2.6000000000001,  0.0            
     14428,  -1.95          ,  2.6000000000001,  0.0            
     14429,  -1.8           ,  2.6000000000001,  0.0            
     14430,  -1.65          ,  2.6000000000001,  0.0            
     14431,  -1.5           ,  2.6000000000001,  0.0            
     14432,  -1.35          ,  2.6000000000001,  0.0            
     14433,  -1.2           ,  2.6000000000001,  0.0            
     14434,  -1.05          ,  2.6000000000001,  0.0            
     14435,  -0.9           ,  2.6000000000001,  0.0            
     14436,  -0.75          ,  2.6000000000001,  0.0            
     14437,  -0.6           ,  2.6000000000001,  0.0            
     14438,  -0.45          ,  2.6000000000001,  0.0            
     14439,  -0.3           ,  2.6000000000001,  0.0            
     14440,  -0.15          ,  2.6000000000001,  0.0            
     14462,  -0.149409713799,  5.6055886238234,  0.0            
     14463,  -0.28175457746 ,  5.6199461888746,  0.0            
     14464,  -0.428967624268,  5.6465449406164,  0.0            
     14465,  -0.572945332028,  5.6838231764228,  0.0            
     14466,  -0.715189139888,  5.732246141935 ,  0.0            
     14467,  -0.853877510972,  5.7914389203375,  0.0            
     14468,  -0.991434166369,  5.8630318698269,  0.0            
     14469,  -1.126612933004,  5.9475039185557,  0.0            
     14470,  -1.246955860202,  6.0363181005366,  0.0            
     14471,  -1.360325068587,  6.1338773217178,  0.0            
     14472,  -1.46608653012 ,  6.2396359729097,  0.0            
     14473,  -1.563648763804,  6.3530025888337,  0.0            
     14474,  -1.652466143602,  6.4733431559476,  0.0            
     14475,  -1.732041949901,  6.5999846582259,  0.0            
     14476,  -1.801931147464,  6.7322188410664,  0.0            
     14477,  -1.86174287433 ,  6.8693061722709,  0.0            
     14478,  -1.91114262775 ,  7.010479977949 ,  0.0            
     14479,  -1.94985413492 ,  7.1549507302145,  0.0            
     14480,  -1.977660898069,  7.301910462695 ,  0.0            
     14481,  -1.994407405238,  7.4505372891606,  0.0            
     14482,  -2.0           ,  7.6            ,  0.0            
     14483,  -1.994407594362,  7.7494601871728,  0.0            
     14484,  -1.97766165245 ,  7.8980845323524,  0.0            
     14485,  -1.949855824364,  8.0450418679126,  0.0            
     14486,  -1.911145611572,  8.1895103488218,  0.0            
     14487,  -1.861747497288,  8.3306820487328,  0.0            
     14488,  -1.801937735805,  8.4677674782351,  0.0            
     14489,  -1.732050807569,  8.6            ,  0.0            
     14490,  -1.652477548632,  8.7266401161272,  0.0            
     14491,  -1.563662964936,  8.8469796037175,  0.0            
     14492,  -1.46610374366 ,  8.9603454755418,  0.0            
     14493,  -1.360345475542,  9.0661037436596,  0.0            
     14494,  -1.246979603718,  9.1636629649361,  0.0            
     14495,  -1.126640116127,  9.252477548632 ,  0.0            
     14496,  -1.0           ,  9.3320508075689,  0.0            
     14497,  -0.867767478235,  9.4019377358048,  0.0            
     14498,  -0.730682048733,  9.4617474972884,  0.0            
     14499,  -0.589510348822,  9.5111456115723,  0.0            
     14500,  -0.445041867913,  9.5498558243636,  0.0            
     14501,  -0.298084532352,  9.5776616524503,  0.0            
     14502,  -0.149460187173,  9.5944075943624,  0.0            
     14524,  -0.150850228551,  12.589837218142,  0.0            
     14525,  -0.301700457102,  12.579674436283,  0.0            
     14526,  -0.452550685653,  12.569511654425,  0.0            
     14527,  -0.603400914204,  12.559348872566,  0.0            
     14528,  -0.752740344325,  12.538024289824,  0.0            
     14529,  -0.90086427977 ,  12.507719614651,  0.0            
     14530,  -1.048988215214,  12.477414939478,  0.0            
     14531,  -1.197112150659,  12.447110264304,  0.0            
     14532,  -1.344650815575,  12.41468320498 ,  0.0            
     14533,  -1.487371436686,  12.364784328251,  0.0            
     14534,  -1.630092057796,  12.314885451521,  0.0            
     14535,  -1.772812678906,  12.264986574792,  0.0            
     14536,  -1.915533300017,  12.215087698063,  0.0            
     14537,  -2.05138705666 ,  12.149829633823,  0.0            
     14538,  -2.18374221483 ,  12.076746217819,  0.0            
     14539,  -2.316097373   ,  12.003662801816,  0.0            
     14540,  -2.448452531171,  11.930579385813,  0.0            
     14541,  -2.579359163056,  11.858299315475,  0.0            
     14542,  -2.684979334127,  11.800363743554,  0.0            
     14543,  -2.851496765512,  11.718802587591,  0.0            
*ELEMENT,TYPE=S4
         1,      7831,      7832,      7833,      8084
         2,      8084,      7833,      7834,      8085
         3,      8085,      7834,      7835,      8086
         4,      8086,      7835,      7836,      8087
         5,      8087,      7836,      7837,      8088
         6,      8088,      7837,      7838,      8089
         7,      8089,      7838,      7839,      8090
         8,      8090,      7839,      7840,      8091
         9,      8091,      7840,      7841,      8092
        10,      8092,      7841,      7842,      8093
        11,      8093,      7842,      7843,     10499
        12,     10499,      7843,      7844,     10901
        13,     10901,      7844,      7845,     10881
        14,     10881,      7845,      7846,     10778
        15,     10778,      7846,      7847,     10030
        16,     10030,      7847,      7848,      9647
        17,      9647,      7848,      7849,      8094
        18,      8094,      7849,      7850,      8095
        19,      8095,      7850,      7851,      8096
        20,      8096,      7851,      7852,      7853
        21,      7913,      7914,      7915,      8097
        22,      8097,      7915,      7916,      8098
        23,      8098,      7916,      7917,      8099
        24,      8099,      7917,      7918,      8100
        25,      8100,      7918,      7919,      8101
        26,      8101,      7919,      7920,      8102
        27,      8102,      7920,      7921,      8103
        28,      8103,      7921,      7922,      8104
        29,      8104,      7922,      7923,      8105
        30,      8105,      7923,      7924,      8106
        31,      8106,      7924,      7925,      8107
        32,      8107,      7925,      7926,      8108
        33,      8108,      7926,      7927,      8109
        34,      8109,      7927,      7928,      8110
        35,      8110,      7928,      7929,      8111
        36,      8111,      7929,      7930,      8112
        37,      8112,      7930,      7931,      8113
        38,      8113,      7931,      7932,      8114
        39,      8114,      7932,      7933,      8115
        40,      8115,      7933,      7934,      8116
        41,      8116,      7934,      7935,      8117
        42,      8117,      7935,      7936,      8118
        43,      8118,      7936,      7937,      8119
        44,      8119,      7937,      7938,      8120
        45,      8120,      7938,      7939,      8121
        46,      8121,      7939,      7940,      8122
        47,      8122,      7940,      7941,      8123
        48,      8123,      7941,      7942,      8124
        49,      8124,      7942,      7943,      8125
        50,      8125,      7943,      7944,      8126
        51,      8126,      7944,      7945,      8127
        52,      8127,      7945,      7946,      8128
        53,      8128,      7946,      7947,      8129
        54,      8129,      7947,      7948,      8130
        55,      8130,      7948,      7949,      8131
        56,      8131,      7949,      7950,      8132
        57,      8132,      7950,      7951,      8133
        58,      8133,      7951,      7952,      8134
        59,      8134,      7952,      7953,      8135
        60,      8135,      7953,      7954,      8136
        61,      8136,      7954,      7955,      8137
        62,      8137,      7955,      7956,      8138
        63,      8138,      7956,      7957,      8139
        64,      8139,      7957,      7958,      8140
        65,      8140,      7958,      7959,      8141
        66,      8141,      7959,      7960,      8142
        67,      8142,      7960,      7961,      8143
        68,      8143,      7961,      7962,      8144
        69,      8144,      7962,      7963,      8145
        70,      8145,      7963,      7964,      8146
        71,      8146,      7964,      7965,      8147
        72,      8147,      7965,      7966,      8148
        73,      8148,      7966,      7967,      8149
        74,      8149,      7967,      7968,      8150
        75,      8150,      7968,      7969,      8151
        76,      8151,      7969,      7970,      8152
        77,      8152,      7970,      7971,      8153
        78,      8153,      7971,      7972,      8154
        79,      8154,      7972,      7973,      8155
        80,      8155,      7973,      7974,      8156
        81,      8156,      7974,      7975,      8157
        82,      8157,      7975,      7976,      8158
        83,      8158,      7976,      7977,      8159
        84,      8159,      7977,      7978,      8160
        85,      8160,      7978,      7979,      8161
        86,      8161,      7979,      7980,      8162
        87,      8162,      7980,      7981,      8163
        88,      8163,      7981,      7982,      8164
        89,      8164,      7982,      7983,      8165
        90,      8165,      7983,      7984,      8166
        91,      8166,      7984,      7985,      8167
        92,      8167,      7985,      7986,      8168
        93,      8168,      7986,      7987,      8169
        94,      8169,      7987,      7988,      8170
        95,      8170,      7988,      7989,      8171
        96,      8171,      7989,      7990,      8172
        97,      8172,      7990,      7991,      8173
        98,      8173,      7991,      7992,      8174
        99,      8174,      7992,      7993,      8175
       100,      8175,      7993,      7994,      7995
       101,      8175,      7995,      7996,      8176
       102,      8176,      7996,      7997,      8177
       103,      8177,      7997,      7998,      8178
       104,      8178,      7998,      7999,      8179
       105,      8179,      7999,      8000,      8180
       106,      8180,      8000,      8001,      8181
       107,      8181,      8001,      8002,      8182
       108,      8182,      8002,      8003,      8183
       109,      8183,      8003,      8004,      8184
       110,      8184,      8004,      8005,      8185
       111,      8185,      8005,      8006,      8007
       112,      8185,      8007,      8008,      8186
       113,      8186,      8008,      8009,      8187
       114,      7893,      7894,      7895,      8188
       115,      8188,      7895,      7896,      8189
       116,      8189,      7896,      7897,      8190
       117,      8190,      7897,      7898,      8191
       118,      8191,      7898,      7899,      8192
       119,      8192,      7899,      7900,      8193
       120,      8193,      7900,      7901,      8194
       121,      8194,      7901,      7902,      8195
       122,      8195,      7902,      7903,      8196
       123,      8196,      7903,      7904,      8197
       124,      8197,      7904,      7905,      8198
       125,      8198,      7905,      7906,      8199
       126,      8199,      7906,      7907,      8200
       127,      8200,      7907,      7908,      8201
       128,      8201,      7908,      7909,      8202
       129,      8202,      7909,      7910,      8203
       130,      8203,      7910,      7911,      8204
       131,      8204,      7911,      7912,      8205
       132,      8205,      7912,      7913,      8097
       133,      8096,      7853,      7854,      8206
       134,      8187,      8009,      8010,      8207
       135,      7830,      7831,      8084,      8208
       136,      8206,      7854,      7855,      8209
       137,      8209,      7855,      7856,      8210
       138,      8210,      7856,      7857,      8211
       139,      8211,      7857,      7858,      8212
       140,      8212,      7858,      7859,      8213
       141,      8213,      7859,      7860,      8214
       142,      8214,      7860,      7861,      8215
       143,      8215,      7861,      7862,      8216
       144,      8216,      7862,      7863,      8217
       145,      8217,      7863,      7864,      8218
       146,      8218,      7864,      7865,      8219
       147,      8219,      7865,      7866,      8220
       148,      8220,      7866,      7867,      8221
       149,      8221,      7867,      7868,      8222
       150,      8222,      7868,      7869,      8223
       151,      8223,      7869,      7870,      8224
       152,      8224,      7870,      7871,      8225
       153,      8225,      7871,      7872,      8226
       154,      8226,      7872,      7873,      8227
       155,      8227,      7873,      7874,      8228
       156,      8228,      7874,      7875,      8229
       157,      8229,      7875,      7876,      8230
       158,      8230,      7876,      7877,      8231
       159,      8231,      7877,      7878,      8232
       160,      8232,      7878,      7879,      8233
       161,      8233,      7879,      7880,      8234
       162,      8234,      7880,      7881,      8235
       163,      8235,      7881,      7882,      8236
       164,      8236,      7882,      7883,      8237
       165,      8237,      7883,      7884,      8238
       166,      8238,      7884,      7885,      8239
       167,      8239,      7885,      7886,      8240
       168,      8240,      7886,      7887,      8241
       169,      8241,      7887,      7888,      9057
       170,      9057,      7888,      7889,      9048
       171,      9048,      7889,      7890,      8242
       172,      8242,      7890,      7891,      8243
       173,      8243,      7891,      7892,      8244
       174,      8244,      7892,      7893,      8188
       175,      7829,      7830,      8208,      8245
       176,      8207,      8010,      8011,      8335
       177,      7828,      7829,      8245,      8246
       178,      7827,      7828,      8246,      8247
       179,      7826,      7827,      8247,      8248
       180,      7825,      7826,      8248,      8249
       181,      7824,      7825,      8249,      8250
       182,      7823,      7824,      8250,      8251
       183,      7822,      7823,      8251,      8252
       184,      7821,      7822,      8252,      8253
       185,      7820,      7821,      8253,      8254
       186,      7819,      7820,      8254,      8255
       187,      7818,      7819,      8255,      8256
       188,      7817,      7818,      8256,      8257
       189,      7816,      7817,      8257,      8258
       190,      7815,      7816,      8258,      8259
       191,      7814,      7815,      8259,      8260
       192,      7813,      7814,      8260,      8261
       193,      7812,      7813,      8261,      8262
       194,      8083,      7812,      8262,      8263
       195,      8082,      8083,      8263,      8264
       196,      8081,      8082,      8264,      8265
       197,      8080,      8081,      8265,      8266
       198,      8079,      8080,      8266,      8267
       199,      8078,      8079,      8267,      8268
       200,      8077,      8078,      8268,      8269
       201,      8076,      8077,      8269,      8270
       202,      8075,      8076,      8270,      8271
       203,      8074,      8075,      8271,      8272
       204,      8073,      8074,      8272,      8273
       205,      8072,      8073,      8273,      8274
       206,      8071,      8072,      8274,      8275
       207,      8070,      8071,      8275,      8276
       208,      8069,      8070,      8276,      8277
       209,      8068,      8069,      8277,      8278
       210,      8067,      8068,      8278,      8279
       211,      8066,      8067,      8279,      8280
       212,      8065,      8066,      8280,      8281
       213,      8064,      8065,      8281,      8282
       214,      8063,      8064,      8282,      8283
       215,      8062,      8063,      8283,      8284
       216,      8061,      8062,      8284,      8285
       217,      8060,      8061,      8285,      8286
       218,      8059,      8060,      8286,      8287
       219,      8058,      8059,      8287,      8288
       220,      8057,      8058,      8288,      8289
       221,      8056,      8057,      8289,      8290
       222,      8055,      8056,      8290,      8291
       223,      8054,      8055,      8291,      8292
       224,      8053,      8054,      8292,      8293
       225,      8052,      8053,      8293,      8294
       226,      8051,      8052,      8294,      8295
       227,      8050,      8051,      8295,      8296
       228,      8049,      8050,      8296,      8297
       229,      8048,      8049,      8297,      8298
       230,      8047,      8048,      8298,      8299
       231,      8046,      8047,      8299,      8300
       232,      8045,      8046,      8300,      8301
       233,      8044,      8045,      8301,      8302
       234,      8043,      8044,      8302,      8303
       235,      8042,      8043,      8303,      8304
       236,      8041,      8042,      8304,      8305
       237,      8040,      8041,      8305,      8306
       238,      8039,      8040,      8306,      8307
       239,      8038,      8039,      8307,      8308
       240,      8037,      8038,      8308,      8309
       241,      8036,      8037,      8309,      8310
       242,      8035,      8036,      8310,      8311
       243,      8034,      8035,      8311,      8312
       244,      8033,      8034,      8312,      8313
       245,      8032,      8033,      8313,      8314
       246,      8031,      8032,      8314,      8315
       247,      8030,      8031,      8315,      8316
       248,      8029,      8030,      8316,      8317
       249,      8028,      8029,      8317,      8318
       250,      8027,      8028,      8318,      8319
       251,      8026,      8027,      8319,      8320
       252,      8025,      8026,      8320,      8321
       253,      8024,      8025,      8321,      8322
       254,      8023,      8024,      8322,      8323
       255,      8022,      8023,      8323,      8324
       256,      8021,      8022,      8324,      8325
       257,      8020,      8021,      8325,      8326
       258,      8019,      8020,      8326,      8327
       259,      8018,      8019,      8327,      8328
       260,      8017,      8018,      8328,      8329
       261,      8016,      8017,      8329,      8330
       262,      8015,      8016,      8330,      8331
       263,      8014,      8015,      8331,      8332
       264,      8013,      8014,      8332,      8333
       265,      8012,      8013,      8333,      8334
       266,      8011,      8012,      8334,      8335
       267,      8208,      8084,      8085,      8337
       268,      8337,      8085,      8086,      8338
       269,      8245,      8208,      8337,      8339
       270,      8339,      8337,      8338,      8340
       271,      8246,      8245,      8339,      8341
       272,      8341,      8339,      8340,      8342
       273,      8338,      8086,      8087,      8343
       274,      8340,      8338,      8343,      8344
       275,      8342,      8340,      8344,      8345
       276,      8174,      8175,      8176,      8346
       277,      8173,      8174,      8346,      8347
       278,      8172,      8173,      8347,      8348
       279,      8171,      8172,      8348,      8349
       280,      8170,      8171,      8349,      8350
       281,      8169,      8170,      8350,      8351
       282,      8168,      8169,      8351,      8352
       283,      8167,      8168,      8352,      8353
       284,      8166,      8167,      8353,      8354
       285,      8165,      8166,      8354,      8355
       286,      8164,      8165,      8355,      8356
       287,      8163,      8164,      8356,      8357
       288,      8162,      8163,      8357,      8358
       289,      8161,      8162,      8358,      8359
       290,      8160,      8161,      8359,      8360
       291,      8159,      8160,      8360,      8361
       292,      8158,      8159,      8361,      8362
       293,      8157,      8158,      8362,      8363
       294,      8156,      8157,      8363,      8364
       295,      8155,      8156,      8364,      8365
       296,      8154,      8155,      8365,      8366
       297,      8153,      8154,      8366,      8367
       298,      8152,      8153,      8367,      8368
       299,      8151,      8152,      8368,      8369
       300,      8150,      8151,      8369,      8370
       301,      8149,      8150,      8370,      8371
       302,      8148,      8149,      8371,      8372
       303,      8147,      8148,      8372,      8373
       304,      8146,      8147,      8373,      8374
       305,      8145,      8146,      8374,      8375
       306,      8144,      8145,      8375,      8376
       307,      8143,      8144,      8376,      8377
       308,      8142,      8143,      8377,      8141
       309,      8140,      8141,      8448,      8449
       310,      8139,      8140,      8449,      8450
       311,      8138,      8139,      8450,      8451
       312,      8137,      8138,      8451,      8452
       313,      8135,      8136,      8137,      8378
       314,      8134,      8135,      8378,      8379
       315,      8133,      8134,      8379,      8380
       316,      8132,      8133,      8380,      8381
       317,      8131,      8132,      8381,      8382
       318,      8130,      8131,      8382,      8383
       319,      8129,      8130,      8383,      8384
       320,      8128,      8129,      8384,      8385
       321,      8127,      8128,      8385,      8386
       322,      8126,      8127,      8386,      8387
       323,      8125,      8126,      8387,      8388
       324,      8124,      8125,      8388,      8389
       325,      8123,      8124,      8389,      8390
       326,      8122,      8123,      8390,      8391
       327,      8121,      8122,      8391,      8392
       328,      8120,      8121,      8392,      8393
       329,      8119,      8120,      8393,      8394
       330,      8118,      8119,      8394,      8395
       331,      8117,      8118,      8395,      8396
       332,      8116,      8117,      8396,      8397
       333,      8115,      8116,      8397,      8398
       334,      8114,      8115,      8398,      8399
       335,      8113,      8114,      8399,      8400
       336,      8112,      8113,      8400,      8401
       337,      8111,      8112,      8401,      8402
       338,      8110,      8111,      8402,      8403
       339,      8109,      8110,      8403,      8404
       340,      8108,      8109,      8404,      8405
       341,      8107,      8108,      8405,      8406
       342,      8106,      8107,      8406,      8407
       343,      8105,      8106,      8407,      8408
       344,      8104,      8105,      8408,      8409
       345,      8103,      8104,      8409,      8410
       346,      8102,      8103,      8410,      8411
       347,      8101,      8102,      8411,      8412
       348,      8100,      8101,      8412,      8413
       349,      8099,      8100,      8413,      8414
       350,      8098,      8099,      8414,      8415
       351,      8205,      8097,      8098,      8415
       352,      8346,      8176,      8177,      8416
       353,      8347,      8346,      8416,      8417
       354,      8348,      8347,      8417,      8418
       355,      8349,      8348,      8418,      8419
       356,      8350,      8349,      8419,      8420
       357,      8351,      8350,      8420,      8421
       358,      8352,      8351,      8421,      8422
       359,      8353,      8352,      8422,      8423
       360,      8354,      8353,      8423,      8424
       361,      8355,      8354,      8424,      8425
       362,      8356,      8355,      8425,      8426
       363,      8357,      8356,      8426,      8427
       364,      8358,      8357,      8427,      8428
       365,      8359,      8358,      8428,      8429
       366,      8360,      8359,      8429,      8430
       367,      8361,      8360,      8430,      8431
       368,      8362,      8361,      8431,      8432
       369,      8363,      8362,      8432,      8433
       370,      8364,      8363,      8433,      8434
       371,      8365,      8364,      8434,      8435
       372,      8366,      8365,      8435,      8436
       373,      8367,      8366,      8436,      8437
       374,      8368,      8367,      8437,      8438
       375,      8369,      8368,      8438,      8439
       376,      8370,      8369,      8439,      8440
       377,      8371,      8370,      8440,      8441
       378,      8372,      8371,      8441,      8442
       379,      8373,      8372,      8442,      8443
       380,      8374,      8373,      8443,      8444
       381,      8375,      8374,      8444,      8445
       382,      8376,      8375,      8445,      8446
       383,      8377,      8376,      8446,      8447
       384,      8141,      8377,      8447,      8448
       385,      8378,      8137,      8452,      8453
       386,      8379,      8378,      8453,      8454
       387,      8380,      8379,      8454,      8455
       388,      8381,      8380,      8455,      8456
       389,      8382,      8381,      8456,      8457
       390,      8383,      8382,      8457,      8458
       391,      8384,      8383,      8458,      8459
       392,      8385,      8384,      8459,      8460
       393,      8386,      8385,      8460,      8461
       394,      8387,      8386,      8461,      8462
       395,      8388,      8387,      8462,      8463
       396,      8389,      8388,      8463,      8464
       397,      8390,      8389,      8464,      8465
       398,      8391,      8390,      8465,      8466
       399,      8392,      8391,      8466,      8467
       400,      8393,      8392,      8467,      8468
       401,      8394,      8393,      8468,      8469
       402,      8395,      8394,      8469,      8470
       403,      8396,      8395,      8470,      8471
       404,      8397,      8396,      8471,      8472
       405,      8398,      8397,      8472,      8473
       406,      8399,      8398,      8473,      8474
       407,      8400,      8399,      8474,      8475
       408,      8401,      8400,      8475,      8476
       409,      8402,      8401,      8476,      8477
       410,      8403,      8402,      8477,      8478
       411,      8404,      8403,      8478,      8479
       412,      8405,      8404,      8479,      8480
       413,      8406,      8405,      8480,      8481
       414,      8407,      8406,      8481,      8482
       415,      8408,      8407,      8482,      8483
       416,      8409,      8408,      8483,      8484
       417,      8410,      8409,      8484,      8485
       418,      8411,      8410,      8485,      8486
       419,      8412,      8411,      8486,      8487
       420,      8413,      8412,      8487,      8488
       421,      8414,      8413,      8488,      8489
       422,      8415,      8414,      8489,      8490
       423,      8204,      8205,      8415,      8490
       424,      8203,      8204,      8490,      8491
       425,      8491,      8490,      8489,      8492
       426,      8492,      8489,      8488,      8493
       427,      8493,      8488,      8487,      8494
       428,      8494,      8487,      8486,      8495
       429,      8495,      8486,      8485,      8496
       430,      8496,      8485,      8484,      8497
       431,      8497,      8484,      8483,      8498
       432,      8498,      8483,      8482,      8499
       433,      8499,      8482,      8481,      8500
       434,      8500,      8481,      8480,      8501
       435,      8501,      8480,      8479,      8502
       436,      8502,      8479,      8478,      8503
       437,      8503,      8478,      8477,      8504
       438,      8504,      8477,      8476,      8505
       439,      8505,      8476,      8475,      8506
       440,      8506,      8475,      8474,      8507
       441,      8507,      8474,      8473,      8508
       442,      8508,      8473,      8472,      8509
       443,      8509,      8472,      8471,      8510
       444,      8510,      8471,      8470,      8511
       445,      8511,      8470,      8469,      8512
       446,      8512,      8469,      8468,      8513
       447,      8513,      8468,      8467,      8514
       448,      8514,      8467,      8466,      8515
       449,      8515,      8466,      8465,      8516
       450,      8516,      8465,      8464,      8517
       451,      8517,      8464,      8463,      8518
       452,      8518,      8463,      8462,      8519
       453,      8519,      8462,      8461,      8520
       454,      8520,      8461,      8460,      8521
       455,      8521,      8460,      8459,      8522
       456,      8522,      8459,      8458,      8523
       457,      8523,      8458,      8457,      8524
       458,      8524,      8457,      8456,      8525
       459,      8525,      8456,      8455,      8526
       460,      8526,      8455,      8454,      8527
       461,      8527,      8454,      8453,      8528
       462,      8528,      8453,      8452,      8613
       463,      8613,      8452,      8451,      8612
       464,      8612,      8451,      8450,      8611
       465,      8611,      8450,      8449,      8529
       466,      8529,      8449,      8448,      8530
       467,      8530,      8448,      8447,      8531
       468,      8531,      8447,      8446,      8532
       469,      8532,      8446,      8445,      8533
       470,      8533,      8445,      8444,      8534
       471,      8534,      8444,      8443,      8535
       472,      8535,      8443,      8442,      8536
       473,      8536,      8442,      8441,      8537
       474,      8537,      8441,      8440,      8538
       475,      8538,      8440,      8439,      8539
       476,      8539,      8439,      8438,      8540
       477,      8540,      8438,      8437,      8541
       478,      8541,      8437,      8436,      8542
       479,      8542,      8436,      8435,      8543
       480,      8543,      8435,      8434,      8544
       481,      8544,      8434,      8433,      8545
       482,      8545,      8433,      8432,      8546
       483,      8546,      8432,      8431,      8547
       484,      8547,      8431,      8430,      8548
       485,      8548,      8430,      8429,      8549
       486,      8549,      8429,      8428,      8550
       487,      8550,      8428,      8427,      8551
       488,      8551,      8427,      8426,      8552
       489,      8552,      8426,      8425,      8553
       490,      8553,      8425,      8424,      8554
       491,      8554,      8424,      8423,      8555
       492,      8555,      8423,      8422,      8556
       493,      8556,      8422,      8421,      8557
       494,      8557,      8421,      8420,      8558
       495,      8558,      8420,      8419,      8559
       496,      8559,      8419,      8418,      8560
       497,      8560,      8418,      8417,      8561
       498,      8561,      8417,      8416,      8562
       499,      8562,      8416,      8177,      8178
       500,      8202,      8203,      8491,      8563
       501,      8201,      8202,      8563,      8564
       502,      8200,      8201,      8564,      8565
       503,      8199,      8200,      8565,      8566
       504,      8198,      8199,      8566,      8567
       505,      8197,      8198,      8567,      8568
       506,      8196,      8197,      8568,      8569
       507,      8195,      8196,      8569,      8570
       508,      8194,      8195,      8570,      8571
       509,      8193,      8194,      8571,      8572
       510,      8192,      8193,      8572,      8573
       511,      8191,      8192,      8573,      8574
       512,      8190,      8191,      8574,      8575
       513,      8189,      8190,      8575,      8576
       514,      8244,      8188,      8189,      8576
       515,      8562,      8178,      8179,      8577
       516,      8561,      8562,      8577,      8578
       517,      8560,      8561,      8578,      8579
       518,      8559,      8560,      8579,      8580
       519,      8558,      8559,      8580,      8581
       520,      8557,      8558,      8581,      8582
       521,      8556,      8557,      8582,      8583
       522,      8555,      8556,      8583,      8584
       523,      8554,      8555,      8584,      8585
       524,      8553,      8554,      8585,      8586
       525,      8552,      8553,      8586,      8587
       526,      8551,      8552,      8587,      8588
       527,      8550,      8551,      8588,      8589
       528,      8549,      8550,      8589,      8590
       529,      8548,      8549,      8590,      8591
       530,      8547,      8548,      8591,      8592
       531,      8546,      8547,      8592,      8593
       532,      8545,      8546,      8593,      8594
       533,      8544,      8545,      8594,      8595
       534,      8543,      8544,      8595,      8596
       535,      8542,      8543,      8596,      8597
       536,      8541,      8542,      8597,      8598
       537,      8540,      8541,      8598,      8599
       538,      8539,      8540,      8599,      8600
       539,      8538,      8539,      8600,      8601
       540,      8537,      8538,      8601,      8602
       541,      8536,      8537,      8602,      8603
       542,      8535,      8536,      8603,      8604
       543,      8534,      8535,      8604,      8605
       544,      8533,      8534,      8605,      8606
       545,      8532,      8533,      8606,      8607
       546,      8531,      8532,      8607,      8608
       547,      8530,      8531,      8608,      8609
       548,      8529,      8530,      8609,      8610
       549,      8527,      8528,      8614,      8615
       550,      8526,      8527,      8615,      8616
       551,      8525,      8526,      8616,      8617
       552,      8524,      8525,      8617,      8618
       553,      8523,      8524,      8618,      8619
       554,      8522,      8523,      8619,      8620
       555,      8521,      8522,      8620,      8621
       556,      8520,      8521,      8621,      8622
       557,      8519,      8520,      8622,      8623
       558,      8518,      8519,      8623,      8624
       559,      8517,      8518,      8624,      8625
       560,      8516,      8517,      8625,      8626
       561,      8515,      8516,      8626,      8627
       562,      8514,      8515,      8627,      8628
       563,      8513,      8514,      8628,      8629
       564,      8512,      8513,      8629,      8630
       565,      8511,      8512,      8630,      8631
       566,      8510,      8511,      8631,      8632
       567,      8509,      8510,      8632,      8633
       568,      8508,      8509,      8633,      8634
       569,      8507,      8508,      8634,      8635
       570,      8506,      8507,      8635,      8636
       571,      8505,      8506,      8636,      8637
       572,      8504,      8505,      8637,      8638
       573,      8503,      8504,      8638,      8639
       574,      8502,      8503,      8639,      8640
       575,      8501,      8502,      8640,      8641
       576,      8500,      8501,      8641,      8642
       577,      8499,      8500,      8642,      8643
       578,      8498,      8499,      8643,      8644
       579,      8497,      8498,      8644,      8645
       580,      8496,      8497,      8645,      8646
       581,      8495,      8496,      8646,      8647
       582,      8494,      8495,      8647,      8648
       583,      8493,      8494,      8648,      8649
       584,      8492,      8493,      8649,      8650
       585,      8563,      8491,      8492,      8650
       586,      8564,      8563,      8650,      8651
       587,      8651,      8650,      8649,      8652
       588,      8652,      8649,      8648,      8653
       589,      8653,      8648,      8647,      8654
       590,      8654,      8647,      8646,      8655
       591,      8655,      8646,      8645,      8656
       592,      8656,      8645,      8644,      8657
       593,      8657,      8644,      8643,      8658
       594,      8658,      8643,      8642,      8659
       595,      8659,      8642,      8641,      8660
       596,      8660,      8641,      8640,      8661
       597,      8661,      8640,      8639,      8662
       598,      8662,      8639,      8638,      8663
       599,      8663,      8638,      8637,      8664
       600,      8664,      8637,      8636,      8665
       601,      8665,      8636,      8635,      8666
       602,      8666,      8635,      8634,      8667
       603,      8667,      8634,      8633,      8668
       604,      8668,      8633,      8632,      8669
       605,      8669,      8632,      8631,      8670
       606,      8670,      8631,      8630,      8671
       607,      8671,      8630,      8629,      8672
       608,      8672,      8629,      8628,      8673
       609,      8673,      8628,      8627,      8674
       610,      8674,      8627,      8626,      8675
       611,      8675,      8626,      8625,      8676
       612,      8676,      8625,      8624,      8677
       613,      8677,      8624,      8623,      8678
       614,      8678,      8623,      8622,      8679
       615,      8679,      8622,      8621,      8680
       616,      8680,      8621,      8620,      8681
       617,      8681,      8620,      8619,      8682
       618,      8682,      8619,      8618,      8683
       619,      8683,      8618,      8617,      8684
       620,      8684,      8617,      8616,      8685
       621,      8685,      8616,      8615,      8686
       622,      8686,      8615,      8614,      8687
       623,      8614,      8528,      8613,      8688
       624,      8688,      8613,      8612,      8689
       625,      8689,      8612,      8611,      8690
       626,      8690,      8611,      8529,      8610
       627,      8691,      8610,      8609,      8692
       628,      8692,      8609,      8608,      8693
       629,      8693,      8608,      8607,      8694
       630,      8694,      8607,      8606,      8695
       631,      8695,      8606,      8605,      8696
       632,      8696,      8605,      8604,      8697
       633,      8697,      8604,      8603,      8698
       634,      8698,      8603,      8602,      8699
       635,      8699,      8602,      8601,      8700
       636,      8700,      8601,      8600,      8701
       637,      8701,      8600,      8599,      8702
       638,      8702,      8599,      8598,      8703
       639,      8703,      8598,      8597,      8704
       640,      8704,      8597,      8596,      8705
       641,      8705,      8596,      8595,      8706
       642,      8706,      8595,      8594,      8707
       643,      8707,      8594,      8593,      8708
       644,      8708,      8593,      8592,      8709
       645,      8709,      8592,      8591,      8710
       646,      8710,      8591,      8590,      8711
       647,      8711,      8590,      8589,      8712
       648,      8712,      8589,      8588,      8713
       649,      8713,      8588,      8587,      8714
       650,      8714,      8587,      8586,      8715
       651,      8715,      8586,      8585,      8716
       652,      8716,      8585,      8584,      8717
       653,      8717,      8584,      8583,      8718
       654,      8718,      8583,      8582,      8719
       655,      8719,      8582,      8581,      8720
       656,      8720,      8581,      8580,      8721
       657,      8721,      8580,      8579,      8722
       658,      8722,      8579,      8578,      8723
       659,      8723,      8578,      8577,      8724
       660,      8724,      8577,      8179,      8180
       661,      8724,      8180,      8181,      8725
       662,      8723,      8724,      8725,      8726
       663,      8722,      8723,      8726,      8727
       664,      8721,      8722,      8727,      8728
       665,      8720,      8721,      8728,      8729
       666,      8719,      8720,      8729,      8730
       667,      8718,      8719,      8730,      8731
       668,      8717,      8718,      8731,      8732
       669,      8716,      8717,      8732,      8733
       670,      8715,      8716,      8733,      8734
       671,      8714,      8715,      8734,      8735
       672,      8713,      8714,      8735,      8736
       673,      8712,      8713,      8736,      8737
       674,      8711,      8712,      8737,      8738
       675,      8710,      8711,      8738,      8739
       676,      8709,      8710,      8739,      8740
       677,      8708,      8709,      8740,      8741
       678,      8707,      8708,      8741,      8742
       679,      8706,      8707,      8742,      8743
       680,      8705,      8706,      8743,      8744
       681,      8704,      8705,      8744,      8745
       682,      8703,      8704,      8745,      8746
       683,      8702,      8703,      8746,      8747
       684,      8701,      8702,      8747,      8748
       685,      8700,      8701,      8748,      8749
       686,      8699,      8700,      8749,      8750
       687,      8698,      8699,      8750,      8751
       688,      8697,      8698,      8751,      8752
       689,      8696,      8697,      8752,      8753
       690,      8695,      8696,      8753,      8754
       691,      8694,      8695,      8754,      8755
       692,      8693,      8694,      8755,      8756
       693,      8692,      8693,      8756,      8757
       694,      8691,      8692,      8757,      8758
       695,      8690,      8610,      8691,      8759
       696,      8689,      8690,      8759,      8760
       697,      8688,      8689,      8760,      8761
       698,      8614,      8688,      8761,      8687
       699,      8686,      8687,      8762,      8763
       700,      8685,      8686,      8763,      8764
       701,      8684,      8685,      8764,      8765
       702,      8683,      8684,      8765,      8766
       703,      8682,      8683,      8766,      8767
       704,      8681,      8682,      8767,      8768
       705,      8680,      8681,      8768,      8769
       706,      8679,      8680,      8769,      8770
       707,      8678,      8679,      8770,      8771
       708,      8677,      8678,      8771,      8772
       709,      8676,      8677,      8772,      8773
       710,      8675,      8676,      8773,      8774
       711,      8674,      8675,      8774,      8775
       712,      8673,      8674,      8775,      8776
       713,      8672,      8673,      8776,      8777
       714,      8671,      8672,      8777,      8778
       715,      8670,      8671,      8778,      8779
       716,      8669,      8670,      8779,      8780
       717,      8668,      8669,      8780,      8781
       718,      8667,      8668,      8781,      8782
       719,      8666,      8667,      8782,      8783
       720,      8665,      8666,      8783,      8784
       721,      8664,      8665,      8784,      8785
       722,      8663,      8664,      8785,      8786
       723,      8662,      8663,      8786,      8787
       724,      8661,      8662,      8787,      8788
       725,      8660,      8661,      8788,      8789
       726,      8659,      8660,      8789,      8790
       727,      8658,      8659,      8790,      8791
       728,      8657,      8658,      8791,      8792
       729,      8656,      8657,      8792,      8793
       730,      8655,      8656,      8793,      8794
       731,      8654,      8655,      8794,      8795
       732,      8653,      8654,      8795,      8796
       733,      8652,      8653,      8796,      8797
       734,      8651,      8652,      8797,      8798
       735,      8565,      8564,      8651,      8798
       736,      8566,      8565,      8798,      8799
       737,      8799,      8798,      8797,      8800
       738,      8800,      8797,      8796,      8801
       739,      8801,      8796,      8795,      8802
       740,      8802,      8795,      8794,      8803
       741,      8803,      8794,      8793,      8804
       742,      8804,      8793,      8792,      8805
       743,      8805,      8792,      8791,      8806
       744,      8806,      8791,      8790,      8807
       745,      8807,      8790,      8789,      8808
       746,      8808,      8789,      8788,      8809
       747,      8809,      8788,      8787,      8810
       748,      8810,      8787,      8786,      8811
       749,      8811,      8786,      8785,      8812
       750,      8812,      8785,      8784,      8813
       751,      8813,      8784,      8783,      8814
       752,      8814,      8783,      8782,      8815
       753,      8815,      8782,      8781,      8816
       754,      8816,      8781,      8780,      8817
       755,      8817,      8780,      8779,      8818
       756,      8818,      8779,      8778,      8819
       757,      8819,      8778,      8777,      8820
       758,      8820,      8777,      8776,      8821
       759,      8821,      8776,      8775,      8822
       760,      8822,      8775,      8774,      8823
       761,      8823,      8774,      8773,      8824
       762,      8824,      8773,      8772,      8825
       763,      8825,      8772,      8771,      8826
       764,      8826,      8771,      8770,      8827
       765,      8827,      8770,      8769,      8828
       766,      8828,      8769,      8768,      8829
       767,      8829,      8768,      8767,      8830
       768,      8830,      8767,      8766,      8831
       769,      8831,      8766,      8765,      8832
       770,      8832,      8765,      8764,      8833
       771,      8833,      8764,      8763,      8834
       772,      8834,      8763,      8762,      8835
       773,      8762,      8687,      8761,      8836
       774,      8836,      8761,      8760,      8837
       775,      8837,      8760,      8759,      8838
       776,      8838,      8759,      8691,      8758
       777,      8839,      8758,      8757,      8840
       778,      8840,      8757,      8756,      8841
       779,      8841,      8756,      8755,      8842
       780,      8842,      8755,      8754,      8843
       781,      8843,      8754,      8753,      8844
       782,      8844,      8753,      8752,      8845
       783,      8845,      8752,      8751,      8846
       784,      8846,      8751,      8750,      8847
       785,      8847,      8750,      8749,      8848
       786,      8848,      8749,      8748,      8849
       787,      8849,      8748,      8747,      8850
       788,      8850,      8747,      8746,      8851
       789,      8851,      8746,      8745,      8852
       790,      8852,      8745,      8744,      8853
       791,      8853,      8744,      8743,      8854
       792,      8854,      8743,      8742,      8855
       793,      8855,      8742,      8741,      8856
       794,      8856,      8741,      8740,      8857
       795,      8857,      8740,      8739,      8858
       796,      8858,      8739,      8738,      8859
       797,      8859,      8738,      8737,      8860
       798,      8860,      8737,      8736,      8861
       799,      8861,      8736,      8735,      8862
       800,      8862,      8735,      8734,      8863
       801,      8863,      8734,      8733,      8864
       802,      8864,      8733,      8732,      8865
       803,      8865,      8732,      8731,      8866
       804,      8866,      8731,      8730,      8867
       805,      8867,      8730,      8729,      8868
       806,      8868,      8729,      8728,      8869
       807,      8869,      8728,      8727,      8870
       808,      8870,      8727,      8726,      8871
       809,      8871,      8726,      8725,      8872
       810,      8872,      8725,      8181,      8182
       811,      8567,      8566,      8799,      8873
       812,      8568,      8567,      8873,      8874
       813,      8569,      8568,      8874,      8875
       814,      8570,      8569,      8875,      8876
       815,      8571,      8570,      8876,      8877
       816,      8572,      8571,      8877,      8878
       817,      8573,      8572,      8878,      8879
       818,      8574,      8573,      8879,      8880
       819,      8575,      8574,      8880,      8881
       820,      8576,      8575,      8881,      8882
       821,      8243,      8244,      8576,      8882
       822,      8873,      8799,      8800,      8883
       823,      8874,      8873,      8883,      8884
       824,      8875,      8874,      8884,      8885
       825,      8876,      8875,      8885,      8886
       826,      8877,      8876,      8886,      8887
       827,      8878,      8877,      8887,      8888
       828,      8879,      8878,      8888,      8889
       829,      8880,      8879,      8889,      8890
       830,      8881,      8880,      8890,      8891
       831,      8882,      8881,      8891,      8892
       832,      8242,      8243,      8882,      8892
       833,      8883,      8800,      8801,      8893
       834,      8893,      8801,      8802,      8894
       835,      8894,      8802,      8803,      8895
       836,      8895,      8803,      8804,      8896
       837,      8896,      8804,      8805,      8897
       838,      8897,      8805,      8806,      8898
       839,      8898,      8806,      8807,      8899
       840,      8899,      8807,      8808,      8900
       841,      8900,      8808,      8809,      8901
       842,      8901,      8809,      8810,      8902
       843,      8902,      8810,      8811,      8903
       844,      8903,      8811,      8812,      8904
       845,      8904,      8812,      8813,      8905
       846,      8905,      8813,      8814,      8906
       847,      8906,      8814,      8815,      8907
       848,      8907,      8815,      8816,      8908
       849,      8908,      8816,      8817,      8909
       850,      8909,      8817,      8818,      8910
       851,      8910,      8818,      8819,      8911
       852,      8911,      8819,      8820,      8912
       853,      8912,      8820,      8821,      8913
       854,      8913,      8821,      8822,      8914
       855,      8914,      8822,      8823,      8915
       856,      8915,      8823,      8824,      8916
       857,      8916,      8824,      8825,      8917
       858,      8917,      8825,      8826,      8918
       859,      8918,      8826,      8827,      8919
       860,      8919,      8827,      8828,      8920
       861,      8920,      8828,      8829,      8921
       862,      8921,      8829,      8830,      8922
       863,      8922,      8830,      8831,      8923
       864,      8923,      8831,      8832,      8924
       865,      8924,      8832,      8833,      8925
       866,      8925,      8833,      8834,      8926
       867,      8926,      8834,      8835,      8927
       868,      8835,      8762,      8836,      8928
       869,      8928,      8836,      8837,      8929
       870,      8929,      8837,      8838,      8930
       871,      8930,      8838,      8758,      8839
       872,      8931,      8839,      8840,      8932
       873,      8932,      8840,      8841,      8933
       874,      8933,      8841,      8842,      8934
       875,      8934,      8842,      8843,      8935
       876,      8935,      8843,      8844,      8936
       877,      8936,      8844,      8845,      8937
       878,      8937,      8845,      8846,      8938
       879,      8938,      8846,      8847,      8939
       880,      8939,      8847,      8848,      8940
       881,      8940,      8848,      8849,      8941
       882,      8941,      8849,      8850,      8942
       883,      8942,      8850,      8851,      8943
       884,      8943,      8851,      8852,      8944
       885,      8944,      8852,      8853,      8945
       886,      8945,      8853,      8854,      8946
       887,      8946,      8854,      8855,      8947
       888,      8947,      8855,      8856,      8948
       889,      8948,      8856,      8857,      8949
       890,      8949,      8857,      8858,      8950
       891,      8950,      8858,      8859,      8951
       892,      8951,      8859,      8860,      8952
       893,      8952,      8860,      8861,      8953
       894,      8953,      8861,      8862,      8954
       895,      8954,      8862,      8863,      8955
       896,      8955,      8863,      8864,      8956
       897,      8956,      8864,      8865,      8957
       898,      8957,      8865,      8866,      8958
       899,      8958,      8866,      8867,      8959
       900,      8959,      8867,      8868,      8960
       901,      8960,      8868,      8869,      8961
       902,      8961,      8869,      8870,      8962
       903,      8962,      8870,      8871,      8963
       904,      8963,      8871,      8872,      8964
       905,      8964,      8872,      8182,      8183
       906,      8247,      8246,      8341,      8965
       907,      8965,      8341,      8342,      8966
       908,      8966,      8342,      8345,      8967
       909,      8964,      8183,      8184,      8968
       910,      8963,      8964,      8968,      8969
       911,      8962,      8963,      8969,      8970
       912,      8961,      8962,      8970,      8971
       913,      8960,      8961,      8971,      8972
       914,      8959,      8960,      8972,      8973
       915,      8958,      8959,      8973,      8974
       916,      8957,      8958,      8974,      8975
       917,      8956,      8957,      8975,      8976
       918,      8955,      8956,      8976,      8977
       919,      8954,      8955,      8977,      8978
       920,      8953,      8954,      8978,      8979
       921,      8952,      8953,      8979,      8980
       922,      8951,      8952,      8980,      8981
       923,      8950,      8951,      8981,      8982
       924,      8949,      8950,      8982,      8983
       925,      8948,      8949,      8983,      8984
       926,      8947,      8948,      8984,      8985
       927,      8946,      8947,      8985,      8986
       928,      8945,      8946,      8986,      8987
       929,      8944,      8945,      8987,      8988
       930,      8943,      8944,      8988,      8989
       931,      8942,      8943,      8989,      8990
       932,      8941,      8942,      8990,      8991
       933,      8940,      8941,      8991,      8992
       934,      8939,      8940,      8992,      8993
       935,      8938,      8939,      8993,      8994
       936,      8937,      8938,      8994,      8995
       937,      8936,      8937,      8995,      8996
       938,      8935,      8936,      8996,      8997
       939,      8934,      8935,      8997,      8998
       940,      8933,      8934,      8998,      8999
       941,      8932,      8933,      8999,      9000
       942,      8931,      8932,      9000,      9001
       943,      8930,      8839,      8931,      9002
       944,      8929,      8930,      9002,      9003
       945,      8928,      8929,      9003,      9004
       946,      8835,      8928,      9004,      8927
       947,      8926,      8927,      9005,      9006
       948,      8925,      8926,      9006,      9007
       949,      8924,      8925,      9007,      9008
       950,      8923,      8924,      9008,      9009
       951,      8922,      8923,      9009,      9010
       952,      8921,      8922,      9010,      9011
       953,      8920,      8921,      9011,      9012
       954,      8919,      8920,      9012,      9013
       955,      8918,      8919,      9013,      9014
       956,      8917,      8918,      9014,      9015
       957,      8916,      8917,      9015,      9016
       958,      8915,      8916,      9016,      9017
       959,      8914,      8915,      9017,      9018
       960,      8913,      8914,      9018,      9019
       961,      8912,      8913,      9019,      9020
       962,      8911,      8912,      9020,      9021
       963,      8910,      8911,      9021,      9022
       964,      8909,      8910,      9022,      9023
       965,      8908,      8909,      9023,      9024
       966,      8907,      8908,      9024,      9025
       967,      8906,      8907,      9025,      9026
       968,      8905,      8906,      9026,      9027
       969,      8904,      8905,      9027,      9028
       970,      8903,      8904,      9028,      9029
       971,      8902,      8903,      9029,      9030
       972,      8901,      8902,      9030,      9031
       973,      8900,      8901,      9031,      9032
       974,      8899,      8900,      9032,      9033
       975,      8898,      8899,      9033,      9034
       976,      8897,      8898,      9034,      9035
       977,      8896,      8897,      9035,      9036
       978,      8895,      8896,      9036,      9037
       979,      8894,      8895,      9037,      9038
       980,      8893,      8894,      9038,      9039
       981,      8884,      8883,      8893,      9039
       982,      8885,      8884,      9039,      9040
       983,      8886,      8885,      9040,      9041
       984,      8887,      8886,      9041,      9042
       985,      8888,      8887,      9042,      9043
       986,      8889,      8888,      9043,      9044
       987,      8890,      8889,      9044,      9045
       988,      8891,      8890,      9045,      9046
       989,      8892,      8891,      9046,      9047
       990,      8242,      8892,      9047,      9048
       991,      9040,      9039,      9038,      9049
       992,      9041,      9040,      9049,      9050
       993,      9042,      9041,      9050,      9051
       994,      9043,      9042,      9051,      9052
       995,      9044,      9043,      9052,      9053
       996,      9045,      9044,      9053,      9054
       997,      9046,      9045,      9054,      9055
       998,      9047,      9046,      9055,      9056
       999,      9048,      9047,      9056,      9057
      1000,      9049,      9038,      9037,      9058
      1001,      9050,      9049,      9058,      9059
      1002,      9051,      9050,      9059,      9060
      1003,      9052,      9051,      9060,      9061
      1004,      9058,      9037,      9036,      9062
      1005,      9062,      9036,      9035,      9063
      1006,      9063,      9035,      9034,      9064
      1007,      9064,      9034,      9033,      9065
      1008,      9065,      9033,      9032,      9066
      1009,      9066,      9032,      9031,      9067
      1010,      9067,      9031,      9030,      9068
      1011,      9068,      9030,      9029,      9069
      1012,      9069,      9029,      9028,      9070
      1013,      9070,      9028,      9027,      9071
      1014,      9071,      9027,      9026,      9072
      1015,      9072,      9026,      9025,      9073
      1016,      9073,      9025,      9024,      9074
      1017,      9074,      9024,      9023,      9075
      1018,      9075,      9023,      9022,      9076
      1019,      9076,      9022,      9021,      9077
      1020,      9077,      9021,      9020,      9078
      1021,      9078,      9020,      9019,      9079
      1022,      9079,      9019,      9018,      9080
      1023,      9080,      9018,      9017,      9081
      1024,      9081,      9017,      9016,      9082
      1025,      9082,      9016,      9015,      9083
      1026,      9083,      9015,      9014,      9084
      1027,      9084,      9014,      9013,      9085
      1028,      9085,      9013,      9012,      9086
      1029,      9086,      9012,      9011,      9087
      1030,      9087,      9011,      9010,      9088
      1031,      9088,      9010,      9009,      9089
      1032,      9089,      9009,      9008,      9090
      1033,      9090,      9008,      9007,      9091
      1034,      9091,      9007,      9006,      9092
      1035,      9092,      9006,      9005,      9093
      1036,      9005,      8927,      9004,      9094
      1037,      9094,      9004,      9003,      9095
      1038,      9095,      9003,      9002,      9096
      1039,      9096,      9002,      8931,      9001
      1040,      9097,      9001,      9000,      9098
      1041,      9098,      9000,      8999,      9099
      1042,      9099,      8999,      8998,      9100
      1043,      9100,      8998,      8997,      9101
      1044,      9101,      8997,      8996,      9102
      1045,      9102,      8996,      8995,      9103
      1046,      9103,      8995,      8994,      9104
      1047,      9104,      8994,      8993,      9105
      1048,      9105,      8993,      8992,      9106
      1049,      9106,      8992,      8991,      9107
      1050,      9107,      8991,      8990,      9108
      1051,      9108,      8990,      8989,      9109
      1052,      9109,      8989,      8988,      9110
      1053,      9110,      8988,      8987,      9111
      1054,      9111,      8987,      8986,      9112
      1055,      9112,      8986,      8985,      9113
      1056,      9113,      8985,      8984,      9114
      1057,      9114,      8984,      8983,      9115
      1058,      9115,      8983,      8982,      9116
      1059,      9116,      8982,      8981,      9117
      1060,      9117,      8981,      8980,      9118
      1061,      9118,      8980,      8979,      9119
      1062,      9119,      8979,      8978,      9120
      1063,      9120,      8978,      8977,      9121
      1064,      9121,      8977,      8976,      9122
      1065,      9122,      8976,      8975,      9123
      1066,      9123,      8975,      8974,      9124
      1067,      9124,      8974,      8973,      9125
      1068,      9125,      8973,      8972,      9126
      1069,      9126,      8972,      8971,      9127
      1070,      9127,      8971,      8970,      9128
      1071,      9128,      8970,      8969,      9129
      1072,      9129,      8969,      8968,      9130
      1073,      9130,      8968,      8184,      8185
      1074,      9130,      8185,      8186,      9131
      1075,      9129,      9130,      9131,      9132
      1076,      9131,      8186,      8187,      9133
      1077,      9132,      9131,      9133,      9134
      1078,      9128,      9129,      9132,      9135
      1079,      9135,      9132,      9134,      9136
      1080,      9133,      8187,      8207,      9137
      1081,      9136,      9134,      9133,      9137
      1082,      9137,      8207,      8335,      8336
      1083,      9127,      9128,      9135,      9138
      1084,      9059,      9058,      9062,      9139
      1085,      9139,      9062,      9063,      9140
      1086,      9140,      9063,      9064,      9141
      1087,      9141,      9064,      9065,      9142
      1088,      9142,      9065,      9066,      9143
      1089,      9143,      9066,      9067,      9144
      1090,      9144,      9067,      9068,      9145
      1091,      9145,      9068,      9069,      9146
      1092,      9146,      9069,      9070,      9147
      1093,      9147,      9070,      9071,      9148
      1094,      9148,      9071,      9072,      9149
      1095,      9149,      9072,      9073,      9150
      1096,      9150,      9073,      9074,      9151
      1097,      9151,      9074,      9075,      9152
      1098,      9152,      9075,      9076,      9153
      1099,      9153,      9076,      9077,      9154
      1100,      9154,      9077,      9078,      9155
      1101,      9155,      9078,      9079,      9156
      1102,      9156,      9079,      9080,      9157
      1103,      9157,      9080,      9081,      9158
      1104,      9158,      9081,      9082,      9159
      1105,      9159,      9082,      9083,      9160
      1106,      9160,      9083,      9084,      9161
      1107,      9161,      9084,      9085,      9162
      1108,      9162,      9085,      9086,      9163
      1109,      9163,      9086,      9087,      9164
      1110,      9164,      9087,      9088,      9165
      1111,      9165,      9088,      9089,      9166
      1112,      9166,      9089,      9090,      9167
      1113,      9167,      9090,      9091,      9229
      1114,      9229,      9091,      9092,      9230
      1115,      9230,      9092,      9093,      9231
      1116,      9093,      9005,      9094,      9168
      1117,      9168,      9094,      9095,      9169
      1118,      9169,      9095,      9096,      9170
      1119,      9170,      9096,      9001,      9097
      1120,      9171,      9097,      9098,      9172
      1121,      9172,      9098,      9099,      9173
      1122,      9173,      9099,      9100,      9174
      1123,      9174,      9100,      9101,      9175
      1124,      9175,      9101,      9102,      9176
      1125,      9176,      9102,      9103,      9177
      1126,      9177,      9103,      9104,      9178
      1127,      9178,      9104,      9105,      9179
      1128,      9179,      9105,      9106,      9180
      1129,      9180,      9106,      9107,      9181
      1130,      9181,      9107,      9108,      9182
      1131,      9182,      9108,      9109,      9183
      1132,      9183,      9109,      9110,      9184
      1133,      9184,      9110,      9111,      9185
      1134,      9185,      9111,      9112,      9186
      1135,      9186,      9112,      9113,      9187
      1136,      9187,      9113,      9114,      9188
      1137,      9188,      9114,      9115,      9189
      1138,      9189,      9115,      9116,      9190
      1139,      9190,      9116,      9117,      9191
      1140,      9191,      9117,      9118,      9192
      1141,      9192,      9118,      9119,      9193
      1142,      9193,      9119,      9120,      9194
      1143,      9194,      9120,      9121,      9195
      1144,      9195,      9121,      9122,      9196
      1145,      9196,      9122,      9123,      9197
      1146,      9197,      9123,      9124,      9198
      1147,      9198,      9124,      9125,      9199
      1148,      9199,      9125,      9126,      9200
      1149,      9200,      9126,      9127,      9138
      1150,      9060,      9059,      9139,      9201
      1151,      9201,      9139,      9140,      9202
      1152,      9202,      9140,      9141,      9203
      1153,      9203,      9141,      9142,      9204
      1154,      9204,      9142,      9143,      9205
      1155,      9138,      9135,      9136,      9206
      1156,      9205,      9143,      9144,      9207
      1157,      9207,      9144,      9145,      9208
      1158,      9208,      9145,      9146,      9209
      1159,      9209,      9146,      9147,      9210
      1160,      9210,      9147,      9148,      9211
      1161,      9211,      9148,      9149,      9212
      1162,      9212,      9149,      9150,      9213
      1163,      9213,      9150,      9151,      9214
      1164,      9214,      9151,      9152,      9215
      1165,      9215,      9152,      9153,      9216
      1166,      9216,      9153,      9154,      9217
      1167,      9217,      9154,      9155,      9218
      1168,      9218,      9155,      9156,      9219
      1169,      9219,      9156,      9157,      9220
      1170,      9220,      9157,      9158,      9221
      1171,      9221,      9158,      9159,      9222
      1172,      9222,      9159,      9160,      9223
      1173,      9223,      9160,      9161,      9224
      1174,      9224,      9161,      9162,      9225
      1175,      9225,      9162,      9163,      9226
      1176,      9226,      9163,      9164,      9227
      1177,      9227,      9164,      9165,      9228
      1178,      9228,      9165,      9166,      9296
      1179,      9296,      9166,      9167,      9297
      1180,      9231,      9093,      9168,      9232
      1181,      9232,      9168,      9169,      9233
      1182,      9233,      9169,      9170,      9234
      1183,      9234,      9170,      9097,      9171
      1184,      9235,      9171,      9172,      9236
      1185,      9236,      9172,      9173,      9237
      1186,      9237,      9173,      9174,      9238
      1187,      9238,      9174,      9175,      9239
      1188,      9239,      9175,      9176,      9240
      1189,      9240,      9176,      9177,      9241
      1190,      9241,      9177,      9178,      9242
      1191,      9242,      9178,      9179,      9243
      1192,      9243,      9179,      9180,      9244
      1193,      9244,      9180,      9181,      9245
      1194,      9245,      9181,      9182,      9246
      1195,      9246,      9182,      9183,      9247
      1196,      9247,      9183,      9184,      9248
      1197,      9248,      9184,      9185,      9249
      1198,      9249,      9185,      9186,      9250
      1199,      9250,      9186,      9187,      9251
      1200,      9251,      9187,      9188,      9252
      1201,      9252,      9188,      9189,      9253
      1202,      9253,      9189,      9190,      9254
      1203,      9254,      9190,      9191,      9255
      1204,      9255,      9191,      9192,      9256
      1205,      9256,      9192,      9193,      9257
      1206,      9257,      9193,      9194,      9258
      1207,      9258,      9194,      9195,      9259
      1208,      9259,      9195,      9196,      9260
      1209,      9260,      9196,      9197,      9261
      1210,      9261,      9197,      9198,      9262
      1211,      9262,      9198,      9199,      9263
      1212,      9263,      9199,      9200,      9264
      1213,      9206,      9136,      9137,      8336
      1214,      9053,      9052,      9061,      9265
      1215,      9054,      9053,      9265,      9266
      1216,      9055,      9054,      9266,      9267
      1217,      9056,      9055,      9267,      9268
      1218,      9061,      9060,      9201,      9269
      1219,      9269,      9201,      9202,      9270
      1220,      9270,      9202,      9203,      9271
      1221,      9271,      9203,      9204,      9272
      1222,      9272,      9204,      9205,      9273
      1223,      9273,      9205,      9207,      9274
      1224,      9274,      9207,      9208,      9275
      1225,      9275,      9208,      9209,      9276
      1226,      9276,      9209,      9210,      9277
      1227,      9277,      9210,      9211,      9278
      1228,      9278,      9211,      9212,      9279
      1229,      9279,      9212,      9213,      9280
      1230,      9280,      9213,      9214,      9281
      1231,      9281,      9214,      9215,      9282
      1232,      9282,      9215,      9216,      9283
      1233,      9283,      9216,      9217,      9284
      1234,      9284,      9217,      9218,      9285
      1235,      9285,      9218,      9219,      9286
      1236,      9286,      9219,      9220,      9287
      1237,      9287,      9220,      9221,      9288
      1238,      9288,      9221,      9222,      9289
      1239,      9289,      9222,      9223,      9290
      1240,      9290,      9223,      9224,      9291
      1241,      9291,      9224,      9225,      9292
      1242,      9292,      9225,      9226,      9293
      1243,      9293,      9226,      9227,      9294
      1244,      9294,      9227,      9228,      9295
      1245,      9297,      9167,      9229,      9298
      1246,      9298,      9229,      9230,      9299
      1247,      9299,      9230,      9231,      9300
      1248,      9300,      9231,      9232,      9301
      1249,      9301,      9232,      9233,      9302
      1250,      9302,      9233,      9234,      9303
      1251,      9303,      9234,      9171,      9235
      1252,      9304,      9235,      9236,      9305
      1253,      9305,      9236,      9237,      9306
      1254,      9306,      9237,      9238,      9307
      1255,      9307,      9238,      9239,      9308
      1256,      9308,      9239,      9240,      9309
      1257,      9309,      9240,      9241,      9310
      1258,      9310,      9241,      9242,      9311
      1259,      9311,      9242,      9243,      9312
      1260,      9312,      9243,      9244,      9313
      1261,      9313,      9244,      9245,      9314
      1262,      9314,      9245,      9246,      9315
      1263,      9315,      9246,      9247,      9316
      1264,      9316,      9247,      9248,      9317
      1265,      9317,      9248,      9249,      9318
      1266,      9318,      9249,      9250,      9319
      1267,      9319,      9250,      9251,      9320
      1268,      9320,      9251,      9252,      9321
      1269,      9321,      9252,      9253,      9322
      1270,      9322,      9253,      9254,      9323
      1271,      9323,      9254,      9255,      9324
      1272,      9324,      9255,      9256,      9325
      1273,      9325,      9256,      9257,      9326
      1274,      9326,      9257,      9258,      9327
      1275,      9327,      9258,      9259,      9328
      1276,      9328,      9259,      9260,      9329
      1277,      9329,      9260,      9261,      9725
      1278,      9725,      9261,      9262,      9330
      1279,      9330,      9262,      9263,      9331
      1280,      9331,      9263,      9264,      9475
      1281,      9057,      9056,      9268,      9332
      1282,      8241,      9057,      9332,      9333
      1283,      8240,      8241,      9333,      9334
      1284,      9264,      9200,      9138,      9206
      1285,      9475,      9264,      9206,      8336
      1286,      9475,      8336,      8335,      8334
      1287,      8239,      8240,      9334,      9335
      1288,      8238,      8239,      9335,      9336
      1289,      8237,      8238,      9336,      9337
      1290,      8236,      8237,      9337,      9338
      1291,      8235,      8236,      9338,      9339
      1292,      8234,      8235,      9339,      9340
      1293,      8233,      8234,      9340,      9341
      1294,      8232,      8233,      9341,      9342
      1295,      8231,      8232,      9342,      9343
      1296,      8230,      8231,      9343,      9344
      1297,      8229,      8230,      9344,      9345
      1298,      8228,      8229,      9345,      9346
      1299,      8227,      8228,      9346,      9347
      1300,      8343,      8087,      8088,      9348
      1301,      8344,      8343,      9348,      9349
      1302,      8345,      8344,      9349,      9350
      1303,      8967,      8345,      9350,      9351
      1304,      9265,      9061,      9269,      9352
      1305,      9266,      9265,      9352,      9353
      1306,      9267,      9266,      9353,      9354
      1307,      9268,      9267,      9354,      9355
      1308,      9332,      9268,      9355,      9356
      1309,      9333,      9332,      9356,      9357
      1310,      9334,      9333,      9357,      9358
      1311,      8226,      8227,      9347,      9359
      1312,      8225,      8226,      9359,      9360
      1313,      8224,      8225,      9360,      9361
      1314,      8223,      8224,      9361,      9362
      1315,      8222,      8223,      9362,      9363
      1316,      8221,      8222,      9363,      9364
      1317,      8220,      8221,      9364,      9365
      1318,      8219,      8220,      9365,      9366
      1319,      8218,      8219,      9366,      9367
      1320,      8217,      8218,      9367,      9368
      1321,      8216,      8217,      9368,      9369
      1322,      8215,      8216,      9369,      9370
      1323,      8214,      8215,      9370,      9371
      1324,      8213,      8214,      9371,      9372
      1325,      8212,      8213,      9372,      9373
      1326,      8211,      8212,      9373,      9374
      1327,      8210,      8211,      9374,      9375
      1328,      8209,      8210,      9375,      9376
      1329,      8206,      8209,      9376,      9377
      1330,      8095,      8096,      8206,      9377
      1331,      8248,      8247,      8965,      9378
      1332,      8249,      8248,      9378,      9379
      1333,      8250,      8249,      9379,      9380
      1334,      8251,      8250,      9380,      9381
      1335,      8252,      8251,      9381,      9382
      1336,      8253,      8252,      9382,      9383
      1337,      8254,      8253,      9383,      9384
      1338,      8255,      8254,      9384,      9385
      1339,      8256,      8255,      9385,      9386
      1340,      8257,      8256,      9386,      9387
      1341,      8258,      8257,      9387,      9388
      1342,      8259,      8258,      9388,      9389
      1343,      8260,      8259,      9389,      8261
      1344,      9378,      8965,      8966,      9391
      1345,      9379,      9378,      9391,      9392
      1346,      9380,      9379,      9392,      9393
      1347,      9391,      8966,      8967,      9394
      1348,      9392,      9391,      9394,      9395
      1349,      9393,      9392,      9395,      9396
      1350,      9381,      9380,      9393,      9397
      1351,      9397,      9393,      9396,      9398
      1352,      9394,      8967,      9351,      9399
      1353,      9395,      9394,      9399,      9400
      1354,      9396,      9395,      9400,      9401
      1355,      9398,      9396,      9401,      9402
      1356,      8262,      8261,      9390,      9403
      1357,      8263,      8262,      9403,      9404
      1358,      8264,      8263,      9404,      9405
      1359,      8265,      8264,      9405,      9406
      1360,      8266,      8265,      9406,      9407
      1361,      8267,      8266,      9407,      9408
      1362,      8268,      8267,      9408,      9409
      1363,      8269,      8268,      9409,      9410
      1364,      8270,      8269,      9410,      9411
      1365,      8271,      8270,      9411,      9412
      1366,      8272,      8271,      9412,      9413
      1367,      8273,      8272,      9413,      9414
      1368,      8274,      8273,      9414,      9415
      1369,      8275,      8274,      9415,      9416
      1370,      8276,      8275,      9416,      9417
      1371,      8277,      8276,      9417,      9418
      1372,      8278,      8277,      9418,      9419
      1373,      8279,      8278,      9419,      9420
      1374,      8280,      8279,      9420,      9421
      1375,      8281,      8280,      9421,      9422
      1376,      8282,      8281,      9422,      9423
      1377,      8283,      8282,      9423,      9424
      1378,      8284,      8283,      9424,      9425
      1379,      8285,      8284,      9425,      9426
      1380,      8286,      8285,      9426,      9427
      1381,      8287,      8286,      9427,      9428
      1382,      8288,      8287,      9428,      9429
      1383,      8289,      8288,      9429,      9430
      1384,      8290,      8289,      9430,      9431
      1385,      8291,      8290,      9431,      9432
      1386,      8292,      8291,      9432,      9433
      1387,      8293,      8292,      9433,      9434
      1388,      8294,      8293,      9434,      9435
      1389,      8295,      8294,      9435,      9436
      1390,      8296,      8295,      9436,      9437
      1391,      8297,      8296,      9437,      9438
      1392,      8298,      8297,      9438,      9439
      1393,      8299,      8298,      9439,      9440
      1394,      8300,      8299,      9440,      9441
      1395,      8301,      8300,      9441,      9442
      1396,      8302,      8301,      9442,      9443
      1397,      8303,      8302,      9443,      9444
      1398,      8304,      8303,      9444,      9445
      1399,      8305,      8304,      9445,      9446
      1400,      8306,      8305,      9446,      9447
      1401,      8307,      8306,      9447,      9448
      1402,      8308,      8307,      9448,      9449
      1403,      8309,      8308,      9449,      9450
      1404,      8310,      8309,      9450,      9451
      1405,      8311,      8310,      9451,      9452
      1406,      8312,      8311,      9452,      9453
      1407,      8313,      8312,      9453,      9454
      1408,      8314,      8313,      9454,      9455
      1409,      8315,      8314,      9455,      9456
      1410,      8316,      8315,      9456,      9457
      1411,      8317,      8316,      9457,      9458
      1412,      8318,      8317,      9458,      9459
      1413,      8319,      8318,      9459,      9460
      1414,      8320,      8319,      9460,      9461
      1415,      8321,      8320,      9461,      9462
      1416,      8322,      8321,      9462,      9463
      1417,      8323,      8322,      9463,      9464
      1418,      8324,      8323,      9464,      9465
      1419,      8325,      8324,      9465,      9466
      1420,      8326,      8325,      9466,      9467
      1421,      8327,      8326,      9467,      9468
      1422,      8328,      8327,      9468,      9469
      1423,      8329,      8328,      9469,      9470
      1424,      8330,      8329,      9470,      9471
      1425,      8331,      8330,      9471,      9472
      1426,      8332,      8331,      9472,      9473
      1427,      8333,      8332,      9473,      9474
      1428,      8334,      8333,      9474,      9475
      1429,      9331,      9475,      9474,      9476
      1430,      9476,      9474,      9473,      9477
      1431,      9330,      9331,      9476,      9477
      1432,      9477,      9473,      9472,      9478
      1433,      9725,      9330,      9477,      9478
      1434,      9478,      9472,      9471,      9479
      1435,      9479,      9471,      9470,      9480
      1436,      9480,      9470,      9469,      9481
      1437,      9481,      9469,      9468,      9482
      1438,      9482,      9468,      9467,      9483
      1439,      9483,      9467,      9466,      9484
      1440,      9484,      9466,      9465,      9485
      1441,      9485,      9465,      9464,      9486
      1442,      9486,      9464,      9463,      9487
      1443,      9487,      9463,      9462,      9488
      1444,      9488,      9462,      9461,      9489
      1445,      9489,      9461,      9460,      9490
      1446,      9490,      9460,      9459,      9491
      1447,      9491,      9459,      9458,      9492
      1448,      9492,      9458,      9457,      9493
      1449,      9493,      9457,      9456,      9494
      1450,      9494,      9456,      9455,      9495
      1451,      9495,      9455,      9454,      9496
      1452,      9496,      9454,      9453,      9497
      1453,      9497,      9453,      9452,      9498
      1454,      9498,      9452,      9451,      9499
      1455,      9499,      9451,      9450,      9500
      1456,      9500,      9450,      9449,      9501
      1457,      9501,      9449,      9448,      9502
      1458,      9502,      9448,      9447,      9503
      1459,      9503,      9447,      9446,      9504
      1460,      9504,      9446,      9445,      9505
      1461,      9505,      9445,      9444,      9506
      1462,      9506,      9444,      9443,      9507
      1463,      9507,      9443,      9442,      9508
      1464,      9508,      9442,      9441,      9509
      1465,      9509,      9441,      9440,      9510
      1466,      9510,      9440,      9439,      9511
      1467,      9511,      9439,      9438,      9512
      1468,      9512,      9438,      9437,      9513
      1469,      9513,      9437,      9436,      9514
      1470,      9514,      9436,      9435,      9515
      1471,      9515,      9435,      9434,      9516
      1472,      9516,      9434,      9433,      9517
      1473,      9517,      9433,      9432,      9518
      1474,      9518,      9432,      9431,      9519
      1475,      9519,      9431,      9430,      9520
      1476,      9520,      9430,      9429,      9521
      1477,      9521,      9429,      9428,      9522
      1478,      9522,      9428,      9427,      9523
      1479,      9523,      9427,      9426,      9524
      1480,      9524,      9426,      9425,      9525
      1481,      9525,      9425,      9424,      9526
      1482,      9526,      9424,      9423,      9527
      1483,      9527,      9423,      9422,      9528
      1484,      9528,      9422,      9421,      9529
      1485,      9529,      9421,      9420,      9530
      1486,      9530,      9420,      9419,      9531
      1487,      9531,      9419,      9418,      9532
      1488,      9532,      9418,      9417,      9533
      1489,      9533,      9417,      9416,      9534
      1490,      9534,      9416,      9415,      9535
      1491,      9535,      9415,      9414,      9536
      1492,      9536,      9414,      9413,      9537
      1493,      9537,      9413,      9412,      9538
      1494,      9538,      9412,      9411,      9539
      1495,      9539,      9411,      9410,      9540
      1496,      9540,      9410,      9409,      9541
      1497,      9541,      9409,      9408,      9542
      1498,      9542,      9408,      9407,      9543
      1499,      9543,      9407,      9406,      9544
      1500,      9544,      9406,      9405,      9545
      1501,      9545,      9405,      9404,      9546
      1502,      9546,      9404,      9403,      9547
      1503,      9547,      9403,      9390,      9548
      1504,      9390,      8261,      9389,      9549
      1505,      9549,      9389,      9388,      9550
      1506,      9550,      9388,      9387,      9551
      1507,      9551,      9387,      9386,      9552
      1508,      9552,      9386,      9385,      9553
      1509,      9553,      9385,      9384,      9554
      1510,      9554,      9384,      9383,      9555
      1511,      9555,      9383,      9382,      9556
      1512,      9556,      9382,      9381,      9397
      1513,      9335,      9334,      9358,      9606
      1514,      9336,      9335,      9606,      9557
      1515,      9337,      9336,      9557,      9558
      1516,      9338,      9337,      9558,      9559
      1517,      9339,      9338,      9559,      9560
      1518,      9340,      9339,      9560,      9561
      1519,      9341,      9340,      9561,      9562
      1520,      9342,      9341,      9562,      9563
      1521,      9343,      9342,      9563,      9564
      1522,      9344,      9343,      9564,      9565
      1523,      9345,      9344,      9565,      9566
      1524,      9346,      9345,      9566,      9567
      1525,      9347,      9346,      9567,      9568
      1526,      9359,      9347,      9568,      9569
      1527,      9360,      9359,      9569,      9570
      1528,      9361,      9360,      9570,      9571
      1529,      9362,      9361,      9571,      9572
      1530,      9363,      9362,      9572,      9573
      1531,      9364,      9363,      9573,      9574
      1532,      9365,      9364,      9574,      9575
      1533,      9366,      9365,      9575,      9576
      1534,      9367,      9366,      9576,      9577
      1535,      9368,      9367,      9577,      9578
      1536,      9369,      9368,      9578,      9579
      1537,      9370,      9369,      9579,      9580
      1538,      9371,      9370,      9580,      9581
      1539,      9372,      9371,      9581,      9582
      1540,      9373,      9372,      9582,      9583
      1541,      9374,      9373,      9583,      9584
      1542,      9375,      9374,      9584,      9585
      1543,      9376,      9375,      9585,      9586
      1544,      9377,      9376,      9586,      9587
      1545,      8094,      8095,      9377,      9587
      1546,      9352,      9269,      9270,      9588
      1547,      9353,      9352,      9588,      9589
      1548,      9354,      9353,      9589,      9590
      1549,      9355,      9354,      9590,      9591
      1550,      9356,      9355,      9591,      9592
      1551,      9358,      9357,      9356,      9592
      1552,      9348,      8088,      8089,      9593
      1553,      9349,      9348,      9593,      9594
      1554,      9350,      9349,      9594,      9595
      1555,      9351,      9350,      9595,      9596
      1556,      9399,      9351,      9596,      9597
      1557,      9400,      9399,      9597,      9598
      1558,      9401,      9400,      9598,      9599
      1559,      9402,      9401,      9599,      9600
      1560,      9588,      9270,      9271,      9601
      1561,      9589,      9588,      9601,      9602
      1562,      9590,      9589,      9602,      9603
      1563,      9591,      9590,      9603,      9604
      1564,      9592,      9591,      9604,      9605
      1565,      9358,      9592,      9605,      9606
      1566,      9556,      9397,      9398,      9607
      1567,      9607,      9398,      9402,      9608
      1568,      9608,      9402,      9600,      9609
      1569,      9601,      9271,      9272,      9610
      1570,      9602,      9601,      9610,      9611
      1571,      9603,      9602,      9611,      9612
      1572,      9604,      9603,      9612,      9613
      1573,      9605,      9604,      9613,      9614
      1574,      9606,      9605,      9614,      9615
      1575,      9557,      9606,      9615,      9616
      1576,      9558,      9557,      9616,      9617
      1577,      9559,      9558,      9617,      9618
      1578,      9560,      9559,      9618,      9619
      1579,      9561,      9560,      9619,      9620
      1580,      9562,      9561,      9620,      9621
      1581,      9563,      9562,      9621,      9622
      1582,      9564,      9563,      9622,      9623
      1583,      9565,      9564,      9623,      9624
      1584,      9566,      9565,      9624,      9625
      1585,      9567,      9566,      9625,      9626
      1586,      9568,      9567,      9626,      9627
      1587,      9569,      9568,      9627,      9628
      1588,      9570,      9569,      9628,      9629
      1589,      9571,      9570,      9629,      9630
      1590,      9572,      9571,      9630,      9631
      1591,      9573,      9572,      9631,      9632
      1592,      9574,      9573,      9632,      9633
      1593,      9575,      9574,      9633,      9634
      1594,      9576,      9575,      9634,      9635
      1595,      9577,      9576,      9635,      9636
      1596,      9578,      9577,      9636,      9637
      1597,      9579,      9578,      9637,      9638
      1598,      9580,      9579,      9638,      9639
      1599,      9581,      9580,      9639,      9640
      1600,      9582,      9581,      9640,      9641
      1601,      9583,      9582,      9641,      9642
      1602,      9584,      9583,      9642,      9643
      1603,      9585,      9584,      9643,      9644
      1604,      9586,      9585,      9644,      9645
      1605,      9587,      9586,      9645,      9646
      1606,      8094,      9587,      9646,      9647
      1607,      9555,      9556,      9607,      9648
      1608,      9554,      9555,      9648,      9649
      1609,      9553,      9554,      9649,      9650
      1610,      9552,      9553,      9650,      9651
      1611,      9551,      9552,      9651,      9652
      1612,      9550,      9551,      9652,      9653
      1613,      9549,      9550,      9653,      9654
      1614,      9390,      9549,      9654,      9548
      1615,      9547,      9548,      9655,      9656
      1616,      9546,      9547,      9656,      9657
      1617,      9545,      9546,      9657,      9658
      1618,      9544,      9545,      9658,      9659
      1619,      9543,      9544,      9659,      9660
      1620,      9542,      9543,      9660,      9661
      1621,      9541,      9542,      9661,      9662
      1622,      9540,      9541,      9662,      9663
      1623,      9539,      9540,      9663,      9664
      1624,      9538,      9539,      9664,      9665
      1625,      9537,      9538,      9665,      9666
      1626,      9536,      9537,      9666,      9667
      1627,      9535,      9536,      9667,      9668
      1628,      9534,      9535,      9668,      9669
      1629,      9533,      9534,      9669,      9670
      1630,      9532,      9533,      9670,      9671
      1631,      9531,      9532,      9671,      9672
      1632,      9530,      9531,      9672,      9673
      1633,      9529,      9530,      9673,      9674
      1634,      9528,      9529,      9674,      9675
      1635,      9527,      9528,      9675,      9676
      1636,      9526,      9527,      9676,      9677
      1637,      9525,      9526,      9677,      9678
      1638,      9524,      9525,      9678,      9679
      1639,      9523,      9524,      9679,      9680
      1640,      9522,      9523,      9680,      9681
      1641,      9521,      9522,      9681,      9682
      1642,      9520,      9521,      9682,      9683
      1643,      9519,      9520,      9683,      9684
      1644,      9518,      9519,      9684,      9685
      1645,      9517,      9518,      9685,      9686
      1646,      9516,      9517,      9686,      9687
      1647,      9515,      9516,      9687,      9688
      1648,      9514,      9515,      9688,      9689
      1649,      9513,      9514,      9689,      9690
      1650,      9512,      9513,      9690,      9691
      1651,      9511,      9512,      9691,      9692
      1652,      9510,      9511,      9692,      9693
      1653,      9509,      9510,      9693,      9694
      1654,      9508,      9509,      9694,      9695
      1655,      9507,      9508,      9695,      9696
      1656,      9506,      9507,      9696,      9697
      1657,      9505,      9506,      9697,      9698
      1658,      9504,      9505,      9698,      9699
      1659,      9503,      9504,      9699,      9700
      1660,      9502,      9503,      9700,      9701
      1661,      9501,      9502,      9701,      9702
      1662,      9500,      9501,      9702,      9703
      1663,      9499,      9500,      9703,      9704
      1664,      9498,      9499,      9704,      9705
      1665,      9497,      9498,      9705,      9706
      1666,      9496,      9497,      9706,      9707
      1667,      9495,      9496,      9707,      9708
      1668,      9494,      9495,      9708,      9709
      1669,      9493,      9494,      9709,      9710
      1670,      9492,      9493,      9710,      9711
      1671,      9491,      9492,      9711,      9712
      1672,      9490,      9491,      9712,      9713
      1673,      9489,      9490,      9713,      9714
      1674,      9488,      9489,      9714,      9715
      1675,      9487,      9488,      9715,      9716
      1676,      9486,      9487,      9716,      9717
      1677,      9485,      9486,      9717,      9718
      1678,      9484,      9485,      9718,      9719
      1679,      9483,      9484,      9719,      9720
      1680,      9482,      9483,      9720,      9721
      1681,      9481,      9482,      9721,      9722
      1682,      9480,      9481,      9722,      9723
      1683,      9479,      9480,      9723,      9724
      1684,      9478,      9479,      9724,      9725
      1685,      9329,      9725,      9724,      9726
      1686,      9328,      9329,      9726,      9727
      1687,      9327,      9328,      9727,      9728
      1688,      9726,      9724,      9723,      9729
      1689,      9729,      9723,      9722,      9730
      1690,      9326,      9327,      9728,      9731
      1691,      9325,      9326,      9731,      9732
      1692,      9324,      9325,      9732,      9733
      1693,      9323,      9324,      9733,      9734
      1694,      9322,      9323,      9734,      9735
      1695,      9321,      9322,      9735,      9736
      1696,      9320,      9321,      9736,      9737
      1697,      9319,      9320,      9737,      9738
      1698,      9318,      9319,      9738,      9739
      1699,      9317,      9318,      9739,      9740
      1700,      9316,      9317,      9740,      9741
      1701,      9315,      9316,      9741,      9742
      1702,      9314,      9315,      9742,      9743
      1703,      9313,      9314,      9743,      9744
      1704,      9312,      9313,      9744,      9745
      1705,      9311,      9312,      9745,      9746
      1706,      9310,      9311,      9746,      9747
      1707,      9309,      9310,      9747,      9748
      1708,      9308,      9309,      9748,      9749
      1709,      9307,      9308,      9749,      9750
      1710,      9306,      9307,      9750,      9751
      1711,      9305,      9306,      9751,      9752
      1712,      9304,      9305,      9752,      9753
      1713,      9303,      9235,      9304,      9754
      1714,      9302,      9303,      9754,      9755
      1715,      9301,      9302,      9755,      9756
      1716,      9300,      9301,      9756,      9757
      1717,      9299,      9300,      9757,      9758
      1718,      9298,      9299,      9758,      9759
      1719,      9297,      9298,      9759,      9760
      1720,      9296,      9297,      9760,      9761
      1721,      9228,      9296,      9761,      9295
      1722,      9294,      9295,      9762,      9763
      1723,      9293,      9294,      9763,      9764
      1724,      9292,      9293,      9764,      9765
      1725,      9291,      9292,      9765,      9766
      1726,      9290,      9291,      9766,      9767
      1727,      9289,      9290,      9767,      9768
      1728,      9288,      9289,      9768,      9769
      1729,      9287,      9288,      9769,      9770
      1730,      9286,      9287,      9770,      9771
      1731,      9285,      9286,      9771,      9772
      1732,      9284,      9285,      9772,      9773
      1733,      9283,      9284,      9773,      9774
      1734,      9282,      9283,      9774,      9775
      1735,      9281,      9282,      9775,      9776
      1736,      9280,      9281,      9776,      9777
      1737,      9279,      9280,      9777,      9778
      1738,      9278,      9279,      9778,      9779
      1739,      9277,      9278,      9779,      9780
      1740,      9276,      9277,      9780,      9781
      1741,      9275,      9276,      9781,      9782
      1742,      9274,      9275,      9782,      9783
      1743,      9273,      9274,      9783,      9784
      1744,      9610,      9272,      9273,      9784
      1745,      9730,      9722,      9721,      9785
      1746,      9785,      9721,      9720,      9786
      1747,      9786,      9720,      9719,      9787
      1748,      9787,      9719,      9718,      9788
      1749,      9788,      9718,      9717,      9789
      1750,      9789,      9717,      9716,      9790
      1751,      9790,      9716,      9715,      9791
      1752,      9791,      9715,      9714,      9792
      1753,      9792,      9714,      9713,      9793
      1754,      9793,      9713,      9712,      9794
      1755,      9794,      9712,      9711,      9795
      1756,      9795,      9711,      9710,      9796
      1757,      9796,      9710,      9709,      9797
      1758,      9797,      9709,      9708,      9798
      1759,      9798,      9708,      9707,      9799
      1760,      9799,      9707,      9706,      9800
      1761,      9800,      9706,      9705,      9801
      1762,      9801,      9705,      9704,      9802
      1763,      9802,      9704,      9703,      9803
      1764,      9803,      9703,      9702,      9804
      1765,      9804,      9702,      9701,      9805
      1766,      9805,      9701,      9700,      9806
      1767,      9806,      9700,      9699,      9807
      1768,      9807,      9699,      9698,      9808
      1769,      9808,      9698,      9697,      9809
      1770,      9809,      9697,      9696,      9810
      1771,      9810,      9696,      9695,      9811
      1772,      9811,      9695,      9694,      9812
      1773,      9812,      9694,      9693,      9813
      1774,      9813,      9693,      9692,      9814
      1775,      9814,      9692,      9691,      9815
      1776,      9815,      9691,      9690,      9816
      1777,      9816,      9690,      9689,      9817
      1778,      9817,      9689,      9688,      9818
      1779,      9818,      9688,      9687,      9819
      1780,      9819,      9687,      9686,      9820
      1781,      9820,      9686,      9685,      9821
      1782,      9821,      9685,      9684,      9822
      1783,      9822,      9684,      9683,      9823
      1784,      9823,      9683,      9682,      9824
      1785,      9824,      9682,      9681,      9825
      1786,      9825,      9681,      9680,      9826
      1787,      9826,      9680,      9679,      9827
      1788,      9827,      9679,      9678,      9828
      1789,      9828,      9678,      9677,      9829
      1790,      9829,      9677,      9676,      9830
      1791,      9830,      9676,      9675,      9831
      1792,      9831,      9675,      9674,      9832
      1793,      9832,      9674,      9673,      9833
      1794,      9833,      9673,      9672,      9834
      1795,      9834,      9672,      9671,      9835
      1796,      9835,      9671,      9670,      9836
      1797,      9836,      9670,      9669,      9837
      1798,      9837,      9669,      9668,      9838
      1799,      9838,      9668,      9667,      9874
      1800,      9874,      9667,      9666,      9839
      1801,      9839,      9666,      9665,      9840
      1802,      9840,      9665,      9664,      9841
      1803,      9841,      9664,      9663,      9842
      1804,      9842,      9663,      9662,      9843
      1805,      9843,      9662,      9661,      9844
      1806,      9844,      9661,      9660,      9845
      1807,      9845,      9660,      9659,      9846
      1808,      9846,      9659,      9658,      9847
      1809,      9847,      9658,      9657,      9848
      1810,      9848,      9657,      9656,      9849
      1811,      9849,      9656,      9655,      9850
      1812,      9655,      9548,      9654,      9851
      1813,      9851,      9654,      9653,      9852
      1814,      9852,      9653,      9652,      9853
      1815,      9853,      9652,      9651,      9854
      1816,      9854,      9651,      9650,      9855
      1817,      9855,      9650,      9649,      9856
      1818,      9856,      9649,      9648,      9857
      1819,      9857,      9648,      9607,      9608
      1820,      9728,      9727,      9726,      9729
      1821,      9857,      9608,      9609,      9858
      1822,      9856,      9857,      9858,      9859
      1823,      9855,      9856,      9859,      9860
      1824,      9854,      9855,      9860,      9861
      1825,      9853,      9854,      9861,      9862
      1826,      9852,      9853,      9862,      9863
      1827,      9851,      9852,      9863,      9864
      1828,      9655,      9851,      9864,      9850
      1829,      9849,      9850,     10049,     10050
      1830,      9848,      9849,     10050,      9865
      1831,      9847,      9848,      9865,      9866
      1832,      9846,      9847,      9866,      9867
      1833,      9845,      9846,      9867,      9868
      1834,      9844,      9845,      9868,      9869
      1835,      9843,      9844,      9869,      9870
      1836,      9842,      9843,      9870,      9871
      1837,      9841,      9842,      9871,      9872
      1838,      9840,      9841,      9872,      9873
      1839,      9839,      9840,      9873,     10058
      1840,      9837,      9838,      9875,      9876
      1841,      9836,      9837,      9876,      9877
      1842,      9835,      9836,      9877,      9878
      1843,      9834,      9835,      9878,      9879
      1844,      9833,      9834,      9879,      9880
      1845,      9832,      9833,      9880,      9881
      1846,      9831,      9832,      9881,      9882
      1847,      9830,      9831,      9882,      9883
      1848,      9829,      9830,      9883,      9884
      1849,      9828,      9829,      9884,      9885
      1850,      9827,      9828,      9885,      9886
      1851,      9826,      9827,      9886,      9887
      1852,      9825,      9826,      9887,      9888
      1853,      9824,      9825,      9888,      9889
      1854,      9823,      9824,      9889,      9890
      1855,      9822,      9823,      9890,      9891
      1856,      9821,      9822,      9891,      9892
      1857,      9820,      9821,      9892,      9893
      1858,      9819,      9820,      9893,      9894
      1859,      9818,      9819,      9894,      9895
      1860,      9817,      9818,      9895,      9896
      1861,      9816,      9817,      9896,      9897
      1862,      9815,      9816,      9897,      9898
      1863,      9814,      9815,      9898,      9899
      1864,      9813,      9814,      9899,      9900
      1865,      9812,      9813,      9900,      9901
      1866,      9811,      9812,      9901,      9902
      1867,      9810,      9811,      9902,      9903
      1868,      9809,      9810,      9903,      9904
      1869,      9808,      9809,      9904,      9905
      1870,      9807,      9808,      9905,      9906
      1871,      9806,      9807,      9906,      9907
      1872,      9805,      9806,      9907,      9908
      1873,      9804,      9805,      9908,      9909
      1874,      9803,      9804,      9909,      9910
      1875,      9802,      9803,      9910,      9911
      1876,      9801,      9802,      9911,      9912
      1877,      9800,      9801,      9912,      9913
      1878,      9799,      9800,      9913,      9914
      1879,      9798,      9799,      9914,      9915
      1880,      9797,      9798,      9915,      9916
      1881,      9796,      9797,      9916,      9917
      1882,      9795,      9796,      9917,      9918
      1883,      9794,      9795,      9918,      9919
      1884,      9793,      9794,      9919,      9920
      1885,      9792,      9793,      9920,      9921
      1886,      9791,      9792,      9921,      9922
      1887,      9790,      9791,      9922,      9923
      1888,      9789,      9790,      9923,      9924
      1889,      9788,      9789,      9924,      9925
      1890,      9787,      9788,      9925,      9926
      1891,      9786,      9787,      9926,      9927
      1892,      9785,      9786,      9927,      9928
      1893,      9730,      9785,      9928,      9731
      1894,      9728,      9729,      9730,      9731
      1895,      9732,      9731,      9928,      9929
      1896,      9929,      9928,      9927,      9930
      1897,      9733,      9732,      9929,      9931
      1898,      9931,      9929,      9930,      9932
      1899,      9734,      9733,      9931,      9933
      1900,      9930,      9927,      9926,      9934
      1901,      9932,      9930,      9934,      9935
      1902,      9933,      9931,      9932,      9935
      1903,      9735,      9734,      9933,      9936
      1904,      9934,      9926,      9925,      9937
      1905,      9736,      9735,      9936,     10113
      1906,      9737,      9736,     10113,      9938
      1907,      9738,      9737,      9938,      9939
      1908,      9739,      9738,      9939,      9940
      1909,      9740,      9739,      9940,      9941
      1910,      9741,      9740,      9941,      9942
      1911,      9742,      9741,      9942,      9943
      1912,      9743,      9742,      9943,      9944
      1913,      9744,      9743,      9944,      9945
      1914,      9745,      9744,      9945,      9946
      1915,      9746,      9745,      9946,      9947
      1916,      9747,      9746,      9947,      9948
      1917,      9748,      9747,      9948,      9949
      1918,      9749,      9748,      9949,      9950
      1919,      9750,      9749,      9950,      9951
      1920,      9751,      9750,      9951,      9952
      1921,      9752,      9751,      9952,      9953
      1922,      9753,      9752,      9953,      9954
      1923,      9754,      9304,      9753,      9955
      1924,      9755,      9754,      9955,      9956
      1925,      9756,      9755,      9956,      9957
      1926,      9757,      9756,      9957,      9958
      1927,      9758,      9757,      9958,      9959
      1928,      9759,      9758,      9959,      9960
      1929,      9760,      9759,      9960,      9961
      1930,      9761,      9760,      9961,      9962
      1931,      9295,      9761,      9962,      9762
      1932,      9763,      9762,      9963,      9964
      1933,      9764,      9763,      9964,      9965
      1934,      9765,      9764,      9965,      9966
      1935,      9766,      9765,      9966,      9967
      1936,      9767,      9766,      9967,      9968
      1937,      9768,      9767,      9968,      9969
      1938,      9769,      9768,      9969,      9970
      1939,      9770,      9769,      9970,      9971
      1940,      9771,      9770,      9971,      9972
      1941,      9772,      9771,      9972,      9973
      1942,      9773,      9772,      9973,      9974
      1943,      9774,      9773,      9974,      9975
      1944,      9775,      9774,      9975,      9976
      1945,      9776,      9775,      9976,      9977
      1946,      9777,      9776,      9977,      9978
      1947,      9778,      9777,      9978,      9979
      1948,      9779,      9778,      9979,      9980
      1949,      9780,      9779,      9980,      9981
      1950,      9781,      9780,      9981,      9982
      1951,      9782,      9781,      9982,      9983
      1952,      9783,      9782,      9983,      9984
      1953,      9784,      9783,      9984,      9985
      1954,      9611,      9610,      9784,      9985
      1955,      9612,      9611,      9985,      9986
      1956,      9613,      9612,      9986,      9987
      1957,      9935,      9934,      9937,      9988
      1958,      9936,      9933,      9935,      9988
      1959,      9614,      9613,      9987,      9989
      1960,      9986,      9985,      9984,      9990
      1961,      9990,      9984,      9983,      9991
      1962,      9987,      9986,      9990,      9992
      1963,      9992,      9990,      9991,      9993
      1964,      9991,      9983,      9982,      9994
      1965,      9993,      9991,      9994,      9995
      1966,      9994,      9982,      9981,      9996
      1967,      9995,      9994,      9996,      9997
      1968,      9996,      9981,      9980,      9998
      1969,      9997,      9996,      9998,      9999
      1970,      9615,      9614,      9989,     10355
      1971,      9616,      9615,     10355,     10000
      1972,      9617,      9616,     10000,     10001
      1973,      9618,      9617,     10001,     10002
      1974,      9619,      9618,     10002,     10557
      1975,      9620,      9619,     10557,     10003
      1976,      9621,      9620,     10003,     10004
      1977,      9622,      9621,     10004,     10005
      1978,      9623,      9622,     10005,     10006
      1979,      9624,      9623,     10006,     10007
      1980,      9625,      9624,     10007,     10008
      1981,      9626,      9625,     10008,     10009
      1982,      9627,      9626,     10009,     10010
      1983,      9628,      9627,     10010,     10011
      1984,      9629,      9628,     10011,     10012
      1985,      9630,      9629,     10012,     10013
      1986,      9631,      9630,     10013,     10014
      1987,      9632,      9631,     10014,     10015
      1988,      9633,      9632,     10015,     10016
      1989,      9634,      9633,     10016,     10017
      1990,      9635,      9634,     10017,     10018
      1991,      9636,      9635,     10018,     10019
      1992,      9637,      9636,     10019,     10020
      1993,      9638,      9637,     10020,     10021
      1994,      9639,      9638,     10021,     10022
      1995,      9640,      9639,     10022,     10023
      1996,      9641,      9640,     10023,     10024
      1997,      9642,      9641,     10024,     10025
      1998,      9643,      9642,     10025,     10026
      1999,      9644,      9643,     10026,     10027
      2000,      9645,      9644,     10027,     10028
      2001,      9646,      9645,     10028,     10029
      2002,      9647,      9646,     10029,     10030
      2003,      9998,      9980,      9979,     10031
      2004,      9999,      9998,     10031,     10032
      2005,      9593,      8089,      8090,     10033
      2006,      9594,      9593,     10033,     10034
      2007,      9595,      9594,     10034,     10035
      2008,      9596,      9595,     10035,     10036
      2009,      9597,      9596,     10036,     10037
      2010,      9598,      9597,     10037,     10038
      2011,      9599,      9598,     10038,     10039
      2012,      9600,      9599,     10039,     10040
      2013,      9609,      9600,     10040,     10041
      2014,      9858,      9609,     10041,     10042
      2015,      9859,      9858,     10042,     10043
      2016,      9860,      9859,     10043,     10044
      2017,      9861,      9860,     10044,     10045
      2018,      9862,      9861,     10045,     10046
      2019,      9863,      9862,     10046,     10047
      2020,      9864,      9863,     10047,     10048
      2021,      9850,      9864,     10048,     10049
      2022,      9866,      9865,     10174,     10051
      2023,      9867,      9866,     10051,     10052
      2024,      9868,      9867,     10052,     10053
      2025,      9869,      9868,     10053,     10054
      2026,      9870,      9869,     10054,     10055
      2027,      9871,      9870,     10055,     10056
      2028,      9872,      9871,     10056,     10057
      2029,      9873,      9872,     10057,     10058
      2030,      9874,      9839,     10058,     10059
      2031,      9838,      9874,     10059,      9875
      2032,      9876,      9875,     10167,     10060
      2033,      9877,      9876,     10060,     10061
      2034,      9878,      9877,     10061,     10062
      2035,      9879,      9878,     10062,     10063
      2036,      9880,      9879,     10063,     10064
      2037,      9881,      9880,     10064,     10065
      2038,      9882,      9881,     10065,     10066
      2039,      9883,      9882,     10066,     10067
      2040,      9884,      9883,     10067,     10068
      2041,      9885,      9884,     10068,     10069
      2042,      9886,      9885,     10069,     10070
      2043,      9887,      9886,     10070,     10071
      2044,      9888,      9887,     10071,     10072
      2045,      9889,      9888,     10072,     10073
      2046,      9890,      9889,     10073,     10074
      2047,      9891,      9890,     10074,     10075
      2048,      9892,      9891,     10075,     10076
      2049,      9893,      9892,     10076,     10077
      2050,      9894,      9893,     10077,     10078
      2051,      9895,      9894,     10078,     10079
      2052,      9896,      9895,     10079,     10080
      2053,      9897,      9896,     10080,     10081
      2054,      9898,      9897,     10081,     10082
      2055,      9899,      9898,     10082,     10083
      2056,      9900,      9899,     10083,     10084
      2057,      9901,      9900,     10084,     10085
      2058,      9902,      9901,     10085,     10086
      2059,      9903,      9902,     10086,     10087
      2060,      9904,      9903,     10087,     10088
      2061,      9905,      9904,     10088,     10089
      2062,      9906,      9905,     10089,     10090
      2063,      9907,      9906,     10090,     10091
      2064,      9908,      9907,     10091,     10092
      2065,      9909,      9908,     10092,     10093
      2066,      9910,      9909,     10093,     10094
      2067,      9911,      9910,     10094,     10095
      2068,      9912,      9911,     10095,     10096
      2069,      9913,      9912,     10096,     10097
      2070,      9914,      9913,     10097,     10098
      2071,      9915,      9914,     10098,     10099
      2072,      9916,      9915,     10099,     10100
      2073,      9917,      9916,     10100,     10101
      2074,      9918,      9917,     10101,     10102
      2075,      9919,      9918,     10102,     10103
      2076,      9920,      9919,     10103,     10104
      2077,      9921,      9920,     10104,     10105
      2078,      9922,      9921,     10105,     10106
      2079,      9923,      9922,     10106,     10107
      2080,      9924,      9923,     10107,     10108
      2081,      9937,      9925,      9924,     10108
      2082,      9988,      9937,     10108,     10109
      2083,     10031,      9979,      9978,     10110
      2084,     10032,     10031,     10110,     10111
      2085,      9989,      9987,      9992,     10112
      2086,      9936,      9988,     10109,     10113
      2087,     10112,      9992,      9993,     10114
      2088,     10114,      9993,      9995,     10115
      2089,     10115,      9995,      9997,     10116
      2090,     10116,      9997,      9999,     10117
      2091,     10117,      9999,     10032,     10118
      2092,     10118,     10032,     10111,     10119
      2093,     10110,      9978,      9977,     10120
      2094,     10111,     10110,     10120,     10121
      2095,     10119,     10111,     10121,     10122
      2096,     10109,     10108,     10107,     10252
      2097,     10252,     10107,     10106,     10123
      2098,     10123,     10106,     10105,     10124
      2099,     10124,     10105,     10104,     10125
      2100,     10125,     10104,     10103,     10126
      2101,     10126,     10103,     10102,     10127
      2102,     10127,     10102,     10101,     10128
      2103,     10128,     10101,     10100,     10129
      2104,     10129,     10100,     10099,     10130
      2105,     10130,     10099,     10098,     10131
      2106,     10131,     10098,     10097,     10132
      2107,     10132,     10097,     10096,     10133
      2108,     10133,     10096,     10095,     10134
      2109,     10134,     10095,     10094,     10135
      2110,     10135,     10094,     10093,     10136
      2111,     10136,     10093,     10092,     10137
      2112,     10137,     10092,     10091,     10138
      2113,     10138,     10091,     10090,     10139
      2114,     10139,     10090,     10089,     10140
      2115,     10140,     10089,     10088,     10141
      2116,     10141,     10088,     10087,     10142
      2117,     10142,     10087,     10086,     10143
      2118,     10143,     10086,     10085,     10144
      2119,     10144,     10085,     10084,     10145
      2120,     10145,     10084,     10083,     10146
      2121,     10146,     10083,     10082,     10147
      2122,     10147,     10082,     10081,     10148
      2123,     10148,     10081,     10080,     10149
      2124,     10149,     10080,     10079,     10150
      2125,     10150,     10079,     10078,     10151
      2126,     10151,     10078,     10077,     10152
      2127,     10152,     10077,     10076,     10153
      2128,     10153,     10076,     10075,     10154
      2129,     10154,     10075,     10074,     10155
      2130,     10155,     10074,     10073,     10156
      2131,     10156,     10073,     10072,     10157
      2132,     10157,     10072,     10071,     10158
      2133,     10158,     10071,     10070,     10159
      2134,     10159,     10070,     10069,     10160
      2135,     10160,     10069,     10068,     10161
      2136,     10161,     10068,     10067,     10162
      2137,     10162,     10067,     10066,     10163
      2138,     10163,     10066,     10065,     10164
      2139,     10164,     10065,     10064,     10165
      2140,     10165,     10064,     10063,     10166
      2141,     10166,     10063,     10062,     10391
      2142,     10391,     10062,     10061,     10390
      2143,     10390,     10061,     10060,     10389
      2144,     10167,      9875,     10059,     10168
      2145,     10168,     10059,     10058,     10057
      2146,     10169,     10057,     10056,     10170
      2147,     10170,     10056,     10055,     10171
      2148,     10171,     10055,     10054,     10172
      2149,     10172,     10054,     10053,     10173
      2150,     10173,     10053,     10052,     10051
      2151,     10174,      9865,     10050,     10175
      2152,     10175,     10050,     10049,     10207
      2153,     10207,     10049,     10048,     10206
      2154,     10206,     10048,     10047,     10205
      2155,     10205,     10047,     10046,     10204
      2156,     10204,     10046,     10045,     10203
      2157,     10203,     10045,     10044,     10176
      2158,     10176,     10044,     10043,     10177
      2159,     10177,     10043,     10042,     10178
      2160,     10178,     10042,     10041,     10179
      2161,     10179,     10041,     10040,     10180
      2162,     10180,     10040,     10039,     10181
      2163,     10181,     10039,     10038,     10182
      2164,     10182,     10038,     10037,     10183
      2165,     10183,     10037,     10036,     10184
      2166,     10184,     10036,     10035,     10185
      2167,     10185,     10035,     10034,     10186
      2168,     10186,     10034,     10033,     10187
      2169,     10187,     10033,      8090,      8091
      2170,     10120,      9977,      9976,     10188
      2171,     10121,     10120,     10188,     10189
      2172,     10122,     10121,     10189,     10190
      2173,     10188,      9976,      9975,     10191
      2174,     10189,     10188,     10191,     10192
      2175,     10190,     10189,     10192,     10193
      2176,     10187,      8091,      8092,     10194
      2177,     10186,     10187,     10194,     10195
      2178,     10185,     10186,     10195,     10196
      2179,     10184,     10185,     10196,     10197
      2180,     10183,     10184,     10197,     10198
      2181,     10182,     10183,     10198,     10199
      2182,     10181,     10182,     10199,     10200
      2183,     10180,     10181,     10200,     10201
      2184,     10179,     10180,     10201,     10202
      2185,     10178,     10179,     10202,     10372
      2186,     10177,     10178,     10372,     10373
      2187,     10176,     10177,     10373,     10374
      2188,     10191,      9975,      9974,     10208
      2189,     10192,     10191,     10208,     10209
      2190,     10193,     10192,     10209,     10210
      2191,     10113,     10109,     10252,      9938
      2192,     10208,      9974,      9973,     10211
      2193,     10209,     10208,     10211,     10212
      2194,     10210,     10209,     10212,     10213
      2195,     10211,      9973,      9972,     10214
      2196,     10212,     10211,     10214,     10215
      2197,     10213,     10212,     10215,     10216
      2198,     10214,      9972,      9971,     10217
      2199,     10215,     10214,     10217,     10218
      2200,     10216,     10215,     10218,     10219
      2201,     10217,      9971,      9970,     10220
      2202,     10218,     10217,     10220,     10221
      2203,     10219,     10218,     10221,     10222
      2204,     10220,      9970,      9969,     10223
      2205,     10221,     10220,     10223,     10224
      2206,     10222,     10221,     10224,     10225
      2207,     10223,      9969,      9968,     10226
      2208,     10224,     10223,     10226,     10227
      2209,     10225,     10224,     10227,     10338
      2210,     10226,      9968,      9967,     10285
      2211,     10285,      9967,      9966,     10284
      2212,     10284,      9966,      9965,     10283
      2213,     10283,      9965,      9964,     10282
      2214,     10282,      9964,      9963,     10281
      2215,      9963,      9762,      9962,     10228
      2216,     10228,      9962,      9961,     10229
      2217,     10229,      9961,      9960,     10230
      2218,     10230,      9960,      9959,     10231
      2219,     10231,      9959,      9958,     10232
      2220,     10232,      9958,      9957,     10233
      2221,     10233,      9957,      9956,     10234
      2222,     10234,      9956,      9955,     10235
      2223,     10235,      9955,      9753,      9954
      2224,     10236,      9954,      9953,     10237
      2225,     10237,      9953,      9952,     10238
      2226,     10238,      9952,      9951,     10239
      2227,     10239,      9951,      9950,     10240
      2228,     10240,      9950,      9949,     10241
      2229,     10241,      9949,      9948,     10242
      2230,     10242,      9948,      9947,     10243
      2231,     10243,      9947,      9946,     10244
      2232,     10244,      9946,      9945,     10245
      2233,     10245,      9945,      9944,     10246
      2234,     10246,      9944,      9943,     10247
      2235,     10247,      9943,      9942,     10248
      2236,     10248,      9942,      9941,     10249
      2237,     10249,      9941,      9940,     10250
      2238,     10250,      9940,      9939,     10251
      2239,     10251,      9939,      9938,     10252
      2240,     10251,     10252,     10123,     10253
      2241,     10253,     10123,     10124,     10254
      2242,     10250,     10251,     10253,     10255
      2243,     10249,     10250,     10255,     10256
      2244,     10254,     10124,     10125,     10257
      2245,     10255,     10253,     10254,     10258
      2246,     10258,     10254,     10257,     10259
      2247,     10256,     10255,     10258,     10259
      2248,     10257,     10125,     10126,     10260
      2249,     10259,     10257,     10260,     10311
      2250,     10248,     10249,     10256,     10261
      2251,     10247,     10248,     10261,     10262
      2252,     10246,     10247,     10262,     10263
      2253,     10245,     10246,     10263,     10264
      2254,     10244,     10245,     10264,     10265
      2255,     10243,     10244,     10265,     10266
      2256,     10242,     10243,     10266,     10267
      2257,     10241,     10242,     10267,     10268
      2258,     10240,     10241,     10268,     10269
      2259,     10239,     10240,     10269,     10270
      2260,     10238,     10239,     10270,     10271
      2261,     10237,     10238,     10271,     10272
      2262,     10236,     10237,     10272,     10299
      2263,     10235,      9954,     10236,     10273
      2264,     10234,     10235,     10273,     10274
      2265,     10233,     10234,     10274,     10275
      2266,     10232,     10233,     10275,     10276
      2267,     10231,     10232,     10276,     10277
      2268,     10230,     10231,     10277,     10278
      2269,     10229,     10230,     10278,     10279
      2270,     10228,     10229,     10279,     10280
      2271,      9963,     10228,     10280,     10281
      2272,     10261,     10256,     10259,     10311
      2273,     10227,     10226,     10285,     10286
      2274,     10286,     10285,     10284,     10287
      2275,     10287,     10284,     10283,     10288
      2276,     10288,     10283,     10282,     10289
      2277,     10289,     10282,     10281,     10290
      2278,     10290,     10281,     10280,     10291
      2279,     10291,     10280,     10279,     10292
      2280,     10292,     10279,     10278,     10293
      2281,     10293,     10278,     10277,     10294
      2282,     10294,     10277,     10276,     10295
      2283,     10295,     10276,     10275,     10296
      2284,     10296,     10275,     10274,     10297
      2285,     10297,     10274,     10273,     10298
      2286,     10298,     10273,     10236,     10299
      2287,     10300,     10272,     10271,     10301
      2288,     10301,     10271,     10270,     10302
      2289,     10302,     10270,     10269,     10303
      2290,     10303,     10269,     10268,     10304
      2291,     10304,     10268,     10267,     10305
      2292,     10305,     10267,     10266,     10306
      2293,     10306,     10266,     10265,     10307
      2294,     10307,     10265,     10264,     10308
      2295,     10308,     10264,     10263,     10309
      2296,     10309,     10263,     10262,     10310
      2297,     10310,     10262,     10261,     10311
      2298,     10260,     10126,     10127,     10312
      2299,     10310,     10311,     10260,     10313
      2300,     10309,     10310,     10313,     10314
      2301,     10308,     10309,     10314,     10315
      2302,     10307,     10308,     10315,     10316
      2303,     10306,     10307,     10316,     10317
      2304,     10305,     10306,     10317,     10318
      2305,     10304,     10305,     10318,     10319
      2306,     10303,     10304,     10319,     10320
      2307,     10302,     10303,     10320,     10321
      2308,     10301,     10302,     10321,     10322
      2309,     10300,     10301,     10322,     10323
      2310,     10299,     10272,     10300,     10324
      2311,     10298,     10299,     10324,     10325
      2312,     10297,     10298,     10325,     10326
      2313,     10296,     10297,     10326,     10327
      2314,     10295,     10296,     10327,     10328
      2315,     10294,     10295,     10328,     10329
      2316,     10293,     10294,     10329,     10330
      2317,     10292,     10293,     10330,     10331
      2318,     10291,     10292,     10331,     10332
      2319,     10290,     10291,     10332,     10333
      2320,     10289,     10290,     10333,     10334
      2321,     10288,     10289,     10334,     10335
      2322,     10287,     10288,     10335,     10336
      2323,     10286,     10287,     10336,     10337
      2324,     10227,     10286,     10337,     10338
      2325,     10222,     10225,     10339,     10340
      2326,     10219,     10222,     10340,     10341
      2327,     10216,     10219,     10341,     10342
      2328,     10213,     10216,     10342,     10343
      2329,     10210,     10213,     10343,     10344
      2330,     10193,     10210,     10344,     10345
      2331,     10190,     10193,     10345,     10346
      2332,     10122,     10190,     10346,     10347
      2333,     10119,     10122,     10347,     10348
      2334,     10118,     10119,     10348,     10349
      2335,     10117,     10118,     10349,     10350
      2336,     10116,     10117,     10350,     10351
      2337,     10115,     10116,     10351,     10352
      2338,     10114,     10115,     10352,     10353
      2339,     10112,     10114,     10353,     10354
      2340,      9989,     10112,     10354,     10355
      2341,     10000,     10355,     10354,     10356
      2342,     10001,     10000,     10356,     10357
      2343,     10356,     10354,     10353,     10358
      2344,     10357,     10356,     10358,     10359
      2345,     10002,     10001,     10357,     10360
      2346,     10360,     10357,     10359,     10361
      2347,     10358,     10353,     10352,     10362
      2348,     10361,     10359,     10358,     10362
      2349,     10194,      8092,      8093,     10363
      2350,     10195,     10194,     10363,     10364
      2351,     10196,     10195,     10364,     10365
      2352,     10197,     10196,     10365,     10366
      2353,     10198,     10197,     10366,     10367
      2354,     10199,     10198,     10367,     10368
      2355,     10200,     10199,     10368,     10369
      2356,     10201,     10200,     10369,     10370
      2357,     10202,     10201,     10370,     10371
      2358,     10203,     10176,     10374,     10375
      2359,     10204,     10203,     10375,     10376
      2360,     10205,     10204,     10376,     10377
      2361,     10206,     10205,     10377,     10378
      2362,     10207,     10206,     10378,     10379
      2363,     10175,     10207,     10379,     10380
      2364,     10174,     10175,     10380,     10381
      2365,     10173,     10051,     10174,     10382
      2366,     10172,     10173,     10382,     10383
      2367,     10171,     10172,     10383,     10384
      2368,     10170,     10171,     10384,     10385
      2369,     10169,     10170,     10385,     10386
      2370,     10168,     10057,     10169,     10387
      2371,     10167,     10168,     10387,     10388
      2372,     10060,     10167,     10388,     10389
      2373,     10165,     10166,     10392,     10393
      2374,     10164,     10165,     10393,     10394
      2375,     10163,     10164,     10394,     10395
      2376,     10162,     10163,     10395,     10396
      2377,     10161,     10162,     10396,     10397
      2378,     10160,     10161,     10397,     10398
      2379,     10159,     10160,     10398,     10399
      2380,     10158,     10159,     10399,     10400
      2381,     10157,     10158,     10400,     10401
      2382,     10156,     10157,     10401,     10402
      2383,     10155,     10156,     10402,     10403
      2384,     10154,     10155,     10403,     10404
      2385,     10153,     10154,     10404,     10405
      2386,     10152,     10153,     10405,     10406
      2387,     10151,     10152,     10406,     10407
      2388,     10150,     10151,     10407,     10408
      2389,     10149,     10150,     10408,     10409
      2390,     10148,     10149,     10409,     10410
      2391,     10147,     10148,     10410,     10411
      2392,     10146,     10147,     10411,     10412
      2393,     10145,     10146,     10412,     10413
      2394,     10144,     10145,     10413,     10414
      2395,     10143,     10144,     10414,     10415
      2396,     10142,     10143,     10415,     10416
      2397,     10141,     10142,     10416,     10417
      2398,     10140,     10141,     10417,     10418
      2399,     10139,     10140,     10418,     10419
      2400,     10138,     10139,     10419,     10420
      2401,     10137,     10138,     10420,     10421
      2402,     10136,     10137,     10421,     10422
      2403,     10135,     10136,     10422,     10423
      2404,     10134,     10135,     10423,     10424
      2405,     10133,     10134,     10424,     10425
      2406,     10132,     10133,     10425,     10426
      2407,     10131,     10132,     10426,     10427
      2408,     10130,     10131,     10427,     10428
      2409,     10129,     10130,     10428,     10429
      2410,     10128,     10129,     10429,     11172
      2411,     10127,     10128,     11172,     10312
      2412,     10260,     10312,     10430,     10313
      2413,     10314,     10313,     10430,     10431
      2414,     10431,     10430,     11171,     10432
      2415,     10432,     10429,     10428,     10433
      2416,     10433,     10428,     10427,     10434
      2417,     10434,     10427,     10426,     10435
      2418,     10435,     10426,     10425,     10436
      2419,     10436,     10425,     10424,     10437
      2420,     10437,     10424,     10423,     10438
      2421,     10438,     10423,     10422,     10439
      2422,     10439,     10422,     10421,     10440
      2423,     10440,     10421,     10420,     10441
      2424,     10441,     10420,     10419,     10442
      2425,     10442,     10419,     10418,     10443
      2426,     10443,     10418,     10417,     10444
      2427,     10444,     10417,     10416,     10445
      2428,     10445,     10416,     10415,     10446
      2429,     10446,     10415,     10414,     10447
      2430,     10447,     10414,     10413,     10448
      2431,     10448,     10413,     10412,     10449
      2432,     10449,     10412,     10411,     10450
      2433,     10450,     10411,     10410,     10451
      2434,     10451,     10410,     10409,     10452
      2435,     10452,     10409,     10408,     10453
      2436,     10453,     10408,     10407,     10454
      2437,     10454,     10407,     10406,     10455
      2438,     10455,     10406,     10405,     10456
      2439,     10456,     10405,     10404,     10457
      2440,     10457,     10404,     10403,     10458
      2441,     10458,     10403,     10402,     10459
      2442,     10459,     10402,     10401,     10460
      2443,     10460,     10401,     10400,     10461
      2444,     10461,     10400,     10399,     10462
      2445,     10462,     10399,     10398,     10463
      2446,     10463,     10398,     10397,     10464
      2447,     10464,     10397,     10396,     10465
      2448,     10465,     10396,     10395,     10466
      2449,     10466,     10395,     10394,     10467
      2450,     10467,     10394,     10393,     10468
      2451,     10468,     10393,     10392,     10469
      2452,     10392,     10166,     10391,     10470
      2453,     10470,     10391,     10390,     10471
      2454,     10471,     10390,     10389,     10472
      2455,     10472,     10389,     10388,     10473
      2456,     10473,     10388,     10387,     10474
      2457,     10474,     10387,     10169,     10386
      2458,     10475,     10386,     10385,     10476
      2459,     10476,     10385,     10384,     10477
      2460,     10477,     10384,     10383,     10478
      2461,     10478,     10383,     10382,     10479
      2462,     10479,     10382,     10174,     10381
      2463,     10480,     10381,     10380,     10481
      2464,     10481,     10380,     10379,     10482
      2465,     10482,     10379,     10378,     10483
      2466,     10483,     10378,     10377,     10484
      2467,     10484,     10377,     10376,     10485
      2468,     10485,     10376,     10375,     10486
      2469,     10486,     10375,     10374,     10487
      2470,     10487,     10374,     10373,     10488
      2471,     10488,     10373,     10372,     10489
      2472,     10489,     10372,     10202,     10371
      2473,     10490,     10371,     10370,     10491
      2474,     10491,     10370,     10369,     10492
      2475,     10492,     10369,     10368,     10493
      2476,     10493,     10368,     10367,     10494
      2477,     10494,     10367,     10366,     10495
      2478,     10495,     10366,     10365,     10496
      2479,     10496,     10365,     10364,     10497
      2480,     10497,     10364,     10363,     10498
      2481,     10498,     10363,      8093,     10499
      2482,     10315,     10314,     10431,     10500
      2483,     10500,     10431,     10432,     10433
      2484,     10316,     10315,     10500,     10501
      2485,     10500,     10433,     10434,     10501
      2486,     10501,     10434,     10435,     10502
      2487,     10622,     10436,     10437,     10503
      2488,     10503,     10437,     10438,     10504
      2489,     10504,     10438,     10439,     10505
      2490,     10505,     10439,     10440,     10506
      2491,     10506,     10440,     10441,     10507
      2492,     10507,     10441,     10442,     10508
      2493,     10508,     10442,     10443,     10509
      2494,     10509,     10443,     10444,     10510
      2495,     10510,     10444,     10445,     10511
      2496,     10511,     10445,     10446,     10512
      2497,     10512,     10446,     10447,     10513
      2498,     10513,     10447,     10448,     10514
      2499,     10514,     10448,     10449,     10515
      2500,     10515,     10449,     10450,     10516
      2501,     10516,     10450,     10451,     10517
      2502,     10517,     10451,     10452,     10518
      2503,     10518,     10452,     10453,     10519
      2504,     10519,     10453,     10454,     10520
      2505,     10520,     10454,     10455,     10521
      2506,     10521,     10455,     10456,     10522
      2507,     10522,     10456,     10457,     10523
      2508,     10523,     10457,     10458,     10524
      2509,     10524,     10458,     10459,     10525
      2510,     10525,     10459,     10460,     10526
      2511,     10526,     10460,     10461,     10527
      2512,     10527,     10461,     10462,     10528
      2513,     10528,     10462,     10463,     10529
      2514,     10529,     10463,     10464,     10530
      2515,     10530,     10464,     10465,     10531
      2516,     10531,     10465,     10466,     10532
      2517,     10532,     10466,     10467,     10533
      2518,     10533,     10467,     10468,     10534
      2519,     10534,     10468,     10469,     10535
      2520,     10469,     10392,     10470,     10536
      2521,     10536,     10470,     10471,     10537
      2522,     10537,     10471,     10472,     10538
      2523,     10538,     10472,     10473,     10539
      2524,     10539,     10473,     10474,     10540
      2525,     10540,     10474,     10386,     10475
      2526,     10541,     10475,     10476,     10542
      2527,     10542,     10476,     10477,     10543
      2528,     10543,     10477,     10478,     10544
      2529,     10544,     10478,     10479,     10545
      2530,     10545,     10479,     10381,     10480
      2531,     10663,     10480,     10481,     10664
      2532,     10664,     10481,     10482,     10546
      2533,     10546,     10482,     10483,     10547
      2534,     10547,     10483,     10484,     10548
      2535,     10548,     10484,     10485,     10549
      2536,     10549,     10485,     10486,     10550
      2537,     10550,     10486,     10487,     10551
      2538,     10551,     10487,     10488,     10552
      2539,     10552,     10488,     10489,     10553
      2540,     10553,     10489,     10371,     10490
      2541,     10317,     10316,     10501,     10502
      2542,     10362,     10352,     10351,     10554
      2543,     10361,     10362,     10554,     10555
      2544,     10360,     10361,     10555,     10556
      2545,     10002,     10360,     10556,     10557
      2546,     10554,     10351,     10350,     10558
      2547,     10555,     10554,     10558,     10559
      2548,     10558,     10350,     10349,     10560
      2549,     10560,     10349,     10348,     10561
      2550,     10561,     10348,     10347,     10562
      2551,     10562,     10347,     10346,     10563
      2552,     10563,     10346,     10345,     10564
      2553,     10564,     10345,     10344,     10565
      2554,     10565,     10344,     10343,     10566
      2555,     10566,     10343,     10342,     10567
      2556,     10567,     10342,     10341,     10568
      2557,     10568,     10341,     10340,     10569
      2558,     10569,     10340,     10339,     10570
      2559,     10339,     10225,     10338,     10571
      2560,     10571,     10338,     10337,     10572
      2561,     10572,     10337,     10336,     10573
      2562,     10573,     10336,     10335,     10574
      2563,     10574,     10335,     10334,     10575
      2564,     10575,     10334,     10333,     10576
      2565,     10576,     10333,     10332,     10577
      2566,     10577,     10332,     10331,     10578
      2567,     10578,     10331,     10330,     10579
      2568,     10579,     10330,     10329,     10580
      2569,     10580,     10329,     10328,     10581
      2570,     10581,     10328,     10327,     10582
      2571,     10582,     10327,     10326,     10583
      2572,     10583,     10326,     10325,     10584
      2573,     10584,     10325,     10324,     10585
      2574,     10585,     10324,     10300,     10323
      2575,     10586,     10323,     10322,     10587
      2576,     10587,     10322,     10321,     10588
      2577,     10588,     10321,     10320,     10589
      2578,     10589,     10320,     10319,     10590
      2579,     10590,     10319,     10318,     10591
      2580,     10591,     10318,     10317,     10502
      2581,     10559,     10558,     10560,     10592
      2582,     10592,     10560,     10561,     10593
      2583,     10593,     10561,     10562,     10594
      2584,     10594,     10562,     10563,     10595
      2585,     10595,     10563,     10564,     10596
      2586,     10596,     10564,     10565,     10597
      2587,     10597,     10565,     10566,     10598
      2588,     10598,     10566,     10567,     10599
      2589,     10599,     10567,     10568,     10600
      2590,     10600,     10568,     10569,     10601
      2591,     10601,     10569,     10570,     10602
      2592,     10570,     10339,     10571,     10603
      2593,     10603,     10571,     10572,     10604
      2594,     10604,     10572,     10573,     10605
      2595,     10605,     10573,     10574,     10606
      2596,     10606,     10574,     10575,     10607
      2597,     10607,     10575,     10576,     10608
      2598,     10608,     10576,     10577,     10609
      2599,     10609,     10577,     10578,     10610
      2600,     10610,     10578,     10579,     10611
      2601,     10611,     10579,     10580,     10612
      2602,     10612,     10580,     10581,     10613
      2603,     10613,     10581,     10582,     10614
      2604,     10614,     10582,     10583,     10615
      2605,     10615,     10583,     10584,     10616
      2606,     10616,     10584,     10585,     10617
      2607,     10617,     10585,     10323,     10586
      2608,     10618,     10586,     10587,     10619
      2609,     10619,     10587,     10588,     10620
      2610,     10620,     10588,     10589,     10621
      2611,     10621,     10589,     10590,     10622
      2612,     10622,     10590,     10591,     10436
      2613,     10591,     10502,     10435,     10436
      2614,     10621,     10622,     10503,     10623
      2615,     10623,     10503,     10504,     11174
      2616,     11174,     10504,     10505,     10624
      2617,     10624,     10505,     10506,     10625
      2618,     10625,     10506,     10507,     10626
      2619,     10626,     10507,     10508,     10627
      2620,     10627,     10508,     10509,     10628
      2621,     10628,     10509,     10510,     10629
      2622,     10629,     10510,     10511,     10630
      2623,     10630,     10511,     10512,     10631
      2624,     10631,     10512,     10513,     10632
      2625,     10632,     10513,     10514,     10633
      2626,     10633,     10514,     10515,     10634
      2627,     10634,     10515,     10516,     10635
      2628,     10635,     10516,     10517,     10636
      2629,     10636,     10517,     10518,     10637
      2630,     10637,     10518,     10519,     10638
      2631,     10638,     10519,     10520,     10639
      2632,     10639,     10520,     10521,     10640
      2633,     10640,     10521,     10522,     10641
      2634,     10641,     10522,     10523,     10642
      2635,     10642,     10523,     10524,     10643
      2636,     10643,     10524,     10525,     10644
      2637,     10644,     10525,     10526,     10645
      2638,     10645,     10526,     10527,     10646
      2639,     10646,     10527,     10528,     10647
      2640,     10647,     10528,     10529,     10648
      2641,     10648,     10529,     10530,     10649
      2642,     10649,     10530,     10531,     10650
      2643,     10650,     10531,     10532,     10651
      2644,     10651,     10532,     10533,     10652
      2645,     10652,     10533,     10534,     10653
      2646,     10653,     10534,     10535,     10654
      2647,     10535,     10469,     10536,     10655
      2648,     10655,     10536,     10537,     10656
      2649,     10656,     10537,     10538,     10657
      2650,     10657,     10538,     10539,     10658
      2651,     10658,     10539,     10540,     10659
      2652,     10659,     10540,     10475,     10541
      2653,     10729,     10541,     10542,     10730
      2654,     10730,     10542,     10543,     10660
      2655,     10660,     10543,     10544,     10661
      2656,     10661,     10544,     10545,     10662
      2657,     10662,     10545,     10480,     10663
      2658,     10620,     10621,     10623,     10665
      2659,     10619,     10620,     10665,     10666
      2660,     10618,     10619,     10666,     10667
      2661,     10617,     10586,     10618,     10668
      2662,     10616,     10617,     10668,     10829
      2663,     10615,     10616,     10829,     10669
      2664,     10614,     10615,     10669,     10670
      2665,     10613,     10614,     10670,     10671
      2666,     10612,     10613,     10671,     10672
      2667,     10611,     10612,     10672,     10673
      2668,     10610,     10611,     10673,     10674
      2669,     10609,     10610,     10674,     10675
      2670,     10608,     10609,     10675,     10676
      2671,     10607,     10608,     10676,     10677
      2672,     10606,     10607,     10677,     10678
      2673,     10605,     10606,     10678,     10679
      2674,     10604,     10605,     10679,     10680
      2675,     10603,     10604,     10680,     10681
      2676,     10570,     10603,     10681,     10602
      2677,     10601,     10602,     10682,     10683
      2678,     10600,     10601,     10683,     10684
      2679,     10599,     10600,     10684,     10685
      2680,     10598,     10599,     10685,     10686
      2681,     10597,     10598,     10686,     10687
      2682,     10596,     10597,     10687,     10688
      2683,     10595,     10596,     10688,     10689
      2684,     10594,     10595,     10689,     10690
      2685,     10593,     10594,     10690,     10691
      2686,     10592,     10593,     10691,     10692
      2687,     10559,     10592,     10692,     10693
      2688,     10555,     10559,     10693,     10556
      2689,     10666,     10665,     11173,     10694
      2690,     10694,     10624,     10625,     10695
      2691,     10695,     10625,     10626,     10696
      2692,     10696,     10626,     10627,     10697
      2693,     10697,     10627,     10628,     10698
      2694,     10698,     10628,     10629,     10699
      2695,     10699,     10629,     10630,     10700
      2696,     10700,     10630,     10631,     10701
      2697,     10701,     10631,     10632,     10702
      2698,     10702,     10632,     10633,     10703
      2699,     10703,     10633,     10634,     10704
      2700,     10704,     10634,     10635,     10705
      2701,     10705,     10635,     10636,     10706
      2702,     10706,     10636,     10637,     10707
      2703,     10707,     10637,     10638,     10708
      2704,     10708,     10638,     10639,     10709
      2705,     10709,     10639,     10640,     10710
      2706,     10710,     10640,     10641,     10711
      2707,     10711,     10641,     10642,     10712
      2708,     10712,     10642,     10643,     10713
      2709,     10713,     10643,     10644,     10714
      2710,     10714,     10644,     10645,     10715
      2711,     10715,     10645,     10646,     10716
      2712,     10716,     10646,     10647,     10717
      2713,     10717,     10647,     10648,     10718
      2714,     10718,     10648,     10649,     10719
      2715,     10719,     10649,     10650,     10720
      2716,     10720,     10650,     10651,     10721
      2717,     10721,     10651,     10652,     10722
      2718,     10722,     10652,     10653,     10723
      2719,     10723,     10653,     10654,     10807
      2720,     10654,     10535,     10655,     10724
      2721,     10724,     10655,     10656,     10725
      2722,     10725,     10656,     10657,     10726
      2723,     10726,     10657,     10658,     10727
      2724,     10727,     10658,     10659,     10728
      2725,     10728,     10659,     10541,     10729
      2726,     10731,     10660,     10661,     10732
      2727,     10732,     10661,     10662,     10733
      2728,     10733,     10662,     10663,     10818
      2729,     10667,     10666,     10694,     10695
      2730,     10818,     10663,     10664,     10819
      2731,     10819,     10664,     10546,     10734
      2732,     10734,     10546,     10547,     10735
      2733,     10735,     10547,     10548,     10736
      2734,     10736,     10548,     10549,     10737
      2735,     10737,     10549,     10550,     10738
      2736,     10738,     10550,     10551,     10739
      2737,     10739,     10551,     10552,     10740
      2738,     10740,     10552,     10553,     10741
      2739,     10741,     10553,     10490,     10742
      2740,     10742,     10490,     10491,     10743
      2741,     10743,     10491,     10492,     10744
      2742,     10744,     10492,     10493,     10745
      2743,     10745,     10493,     10494,     10746
      2744,     10746,     10494,     10495,     10747
      2745,     10747,     10495,     10496,     10748
      2746,     10748,     10496,     10497,     10749
      2747,     10749,     10497,     10498,     10750
      2748,     10750,     10498,     10499,     10901
      2749,     10557,     10556,     10693,     10853
      2750,     10003,     10557,     10853,     10751
      2751,     10004,     10003,     10751,     10752
      2752,     10005,     10004,     10752,     10753
      2753,     10006,     10005,     10753,     10754
      2754,     10007,     10006,     10754,     10755
      2755,     10008,     10007,     10755,     10756
      2756,     10009,     10008,     10756,     10757
      2757,     10010,     10009,     10757,     10758
      2758,     10011,     10010,     10758,     10759
      2759,     10012,     10011,     10759,     10760
      2760,     10013,     10012,     10760,     10761
      2761,     10014,     10013,     10761,     10762
      2762,     10015,     10014,     10762,     10763
      2763,     10016,     10015,     10763,     10764
      2764,     10017,     10016,     10764,     10765
      2765,     10018,     10017,     10765,     10766
      2766,     10019,     10018,     10766,     10767
      2767,     10020,     10019,     10767,     10768
      2768,     10021,     10020,     10768,     10769
      2769,     10022,     10021,     10769,     10770
      2770,     10023,     10022,     10770,     10771
      2771,     10024,     10023,     10771,     10772
      2772,     10025,     10024,     10772,     10773
      2773,     10026,     10025,     10773,     10774
      2774,     10027,     10026,     10774,     10775
      2775,     10028,     10027,     10775,     10776
      2776,     10029,     10028,     10776,     10777
      2777,     10030,     10029,     10777,     10778
      2778,     10667,     10695,     10696,     10779
      2779,     10779,     10696,     10697,     10780
      2780,     10780,     10697,     10698,     10781
      2781,     10781,     10698,     10699,     10782
      2782,     10782,     10699,     10700,     10783
      2783,     10783,     10700,     10701,     10784
      2784,     10784,     10701,     10702,     10785
      2785,     10785,     10702,     10703,     10786
      2786,     10786,     10703,     10704,     10787
      2787,     10787,     10704,     10705,     10788
      2788,     10788,     10705,     10706,     10789
      2789,     10789,     10706,     10707,     10790
      2790,     10790,     10707,     10708,     10791
      2791,     10791,     10708,     10709,     10792
      2792,     10792,     10709,     10710,     10793
      2793,     10793,     10710,     10711,     10794
      2794,     10794,     10711,     10712,     10795
      2795,     10795,     10712,     10713,     10796
      2796,     10796,     10713,     10714,     10797
      2797,     10797,     10714,     10715,     10798
      2798,     10798,     10715,     10716,     10799
      2799,     10799,     10716,     10717,     10800
      2800,     10800,     10717,     10718,     10801
      2801,     10801,     10718,     10719,     10802
      2802,     10802,     10719,     10720,     10803
      2803,     10803,     10720,     10721,     10804
      2804,     10804,     10721,     10722,     10805
      2805,     10805,     10722,     10723,     10806
      2806,     10807,     10654,     10724,     10808
      2807,     10808,     10724,     10725,     10809
      2808,     10809,     10725,     10726,     10810
      2809,     10810,     10726,     10727,     10811
      2810,     10811,     10727,     10728,     10812
      2811,     10812,     10728,     10729,     10813
      2812,     10813,     10729,     10730,     10814
      2813,     10814,     10730,     10660,     10731
      2814,     10815,     10731,     10732,     10816
      2815,     10816,     10732,     10733,     10817
      2816,     10819,     10734,     10735,     10820
      2817,     10820,     10735,     10736,     10821
      2818,     10821,     10736,     10737,     11175
      2819,     11175,     10737,     10738,     10898
      2820,     10898,     10738,     10739,     10822
      2821,     10822,     10739,     10740,     10823
      2822,     10823,     10740,     10741,     10824
      2823,     10824,     10741,     10742,     10825
      2824,     10825,     10742,     10743,     10826
      2825,     10826,     10743,     10744,     10827
      2826,     10827,     10744,     10745,     10828
      2827,     10828,     10745,     10746,     10747
      2828,     10668,     10618,     10667,     10779
      2829,     10668,     10779,     10780,     10829
      2830,     10829,     10780,     10781,     10932
      2831,     10669,     10829,     10932,     10830
      2832,     10670,     10669,     10830,     10831
      2833,     10671,     10670,     10831,     10832
      2834,     10672,     10671,     10832,     10833
      2835,     10673,     10672,     10833,     10834
      2836,     10674,     10673,     10834,     10835
      2837,     10675,     10674,     10835,     10836
      2838,     10676,     10675,     10836,     10837
      2839,     10677,     10676,     10837,     10838
      2840,     10678,     10677,     10838,     10839
      2841,     10679,     10678,     10839,     10840
      2842,     10680,     10679,     10840,     10841
      2843,     10681,     10680,     10841,     10842
      2844,     10602,     10681,     10842,     10682
      2845,     10683,     10682,     11073,     10843
      2846,     10684,     10683,     10843,     10844
      2847,     10685,     10684,     10844,     10845
      2848,     10686,     10685,     10845,     10846
      2849,     10687,     10686,     10846,     10847
      2850,     10688,     10687,     10847,     10848
      2851,     10689,     10688,     10848,     10849
      2852,     10690,     10689,     10849,     10850
      2853,     10691,     10690,     10850,     10851
      2854,     10692,     10691,     10851,     10852
      2855,     10693,     10692,     10852,     10853
      2856,     10751,     10853,     10852,     10854
      2857,     10752,     10751,     10854,     10855
      2858,     10753,     10752,     10855,     10856
      2859,     10754,     10753,     10856,     10857
      2860,     10755,     10754,     10857,     10858
      2861,     10756,     10755,     10858,     10859
      2862,     10757,     10756,     10859,     10860
      2863,     10758,     10757,     10860,     10861
      2864,     10759,     10758,     10861,     10862
      2865,     10760,     10759,     10862,     10863
      2866,     10761,     10760,     10863,     10864
      2867,     10762,     10761,     10864,     10865
      2868,     10763,     10762,     10865,     10866
      2869,     10764,     10763,     10866,     10867
      2870,     10765,     10764,     10867,     10868
      2871,     10766,     10765,     10868,     10869
      2872,     10767,     10766,     10869,     10870
      2873,     10768,     10767,     10870,     10871
      2874,     10769,     10768,     10871,     10872
      2875,     10770,     10769,     10872,     10873
      2876,     10771,     10770,     10873,     10874
      2877,     10772,     10771,     10874,     10875
      2878,     10773,     10772,     10875,     10876
      2879,     10774,     10773,     10876,     10877
      2880,     10775,     10774,     10877,     10878
      2881,     10776,     10775,     10878,     10879
      2882,     10777,     10776,     10879,     10880
      2883,     10778,     10777,     10880,     10881
      2884,     10854,     10852,     10851,     10882
      2885,     10855,     10854,     10882,     10883
      2886,     10856,     10855,     10883,     10884
      2887,     10857,     10856,     10884,     10885
      2888,     10858,     10857,     10885,     10886
      2889,     10859,     10858,     10886,     10887
      2890,     10860,     10859,     10887,     10888
      2891,     10861,     10860,     10888,     10889
      2892,     10862,     10861,     10889,     10890
      2893,     10863,     10862,     10890,     10891
      2894,     10864,     10863,     10891,     10892
      2895,     10865,     10864,     10892,     10893
      2896,     10866,     10865,     10893,     10894
      2897,     10867,     10866,     10894,     10895
      2898,     10868,     10867,     10895,     10904
      2899,     10869,     10868,     10904,     10896
      2900,     10870,     10869,     10896,     10815
      2901,     10871,     10870,     10815,     10816
      2902,     10872,     10871,     10816,     10817
      2903,     10873,     10872,     10817,     10897
      2904,     10874,     10873,     10821,     11175
      2905,     10875,     10874,     11175,     10898
      2906,     10876,     10875,     10898,     10822
      2907,     10877,     10876,     10822,     10823
      2908,     10878,     10877,     10823,     10824
      2909,     10879,     10878,     10824,     10899
      2910,     10880,     10879,     10899,     10900
      2911,     10881,     10880,     10750,     10901
      2912,     10750,     10880,     10900,     10749
      2913,     10748,     10749,     10900,     10902
      2914,     10902,     10900,     10899,     10903
      2915,     10747,     10748,     10902,     10828
      2916,     10827,     10828,     10902,     10903
      2917,     10825,     10826,     10827,     10903
      2918,     10825,     10903,     10899,     10824
      2919,     10818,     10819,     10820,     10897
      2920,     10733,     10818,     10897,     10817
      2921,     10814,     10731,     10815,     10896
      2922,     10813,     10814,     10896,     10904
      2923,     10813,     10904,     10895,     10812
      2924,     10811,     10812,     10895,     10905
      2925,     10810,     10811,     10905,     10906
      2926,     10809,     10810,     10906,     10971
      2927,     10807,     10808,     10970,     10983
      2928,     10723,     10807,     10983,     10806
      2929,     10805,     10806,     10907,     10908
      2930,     10804,     10805,     10908,     10909
      2931,     10803,     10804,     10909,     10910
      2932,     10802,     10803,     10910,     10911
      2933,     10801,     10802,     10911,     10912
      2934,     10800,     10801,     10912,     10913
      2935,     10799,     10800,     10913,     10914
      2936,     10798,     10799,     10914,     10915
      2937,     10797,     10798,     10915,     10916
      2938,     10796,     10797,     10916,     10917
      2939,     10795,     10796,     10917,     10918
      2940,     10794,     10795,     10918,     10919
      2941,     10793,     10794,     10919,     10920
      2942,     10792,     10793,     10920,     10921
      2943,     10791,     10792,     10921,     10922
      2944,     10790,     10791,     10922,     10923
      2945,     10789,     10790,     10923,     10924
      2946,     10788,     10789,     10924,     10925
      2947,     10787,     10788,     10925,     10926
      2948,     10786,     10787,     10926,     10927
      2949,     10785,     10786,     10927,     10928
      2950,     10784,     10785,     10928,     10929
      2951,     10783,     10784,     10929,     10930
      2952,     10782,     10783,     10930,     10931
      2953,     10781,     10782,     10931,     10932
      2954,     10830,     10932,     10931,     10933
      2955,     10933,     10931,     10930,     10934
      2956,     10934,     10930,     10929,     10935
      2957,     10831,     10830,     10933,     10936
      2958,     10936,     10933,     10934,     10937
      2959,     10937,     10934,     10935,     10938
      2960,     10832,     10831,     10936,     10939
      2961,     10939,     10936,     10937,     10940
      2962,     10940,     10937,     10938,     10941
      2963,     10935,     10929,     10928,     10942
      2964,     11177,     10938,     10935,     10942
      2965,     10833,     10832,     10939,     10943
      2966,     10943,     10939,     10940,     10944
      2967,     10944,     10940,     10941,     10945
      2968,     10882,     10851,     10850,     10946
      2969,     10883,     10882,     10946,     10947
      2970,     10884,     10883,     10947,     10948
      2971,     10885,     10884,     10948,     10949
      2972,     10886,     10885,     10949,     10950
      2973,     10887,     10886,     10950,     10951
      2974,     10888,     10887,     10951,     10952
      2975,     10889,     10888,     10952,     10953
      2976,     10890,     10889,     10953,     10954
      2977,     10891,     10890,     10954,     10955
      2978,     10892,     10891,     10955,     10956
      2979,     10893,     10892,     10956,     10957
      2980,     10894,     10893,     10957,     10958
      2981,     10905,     10895,     10894,     10958
      2982,     10906,     10905,     10958,     10971
      2983,     10946,     10850,     10849,     10959
      2984,     10947,     10946,     10959,     10960
      2985,     10948,     10947,     10960,     10961
      2986,     10949,     10948,     10961,     10962
      2987,     10950,     10949,     10962,     10963
      2988,     10951,     10950,     10963,     10964
      2989,     10952,     10951,     10964,     10965
      2990,     10953,     10952,     10965,     10966
      2991,     10954,     10953,     10966,     10967
      2992,     10955,     10954,     10967,     10968
      2993,     10956,     10955,     10968,     10969
      2994,     10957,     10956,     10969,     10970
      2995,     10958,     10957,     10970,     10971
      2996,     10809,     10971,     10970,     10808
      2997,     10959,     10849,     10848,     10972
      2998,     10960,     10959,     10972,     10973
      2999,     10961,     10960,     10973,     10974
      3000,     10962,     10961,     10974,     10975
      3001,     10963,     10962,     10975,     10976
      3002,     10964,     10963,     10976,     10977
      3003,     10965,     10964,     10977,     10978
      3004,     10966,     10965,     10978,     10979
      3005,     10967,     10966,     10979,     10980
      3006,     10968,     10967,     10980,     10981
      3007,     10969,     10968,     10981,     10982
      3008,     10970,     10969,     10982,     10983
      3009,     10806,     10983,     10982,     10907
      3010,     10834,     10833,     10943,     10984
      3011,     10984,     10943,     10944,     10985
      3012,     10985,     10944,     10945,     10986
      3013,     10972,     10848,     10847,     10987
      3014,     10973,     10972,     10987,     10988
      3015,     10974,     10973,     10988,     10989
      3016,     10975,     10974,     10989,     10990
      3017,     10976,     10975,     10990,     10991
      3018,     10977,     10976,     10991,     10992
      3019,     10978,     10977,     10992,     10993
      3020,     10979,     10978,     10993,     10994
      3021,     10980,     10979,     10994,     10995
      3022,     10981,     10980,     10995,     10996
      3023,     10996,     10907,     10982,     10981
      3024,     10908,     10907,     10996,     10997
      3025,     10909,     10908,     10997,     10998
      3026,     10910,     10909,     10998,     10999
      3027,     10911,     10910,     10999,     11000
      3028,     10912,     10911,     11000,     11001
      3029,     10913,     10912,     11001,     11002
      3030,     10914,     10913,     11002,     11003
      3031,     10915,     10914,     11003,     11004
      3032,     10916,     10915,     11004,     11005
      3033,     10917,     10916,     11005,     11006
      3034,     10918,     10917,     11006,     11007
      3035,     10919,     10918,     11007,     11008
      3036,     10920,     10919,     11008,     11009
      3037,     10921,     10920,     11009,     11162
      3038,     10922,     10921,     11162,     11151
      3039,     10923,     10922,     11151,     11010
      3040,     10924,     10923,     11010,     11011
      3041,     10925,     10924,     11011,     11012
      3042,     10926,     10925,     11012,     11013
      3043,     10927,     10926,     11013,     11014
      3044,     10942,     10928,     10927,     11014
      3045,     10997,     10996,     10995,     11037
      3046,     10998,     10997,     11037,     11055
      3047,     11000,     10999,     10998,     11055
      3048,     10835,     10834,     10984,     11015
      3049,     11015,     10984,     10985,     11016
      3050,     11016,     10985,     10986,     11017
      3051,     11177,     10942,     11014,     11018
      3052,     10945,     10941,     11176,     11019
      3053,     10986,     10945,     11019,     11020
      3054,     11017,     10986,     11020,     11021
      3055,     11018,     11014,     11013,     11022
      3056,     11019,     11018,     11022,     11020
      3057,     11022,     11013,     11012,     11023
      3058,     11020,     11022,     11023,     11024
      3059,     11021,     11020,     11024,     11025
      3060,     11023,     11012,     11011,     11026
      3061,     11024,     11023,     11026,     11027
      3062,     11025,     11024,     11027,     11028
      3063,     10987,     10847,     10846,     11029
      3064,     10988,     10987,     11029,     11030
      3065,     10989,     10988,     11030,     11031
      3066,     10990,     10989,     11031,     11032
      3067,     10991,     10990,     11032,     11033
      3068,     10992,     10991,     11033,     11034
      3069,     10993,     10992,     11034,     11035
      3070,     10994,     10993,     11035,     11036
      3071,     10995,     10994,     11036,     11037
      3072,     10836,     10835,     11015,     11080
      3073,     11080,     11015,     11016,     11038
      3074,     11038,     11016,     11017,     11039
      3075,     11039,     11017,     11021,     11040
      3076,     11040,     11021,     11025,     11041
      3077,     11041,     11025,     11028,     11042
      3078,     11026,     11011,     11010,     11043
      3079,     11027,     11026,     11043,     11044
      3080,     11028,     11027,     11044,     11045
      3081,     11042,     11028,     11045,     11046
      3082,     11029,     10846,     10845,     11047
      3083,     11030,     11029,     11047,     11048
      3084,     11031,     11030,     11048,     11049
      3085,     11032,     11031,     11049,     11050
      3086,     11033,     11032,     11050,     11051
      3087,     11034,     11033,     11051,     11052
      3088,     11035,     11034,     11052,     11053
      3089,     11036,     11035,     11053,     11054
      3090,     11037,     11036,     11054,     11055
      3091,     11001,     11000,     11055,     11056
      3092,     11056,     11055,     11054,     11057
      3093,     11057,     11054,     11053,     11058
      3094,     11058,     11053,     11052,     11059
      3095,     11059,     11052,     11051,     11060
      3096,     11060,     11051,     11050,     11061
      3097,     11061,     11050,     11049,     11062
      3098,     11062,     11049,     11048,     11063
      3099,     11063,     11048,     11047,     11064
      3100,     11064,     11047,     10845,     10844
      3101,     11002,     11001,     11056,     11065
      3102,     11065,     11056,     11057,     11066
      3103,     11066,     11057,     11058,     11067
      3104,     11067,     11058,     11059,     11068
      3105,     11068,     11059,     11060,     11069
      3106,     11069,     11060,     11061,     11120
      3107,     11120,     11061,     11062,     11070
      3108,     11070,     11062,     11063,     11064
      3109,     11070,     11064,     10844,     11071
      3110,     11071,     10844,     10843,     11072
      3111,     11073,     10682,     10842,     11074
      3112,     11074,     10842,     10841,     11075
      3113,     11075,     10841,     10840,     11076
      3114,     11076,     10840,     10839,     11077
      3115,     11077,     10839,     10838,     11078
      3116,     11078,     10838,     10837,     11079
      3117,     11079,     10837,     10836,     11080
      3118,     11003,     11002,     11065,     11081
      3119,     11081,     11065,     11066,     11082
      3120,     11082,     11066,     11067,     11083
      3121,     11004,     11003,     11081,     11084
      3122,     11084,     11081,     11082,     11085
      3123,     11085,     11082,     11083,     11086
      3124,     11005,     11004,     11084,     11087
      3125,     11087,     11084,     11085,     11088
      3126,     11088,     11085,     11086,     11089
      3127,     11083,     11067,     11068,     11090
      3128,     11086,     11083,     11090,     11091
      3129,     11089,     11086,     11091,     11092
      3130,     11006,     11005,     11087,     11093
      3131,     11093,     11087,     11088,     11094
      3132,     11094,     11088,     11089,     11095
      3133,     11095,     11089,     11092,     11096
      3134,     11079,     11080,     11038,     11097
      3135,     11097,     11038,     11039,     11040
      3136,     11007,     11006,     11093,     11098
      3137,     11098,     11093,     11094,     11099
      3138,     11099,     11094,     11095,     11100
      3139,     11100,     11095,     11096,     11101
      3140,     11097,     11040,     11041,     11102
      3141,     11079,     11097,     11102,     11103
      3142,     11078,     11079,     11103,     11104
      3143,     11077,     11078,     11104,     11105
      3144,     11076,     11077,     11105,     11106
      3145,     11075,     11076,     11106,     11107
      3146,     11074,     11075,     11107,     11108
      3147,     11073,     11074,     11108,     11109
      3148,     10843,     11073,     11109,     11072
      3149,     11071,     11072,     11118,     11119
      3150,     11120,     11070,     11071,     11119
      3151,     11102,     11041,     11042,     11110
      3152,     11103,     11102,     11110,     11111
      3153,     11104,     11103,     11111,     11112
      3154,     11105,     11104,     11112,     11113
      3155,     11106,     11105,     11113,     11114
      3156,     11107,     11106,     11114,     11115
      3157,     11108,     11107,     11115,     11116
      3158,     11109,     11108,     11116,     11117
      3159,     11072,     11109,     11117,     11118
      3160,     11069,     11120,     11119,     11121
      3161,     11121,     11119,     11118,     11122
      3162,     11122,     11118,     11117,     11123
      3163,     11123,     11117,     11116,     11124
      3164,     11124,     11116,     11115,     11125
      3165,     11125,     11115,     11114,     11126
      3166,     11126,     11114,     11113,     11127
      3167,     11127,     11113,     11112,     11128
      3168,     11128,     11112,     11111,     11110
      3169,     11110,     11042,     11046,     11128
      3170,     11068,     11069,     11121,     11129
      3171,     11090,     11068,     11129,     11130
      3172,     11091,     11090,     11130,     11131
      3173,     11092,     11091,     11131,     11132
      3174,     11096,     11092,     11132,     11133
      3175,     11101,     11096,     11133,     11134
      3176,     11008,     11007,     11098,     11135
      3177,     11135,     11098,     11099,     11136
      3178,     11136,     11099,     11100,     11137
      3179,     11137,     11100,     11101,     11138
      3180,     11138,     11101,     11134,     11139
      3181,     11129,     11121,     11122,     11140
      3182,     11140,     11122,     11123,     11141
      3183,     11141,     11123,     11124,     11142
      3184,     11142,     11124,     11125,     11143
      3185,     11143,     11125,     11126,     11144
      3186,     11144,     11126,     11127,     11145
      3187,     11145,     11127,     11128,     11146
      3188,     11146,     11128,     11046,     11147
      3189,     11147,     11046,     11045,     11148
      3190,     11148,     11045,     11044,     11149
      3191,     11149,     11044,     11043,     11150
      3192,     11150,     11043,     11010,     11151
      3193,     11130,     11129,     11140,     11152
      3194,     11132,     11131,     11130,     11152
      3195,     11152,     11140,     11141,     11153
      3196,     11153,     11141,     11142,     11154
      3197,     11133,     11132,     11152,     11153
      3198,     11134,     11133,     11153,     11154
      3199,     11154,     11142,     11143,     11155
      3200,     11139,     11134,     11154,     11155
      3201,     11155,     11143,     11144,     11156
      3202,     11156,     11144,     11145,     11157
      3203,     11139,     11155,     11156,     11158
      3204,     11157,     11145,     11146,     11159
      3205,     11159,     11146,     11147,     11160
      3206,     11160,     11147,     11148,     11149
      3207,     11160,     11149,     11150,     11161
      3208,     11161,     11150,     11151,     11162
      3209,     11138,     11139,     11158,     11163
      3210,     11137,     11138,     11163,     11164
      3211,     11136,     11137,     11164,     11170
      3212,     11135,     11136,     11170,     11165
      3213,     11009,     11008,     11135,     11165
      3214,     11158,     11156,     11157,     11166
      3215,     11163,     11158,     11166,     11167
      3216,     11166,     11157,     11159,     11168
      3217,     11168,     11159,     11160,     11161
      3218,     11167,     11166,     11168,     11169
      3219,     11169,     11168,     11161,     11162
      3220,     11164,     11163,     11167,     11170
      3221,     11170,     11167,     11169,     11165
      3222,     11165,     11169,     11162,     11009
      3223,     10429,     10432,     11171,     11172
      3224,     10430,     10312,     11172,     11171
      3225,     10624,     10694,     11173,     11174
      3226,     10665,     10623,     11174,     11173
      3227,     10821,     10873,     10897,     10820
      3228,     11018,     11019,     11176,     11177
      3229,     10941,     10938,     11177,     11176
      3230,     14524,     14271,      7833,      7832
      3231,     14271,     14270,      7834,      7833
      3232,     14270,     14269,      7835,      7834
      3233,     14269,     14268,      7836,      7835
      3234,     14268,     14267,      7837,      7836
      3235,     14267,     14266,      7838,      7837
      3236,     14266,     14265,      7839,      7838
      3237,     14265,     14264,      7840,      7839
      3238,     14264,     14263,      7841,      7840
      3239,     14263,     14262,      7842,      7841
      3240,     14262,     11856,      7843,      7842
      3241,     11856,     11454,      7844,      7843
      3242,     11454,     11474,      7845,      7844
      3243,     11474,     11577,      7846,      7845
      3244,     11577,     12325,      7847,      7846
      3245,     12325,     12708,      7848,      7847
      3246,     12708,     14261,      7849,      7848
      3247,     14261,     14260,      7850,      7849
      3248,     14260,     14259,      7851,      7850
      3249,     14259,     14502,      7852,      7851
      3250,      7913,     14258,     14440,      7914
      3251,     14258,     14257,     14439,     14440
      3252,     14257,     14256,     14438,     14439
      3253,     14256,     14255,     14437,     14438
      3254,     14255,     14254,     14436,     14437
      3255,     14254,     14253,     14435,     14436
      3256,     14253,     14252,     14434,     14435
      3257,     14252,     14251,     14433,     14434
      3258,     14251,     14250,     14432,     14433
      3259,     14250,     14249,     14431,     14432
      3260,     14249,     14248,     14430,     14431
      3261,     14248,     14247,     14429,     14430
      3262,     14247,     14246,     14428,     14429
      3263,     14246,     14245,     14427,     14428
      3264,     14245,     14244,     14426,     14427
      3265,     14244,     14243,     14425,     14426
      3266,     14243,     14242,     14424,     14425
      3267,     14242,     14241,     14423,     14424
      3268,     14241,     14240,     14422,     14423
      3269,     14240,     14239,     14421,     14422
      3270,     14239,     14238,     14420,     14421
      3271,     14238,     14237,     14419,     14420
      3272,     14237,     14236,     14418,     14419
      3273,     14236,     14235,     14417,     14418
      3274,     14235,     14234,     14416,     14417
      3275,     14234,     14233,     14415,     14416
      3276,     14233,     14232,     14414,     14415
      3277,     14232,     14231,     14413,     14414
      3278,     14231,     14230,     14412,     14413
      3279,     14230,     14229,     14411,     14412
      3280,     14229,     14228,     14410,     14411
      3281,     14228,     14227,     14409,     14410
      3282,     14227,     14226,     14408,     14409
      3283,     14226,     14225,     14407,     14408
      3284,     14225,     14224,     14406,     14407
      3285,     14224,     14223,     14405,     14406
      3286,     14223,     14222,     14404,     14405
      3287,     14222,     14221,     14403,     14404
      3288,     14221,     14220,     14402,     14403
      3289,     14220,     14219,     14401,     14402
      3290,     14219,     14218,     14400,     14401
      3291,     14218,     14217,     14399,     14400
      3292,     14217,     14216,     14398,     14399
      3293,     14216,     14215,     14397,     14398
      3294,     14215,     14214,     14396,     14397
      3295,     14214,     14213,     14395,     14396
      3296,     14213,     14212,     14394,     14395
      3297,     14212,     14211,     14393,     14394
      3298,     14211,     14210,     14392,     14393
      3299,     14210,     14209,     14391,     14392
      3300,     14209,     14208,     14390,     14391
      3301,     14208,     14207,     14389,     14390
      3302,     14207,     14206,     14388,     14389
      3303,     14206,     14205,     14387,     14388
      3304,     14205,     14204,     14386,     14387
      3305,     14204,     14203,     14385,     14386
      3306,     14203,     14202,     14384,     14385
      3307,     14202,     14201,     14383,     14384
      3308,     14201,     14200,     14382,     14383
      3309,     14200,     14199,     14381,     14382
      3310,     14199,     14198,     14380,     14381
      3311,     14198,     14197,     14379,     14380
      3312,     14197,     14196,     14378,     14379
      3313,     14196,     14195,     14377,     14378
      3314,     14195,     14194,     14376,     14377
      3315,     14194,     14193,     14375,     14376
      3316,     14193,     14192,     14374,     14375
      3317,     14192,     14191,     14373,     14374
      3318,     14191,     14190,     14372,     14373
      3319,     14190,     14189,     14371,     14372
      3320,     14189,     14188,     14370,     14371
      3321,     14188,     14187,     14369,     14370
      3322,     14187,     14186,     14368,     14369
      3323,     14186,     14185,     14367,     14368
      3324,     14185,     14184,     14366,     14367
      3325,     14184,     14183,     14365,     14366
      3326,     14183,     14182,     14364,     14365
      3327,     14182,     14181,     14363,     14364
      3328,     14181,     14180,     14362,     14363
      3329,     14180,     14360,     14361,     14362
      3330,     14180,     14179,     14359,     14360
      3331,     14179,     14178,     14358,     14359
      3332,     14178,     14177,     14357,     14358
      3333,     14177,     14176,     14356,     14357
      3334,     14176,     14175,     14355,     14356
      3335,     14175,     14174,     14354,     14355
      3336,     14174,     14173,     14353,     14354
      3337,     14173,     14172,     14352,     14353
      3338,     14172,     14171,     14351,     14352
      3339,     14171,     14170,     14350,     14351
      3340,     14170,     14348,     14349,     14350
      3341,     14170,     14169,     14347,     14348
      3342,     14169,     14168,     14346,     14347
      3343,     14462,     14167,      7895,      7894
      3344,     14167,     14166,      7896,      7895
      3345,     14166,     14165,      7897,      7896
      3346,     14165,     14164,      7898,      7897
      3347,     14164,     14163,      7899,      7898
      3348,     14163,     14162,      7900,      7899
      3349,     14162,     14161,      7901,      7900
      3350,     14161,     14160,      7902,      7901
      3351,     14160,     14159,      7903,      7902
      3352,     14159,     14158,      7904,      7903
      3353,     14158,     14157,      7905,      7904
      3354,     14157,     14156,      7906,      7905
      3355,     14156,     14155,      7907,      7906
      3356,     14155,     14154,      7908,      7907
      3357,     14154,     14153,      7909,      7908
      3358,     14153,     14152,      7910,      7909
      3359,     14152,     14151,      7911,      7910
      3360,     14151,     14150,      7912,      7911
      3361,     14150,     14258,      7913,      7912
      3362,     14259,     14149,     14501,     14502
      3363,     14168,     14148,     14345,     14346
      3364,     14525,     14147,     14271,     14524
      3365,     14149,     14146,     14500,     14501
      3366,     14146,     14145,     14499,     14500
      3367,     14145,     14144,     14498,     14499
      3368,     14144,     14143,     14497,     14498
      3369,     14143,     14142,     14496,     14497
      3370,     14142,     14141,     14495,     14496
      3371,     14141,     14140,     14494,     14495
      3372,     14140,     14139,     14493,     14494
      3373,     14139,     14138,     14492,     14493
      3374,     14138,     14137,     14491,     14492
      3375,     14137,     14136,     14490,     14491
      3376,     14136,     14135,     14489,     14490
      3377,     14135,     14134,     14488,     14489
      3378,     14134,     14133,     14487,     14488
      3379,     14133,     14132,     14486,     14487
      3380,     14132,     14131,     14485,     14486
      3381,     14131,     14130,     14484,     14485
      3382,     14130,     14129,     14483,     14484
      3383,     14129,     14128,     14482,     14483
      3384,     14128,     14127,     14481,     14482
      3385,     14127,     14126,     14480,     14481
      3386,     14126,     14125,     14479,     14480
      3387,     14125,     14124,     14478,     14479
      3388,     14124,     14123,     14477,     14478
      3389,     14123,     14122,     14476,     14477
      3390,     14122,     14121,     14475,     14476
      3391,     14121,     14120,     14474,     14475
      3392,     14120,     14119,     14473,     14474
      3393,     14119,     14118,     14472,     14473
      3394,     14118,     14117,     14471,     14472
      3395,     14117,     14116,     14470,     14471
      3396,     14116,     14115,     14469,     14470
      3397,     14115,     14114,     14468,     14469
      3398,     14114,     13298,     14467,     14468
      3399,     13298,     13307,     14466,     14467
      3400,     13307,     14113,     14465,     14466
      3401,     14113,     14112,     14464,     14465
      3402,     14112,     14111,     14463,     14464
      3403,     14111,     14167,     14462,     14463
      3404,     14526,     14110,     14147,     14525
      3405,     14148,     14020,     14344,     14345
      3406,     14527,     14109,     14110,     14526
      3407,     14528,     14108,     14109,     14527
      3408,     14529,     14107,     14108,     14528
      3409,     14530,     14106,     14107,     14529
      3410,     14531,     14105,     14106,     14530
      3411,     14532,     14104,     14105,     14531
      3412,     14533,     14103,     14104,     14532
      3413,     14534,     14102,     14103,     14533
      3414,     14535,     14101,     14102,     14534
      3415,     14536,     14100,     14101,     14535
      3416,     14537,     14099,     14100,     14536
      3417,     14538,     14098,     14099,     14537
      3418,     14539,     14097,     14098,     14538
      3419,     14540,     14096,     14097,     14539
      3420,     14541,     14095,     14096,     14540
      3421,     14542,     14094,     14095,     14541
      3422,     14543,     14093,     14094,     14542
      3423,     14272,     14092,     14093,     14543
      3424,     14273,     14091,     14092,     14272
      3425,     14274,     14090,     14091,     14273
      3426,     14275,     14089,     14090,     14274
      3427,     14276,     14088,     14089,     14275
      3428,     14277,     14087,     14088,     14276
      3429,     14278,     14086,     14087,     14277
      3430,     14279,     14085,     14086,     14278
      3431,     14280,     14084,     14085,     14279
      3432,     14281,     14083,     14084,     14280
      3433,     14282,     14082,     14083,     14281
      3434,     14283,     14081,     14082,     14282
      3435,     14284,     14080,     14081,     14283
      3436,     14285,     14079,     14080,     14284
      3437,     14286,     14078,     14079,     14285
      3438,     14287,     14077,     14078,     14286
      3439,     14288,     14076,     14077,     14287
      3440,     14289,     14075,     14076,     14288
      3441,     14290,     14074,     14075,     14289
      3442,     14291,     14073,     14074,     14290
      3443,     14292,     14072,     14073,     14291
      3444,     14293,     14071,     14072,     14292
      3445,     14294,     14070,     14071,     14293
      3446,     14295,     14069,     14070,     14294
      3447,     14296,     14068,     14069,     14295
      3448,     14297,     14067,     14068,     14296
      3449,     14298,     14066,     14067,     14297
      3450,     14299,     14065,     14066,     14298
      3451,     14300,     14064,     14065,     14299
      3452,     14301,     14063,     14064,     14300
      3453,     14302,     14062,     14063,     14301
      3454,     14303,     14061,     14062,     14302
      3455,     14304,     14060,     14061,     14303
      3456,     14305,     14059,     14060,     14304
      3457,     14306,     14058,     14059,     14305
      3458,     14307,     14057,     14058,     14306
      3459,     14308,     14056,     14057,     14307
      3460,     14309,     14055,     14056,     14308
      3461,     14310,     14054,     14055,     14309
      3462,     14311,     14053,     14054,     14310
      3463,     14312,     14052,     14053,     14311
      3464,     14313,     14051,     14052,     14312
      3465,     14314,     14050,     14051,     14313
      3466,     14315,     14049,     14050,     14314
      3467,     14316,     14048,     14049,     14315
      3468,     14317,     14047,     14048,     14316
      3469,     14318,     14046,     14047,     14317
      3470,     14319,     14045,     14046,     14318
      3471,     14320,     14044,     14045,     14319
      3472,     14321,     14043,     14044,     14320
      3473,     14322,     14042,     14043,     14321
      3474,     14323,     14041,     14042,     14322
      3475,     14324,     14040,     14041,     14323
      3476,     14325,     14039,     14040,     14324
      3477,     14326,     14038,     14039,     14325
      3478,     14327,     14037,     14038,     14326
      3479,     14328,     14036,     14037,     14327
      3480,     14329,     14035,     14036,     14328
      3481,     14330,     14034,     14035,     14329
      3482,     14331,     14033,     14034,     14330
      3483,     14332,     14032,     14033,     14331
      3484,     14333,     14031,     14032,     14332
      3485,     14334,     14030,     14031,     14333
      3486,     14335,     14029,     14030,     14334
      3487,     14336,     14028,     14029,     14335
      3488,     14337,     14027,     14028,     14336
      3489,     14338,     14026,     14027,     14337
      3490,     14339,     14025,     14026,     14338
      3491,     14340,     14024,     14025,     14339
      3492,     14341,     14023,     14024,     14340
      3493,     14342,     14022,     14023,     14341
      3494,     14343,     14021,     14022,     14342
      3495,     14344,     14020,     14021,     14343
      3496,     14147,     14018,     14270,     14271
      3497,     14018,     14017,     14269,     14270
      3498,     14110,     14016,     14018,     14147
      3499,     14016,     14015,     14017,     14018
      3500,     14109,     14014,     14016,     14110
      3501,     14014,     14013,     14015,     14016
      3502,     14017,     14012,     14268,     14269
      3503,     14015,     14011,     14012,     14017
      3504,     14013,     14010,     14011,     14015
      3505,     14181,     14009,     14179,     14180
      3506,     14182,     14008,     14009,     14181
      3507,     14183,     14007,     14008,     14182
      3508,     14184,     14006,     14007,     14183
      3509,     14185,     14005,     14006,     14184
      3510,     14186,     14004,     14005,     14185
      3511,     14187,     14003,     14004,     14186
      3512,     14188,     14002,     14003,     14187
      3513,     14189,     14001,     14002,     14188
      3514,     14190,     14000,     14001,     14189
      3515,     14191,     13999,     14000,     14190
      3516,     14192,     13998,     13999,     14191
      3517,     14193,     13997,     13998,     14192
      3518,     14194,     13996,     13997,     14193
      3519,     14195,     13995,     13996,     14194
      3520,     14196,     13994,     13995,     14195
      3521,     14197,     13993,     13994,     14196
      3522,     14198,     13992,     13993,     14197
      3523,     14199,     13991,     13992,     14198
      3524,     14200,     13990,     13991,     14199
      3525,     14201,     13989,     13990,     14200
      3526,     14202,     13988,     13989,     14201
      3527,     14203,     13987,     13988,     14202
      3528,     14204,     13986,     13987,     14203
      3529,     14205,     13985,     13986,     14204
      3530,     14206,     13984,     13985,     14205
      3531,     14207,     13983,     13984,     14206
      3532,     14208,     13982,     13983,     14207
      3533,     14209,     13981,     13982,     14208
      3534,     14210,     13980,     13981,     14209
      3535,     14211,     13979,     13980,     14210
      3536,     14212,     13978,     13979,     14211
      3537,     14213,     14214,     13978,     14212
      3538,     14215,     13906,     13907,     14214
      3539,     14216,     13905,     13906,     14215
      3540,     14217,     13904,     13905,     14216
      3541,     14218,     13903,     13904,     14217
      3542,     14220,     13977,     14218,     14219
      3543,     14221,     13976,     13977,     14220
      3544,     14222,     13975,     13976,     14221
      3545,     14223,     13974,     13975,     14222
      3546,     14224,     13973,     13974,     14223
      3547,     14225,     13972,     13973,     14224
      3548,     14226,     13971,     13972,     14225
      3549,     14227,     13970,     13971,     14226
      3550,     14228,     13969,     13970,     14227
      3551,     14229,     13968,     13969,     14228
      3552,     14230,     13967,     13968,     14229
      3553,     14231,     13966,     13967,     14230
      3554,     14232,     13965,     13966,     14231
      3555,     14233,     13964,     13965,     14232
      3556,     14234,     13963,     13964,     14233
      3557,     14235,     13962,     13963,     14234
      3558,     14236,     13961,     13962,     14235
      3559,     14237,     13960,     13961,     14236
      3560,     14238,     13959,     13960,     14237
      3561,     14239,     13958,     13959,     14238
      3562,     14240,     13957,     13958,     14239
      3563,     14241,     13956,     13957,     14240
      3564,     14242,     13955,     13956,     14241
      3565,     14243,     13954,     13955,     14242
      3566,     14244,     13953,     13954,     14243
      3567,     14245,     13952,     13953,     14244
      3568,     14246,     13951,     13952,     14245
      3569,     14247,     13950,     13951,     14246
      3570,     14248,     13949,     13950,     14247
      3571,     14249,     13948,     13949,     14248
      3572,     14250,     13947,     13948,     14249
      3573,     14251,     13946,     13947,     14250
      3574,     14252,     13945,     13946,     14251
      3575,     14253,     13944,     13945,     14252
      3576,     14254,     13943,     13944,     14253
      3577,     14255,     13942,     13943,     14254
      3578,     14256,     13941,     13942,     14255
      3579,     14257,     13940,     13941,     14256
      3580,     14150,     13940,     14257,     14258
      3581,     14009,     13939,     14178,     14179
      3582,     14008,     13938,     13939,     14009
      3583,     14007,     13937,     13938,     14008
      3584,     14006,     13936,     13937,     14007
      3585,     14005,     13935,     13936,     14006
      3586,     14004,     13934,     13935,     14005
      3587,     14003,     13933,     13934,     14004
      3588,     14002,     13932,     13933,     14003
      3589,     14001,     13931,     13932,     14002
      3590,     14000,     13930,     13931,     14001
      3591,     13999,     13929,     13930,     14000
      3592,     13998,     13928,     13929,     13999
      3593,     13997,     13927,     13928,     13998
      3594,     13996,     13926,     13927,     13997
      3595,     13995,     13925,     13926,     13996
      3596,     13994,     13924,     13925,     13995
      3597,     13993,     13923,     13924,     13994
      3598,     13992,     13922,     13923,     13993
      3599,     13991,     13921,     13922,     13992
      3600,     13990,     13920,     13921,     13991
      3601,     13989,     13919,     13920,     13990
      3602,     13988,     13918,     13919,     13989
      3603,     13987,     13917,     13918,     13988
      3604,     13986,     13916,     13917,     13987
      3605,     13985,     13915,     13916,     13986
      3606,     13984,     13914,     13915,     13985
      3607,     13983,     13913,     13914,     13984
      3608,     13982,     13912,     13913,     13983
      3609,     13981,     13911,     13912,     13982
      3610,     13980,     13910,     13911,     13981
      3611,     13979,     13909,     13910,     13980
      3612,     13978,     13908,     13909,     13979
      3613,     14214,     13907,     13908,     13978
      3614,     13977,     13902,     13903,     14218
      3615,     13976,     13901,     13902,     13977
      3616,     13975,     13900,     13901,     13976
      3617,     13974,     13899,     13900,     13975
      3618,     13973,     13898,     13899,     13974
      3619,     13972,     13897,     13898,     13973
      3620,     13971,     13896,     13897,     13972
      3621,     13970,     13895,     13896,     13971
      3622,     13969,     13894,     13895,     13970
      3623,     13968,     13893,     13894,     13969
      3624,     13967,     13892,     13893,     13968
      3625,     13966,     13891,     13892,     13967
      3626,     13965,     13890,     13891,     13966
      3627,     13964,     13889,     13890,     13965
      3628,     13963,     13888,     13889,     13964
      3629,     13962,     13887,     13888,     13963
      3630,     13961,     13886,     13887,     13962
      3631,     13960,     13885,     13886,     13961
      3632,     13959,     13884,     13885,     13960
      3633,     13958,     13883,     13884,     13959
      3634,     13957,     13882,     13883,     13958
      3635,     13956,     13881,     13882,     13957
      3636,     13955,     13880,     13881,     13956
      3637,     13954,     13879,     13880,     13955
      3638,     13953,     13878,     13879,     13954
      3639,     13952,     13877,     13878,     13953
      3640,     13951,     13876,     13877,     13952
      3641,     13950,     13875,     13876,     13951
      3642,     13949,     13874,     13875,     13950
      3643,     13948,     13873,     13874,     13949
      3644,     13947,     13872,     13873,     13948
      3645,     13946,     13871,     13872,     13947
      3646,     13945,     13870,     13871,     13946
      3647,     13944,     13869,     13870,     13945
      3648,     13943,     13868,     13869,     13944
      3649,     13942,     13867,     13868,     13943
      3650,     13941,     13866,     13867,     13942
      3651,     13940,     13865,     13866,     13941
      3652,     14151,     13865,     13940,     14150
      3653,     14152,     13864,     13865,     14151
      3654,     13864,     13863,     13866,     13865
      3655,     13863,     13862,     13867,     13866
      3656,     13862,     13861,     13868,     13867
      3657,     13861,     13860,     13869,     13868
      3658,     13860,     13859,     13870,     13869
      3659,     13859,     13858,     13871,     13870
      3660,     13858,     13857,     13872,     13871
      3661,     13857,     13856,     13873,     13872
      3662,     13856,     13855,     13874,     13873
      3663,     13855,     13854,     13875,     13874
      3664,     13854,     13853,     13876,     13875
      3665,     13853,     13852,     13877,     13876
      3666,     13852,     13851,     13878,     13877
      3667,     13851,     13850,     13879,     13878
      3668,     13850,     13849,     13880,     13879
      3669,     13849,     13848,     13881,     13880
      3670,     13848,     13847,     13882,     13881
      3671,     13847,     13846,     13883,     13882
      3672,     13846,     13845,     13884,     13883
      3673,     13845,     13844,     13885,     13884
      3674,     13844,     13843,     13886,     13885
      3675,     13843,     13842,     13887,     13886
      3676,     13842,     13841,     13888,     13887
      3677,     13841,     13840,     13889,     13888
      3678,     13840,     13839,     13890,     13889
      3679,     13839,     13838,     13891,     13890
      3680,     13838,     13837,     13892,     13891
      3681,     13837,     13836,     13893,     13892
      3682,     13836,     13835,     13894,     13893
      3683,     13835,     13834,     13895,     13894
      3684,     13834,     13833,     13896,     13895
      3685,     13833,     13832,     13897,     13896
      3686,     13832,     13831,     13898,     13897
      3687,     13831,     13830,     13899,     13898
      3688,     13830,     13829,     13900,     13899
      3689,     13829,     13828,     13901,     13900
      3690,     13828,     13827,     13902,     13901
      3691,     13827,     13742,     13903,     13902
      3692,     13742,     13743,     13904,     13903
      3693,     13743,     13744,     13905,     13904
      3694,     13744,     13826,     13906,     13905
      3695,     13826,     13825,     13907,     13906
      3696,     13825,     13824,     13908,     13907
      3697,     13824,     13823,     13909,     13908
      3698,     13823,     13822,     13910,     13909
      3699,     13822,     13821,     13911,     13910
      3700,     13821,     13820,     13912,     13911
      3701,     13820,     13819,     13913,     13912
      3702,     13819,     13818,     13914,     13913
      3703,     13818,     13817,     13915,     13914
      3704,     13817,     13816,     13916,     13915
      3705,     13816,     13815,     13917,     13916
      3706,     13815,     13814,     13918,     13917
      3707,     13814,     13813,     13919,     13918
      3708,     13813,     13812,     13920,     13919
      3709,     13812,     13811,     13921,     13920
      3710,     13811,     13810,     13922,     13921
      3711,     13810,     13809,     13923,     13922
      3712,     13809,     13808,     13924,     13923
      3713,     13808,     13807,     13925,     13924
      3714,     13807,     13806,     13926,     13925
      3715,     13806,     13805,     13927,     13926
      3716,     13805,     13804,     13928,     13927
      3717,     13804,     13803,     13929,     13928
      3718,     13803,     13802,     13930,     13929
      3719,     13802,     13801,     13931,     13930
      3720,     13801,     13800,     13932,     13931
      3721,     13800,     13799,     13933,     13932
      3722,     13799,     13798,     13934,     13933
      3723,     13798,     13797,     13935,     13934
      3724,     13797,     13796,     13936,     13935
      3725,     13796,     13795,     13937,     13936
      3726,     13795,     13794,     13938,     13937
      3727,     13794,     13793,     13939,     13938
      3728,     13793,     14177,     14178,     13939
      3729,     14153,     13792,     13864,     14152
      3730,     14154,     13791,     13792,     14153
      3731,     14155,     13790,     13791,     14154
      3732,     14156,     13789,     13790,     14155
      3733,     14157,     13788,     13789,     14156
      3734,     14158,     13787,     13788,     14157
      3735,     14159,     13786,     13787,     14158
      3736,     14160,     13785,     13786,     14159
      3737,     14161,     13784,     13785,     14160
      3738,     14162,     13783,     13784,     14161
      3739,     14163,     13782,     13783,     14162
      3740,     14164,     13781,     13782,     14163
      3741,     14165,     13780,     13781,     14164
      3742,     14166,     13779,     13780,     14165
      3743,     14111,     13779,     14166,     14167
      3744,     13793,     13778,     14176,     14177
      3745,     13794,     13777,     13778,     13793
      3746,     13795,     13776,     13777,     13794
      3747,     13796,     13775,     13776,     13795
      3748,     13797,     13774,     13775,     13796
      3749,     13798,     13773,     13774,     13797
      3750,     13799,     13772,     13773,     13798
      3751,     13800,     13771,     13772,     13799
      3752,     13801,     13770,     13771,     13800
      3753,     13802,     13769,     13770,     13801
      3754,     13803,     13768,     13769,     13802
      3755,     13804,     13767,     13768,     13803
      3756,     13805,     13766,     13767,     13804
      3757,     13806,     13765,     13766,     13805
      3758,     13807,     13764,     13765,     13806
      3759,     13808,     13763,     13764,     13807
      3760,     13809,     13762,     13763,     13808
      3761,     13810,     13761,     13762,     13809
      3762,     13811,     13760,     13761,     13810
      3763,     13812,     13759,     13760,     13811
      3764,     13813,     13758,     13759,     13812
      3765,     13814,     13757,     13758,     13813
      3766,     13815,     13756,     13757,     13814
      3767,     13816,     13755,     13756,     13815
      3768,     13817,     13754,     13755,     13816
      3769,     13818,     13753,     13754,     13817
      3770,     13819,     13752,     13753,     13818
      3771,     13820,     13751,     13752,     13819
      3772,     13821,     13750,     13751,     13820
      3773,     13822,     13749,     13750,     13821
      3774,     13823,     13748,     13749,     13822
      3775,     13824,     13747,     13748,     13823
      3776,     13825,     13746,     13747,     13824
      3777,     13826,     13745,     13746,     13825
      3778,     13828,     13740,     13741,     13827
      3779,     13829,     13739,     13740,     13828
      3780,     13830,     13738,     13739,     13829
      3781,     13831,     13737,     13738,     13830
      3782,     13832,     13736,     13737,     13831
      3783,     13833,     13735,     13736,     13832
      3784,     13834,     13734,     13735,     13833
      3785,     13835,     13733,     13734,     13834
      3786,     13836,     13732,     13733,     13835
      3787,     13837,     13731,     13732,     13836
      3788,     13838,     13730,     13731,     13837
      3789,     13839,     13729,     13730,     13838
      3790,     13840,     13728,     13729,     13839
      3791,     13841,     13727,     13728,     13840
      3792,     13842,     13726,     13727,     13841
      3793,     13843,     13725,     13726,     13842
      3794,     13844,     13724,     13725,     13843
      3795,     13845,     13723,     13724,     13844
      3796,     13846,     13722,     13723,     13845
      3797,     13847,     13721,     13722,     13846
      3798,     13848,     13720,     13721,     13847
      3799,     13849,     13719,     13720,     13848
      3800,     13850,     13718,     13719,     13849
      3801,     13851,     13717,     13718,     13850
      3802,     13852,     13716,     13717,     13851
      3803,     13853,     13715,     13716,     13852
      3804,     13854,     13714,     13715,     13853
      3805,     13855,     13713,     13714,     13854
      3806,     13856,     13712,     13713,     13855
      3807,     13857,     13711,     13712,     13856
      3808,     13858,     13710,     13711,     13857
      3809,     13859,     13709,     13710,     13858
      3810,     13860,     13708,     13709,     13859
      3811,     13861,     13707,     13708,     13860
      3812,     13862,     13706,     13707,     13861
      3813,     13863,     13705,     13706,     13862
      3814,     13792,     13705,     13863,     13864
      3815,     13791,     13704,     13705,     13792
      3816,     13704,     13703,     13706,     13705
      3817,     13703,     13702,     13707,     13706
      3818,     13702,     13701,     13708,     13707
      3819,     13701,     13700,     13709,     13708
      3820,     13700,     13699,     13710,     13709
      3821,     13699,     13698,     13711,     13710
      3822,     13698,     13697,     13712,     13711
      3823,     13697,     13696,     13713,     13712
      3824,     13696,     13695,     13714,     13713
      3825,     13695,     13694,     13715,     13714
      3826,     13694,     13693,     13716,     13715
      3827,     13693,     13692,     13717,     13716
      3828,     13692,     13691,     13718,     13717
      3829,     13691,     13690,     13719,     13718
      3830,     13690,     13689,     13720,     13719
      3831,     13689,     13688,     13721,     13720
      3832,     13688,     13687,     13722,     13721
      3833,     13687,     13686,     13723,     13722
      3834,     13686,     13685,     13724,     13723
      3835,     13685,     13684,     13725,     13724
      3836,     13684,     13683,     13726,     13725
      3837,     13683,     13682,     13727,     13726
      3838,     13682,     13681,     13728,     13727
      3839,     13681,     13680,     13729,     13728
      3840,     13680,     13679,     13730,     13729
      3841,     13679,     13678,     13731,     13730
      3842,     13678,     13677,     13732,     13731
      3843,     13677,     13676,     13733,     13732
      3844,     13676,     13675,     13734,     13733
      3845,     13675,     13674,     13735,     13734
      3846,     13674,     13673,     13736,     13735
      3847,     13673,     13672,     13737,     13736
      3848,     13672,     13671,     13738,     13737
      3849,     13671,     13670,     13739,     13738
      3850,     13670,     13669,     13740,     13739
      3851,     13669,     13668,     13741,     13740
      3852,     13741,     13667,     13742,     13827
      3853,     13667,     13666,     13743,     13742
      3854,     13666,     13665,     13744,     13743
      3855,     13665,     13745,     13826,     13744
      3856,     13664,     13663,     13746,     13745
      3857,     13663,     13662,     13747,     13746
      3858,     13662,     13661,     13748,     13747
      3859,     13661,     13660,     13749,     13748
      3860,     13660,     13659,     13750,     13749
      3861,     13659,     13658,     13751,     13750
      3862,     13658,     13657,     13752,     13751
      3863,     13657,     13656,     13753,     13752
      3864,     13656,     13655,     13754,     13753
      3865,     13655,     13654,     13755,     13754
      3866,     13654,     13653,     13756,     13755
      3867,     13653,     13652,     13757,     13756
      3868,     13652,     13651,     13758,     13757
      3869,     13651,     13650,     13759,     13758
      3870,     13650,     13649,     13760,     13759
      3871,     13649,     13648,     13761,     13760
      3872,     13648,     13647,     13762,     13761
      3873,     13647,     13646,     13763,     13762
      3874,     13646,     13645,     13764,     13763
      3875,     13645,     13644,     13765,     13764
      3876,     13644,     13643,     13766,     13765
      3877,     13643,     13642,     13767,     13766
      3878,     13642,     13641,     13768,     13767
      3879,     13641,     13640,     13769,     13768
      3880,     13640,     13639,     13770,     13769
      3881,     13639,     13638,     13771,     13770
      3882,     13638,     13637,     13772,     13771
      3883,     13637,     13636,     13773,     13772
      3884,     13636,     13635,     13774,     13773
      3885,     13635,     13634,     13775,     13774
      3886,     13634,     13633,     13776,     13775
      3887,     13633,     13632,     13777,     13776
      3888,     13632,     13631,     13778,     13777
      3889,     13631,     14175,     14176,     13778
      3890,     13631,     13630,     14174,     14175
      3891,     13632,     13629,     13630,     13631
      3892,     13633,     13628,     13629,     13632
      3893,     13634,     13627,     13628,     13633
      3894,     13635,     13626,     13627,     13634
      3895,     13636,     13625,     13626,     13635
      3896,     13637,     13624,     13625,     13636
      3897,     13638,     13623,     13624,     13637
      3898,     13639,     13622,     13623,     13638
      3899,     13640,     13621,     13622,     13639
      3900,     13641,     13620,     13621,     13640
      3901,     13642,     13619,     13620,     13641
      3902,     13643,     13618,     13619,     13642
      3903,     13644,     13617,     13618,     13643
      3904,     13645,     13616,     13617,     13644
      3905,     13646,     13615,     13616,     13645
      3906,     13647,     13614,     13615,     13646
      3907,     13648,     13613,     13614,     13647
      3908,     13649,     13612,     13613,     13648
      3909,     13650,     13611,     13612,     13649
      3910,     13651,     13610,     13611,     13650
      3911,     13652,     13609,     13610,     13651
      3912,     13653,     13608,     13609,     13652
      3913,     13654,     13607,     13608,     13653
      3914,     13655,     13606,     13607,     13654
      3915,     13656,     13605,     13606,     13655
      3916,     13657,     13604,     13605,     13656
      3917,     13658,     13603,     13604,     13657
      3918,     13659,     13602,     13603,     13658
      3919,     13660,     13601,     13602,     13659
      3920,     13661,     13600,     13601,     13660
      3921,     13662,     13599,     13600,     13661
      3922,     13663,     13598,     13599,     13662
      3923,     13664,     13597,     13598,     13663
      3924,     13665,     13596,     13664,     13745
      3925,     13666,     13595,     13596,     13665
      3926,     13667,     13594,     13595,     13666
      3927,     13741,     13668,     13594,     13667
      3928,     13669,     13592,     13593,     13668
      3929,     13670,     13591,     13592,     13669
      3930,     13671,     13590,     13591,     13670
      3931,     13672,     13589,     13590,     13671
      3932,     13673,     13588,     13589,     13672
      3933,     13674,     13587,     13588,     13673
      3934,     13675,     13586,     13587,     13674
      3935,     13676,     13585,     13586,     13675
      3936,     13677,     13584,     13585,     13676
      3937,     13678,     13583,     13584,     13677
      3938,     13679,     13582,     13583,     13678
      3939,     13680,     13581,     13582,     13679
      3940,     13681,     13580,     13581,     13680
      3941,     13682,     13579,     13580,     13681
      3942,     13683,     13578,     13579,     13682
      3943,     13684,     13577,     13578,     13683
      3944,     13685,     13576,     13577,     13684
      3945,     13686,     13575,     13576,     13685
      3946,     13687,     13574,     13575,     13686
      3947,     13688,     13573,     13574,     13687
      3948,     13689,     13572,     13573,     13688
      3949,     13690,     13571,     13572,     13689
      3950,     13691,     13570,     13571,     13690
      3951,     13692,     13569,     13570,     13691
      3952,     13693,     13568,     13569,     13692
      3953,     13694,     13567,     13568,     13693
      3954,     13695,     13566,     13567,     13694
      3955,     13696,     13565,     13566,     13695
      3956,     13697,     13564,     13565,     13696
      3957,     13698,     13563,     13564,     13697
      3958,     13699,     13562,     13563,     13698
      3959,     13700,     13561,     13562,     13699
      3960,     13701,     13560,     13561,     13700
      3961,     13702,     13559,     13560,     13701
      3962,     13703,     13558,     13559,     13702
      3963,     13704,     13557,     13558,     13703
      3964,     13790,     13557,     13704,     13791
      3965,     13789,     13556,     13557,     13790
      3966,     13556,     13555,     13558,     13557
      3967,     13555,     13554,     13559,     13558
      3968,     13554,     13553,     13560,     13559
      3969,     13553,     13552,     13561,     13560
      3970,     13552,     13551,     13562,     13561
      3971,     13551,     13550,     13563,     13562
      3972,     13550,     13549,     13564,     13563
      3973,     13549,     13548,     13565,     13564
      3974,     13548,     13547,     13566,     13565
      3975,     13547,     13546,     13567,     13566
      3976,     13546,     13545,     13568,     13567
      3977,     13545,     13544,     13569,     13568
      3978,     13544,     13543,     13570,     13569
      3979,     13543,     13542,     13571,     13570
      3980,     13542,     13541,     13572,     13571
      3981,     13541,     13540,     13573,     13572
      3982,     13540,     13539,     13574,     13573
      3983,     13539,     13538,     13575,     13574
      3984,     13538,     13537,     13576,     13575
      3985,     13537,     13536,     13577,     13576
      3986,     13536,     13535,     13578,     13577
      3987,     13535,     13534,     13579,     13578
      3988,     13534,     13533,     13580,     13579
      3989,     13533,     13532,     13581,     13580
      3990,     13532,     13531,     13582,     13581
      3991,     13531,     13530,     13583,     13582
      3992,     13530,     13529,     13584,     13583
      3993,     13529,     13528,     13585,     13584
      3994,     13528,     13527,     13586,     13585
      3995,     13527,     13526,     13587,     13586
      3996,     13526,     13525,     13588,     13587
      3997,     13525,     13524,     13589,     13588
      3998,     13524,     13523,     13590,     13589
      3999,     13523,     13522,     13591,     13590
      4000,     13522,     13521,     13592,     13591
      4001,     13521,     13520,     13593,     13592
      4002,     13593,     13519,     13594,     13668
      4003,     13519,     13518,     13595,     13594
      4004,     13518,     13517,     13596,     13595
      4005,     13517,     13597,     13664,     13596
      4006,     13516,     13515,     13598,     13597
      4007,     13515,     13514,     13599,     13598
      4008,     13514,     13513,     13600,     13599
      4009,     13513,     13512,     13601,     13600
      4010,     13512,     13511,     13602,     13601
      4011,     13511,     13510,     13603,     13602
      4012,     13510,     13509,     13604,     13603
      4013,     13509,     13508,     13605,     13604
      4014,     13508,     13507,     13606,     13605
      4015,     13507,     13506,     13607,     13606
      4016,     13506,     13505,     13608,     13607
      4017,     13505,     13504,     13609,     13608
      4018,     13504,     13503,     13610,     13609
      4019,     13503,     13502,     13611,     13610
      4020,     13502,     13501,     13612,     13611
      4021,     13501,     13500,     13613,     13612
      4022,     13500,     13499,     13614,     13613
      4023,     13499,     13498,     13615,     13614
      4024,     13498,     13497,     13616,     13615
      4025,     13497,     13496,     13617,     13616
      4026,     13496,     13495,     13618,     13617
      4027,     13495,     13494,     13619,     13618
      4028,     13494,     13493,     13620,     13619
      4029,     13493,     13492,     13621,     13620
      4030,     13492,     13491,     13622,     13621
      4031,     13491,     13490,     13623,     13622
      4032,     13490,     13489,     13624,     13623
      4033,     13489,     13488,     13625,     13624
      4034,     13488,     13487,     13626,     13625
      4035,     13487,     13486,     13627,     13626
      4036,     13486,     13485,     13628,     13627
      4037,     13485,     13484,     13629,     13628
      4038,     13484,     13483,     13630,     13629
      4039,     13483,     14173,     14174,     13630
      4040,     13788,     13482,     13556,     13789
      4041,     13787,     13481,     13482,     13788
      4042,     13786,     13480,     13481,     13787
      4043,     13785,     13479,     13480,     13786
      4044,     13784,     13478,     13479,     13785
      4045,     13783,     13477,     13478,     13784
      4046,     13782,     13476,     13477,     13783
      4047,     13781,     13475,     13476,     13782
      4048,     13780,     13474,     13475,     13781
      4049,     13779,     13473,     13474,     13780
      4050,     14112,     13473,     13779,     14111
      4051,     13482,     13472,     13555,     13556
      4052,     13481,     13471,     13472,     13482
      4053,     13480,     13470,     13471,     13481
      4054,     13479,     13469,     13470,     13480
      4055,     13478,     13468,     13469,     13479
      4056,     13477,     13467,     13468,     13478
      4057,     13476,     13466,     13467,     13477
      4058,     13475,     13465,     13466,     13476
      4059,     13474,     13464,     13465,     13475
      4060,     13473,     13463,     13464,     13474
      4061,     14113,     13463,     13473,     14112
      4062,     13472,     13462,     13554,     13555
      4063,     13462,     13461,     13553,     13554
      4064,     13461,     13460,     13552,     13553
      4065,     13460,     13459,     13551,     13552
      4066,     13459,     13458,     13550,     13551
      4067,     13458,     13457,     13549,     13550
      4068,     13457,     13456,     13548,     13549
      4069,     13456,     13455,     13547,     13548
      4070,     13455,     13454,     13546,     13547
      4071,     13454,     13453,     13545,     13546
      4072,     13453,     13452,     13544,     13545
      4073,     13452,     13451,     13543,     13544
      4074,     13451,     13450,     13542,     13543
      4075,     13450,     13449,     13541,     13542
      4076,     13449,     13448,     13540,     13541
      4077,     13448,     13447,     13539,     13540
      4078,     13447,     13446,     13538,     13539
      4079,     13446,     13445,     13537,     13538
      4080,     13445,     13444,     13536,     13537
      4081,     13444,     13443,     13535,     13536
      4082,     13443,     13442,     13534,     13535
      4083,     13442,     13441,     13533,     13534
      4084,     13441,     13440,     13532,     13533
      4085,     13440,     13439,     13531,     13532
      4086,     13439,     13438,     13530,     13531
      4087,     13438,     13437,     13529,     13530
      4088,     13437,     13436,     13528,     13529
      4089,     13436,     13435,     13527,     13528
      4090,     13435,     13434,     13526,     13527
      4091,     13434,     13433,     13525,     13526
      4092,     13433,     13432,     13524,     13525
      4093,     13432,     13431,     13523,     13524
      4094,     13431,     13430,     13522,     13523
      4095,     13430,     13429,     13521,     13522
      4096,     13429,     13428,     13520,     13521
      4097,     13520,     13427,     13519,     13593
      4098,     13427,     13426,     13518,     13519
      4099,     13426,     13425,     13517,     13518
      4100,     13425,     13516,     13597,     13517
      4101,     13424,     13423,     13515,     13516
      4102,     13423,     13422,     13514,     13515
      4103,     13422,     13421,     13513,     13514
      4104,     13421,     13420,     13512,     13513
      4105,     13420,     13419,     13511,     13512
      4106,     13419,     13418,     13510,     13511
      4107,     13418,     13417,     13509,     13510
      4108,     13417,     13416,     13508,     13509
      4109,     13416,     13415,     13507,     13508
      4110,     13415,     13414,     13506,     13507
      4111,     13414,     13413,     13505,     13506
      4112,     13413,     13412,     13504,     13505
      4113,     13412,     13411,     13503,     13504
      4114,     13411,     13410,     13502,     13503
      4115,     13410,     13409,     13501,     13502
      4116,     13409,     13408,     13500,     13501
      4117,     13408,     13407,     13499,     13500
      4118,     13407,     13406,     13498,     13499
      4119,     13406,     13405,     13497,     13498
      4120,     13405,     13404,     13496,     13497
      4121,     13404,     13403,     13495,     13496
      4122,     13403,     13402,     13494,     13495
      4123,     13402,     13401,     13493,     13494
      4124,     13401,     13400,     13492,     13493
      4125,     13400,     13399,     13491,     13492
      4126,     13399,     13398,     13490,     13491
      4127,     13398,     13397,     13489,     13490
      4128,     13397,     13396,     13488,     13489
      4129,     13396,     13395,     13487,     13488
      4130,     13395,     13394,     13486,     13487
      4131,     13394,     13393,     13485,     13486
      4132,     13393,     13392,     13484,     13485
      4133,     13392,     13391,     13483,     13484
      4134,     13391,     14172,     14173,     13483
      4135,     14108,     13390,     14014,     14109
      4136,     13390,     13389,     14013,     14014
      4137,     13389,     13388,     14010,     14013
      4138,     13391,     13387,     14171,     14172
      4139,     13392,     13386,     13387,     13391
      4140,     13393,     13385,     13386,     13392
      4141,     13394,     13384,     13385,     13393
      4142,     13395,     13383,     13384,     13394
      4143,     13396,     13382,     13383,     13395
      4144,     13397,     13381,     13382,     13396
      4145,     13398,     13380,     13381,     13397
      4146,     13399,     13379,     13380,     13398
      4147,     13400,     13378,     13379,     13399
      4148,     13401,     13377,     13378,     13400
      4149,     13402,     13376,     13377,     13401
      4150,     13403,     13375,     13376,     13402
      4151,     13404,     13374,     13375,     13403
      4152,     13405,     13373,     13374,     13404
      4153,     13406,     13372,     13373,     13405
      4154,     13407,     13371,     13372,     13406
      4155,     13408,     13370,     13371,     13407
      4156,     13409,     13369,     13370,     13408
      4157,     13410,     13368,     13369,     13409
      4158,     13411,     13367,     13368,     13410
      4159,     13412,     13366,     13367,     13411
      4160,     13413,     13365,     13366,     13412
      4161,     13414,     13364,     13365,     13413
      4162,     13415,     13363,     13364,     13414
      4163,     13416,     13362,     13363,     13415
      4164,     13417,     13361,     13362,     13416
      4165,     13418,     13360,     13361,     13417
      4166,     13419,     13359,     13360,     13418
      4167,     13420,     13358,     13359,     13419
      4168,     13421,     13357,     13358,     13420
      4169,     13422,     13356,     13357,     13421
      4170,     13423,     13355,     13356,     13422
      4171,     13424,     13354,     13355,     13423
      4172,     13425,     13353,     13424,     13516
      4173,     13426,     13352,     13353,     13425
      4174,     13427,     13351,     13352,     13426
      4175,     13520,     13428,     13351,     13427
      4176,     13429,     13349,     13350,     13428
      4177,     13430,     13348,     13349,     13429
      4178,     13431,     13347,     13348,     13430
      4179,     13432,     13346,     13347,     13431
      4180,     13433,     13345,     13346,     13432
      4181,     13434,     13344,     13345,     13433
      4182,     13435,     13343,     13344,     13434
      4183,     13436,     13342,     13343,     13435
      4184,     13437,     13341,     13342,     13436
      4185,     13438,     13340,     13341,     13437
      4186,     13439,     13339,     13340,     13438
      4187,     13440,     13338,     13339,     13439
      4188,     13441,     13337,     13338,     13440
      4189,     13442,     13336,     13337,     13441
      4190,     13443,     13335,     13336,     13442
      4191,     13444,     13334,     13335,     13443
      4192,     13445,     13333,     13334,     13444
      4193,     13446,     13332,     13333,     13445
      4194,     13447,     13331,     13332,     13446
      4195,     13448,     13330,     13331,     13447
      4196,     13449,     13329,     13330,     13448
      4197,     13450,     13328,     13329,     13449
      4198,     13451,     13327,     13328,     13450
      4199,     13452,     13326,     13327,     13451
      4200,     13453,     13325,     13326,     13452
      4201,     13454,     13324,     13325,     13453
      4202,     13455,     13323,     13324,     13454
      4203,     13456,     13322,     13323,     13455
      4204,     13457,     13321,     13322,     13456
      4205,     13458,     13320,     13321,     13457
      4206,     13459,     13319,     13320,     13458
      4207,     13460,     13318,     13319,     13459
      4208,     13461,     13317,     13318,     13460
      4209,     13462,     13316,     13317,     13461
      4210,     13471,     13316,     13462,     13472
      4211,     13470,     13315,     13316,     13471
      4212,     13469,     13314,     13315,     13470
      4213,     13468,     13313,     13314,     13469
      4214,     13467,     13312,     13313,     13468
      4215,     13466,     13311,     13312,     13467
      4216,     13465,     13310,     13311,     13466
      4217,     13464,     13309,     13310,     13465
      4218,     13463,     13308,     13309,     13464
      4219,     14113,     13307,     13308,     13463
      4220,     13315,     13306,     13317,     13316
      4221,     13314,     13305,     13306,     13315
      4222,     13313,     13304,     13305,     13314
      4223,     13312,     13303,     13304,     13313
      4224,     13311,     13302,     13303,     13312
      4225,     13310,     13301,     13302,     13311
      4226,     13309,     13300,     13301,     13310
      4227,     13308,     13299,     13300,     13309
      4228,     13307,     13298,     13299,     13308
      4229,     13306,     13297,     13318,     13317
      4230,     13305,     13296,     13297,     13306
      4231,     13304,     13295,     13296,     13305
      4232,     13303,     13294,     13295,     13304
      4233,     13297,     13293,     13319,     13318
      4234,     13293,     13292,     13320,     13319
      4235,     13292,     13291,     13321,     13320
      4236,     13291,     13290,     13322,     13321
      4237,     13290,     13289,     13323,     13322
      4238,     13289,     13288,     13324,     13323
      4239,     13288,     13287,     13325,     13324
      4240,     13287,     13286,     13326,     13325
      4241,     13286,     13285,     13327,     13326
      4242,     13285,     13284,     13328,     13327
      4243,     13284,     13283,     13329,     13328
      4244,     13283,     13282,     13330,     13329
      4245,     13282,     13281,     13331,     13330
      4246,     13281,     13280,     13332,     13331
      4247,     13280,     13279,     13333,     13332
      4248,     13279,     13278,     13334,     13333
      4249,     13278,     13277,     13335,     13334
      4250,     13277,     13276,     13336,     13335
      4251,     13276,     13275,     13337,     13336
      4252,     13275,     13274,     13338,     13337
      4253,     13274,     13273,     13339,     13338
      4254,     13273,     13272,     13340,     13339
      4255,     13272,     13271,     13341,     13340
      4256,     13271,     13270,     13342,     13341
      4257,     13270,     13269,     13343,     13342
      4258,     13269,     13268,     13344,     13343
      4259,     13268,     13267,     13345,     13344
      4260,     13267,     13266,     13346,     13345
      4261,     13266,     13265,     13347,     13346
      4262,     13265,     13264,     13348,     13347
      4263,     13264,     13263,     13349,     13348
      4264,     13263,     13262,     13350,     13349
      4265,     13350,     13261,     13351,     13428
      4266,     13261,     13260,     13352,     13351
      4267,     13260,     13259,     13353,     13352
      4268,     13259,     13354,     13424,     13353
      4269,     13258,     13257,     13355,     13354
      4270,     13257,     13256,     13356,     13355
      4271,     13256,     13255,     13357,     13356
      4272,     13255,     13254,     13358,     13357
      4273,     13254,     13253,     13359,     13358
      4274,     13253,     13252,     13360,     13359
      4275,     13252,     13251,     13361,     13360
      4276,     13251,     13250,     13362,     13361
      4277,     13250,     13249,     13363,     13362
      4278,     13249,     13248,     13364,     13363
      4279,     13248,     13247,     13365,     13364
      4280,     13247,     13246,     13366,     13365
      4281,     13246,     13245,     13367,     13366
      4282,     13245,     13244,     13368,     13367
      4283,     13244,     13243,     13369,     13368
      4284,     13243,     13242,     13370,     13369
      4285,     13242,     13241,     13371,     13370
      4286,     13241,     13240,     13372,     13371
      4287,     13240,     13239,     13373,     13372
      4288,     13239,     13238,     13374,     13373
      4289,     13238,     13237,     13375,     13374
      4290,     13237,     13236,     13376,     13375
      4291,     13236,     13235,     13377,     13376
      4292,     13235,     13234,     13378,     13377
      4293,     13234,     13233,     13379,     13378
      4294,     13233,     13232,     13380,     13379
      4295,     13232,     13231,     13381,     13380
      4296,     13231,     13230,     13382,     13381
      4297,     13230,     13229,     13383,     13382
      4298,     13229,     13228,     13384,     13383
      4299,     13228,     13227,     13385,     13384
      4300,     13227,     13226,     13386,     13385
      4301,     13226,     13225,     13387,     13386
      4302,     13225,     14170,     14171,     13387
      4303,     13225,     13224,     14169,     14170
      4304,     13226,     13223,     13224,     13225
      4305,     13224,     13222,     14168,     14169
      4306,     13223,     13221,     13222,     13224
      4307,     13227,     13220,     13223,     13226
      4308,     13220,     13219,     13221,     13223
      4309,     13222,     13218,     14148,     14168
      4310,     13219,     13218,     13222,     13221
      4311,     13218,     14019,     14020,     14148
      4312,     13228,     13217,     13220,     13227
      4313,     13296,     13216,     13293,     13297
      4314,     13216,     13215,     13292,     13293
      4315,     13215,     13214,     13291,     13292
      4316,     13214,     13213,     13290,     13291
      4317,     13213,     13212,     13289,     13290
      4318,     13212,     13211,     13288,     13289
      4319,     13211,     13210,     13287,     13288
      4320,     13210,     13209,     13286,     13287
      4321,     13209,     13208,     13285,     13286
      4322,     13208,     13207,     13284,     13285
      4323,     13207,     13206,     13283,     13284
      4324,     13206,     13205,     13282,     13283
      4325,     13205,     13204,     13281,     13282
      4326,     13204,     13203,     13280,     13281
      4327,     13203,     13202,     13279,     13280
      4328,     13202,     13201,     13278,     13279
      4329,     13201,     13200,     13277,     13278
      4330,     13200,     13199,     13276,     13277
      4331,     13199,     13198,     13275,     13276
      4332,     13198,     13197,     13274,     13275
      4333,     13197,     13196,     13273,     13274
      4334,     13196,     13195,     13272,     13273
      4335,     13195,     13194,     13271,     13272
      4336,     13194,     13193,     13270,     13271
      4337,     13193,     13192,     13269,     13270
      4338,     13192,     13191,     13268,     13269
      4339,     13191,     13190,     13267,     13268
      4340,     13190,     13189,     13266,     13267
      4341,     13189,     13188,     13265,     13266
      4342,     13188,     13126,     13264,     13265
      4343,     13126,     13125,     13263,     13264
      4344,     13125,     13124,     13262,     13263
      4345,     13262,     13187,     13261,     13350
      4346,     13187,     13186,     13260,     13261
      4347,     13186,     13185,     13259,     13260
      4348,     13185,     13258,     13354,     13259
      4349,     13184,     13183,     13257,     13258
      4350,     13183,     13182,     13256,     13257
      4351,     13182,     13181,     13255,     13256
      4352,     13181,     13180,     13254,     13255
      4353,     13180,     13179,     13253,     13254
      4354,     13179,     13178,     13252,     13253
      4355,     13178,     13177,     13251,     13252
      4356,     13177,     13176,     13250,     13251
      4357,     13176,     13175,     13249,     13250
      4358,     13175,     13174,     13248,     13249
      4359,     13174,     13173,     13247,     13248
      4360,     13173,     13172,     13246,     13247
      4361,     13172,     13171,     13245,     13246
      4362,     13171,     13170,     13244,     13245
      4363,     13170,     13169,     13243,     13244
      4364,     13169,     13168,     13242,     13243
      4365,     13168,     13167,     13241,     13242
      4366,     13167,     13166,     13240,     13241
      4367,     13166,     13165,     13239,     13240
      4368,     13165,     13164,     13238,     13239
      4369,     13164,     13163,     13237,     13238
      4370,     13163,     13162,     13236,     13237
      4371,     13162,     13161,     13235,     13236
      4372,     13161,     13160,     13234,     13235
      4373,     13160,     13159,     13233,     13234
      4374,     13159,     13158,     13232,     13233
      4375,     13158,     13157,     13231,     13232
      4376,     13157,     13156,     13230,     13231
      4377,     13156,     13155,     13229,     13230
      4378,     13155,     13217,     13228,     13229
      4379,     13295,     13154,     13216,     13296
      4380,     13154,     13153,     13215,     13216
      4381,     13153,     13152,     13214,     13215
      4382,     13152,     13151,     13213,     13214
      4383,     13151,     13150,     13212,     13213
      4384,     13217,     13149,     13219,     13220
      4385,     13150,     13148,     13211,     13212
      4386,     13148,     13147,     13210,     13211
      4387,     13147,     13146,     13209,     13210
      4388,     13146,     13145,     13208,     13209
      4389,     13145,     13144,     13207,     13208
      4390,     13144,     13143,     13206,     13207
      4391,     13143,     13142,     13205,     13206
      4392,     13142,     13141,     13204,     13205
      4393,     13141,     13140,     13203,     13204
      4394,     13140,     13139,     13202,     13203
      4395,     13139,     13138,     13201,     13202
      4396,     13138,     13137,     13200,     13201
      4397,     13137,     13136,     13199,     13200
      4398,     13136,     13135,     13198,     13199
      4399,     13135,     13134,     13197,     13198
      4400,     13134,     13133,     13196,     13197
      4401,     13133,     13132,     13195,     13196
      4402,     13132,     13131,     13194,     13195
      4403,     13131,     13130,     13193,     13194
      4404,     13130,     13129,     13192,     13193
      4405,     13129,     13128,     13191,     13192
      4406,     13128,     13127,     13190,     13191
      4407,     13127,     13059,     13189,     13190
      4408,     13059,     13058,     13188,     13189
      4409,     13124,     13123,     13187,     13262
      4410,     13123,     13122,     13186,     13187
      4411,     13122,     13121,     13185,     13186
      4412,     13121,     13184,     13258,     13185
      4413,     13120,     13119,     13183,     13184
      4414,     13119,     13118,     13182,     13183
      4415,     13118,     13117,     13181,     13182
      4416,     13117,     13116,     13180,     13181
      4417,     13116,     13115,     13179,     13180
      4418,     13115,     13114,     13178,     13179
      4419,     13114,     13113,     13177,     13178
      4420,     13113,     13112,     13176,     13177
      4421,     13112,     13111,     13175,     13176
      4422,     13111,     13110,     13174,     13175
      4423,     13110,     13109,     13173,     13174
      4424,     13109,     13108,     13172,     13173
      4425,     13108,     13107,     13171,     13172
      4426,     13107,     13106,     13170,     13171
      4427,     13106,     13105,     13169,     13170
      4428,     13105,     13104,     13168,     13169
      4429,     13104,     13103,     13167,     13168
      4430,     13103,     13102,     13166,     13167
      4431,     13102,     13101,     13165,     13166
      4432,     13101,     13100,     13164,     13165
      4433,     13100,     13099,     13163,     13164
      4434,     13099,     13098,     13162,     13163
      4435,     13098,     13097,     13161,     13162
      4436,     13097,     13096,     13160,     13161
      4437,     13096,     13095,     13159,     13160
      4438,     13095,     13094,     13158,     13159
      4439,     13094,     13093,     13157,     13158
      4440,     13093,     13092,     13156,     13157
      4441,     13092,     13091,     13155,     13156
      4442,     13149,     14019,     13218,     13219
      4443,     13302,     13090,     13294,     13303
      4444,     13301,     13089,     13090,     13302
      4445,     13300,     13088,     13089,     13301
      4446,     13299,     13087,     13088,     13300
      4447,     13294,     13086,     13154,     13295
      4448,     13086,     13085,     13153,     13154
      4449,     13085,     13084,     13152,     13153
      4450,     13084,     13083,     13151,     13152
      4451,     13083,     13082,     13150,     13151
      4452,     13082,     13081,     13148,     13150
      4453,     13081,     13080,     13147,     13148
      4454,     13080,     13079,     13146,     13147
      4455,     13079,     13078,     13145,     13146
      4456,     13078,     13077,     13144,     13145
      4457,     13077,     13076,     13143,     13144
      4458,     13076,     13075,     13142,     13143
      4459,     13075,     13074,     13141,     13142
      4460,     13074,     13073,     13140,     13141
      4461,     13073,     13072,     13139,     13140
      4462,     13072,     13071,     13138,     13139
      4463,     13071,     13070,     13137,     13138
      4464,     13070,     13069,     13136,     13137
      4465,     13069,     13068,     13135,     13136
      4466,     13068,     13067,     13134,     13135
      4467,     13067,     13066,     13133,     13134
      4468,     13066,     13065,     13132,     13133
      4469,     13065,     13064,     13131,     13132
      4470,     13064,     13063,     13130,     13131
      4471,     13063,     13062,     13129,     13130
      4472,     13062,     13061,     13128,     13129
      4473,     13061,     13060,     13127,     13128
      4474,     13058,     13057,     13126,     13188
      4475,     13057,     13056,     13125,     13126
      4476,     13056,     13055,     13124,     13125
      4477,     13055,     13054,     13123,     13124
      4478,     13054,     13053,     13122,     13123
      4479,     13053,     13052,     13121,     13122
      4480,     13052,     13120,     13184,     13121
      4481,     13051,     13050,     13119,     13120
      4482,     13050,     13049,     13118,     13119
      4483,     13049,     13048,     13117,     13118
      4484,     13048,     13047,     13116,     13117
      4485,     13047,     13046,     13115,     13116
      4486,     13046,     13045,     13114,     13115
      4487,     13045,     13044,     13113,     13114
      4488,     13044,     13043,     13112,     13113
      4489,     13043,     13042,     13111,     13112
      4490,     13042,     13041,     13110,     13111
      4491,     13041,     13040,     13109,     13110
      4492,     13040,     13039,     13108,     13109
      4493,     13039,     13038,     13107,     13108
      4494,     13038,     13037,     13106,     13107
      4495,     13037,     13036,     13105,     13106
      4496,     13036,     13035,     13104,     13105
      4497,     13035,     13034,     13103,     13104
      4498,     13034,     13033,     13102,     13103
      4499,     13033,     13032,     13101,     13102
      4500,     13032,     13031,     13100,     13101
      4501,     13031,     13030,     13099,     13100
      4502,     13030,     13029,     13098,     13099
      4503,     13029,     13028,     13097,     13098
      4504,     13028,     13027,     13096,     13097
      4505,     13027,     13026,     13095,     13096
      4506,     13026,     12630,     13094,     13095
      4507,     12630,     13025,     13093,     13094
      4508,     13025,     13024,     13092,     13093
      4509,     13024,     12880,     13091,     13092
      4510,     13298,     13023,     13087,     13299
      4511,     14114,     13022,     13023,     13298
      4512,     14115,     13021,     13022,     14114
      4513,     13091,     13149,     13217,     13155
      4514,     12880,     14019,     13149,     13091
      4515,     12880,     14021,     14020,     14019
      4516,     14116,     13020,     13021,     14115
      4517,     14117,     13019,     13020,     14116
      4518,     14118,     13018,     13019,     14117
      4519,     14119,     13017,     13018,     14118
      4520,     14120,     13016,     13017,     14119
      4521,     14121,     13015,     13016,     14120
      4522,     14122,     13014,     13015,     14121
      4523,     14123,     13013,     13014,     14122
      4524,     14124,     13012,     13013,     14123
      4525,     14125,     13011,     13012,     14124
      4526,     14126,     13010,     13011,     14125
      4527,     14127,     13009,     13010,     14126
      4528,     14128,     13008,     13009,     14127
      4529,     14012,     13007,     14267,     14268
      4530,     14011,     13006,     13007,     14012
      4531,     14010,     13005,     13006,     14011
      4532,     13388,     13004,     13005,     14010
      4533,     13090,     13003,     13086,     13294
      4534,     13089,     13002,     13003,     13090
      4535,     13088,     13001,     13002,     13089
      4536,     13087,     13000,     13001,     13088
      4537,     13023,     12999,     13000,     13087
      4538,     13022,     12998,     12999,     13023
      4539,     13021,     12997,     12998,     13022
      4540,     14129,     12996,     13008,     14128
      4541,     14130,     12995,     12996,     14129
      4542,     14131,     12994,     12995,     14130
      4543,     14132,     12993,     12994,     14131
      4544,     14133,     12992,     12993,     14132
      4545,     14134,     12991,     12992,     14133
      4546,     14135,     12990,     12991,     14134
      4547,     14136,     12989,     12990,     14135
      4548,     14137,     12988,     12989,     14136
      4549,     14138,     12987,     12988,     14137
      4550,     14139,     12986,     12987,     14138
      4551,     14140,     12985,     12986,     14139
      4552,     14141,     12984,     12985,     14140
      4553,     14142,     12983,     12984,     14141
      4554,     14143,     12982,     12983,     14142
      4555,     14144,     12981,     12982,     14143
      4556,     14145,     12980,     12981,     14144
      4557,     14146,     12979,     12980,     14145
      4558,     14149,     12978,     12979,     14146
      4559,     14260,     12978,     14149,     14259
      4560,     14107,     12977,     13390,     14108
      4561,     14106,     12976,     12977,     14107
      4562,     14105,     12975,     12976,     14106
      4563,     14104,     12974,     12975,     14105
      4564,     14103,     12973,     12974,     14104
      4565,     14102,     12972,     12973,     14103
      4566,     14101,     12971,     12972,     14102
      4567,     14100,     12970,     12971,     14101
      4568,     14099,     12969,     12970,     14100
      4569,     14098,     12968,     12969,     14099
      4570,     14097,     12967,     12968,     14098
      4571,     14096,     12966,     12967,     14097
      4572,     14095,     14094,     12966,     14096
      4573,     12977,     12964,     13389,     13390
      4574,     12976,     12963,     12964,     12977
      4575,     12975,     12962,     12963,     12976
      4576,     12964,     12961,     13388,     13389
      4577,     12963,     12960,     12961,     12964
      4578,     12962,     12959,     12960,     12963
      4579,     12974,     12958,     12962,     12975
      4580,     12958,     12957,     12959,     12962
      4581,     12961,     12956,     13004,     13388
      4582,     12960,     12955,     12956,     12961
      4583,     12959,     12954,     12955,     12960
      4584,     12957,     12953,     12954,     12959
      4585,     14093,     12952,     12965,     14094
      4586,     14092,     12951,     12952,     14093
      4587,     14091,     12950,     12951,     14092
      4588,     14090,     12949,     12950,     14091
      4589,     14089,     12948,     12949,     14090
      4590,     14088,     12947,     12948,     14089
      4591,     14087,     12946,     12947,     14088
      4592,     14086,     12945,     12946,     14087
      4593,     14085,     12944,     12945,     14086
      4594,     14084,     12943,     12944,     14085
      4595,     14083,     12942,     12943,     14084
      4596,     14082,     12941,     12942,     14083
      4597,     14081,     12940,     12941,     14082
      4598,     14080,     12939,     12940,     14081
      4599,     14079,     12938,     12939,     14080
      4600,     14078,     12937,     12938,     14079
      4601,     14077,     12936,     12937,     14078
      4602,     14076,     12935,     12936,     14077
      4603,     14075,     12934,     12935,     14076
      4604,     14074,     12933,     12934,     14075
      4605,     14073,     12932,     12933,     14074
      4606,     14072,     12931,     12932,     14073
      4607,     14071,     12930,     12931,     14072
      4608,     14070,     12929,     12930,     14071
      4609,     14069,     12928,     12929,     14070
      4610,     14068,     12927,     12928,     14069
      4611,     14067,     12926,     12927,     14068
      4612,     14066,     12925,     12926,     14067
      4613,     14065,     12924,     12925,     14066
      4614,     14064,     12923,     12924,     14065
      4615,     14063,     12922,     12923,     14064
      4616,     14062,     12921,     12922,     14063
      4617,     14061,     12920,     12921,     14062
      4618,     14060,     12919,     12920,     14061
      4619,     14059,     12918,     12919,     14060
      4620,     14058,     12917,     12918,     14059
      4621,     14057,     12916,     12917,     14058
      4622,     14056,     12915,     12916,     14057
      4623,     14055,     12914,     12915,     14056
      4624,     14054,     12913,     12914,     14055
      4625,     14053,     12912,     12913,     14054
      4626,     14052,     12911,     12912,     14053
      4627,     14051,     12910,     12911,     14052
      4628,     14050,     12909,     12910,     14051
      4629,     14049,     12908,     12909,     14050
      4630,     14048,     12907,     12908,     14049
      4631,     14047,     12906,     12907,     14048
      4632,     14046,     12905,     12906,     14047
      4633,     14045,     12904,     12905,     14046
      4634,     14044,     12903,     12904,     14045
      4635,     14043,     12902,     12903,     14044
      4636,     14042,     12901,     12902,     14043
      4637,     14041,     12900,     12901,     14042
      4638,     14040,     12899,     12900,     14041
      4639,     14039,     12898,     12899,     14040
      4640,     14038,     12897,     12898,     14039
      4641,     14037,     12896,     12897,     14038
      4642,     14036,     12895,     12896,     14037
      4643,     14035,     12894,     12895,     14036
      4644,     14034,     12893,     12894,     14035
      4645,     14033,     12892,     12893,     14034
      4646,     14032,     12891,     12892,     14033
      4647,     14031,     12890,     12891,     14032
      4648,     14030,     12889,     12890,     14031
      4649,     14029,     12888,     12889,     14030
      4650,     14028,     12887,     12888,     14029
      4651,     14027,     12886,     12887,     14028
      4652,     14026,     12885,     12886,     14027
      4653,     14025,     12884,     12885,     14026
      4654,     14024,     12883,     12884,     14025
      4655,     14023,     12882,     12883,     14024
      4656,     14022,     12881,     12882,     14023
      4657,     14021,     12880,     12881,     14022
      4658,     13024,     12879,     12881,     12880
      4659,     12879,     12878,     12882,     12881
      4660,     13025,     12878,     12879,     13024
      4661,     12878,     12877,     12883,     12882
      4662,     12630,     12877,     12878,     13025
      4663,     12877,     12876,     12884,     12883
      4664,     12876,     12875,     12885,     12884
      4665,     12875,     12874,     12886,     12885
      4666,     12874,     12873,     12887,     12886
      4667,     12873,     12872,     12888,     12887
      4668,     12872,     12871,     12889,     12888
      4669,     12871,     12870,     12890,     12889
      4670,     12870,     12869,     12891,     12890
      4671,     12869,     12868,     12892,     12891
      4672,     12868,     12867,     12893,     12892
      4673,     12867,     12866,     12894,     12893
      4674,     12866,     12865,     12895,     12894
      4675,     12865,     12864,     12896,     12895
      4676,     12864,     12863,     12897,     12896
      4677,     12863,     12862,     12898,     12897
      4678,     12862,     12861,     12899,     12898
      4679,     12861,     12860,     12900,     12899
      4680,     12860,     12859,     12901,     12900
      4681,     12859,     12858,     12902,     12901
      4682,     12858,     12857,     12903,     12902
      4683,     12857,     12856,     12904,     12903
      4684,     12856,     12855,     12905,     12904
      4685,     12855,     12854,     12906,     12905
      4686,     12854,     12853,     12907,     12906
      4687,     12853,     12852,     12908,     12907
      4688,     12852,     12851,     12909,     12908
      4689,     12851,     12850,     12910,     12909
      4690,     12850,     12849,     12911,     12910
      4691,     12849,     12848,     12912,     12911
      4692,     12848,     12847,     12913,     12912
      4693,     12847,     12846,     12914,     12913
      4694,     12846,     12845,     12915,     12914
      4695,     12845,     12844,     12916,     12915
      4696,     12844,     12843,     12917,     12916
      4697,     12843,     12842,     12918,     12917
      4698,     12842,     12841,     12919,     12918
      4699,     12841,     12840,     12920,     12919
      4700,     12840,     12839,     12921,     12920
      4701,     12839,     12838,     12922,     12921
      4702,     12838,     12837,     12923,     12922
      4703,     12837,     12836,     12924,     12923
      4704,     12836,     12835,     12925,     12924
      4705,     12835,     12834,     12926,     12925
      4706,     12834,     12833,     12927,     12926
      4707,     12833,     12832,     12928,     12927
      4708,     12832,     12831,     12929,     12928
      4709,     12831,     12830,     12930,     12929
      4710,     12830,     12829,     12931,     12930
      4711,     12829,     12828,     12932,     12931
      4712,     12828,     12827,     12933,     12932
      4713,     12827,     12826,     12934,     12933
      4714,     12826,     12825,     12935,     12934
      4715,     12825,     12824,     12936,     12935
      4716,     12824,     12823,     12937,     12936
      4717,     12823,     12822,     12938,     12937
      4718,     12822,     12821,     12939,     12938
      4719,     12821,     12820,     12940,     12939
      4720,     12820,     12819,     12941,     12940
      4721,     12819,     12818,     12942,     12941
      4722,     12818,     12817,     12943,     12942
      4723,     12817,     12816,     12944,     12943
      4724,     12816,     12815,     12945,     12944
      4725,     12815,     12814,     12946,     12945
      4726,     12814,     12813,     12947,     12946
      4727,     12813,     12812,     12948,     12947
      4728,     12812,     12811,     12949,     12948
      4729,     12811,     12810,     12950,     12949
      4730,     12810,     12809,     12951,     12950
      4731,     12809,     12808,     12952,     12951
      4732,     12808,     12807,     12965,     12952
      4733,     12965,     12806,     12966,     14094
      4734,     12806,     12805,     12967,     12966
      4735,     12805,     12804,     12968,     12967
      4736,     12804,     12803,     12969,     12968
      4737,     12803,     12802,     12970,     12969
      4738,     12802,     12801,     12971,     12970
      4739,     12801,     12800,     12972,     12971
      4740,     12800,     12799,     12973,     12972
      4741,     12799,     12958,     12974,     12973
      4742,     13020,     12749,     12997,     13021
      4743,     13019,     12798,     12749,     13020
      4744,     13018,     12797,     12798,     13019
      4745,     13017,     12796,     12797,     13018
      4746,     13016,     12795,     12796,     13017
      4747,     13015,     12794,     12795,     13016
      4748,     13014,     12793,     12794,     13015
      4749,     13013,     12792,     12793,     13014
      4750,     13012,     12791,     12792,     13013
      4751,     13011,     12790,     12791,     13012
      4752,     13010,     12789,     12790,     13011
      4753,     13009,     12788,     12789,     13010
      4754,     13008,     12787,     12788,     13009
      4755,     12996,     12786,     12787,     13008
      4756,     12995,     12785,     12786,     12996
      4757,     12994,     12784,     12785,     12995
      4758,     12993,     12783,     12784,     12994
      4759,     12992,     12782,     12783,     12993
      4760,     12991,     12781,     12782,     12992
      4761,     12990,     12780,     12781,     12991
      4762,     12989,     12779,     12780,     12990
      4763,     12988,     12778,     12779,     12989
      4764,     12987,     12777,     12778,     12988
      4765,     12986,     12776,     12777,     12987
      4766,     12985,     12775,     12776,     12986
      4767,     12984,     12774,     12775,     12985
      4768,     12983,     12773,     12774,     12984
      4769,     12982,     12772,     12773,     12983
      4770,     12981,     12771,     12772,     12982
      4771,     12980,     12770,     12771,     12981
      4772,     12979,     12769,     12770,     12980
      4773,     12978,     12768,     12769,     12979
      4774,     14261,     12768,     12978,     14260
      4775,     13003,     12767,     13085,     13086
      4776,     13002,     12766,     12767,     13003
      4777,     13001,     12765,     12766,     13002
      4778,     13000,     12764,     12765,     13001
      4779,     12999,     12763,     12764,     13000
      4780,     12997,     12763,     12999,     12998
      4781,     13007,     12762,     14266,     14267
      4782,     13006,     12761,     12762,     13007
      4783,     13005,     12760,     12761,     13006
      4784,     13004,     12759,     12760,     13005
      4785,     12956,     12758,     12759,     13004
      4786,     12955,     12757,     12758,     12956
      4787,     12954,     12756,     12757,     12955
      4788,     12953,     12755,     12756,     12954
      4789,     12767,     12754,     13084,     13085
      4790,     12766,     12753,     12754,     12767
      4791,     12765,     12752,     12753,     12766
      4792,     12764,     12751,     12752,     12765
      4793,     12763,     12750,     12751,     12764
      4794,     12997,     12749,     12750,     12763
      4795,     12799,     12748,     12957,     12958
      4796,     12748,     12747,     12953,     12957
      4797,     12747,     12746,     12755,     12953
      4798,     12754,     12745,     13083,     13084
      4799,     12753,     12744,     12745,     12754
      4800,     12752,     12743,     12744,     12753
      4801,     12751,     12742,     12743,     12752
      4802,     12750,     12741,     12742,     12751
      4803,     12749,     12740,     12741,     12750
      4804,     12798,     12739,     12740,     12749
      4805,     12797,     12738,     12739,     12798
      4806,     12796,     12737,     12738,     12797
      4807,     12795,     12736,     12737,     12796
      4808,     12794,     12735,     12736,     12795
      4809,     12793,     12734,     12735,     12794
      4810,     12792,     12733,     12734,     12793
      4811,     12791,     12732,     12733,     12792
      4812,     12790,     12731,     12732,     12791
      4813,     12789,     12730,     12731,     12790
      4814,     12788,     12729,     12730,     12789
      4815,     12787,     12728,     12729,     12788
      4816,     12786,     12727,     12728,     12787
      4817,     12785,     12726,     12727,     12786
      4818,     12784,     12725,     12726,     12785
      4819,     12783,     12724,     12725,     12784
      4820,     12782,     12723,     12724,     12783
      4821,     12781,     12722,     12723,     12782
      4822,     12780,     12721,     12722,     12781
      4823,     12779,     12720,     12721,     12780
      4824,     12778,     12719,     12720,     12779
      4825,     12777,     12718,     12719,     12778
      4826,     12776,     12717,     12718,     12777
      4827,     12775,     12716,     12717,     12776
      4828,     12774,     12715,     12716,     12775
      4829,     12773,     12714,     12715,     12774
      4830,     12772,     12713,     12714,     12773
      4831,     12771,     12712,     12713,     12772
      4832,     12770,     12711,     12712,     12771
      4833,     12769,     12710,     12711,     12770
      4834,     12768,     12709,     12710,     12769
      4835,     14261,     12708,     12709,     12768
      4836,     12800,     12707,     12748,     12799
      4837,     12801,     12706,     12707,     12800
      4838,     12802,     12705,     12706,     12801
      4839,     12803,     12704,     12705,     12802
      4840,     12804,     12703,     12704,     12803
      4841,     12805,     12702,     12703,     12804
      4842,     12806,     12701,     12702,     12805
      4843,     12965,     12807,     12701,     12806
      4844,     12808,     12699,     12700,     12807
      4845,     12809,     12698,     12699,     12808
      4846,     12810,     12697,     12698,     12809
      4847,     12811,     12696,     12697,     12810
      4848,     12812,     12695,     12696,     12811
      4849,     12813,     12694,     12695,     12812
      4850,     12814,     12693,     12694,     12813
      4851,     12815,     12692,     12693,     12814
      4852,     12816,     12691,     12692,     12815
      4853,     12817,     12690,     12691,     12816
      4854,     12818,     12689,     12690,     12817
      4855,     12819,     12688,     12689,     12818
      4856,     12820,     12687,     12688,     12819
      4857,     12821,     12686,     12687,     12820
      4858,     12822,     12685,     12686,     12821
      4859,     12823,     12684,     12685,     12822
      4860,     12824,     12683,     12684,     12823
      4861,     12825,     12682,     12683,     12824
      4862,     12826,     12681,     12682,     12825
      4863,     12827,     12680,     12681,     12826
      4864,     12828,     12679,     12680,     12827
      4865,     12829,     12678,     12679,     12828
      4866,     12830,     12677,     12678,     12829
      4867,     12831,     12676,     12677,     12830
      4868,     12832,     12675,     12676,     12831
      4869,     12833,     12674,     12675,     12832
      4870,     12834,     12673,     12674,     12833
      4871,     12835,     12672,     12673,     12834
      4872,     12836,     12671,     12672,     12835
      4873,     12837,     12670,     12671,     12836
      4874,     12838,     12669,     12670,     12837
      4875,     12839,     12668,     12669,     12838
      4876,     12840,     12667,     12668,     12839
      4877,     12841,     12666,     12667,     12840
      4878,     12842,     12665,     12666,     12841
      4879,     12843,     12664,     12665,     12842
      4880,     12844,     12663,     12664,     12843
      4881,     12845,     12662,     12663,     12844
      4882,     12846,     12661,     12662,     12845
      4883,     12847,     12660,     12661,     12846
      4884,     12848,     12659,     12660,     12847
      4885,     12849,     12658,     12659,     12848
      4886,     12850,     12657,     12658,     12849
      4887,     12851,     12656,     12657,     12850
      4888,     12852,     12655,     12656,     12851
      4889,     12853,     12654,     12655,     12852
      4890,     12854,     12653,     12654,     12853
      4891,     12855,     12652,     12653,     12854
      4892,     12856,     12651,     12652,     12855
      4893,     12857,     12650,     12651,     12856
      4894,     12858,     12649,     12650,     12857
      4895,     12859,     12648,     12649,     12858
      4896,     12860,     12647,     12648,     12859
      4897,     12861,     12646,     12647,     12860
      4898,     12862,     12645,     12646,     12861
      4899,     12863,     12644,     12645,     12862
      4900,     12864,     12643,     12644,     12863
      4901,     12865,     12642,     12643,     12864
      4902,     12866,     12641,     12642,     12865
      4903,     12867,     12640,     12641,     12866
      4904,     12868,     12639,     12640,     12867
      4905,     12869,     12638,     12639,     12868
      4906,     12870,     12637,     12638,     12869
      4907,     12871,     12636,     12637,     12870
      4908,     12872,     12635,     12636,     12871
      4909,     12873,     12634,     12635,     12872
      4910,     12874,     12633,     12634,     12873
      4911,     12875,     12632,     12633,     12874
      4912,     12876,     12631,     12632,     12875
      4913,     12877,     12630,     12631,     12876
      4914,     13026,     12629,     12631,     12630
      4915,     13027,     12628,     12629,     13026
      4916,     13028,     12627,     12628,     13027
      4917,     12629,     12626,     12632,     12631
      4918,     12626,     12625,     12633,     12632
      4919,     13029,     12624,     12627,     13028
      4920,     13030,     12623,     12624,     13029
      4921,     13031,     12622,     12623,     13030
      4922,     13032,     12621,     12622,     13031
      4923,     13033,     12620,     12621,     13032
      4924,     13034,     12619,     12620,     13033
      4925,     13035,     12618,     12619,     13034
      4926,     13036,     12617,     12618,     13035
      4927,     13037,     12616,     12617,     13036
      4928,     13038,     12615,     12616,     13037
      4929,     13039,     12614,     12615,     13038
      4930,     13040,     12613,     12614,     13039
      4931,     13041,     12612,     12613,     13040
      4932,     13042,     12611,     12612,     13041
      4933,     13043,     12610,     12611,     13042
      4934,     13044,     12609,     12610,     13043
      4935,     13045,     12608,     12609,     13044
      4936,     13046,     12607,     12608,     13045
      4937,     13047,     12606,     12607,     13046
      4938,     13048,     12605,     12606,     13047
      4939,     13049,     12604,     12605,     13048
      4940,     13050,     12603,     12604,     13049
      4941,     13051,     12602,     12603,     13050
      4942,     13052,     12601,     13051,     13120
      4943,     13053,     12600,     12601,     13052
      4944,     13054,     12599,     12600,     13053
      4945,     13055,     12598,     12599,     13054
      4946,     13056,     12597,     12598,     13055
      4947,     13057,     12596,     12597,     13056
      4948,     13058,     12595,     12596,     13057
      4949,     13059,     12594,     12595,     13058
      4950,     13127,     13060,     12594,     13059
      4951,     13061,     12592,     12593,     13060
      4952,     13062,     12591,     12592,     13061
      4953,     13063,     12590,     12591,     13062
      4954,     13064,     12589,     12590,     13063
      4955,     13065,     12588,     12589,     13064
      4956,     13066,     12587,     12588,     13065
      4957,     13067,     12586,     12587,     13066
      4958,     13068,     12585,     12586,     13067
      4959,     13069,     12584,     12585,     13068
      4960,     13070,     12583,     12584,     13069
      4961,     13071,     12582,     12583,     13070
      4962,     13072,     12581,     12582,     13071
      4963,     13073,     12580,     12581,     13072
      4964,     13074,     12579,     12580,     13073
      4965,     13075,     12578,     12579,     13074
      4966,     13076,     12577,     12578,     13075
      4967,     13077,     12576,     12577,     13076
      4968,     13078,     12575,     12576,     13077
      4969,     13079,     12574,     12575,     13078
      4970,     13080,     12573,     12574,     13079
      4971,     13081,     12572,     12573,     13080
      4972,     13082,     12571,     12572,     13081
      4973,     12745,     12571,     13082,     13083
      4974,     12625,     12570,     12634,     12633
      4975,     12570,     12569,     12635,     12634
      4976,     12569,     12568,     12636,     12635
      4977,     12568,     12567,     12637,     12636
      4978,     12567,     12566,     12638,     12637
      4979,     12566,     12565,     12639,     12638
      4980,     12565,     12564,     12640,     12639
      4981,     12564,     12563,     12641,     12640
      4982,     12563,     12562,     12642,     12641
      4983,     12562,     12561,     12643,     12642
      4984,     12561,     12560,     12644,     12643
      4985,     12560,     12559,     12645,     12644
      4986,     12559,     12558,     12646,     12645
      4987,     12558,     12557,     12647,     12646
      4988,     12557,     12556,     12648,     12647
      4989,     12556,     12555,     12649,     12648
      4990,     12555,     12554,     12650,     12649
      4991,     12554,     12553,     12651,     12650
      4992,     12553,     12552,     12652,     12651
      4993,     12552,     12551,     12653,     12652
      4994,     12551,     12550,     12654,     12653
      4995,     12550,     12549,     12655,     12654
      4996,     12549,     12548,     12656,     12655
      4997,     12548,     12547,     12657,     12656
      4998,     12547,     12546,     12658,     12657
      4999,     12546,     12545,     12659,     12658
      5000,     12545,     12544,     12660,     12659
      5001,     12544,     12543,     12661,     12660
      5002,     12543,     12542,     12662,     12661
      5003,     12542,     12541,     12663,     12662
      5004,     12541,     12540,     12664,     12663
      5005,     12540,     12539,     12665,     12664
      5006,     12539,     12538,     12666,     12665
      5007,     12538,     12537,     12667,     12666
      5008,     12537,     12536,     12668,     12667
      5009,     12536,     12535,     12669,     12668
      5010,     12535,     12534,     12670,     12669
      5011,     12534,     12533,     12671,     12670
      5012,     12533,     12532,     12672,     12671
      5013,     12532,     12531,     12673,     12672
      5014,     12531,     12530,     12674,     12673
      5015,     12530,     12529,     12675,     12674
      5016,     12529,     12528,     12676,     12675
      5017,     12528,     12527,     12677,     12676
      5018,     12527,     12526,     12678,     12677
      5019,     12526,     12525,     12679,     12678
      5020,     12525,     12524,     12680,     12679
      5021,     12524,     12523,     12681,     12680
      5022,     12523,     12522,     12682,     12681
      5023,     12522,     12521,     12683,     12682
      5024,     12521,     12520,     12684,     12683
      5025,     12520,     12519,     12685,     12684
      5026,     12519,     12518,     12686,     12685
      5027,     12518,     12517,     12687,     12686
      5028,     12517,     12481,     12688,     12687
      5029,     12481,     12516,     12689,     12688
      5030,     12516,     12515,     12690,     12689
      5031,     12515,     12514,     12691,     12690
      5032,     12514,     12513,     12692,     12691
      5033,     12513,     12512,     12693,     12692
      5034,     12512,     12511,     12694,     12693
      5035,     12511,     12510,     12695,     12694
      5036,     12510,     12509,     12696,     12695
      5037,     12509,     12508,     12697,     12696
      5038,     12508,     12507,     12698,     12697
      5039,     12507,     12506,     12699,     12698
      5040,     12506,     12505,     12700,     12699
      5041,     12700,     12504,     12701,     12807
      5042,     12504,     12503,     12702,     12701
      5043,     12503,     12502,     12703,     12702
      5044,     12502,     12501,     12704,     12703
      5045,     12501,     12500,     12705,     12704
      5046,     12500,     12499,     12706,     12705
      5047,     12499,     12498,     12707,     12706
      5048,     12498,     12747,     12748,     12707
      5049,     12627,     12626,     12629,     12628
      5050,     12498,     12497,     12746,     12747
      5051,     12499,     12496,     12497,     12498
      5052,     12500,     12495,     12496,     12499
      5053,     12501,     12494,     12495,     12500
      5054,     12502,     12493,     12494,     12501
      5055,     12503,     12492,     12493,     12502
      5056,     12504,     12491,     12492,     12503
      5057,     12700,     12505,     12491,     12504
      5058,     12506,     12305,     12306,     12505
      5059,     12507,     12490,     12305,     12506
      5060,     12508,     12489,     12490,     12507
      5061,     12509,     12488,     12489,     12508
      5062,     12510,     12487,     12488,     12509
      5063,     12511,     12486,     12487,     12510
      5064,     12512,     12485,     12486,     12511
      5065,     12513,     12484,     12485,     12512
      5066,     12514,     12483,     12484,     12513
      5067,     12515,     12482,     12483,     12514
      5068,     12516,     12297,     12482,     12515
      5069,     12518,     12479,     12480,     12517
      5070,     12519,     12478,     12479,     12518
      5071,     12520,     12477,     12478,     12519
      5072,     12521,     12476,     12477,     12520
      5073,     12522,     12475,     12476,     12521
      5074,     12523,     12474,     12475,     12522
      5075,     12524,     12473,     12474,     12523
      5076,     12525,     12472,     12473,     12524
      5077,     12526,     12471,     12472,     12525
      5078,     12527,     12470,     12471,     12526
      5079,     12528,     12469,     12470,     12527
      5080,     12529,     12468,     12469,     12528
      5081,     12530,     12467,     12468,     12529
      5082,     12531,     12466,     12467,     12530
      5083,     12532,     12465,     12466,     12531
      5084,     12533,     12464,     12465,     12532
      5085,     12534,     12463,     12464,     12533
      5086,     12535,     12462,     12463,     12534
      5087,     12536,     12461,     12462,     12535
      5088,     12537,     12460,     12461,     12536
      5089,     12538,     12459,     12460,     12537
      5090,     12539,     12458,     12459,     12538
      5091,     12540,     12457,     12458,     12539
      5092,     12541,     12456,     12457,     12540
      5093,     12542,     12455,     12456,     12541
      5094,     12543,     12454,     12455,     12542
      5095,     12544,     12453,     12454,     12543
      5096,     12545,     12452,     12453,     12544
      5097,     12546,     12451,     12452,     12545
      5098,     12547,     12450,     12451,     12546
      5099,     12548,     12449,     12450,     12547
      5100,     12549,     12448,     12449,     12548
      5101,     12550,     12447,     12448,     12549
      5102,     12551,     12446,     12447,     12550
      5103,     12552,     12445,     12446,     12551
      5104,     12553,     12444,     12445,     12552
      5105,     12554,     12443,     12444,     12553
      5106,     12555,     12442,     12443,     12554
      5107,     12556,     12441,     12442,     12555
      5108,     12557,     12440,     12441,     12556
      5109,     12558,     12439,     12440,     12557
      5110,     12559,     12438,     12439,     12558
      5111,     12560,     12437,     12438,     12559
      5112,     12561,     12436,     12437,     12560
      5113,     12562,     12435,     12436,     12561
      5114,     12563,     12434,     12435,     12562
      5115,     12564,     12433,     12434,     12563
      5116,     12565,     12432,     12433,     12564
      5117,     12566,     12431,     12432,     12565
      5118,     12567,     12430,     12431,     12566
      5119,     12568,     12429,     12430,     12567
      5120,     12569,     12428,     12429,     12568
      5121,     12570,     12427,     12428,     12569
      5122,     12625,     12624,     12427,     12570
      5123,     12627,     12624,     12625,     12626
      5124,     12623,     12426,     12427,     12624
      5125,     12426,     12425,     12428,     12427
      5126,     12622,     12424,     12426,     12623
      5127,     12424,     12423,     12425,     12426
      5128,     12621,     12422,     12424,     12622
      5129,     12425,     12421,     12429,     12428
      5130,     12423,     12420,     12421,     12425
      5131,     12422,     12420,     12423,     12424
      5132,     12620,     12419,     12422,     12621
      5133,     12421,     12418,     12430,     12429
      5134,     12619,     12242,     12419,     12620
      5135,     12618,     12417,     12242,     12619
      5136,     12617,     12416,     12417,     12618
      5137,     12616,     12415,     12416,     12617
      5138,     12615,     12414,     12415,     12616
      5139,     12614,     12413,     12414,     12615
      5140,     12613,     12412,     12413,     12614
      5141,     12612,     12411,     12412,     12613
      5142,     12611,     12410,     12411,     12612
      5143,     12610,     12409,     12410,     12611
      5144,     12609,     12408,     12409,     12610
      5145,     12608,     12407,     12408,     12609
      5146,     12607,     12406,     12407,     12608
      5147,     12606,     12405,     12406,     12607
      5148,     12605,     12404,     12405,     12606
      5149,     12604,     12403,     12404,     12605
      5150,     12603,     12402,     12403,     12604
      5151,     12602,     12401,     12402,     12603
      5152,     12601,     12400,     12602,     13051
      5153,     12600,     12399,     12400,     12601
      5154,     12599,     12398,     12399,     12600
      5155,     12598,     12397,     12398,     12599
      5156,     12597,     12396,     12397,     12598
      5157,     12596,     12395,     12396,     12597
      5158,     12595,     12394,     12395,     12596
      5159,     12594,     12393,     12394,     12595
      5160,     13060,     12593,     12393,     12594
      5161,     12592,     12391,     12392,     12593
      5162,     12591,     12390,     12391,     12592
      5163,     12590,     12389,     12390,     12591
      5164,     12589,     12388,     12389,     12590
      5165,     12588,     12387,     12388,     12589
      5166,     12587,     12386,     12387,     12588
      5167,     12586,     12385,     12386,     12587
      5168,     12585,     12384,     12385,     12586
      5169,     12584,     12383,     12384,     12585
      5170,     12583,     12382,     12383,     12584
      5171,     12582,     12381,     12382,     12583
      5172,     12581,     12380,     12381,     12582
      5173,     12580,     12379,     12380,     12581
      5174,     12579,     12378,     12379,     12580
      5175,     12578,     12377,     12378,     12579
      5176,     12577,     12376,     12377,     12578
      5177,     12576,     12375,     12376,     12577
      5178,     12575,     12374,     12375,     12576
      5179,     12574,     12373,     12374,     12575
      5180,     12573,     12372,     12373,     12574
      5181,     12572,     12371,     12372,     12573
      5182,     12571,     12370,     12371,     12572
      5183,     12744,     12370,     12571,     12745
      5184,     12743,     12369,     12370,     12744
      5185,     12742,     12368,     12369,     12743
      5186,     12420,     12367,     12418,     12421
      5187,     12419,     12367,     12420,     12422
      5188,     12741,     12366,     12368,     12742
      5189,     12369,     12365,     12371,     12370
      5190,     12365,     12364,     12372,     12371
      5191,     12368,     12363,     12365,     12369
      5192,     12363,     12362,     12364,     12365
      5193,     12364,     12361,     12373,     12372
      5194,     12362,     12360,     12361,     12364
      5195,     12361,     12359,     12374,     12373
      5196,     12360,     12358,     12359,     12361
      5197,     12359,     12357,     12375,     12374
      5198,     12358,     12356,     12357,     12359
      5199,     12740,     12000,     12366,     12741
      5200,     12739,     12355,     12000,     12740
      5201,     12738,     12354,     12355,     12739
      5202,     12737,     12353,     12354,     12738
      5203,     12736,     11798,     12353,     12737
      5204,     12735,     12352,     11798,     12736
      5205,     12734,     12351,     12352,     12735
      5206,     12733,     12350,     12351,     12734
      5207,     12732,     12349,     12350,     12733
      5208,     12731,     12348,     12349,     12732
      5209,     12730,     12347,     12348,     12731
      5210,     12729,     12346,     12347,     12730
      5211,     12728,     12345,     12346,     12729
      5212,     12727,     12344,     12345,     12728
      5213,     12726,     12343,     12344,     12727
      5214,     12725,     12342,     12343,     12726
      5215,     12724,     12341,     12342,     12725
      5216,     12723,     12340,     12341,     12724
      5217,     12722,     12339,     12340,     12723
      5218,     12721,     12338,     12339,     12722
      5219,     12720,     12337,     12338,     12721
      5220,     12719,     12336,     12337,     12720
      5221,     12718,     12335,     12336,     12719
      5222,     12717,     12334,     12335,     12718
      5223,     12716,     12333,     12334,     12717
      5224,     12715,     12332,     12333,     12716
      5225,     12714,     12331,     12332,     12715
      5226,     12713,     12330,     12331,     12714
      5227,     12712,     12329,     12330,     12713
      5228,     12711,     12328,     12329,     12712
      5229,     12710,     12327,     12328,     12711
      5230,     12709,     12326,     12327,     12710
      5231,     12708,     12325,     12326,     12709
      5232,     12357,     12324,     12376,     12375
      5233,     12356,     12323,     12324,     12357
      5234,     12762,     12322,     14265,     14266
      5235,     12761,     12321,     12322,     12762
      5236,     12760,     12320,     12321,     12761
      5237,     12759,     12319,     12320,     12760
      5238,     12758,     12318,     12319,     12759
      5239,     12757,     12317,     12318,     12758
      5240,     12756,     12316,     12317,     12757
      5241,     12755,     12315,     12316,     12756
      5242,     12746,     12314,     12315,     12755
      5243,     12497,     12313,     12314,     12746
      5244,     12496,     12312,     12313,     12497
      5245,     12495,     12311,     12312,     12496
      5246,     12494,     12310,     12311,     12495
      5247,     12493,     12309,     12310,     12494
      5248,     12492,     12308,     12309,     12493
      5249,     12491,     12307,     12308,     12492
      5250,     12505,     12306,     12307,     12491
      5251,     12489,     12304,     12181,     12490
      5252,     12488,     12303,     12304,     12489
      5253,     12487,     12302,     12303,     12488
      5254,     12486,     12301,     12302,     12487
      5255,     12485,     12300,     12301,     12486
      5256,     12484,     12299,     12300,     12485
      5257,     12483,     12298,     12299,     12484
      5258,     12482,     12297,     12298,     12483
      5259,     12481,     12296,     12297,     12516
      5260,     12517,     12480,     12296,     12481
      5261,     12479,     12295,     12188,     12480
      5262,     12478,     12294,     12295,     12479
      5263,     12477,     12293,     12294,     12478
      5264,     12476,     12292,     12293,     12477
      5265,     12475,     12291,     12292,     12476
      5266,     12474,     12290,     12291,     12475
      5267,     12473,     12289,     12290,     12474
      5268,     12472,     12288,     12289,     12473
      5269,     12471,     12287,     12288,     12472
      5270,     12470,     12286,     12287,     12471
      5271,     12469,     12285,     12286,     12470
      5272,     12468,     12284,     12285,     12469
      5273,     12467,     12283,     12284,     12468
      5274,     12466,     12282,     12283,     12467
      5275,     12465,     12281,     12282,     12466
      5276,     12464,     12280,     12281,     12465
      5277,     12463,     12279,     12280,     12464
      5278,     12462,     12278,     12279,     12463
      5279,     12461,     12277,     12278,     12462
      5280,     12460,     12276,     12277,     12461
      5281,     12459,     12275,     12276,     12460
      5282,     12458,     12274,     12275,     12459
      5283,     12457,     12273,     12274,     12458
      5284,     12456,     12272,     12273,     12457
      5285,     12455,     12271,     12272,     12456
      5286,     12454,     12270,     12271,     12455
      5287,     12453,     12269,     12270,     12454
      5288,     12452,     12268,     12269,     12453
      5289,     12451,     12267,     12268,     12452
      5290,     12450,     12266,     12267,     12451
      5291,     12449,     12265,     12266,     12450
      5292,     12448,     12264,     12265,     12449
      5293,     12447,     12263,     12264,     12448
      5294,     12446,     12262,     12263,     12447
      5295,     12445,     12261,     12262,     12446
      5296,     12444,     12260,     12261,     12445
      5297,     12443,     12259,     12260,     12444
      5298,     12442,     12258,     12259,     12443
      5299,     12441,     12257,     12258,     12442
      5300,     12440,     12256,     12257,     12441
      5301,     12439,     12255,     12256,     12440
      5302,     12438,     12254,     12255,     12439
      5303,     12437,     12253,     12254,     12438
      5304,     12436,     12252,     12253,     12437
      5305,     12435,     12251,     12252,     12436
      5306,     12434,     12250,     12251,     12435
      5307,     12433,     12249,     12250,     12434
      5308,     12432,     12248,     12249,     12433
      5309,     12431,     12247,     12248,     12432
      5310,     12418,     12247,     12431,     12430
      5311,     12367,     12246,     12247,     12418
      5312,     12324,     12245,     12377,     12376
      5313,     12323,     12244,     12245,     12324
      5314,     12366,     12243,     12363,     12368
      5315,     12419,     12242,     12246,     12367
      5316,     12243,     12241,     12362,     12363
      5317,     12241,     12240,     12360,     12362
      5318,     12240,     12239,     12358,     12360
      5319,     12239,     12238,     12356,     12358
      5320,     12238,     12237,     12323,     12356
      5321,     12237,     12236,     12244,     12323
      5322,     12245,     12235,     12378,     12377
      5323,     12244,     12234,     12235,     12245
      5324,     12236,     12233,     12234,     12244
      5325,     12246,     12103,     12248,     12247
      5326,     12103,     12232,     12249,     12248
      5327,     12232,     12231,     12250,     12249
      5328,     12231,     12230,     12251,     12250
      5329,     12230,     12229,     12252,     12251
      5330,     12229,     12228,     12253,     12252
      5331,     12228,     12227,     12254,     12253
      5332,     12227,     12226,     12255,     12254
      5333,     12226,     12225,     12256,     12255
      5334,     12225,     12224,     12257,     12256
      5335,     12224,     12223,     12258,     12257
      5336,     12223,     12222,     12259,     12258
      5337,     12222,     12221,     12260,     12259
      5338,     12221,     12220,     12261,     12260
      5339,     12220,     12219,     12262,     12261
      5340,     12219,     12218,     12263,     12262
      5341,     12218,     12217,     12264,     12263
      5342,     12217,     12216,     12265,     12264
      5343,     12216,     12215,     12266,     12265
      5344,     12215,     12214,     12267,     12266
      5345,     12214,     12213,     12268,     12267
      5346,     12213,     12212,     12269,     12268
      5347,     12212,     12211,     12270,     12269
      5348,     12211,     12210,     12271,     12270
      5349,     12210,     12209,     12272,     12271
      5350,     12209,     12208,     12273,     12272
      5351,     12208,     12207,     12274,     12273
      5352,     12207,     12206,     12275,     12274
      5353,     12206,     12205,     12276,     12275
      5354,     12205,     12204,     12277,     12276
      5355,     12204,     12203,     12278,     12277
      5356,     12203,     12202,     12279,     12278
      5357,     12202,     12201,     12280,     12279
      5358,     12201,     12200,     12281,     12280
      5359,     12200,     12199,     12282,     12281
      5360,     12199,     12198,     12283,     12282
      5361,     12198,     12197,     12284,     12283
      5362,     12197,     12196,     12285,     12284
      5363,     12196,     12195,     12286,     12285
      5364,     12195,     12194,     12287,     12286
      5365,     12194,     12193,     12288,     12287
      5366,     12193,     12192,     12289,     12288
      5367,     12192,     12191,     12290,     12289
      5368,     12191,     12190,     12291,     12290
      5369,     12190,     12189,     12292,     12291
      5370,     12189,     11964,     12293,     12292
      5371,     11964,     11965,     12294,     12293
      5372,     11965,     11966,     12295,     12294
      5373,     12188,     12187,     12296,     12480
      5374,     12187,     12298,     12297,     12296
      5375,     12186,     12185,     12299,     12298
      5376,     12185,     12184,     12300,     12299
      5377,     12184,     12183,     12301,     12300
      5378,     12183,     12182,     12302,     12301
      5379,     12182,     12304,     12303,     12302
      5380,     12181,     12180,     12305,     12490
      5381,     12180,     12148,     12306,     12305
      5382,     12148,     12149,     12307,     12306
      5383,     12149,     12150,     12308,     12307
      5384,     12150,     12151,     12309,     12308
      5385,     12151,     12152,     12310,     12309
      5386,     12152,     12179,     12311,     12310
      5387,     12179,     12178,     12312,     12311
      5388,     12178,     12177,     12313,     12312
      5389,     12177,     12176,     12314,     12313
      5390,     12176,     12175,     12315,     12314
      5391,     12175,     12174,     12316,     12315
      5392,     12174,     12173,     12317,     12316
      5393,     12173,     12172,     12318,     12317
      5394,     12172,     12171,     12319,     12318
      5395,     12171,     12170,     12320,     12319
      5396,     12170,     12169,     12321,     12320
      5397,     12169,     12168,     12322,     12321
      5398,     12168,     14264,     14265,     12322
      5399,     12235,     12167,     12379,     12378
      5400,     12234,     12166,     12167,     12235
      5401,     12233,     12165,     12166,     12234
      5402,     12167,     12164,     12380,     12379
      5403,     12166,     12163,     12164,     12167
      5404,     12165,     12162,     12163,     12166
      5405,     12168,     12161,     14263,     14264
      5406,     12169,     12160,     12161,     12168
      5407,     12170,     12159,     12160,     12169
      5408,     12171,     12158,     12159,     12170
      5409,     12172,     12157,     12158,     12171
      5410,     12173,     12156,     12157,     12172
      5411,     12174,     12155,     12156,     12173
      5412,     12175,     12154,     12155,     12174
      5413,     12176,     12153,     12154,     12175
      5414,     12177,     11983,     12153,     12176
      5415,     12178,     11982,     11983,     12177
      5416,     12179,     11981,     11982,     12178
      5417,     12164,     12147,     12381,     12380
      5418,     12163,     12146,     12147,     12164
      5419,     12162,     12145,     12146,     12163
      5420,     12242,     12417,     12103,     12246
      5421,     12147,     12144,     12382,     12381
      5422,     12146,     12143,     12144,     12147
      5423,     12145,     12142,     12143,     12146
      5424,     12144,     12141,     12383,     12382
      5425,     12143,     12140,     12141,     12144
      5426,     12142,     12139,     12140,     12143
      5427,     12141,     12138,     12384,     12383
      5428,     12140,     12137,     12138,     12141
      5429,     12139,     12136,     12137,     12140
      5430,     12138,     12135,     12385,     12384
      5431,     12137,     12134,     12135,     12138
      5432,     12136,     12133,     12134,     12137
      5433,     12135,     12132,     12386,     12385
      5434,     12134,     12131,     12132,     12135
      5435,     12133,     12130,     12131,     12134
      5436,     12132,     12129,     12387,     12386
      5437,     12131,     12128,     12129,     12132
      5438,     12130,     12017,     12128,     12131
      5439,     12129,     12070,     12388,     12387
      5440,     12070,     12071,     12389,     12388
      5441,     12071,     12072,     12390,     12389
      5442,     12072,     12073,     12391,     12390
      5443,     12073,     12074,     12392,     12391
      5444,     12392,     12127,     12393,     12593
      5445,     12127,     12126,     12394,     12393
      5446,     12126,     12125,     12395,     12394
      5447,     12125,     12124,     12396,     12395
      5448,     12124,     12123,     12397,     12396
      5449,     12123,     12122,     12398,     12397
      5450,     12122,     12121,     12399,     12398
      5451,     12121,     12120,     12400,     12399
      5452,     12120,     12401,     12602,     12400
      5453,     12119,     12118,     12402,     12401
      5454,     12118,     12117,     12403,     12402
      5455,     12117,     12116,     12404,     12403
      5456,     12116,     12115,     12405,     12404
      5457,     12115,     12114,     12406,     12405
      5458,     12114,     12113,     12407,     12406
      5459,     12113,     12112,     12408,     12407
      5460,     12112,     12111,     12409,     12408
      5461,     12111,     12110,     12410,     12409
      5462,     12110,     12109,     12411,     12410
      5463,     12109,     12108,     12412,     12411
      5464,     12108,     12107,     12413,     12412
      5465,     12107,     12106,     12414,     12413
      5466,     12106,     12105,     12415,     12414
      5467,     12105,     12104,     12416,     12415
      5468,     12104,     12103,     12417,     12416
      5469,     12104,     12102,     12232,     12103
      5470,     12102,     12101,     12231,     12232
      5471,     12105,     12100,     12102,     12104
      5472,     12106,     12099,     12100,     12105
      5473,     12101,     12098,     12230,     12231
      5474,     12100,     12097,     12101,     12102
      5475,     12097,     12096,     12098,     12101
      5476,     12099,     12096,     12097,     12100
      5477,     12098,     12095,     12229,     12230
      5478,     12096,     12044,     12095,     12098
      5479,     12107,     12094,     12099,     12106
      5480,     12108,     12093,     12094,     12107
      5481,     12109,     12092,     12093,     12108
      5482,     12110,     12091,     12092,     12109
      5483,     12111,     12090,     12091,     12110
      5484,     12112,     12089,     12090,     12111
      5485,     12113,     12088,     12089,     12112
      5486,     12114,     12087,     12088,     12113
      5487,     12115,     12086,     12087,     12114
      5488,     12116,     12085,     12086,     12115
      5489,     12117,     12084,     12085,     12116
      5490,     12118,     12083,     12084,     12117
      5491,     12119,     12056,     12083,     12118
      5492,     12120,     12082,     12119,     12401
      5493,     12121,     12081,     12082,     12120
      5494,     12122,     12080,     12081,     12121
      5495,     12123,     12079,     12080,     12122
      5496,     12124,     12078,     12079,     12123
      5497,     12125,     12077,     12078,     12124
      5498,     12126,     12076,     12077,     12125
      5499,     12127,     12075,     12076,     12126
      5500,     12392,     12074,     12075,     12127
      5501,     12094,     12044,     12096,     12099
      5502,     12128,     12069,     12070,     12129
      5503,     12069,     12068,     12071,     12070
      5504,     12068,     12067,     12072,     12071
      5505,     12067,     12066,     12073,     12072
      5506,     12066,     12065,     12074,     12073
      5507,     12065,     12064,     12075,     12074
      5508,     12064,     12063,     12076,     12075
      5509,     12063,     12062,     12077,     12076
      5510,     12062,     12061,     12078,     12077
      5511,     12061,     12060,     12079,     12078
      5512,     12060,     12059,     12080,     12079
      5513,     12059,     12058,     12081,     12080
      5514,     12058,     12057,     12082,     12081
      5515,     12057,     12056,     12119,     12082
      5516,     12055,     12054,     12084,     12083
      5517,     12054,     12053,     12085,     12084
      5518,     12053,     12052,     12086,     12085
      5519,     12052,     12051,     12087,     12086
      5520,     12051,     12050,     12088,     12087
      5521,     12050,     12049,     12089,     12088
      5522,     12049,     12048,     12090,     12089
      5523,     12048,     12047,     12091,     12090
      5524,     12047,     12046,     12092,     12091
      5525,     12046,     12045,     12093,     12092
      5526,     12045,     12044,     12094,     12093
      5527,     12095,     12043,     12228,     12229
      5528,     12045,     12042,     12095,     12044
      5529,     12046,     12041,     12042,     12045
      5530,     12047,     12040,     12041,     12046
      5531,     12048,     12039,     12040,     12047
      5532,     12049,     12038,     12039,     12048
      5533,     12050,     12037,     12038,     12049
      5534,     12051,     12036,     12037,     12050
      5535,     12052,     12035,     12036,     12051
      5536,     12053,     12034,     12035,     12052
      5537,     12054,     12033,     12034,     12053
      5538,     12055,     12032,     12033,     12054
      5539,     12056,     12031,     12055,     12083
      5540,     12057,     12030,     12031,     12056
      5541,     12058,     12029,     12030,     12057
      5542,     12059,     12028,     12029,     12058
      5543,     12060,     12027,     12028,     12059
      5544,     12061,     12026,     12027,     12060
      5545,     12062,     12025,     12026,     12061
      5546,     12063,     12024,     12025,     12062
      5547,     12064,     12023,     12024,     12063
      5548,     12065,     12022,     12023,     12064
      5549,     12066,     12021,     12022,     12065
      5550,     12067,     12020,     12021,     12066
      5551,     12068,     12019,     12020,     12067
      5552,     12069,     12018,     12019,     12068
      5553,     12128,     12017,     12018,     12069
      5554,     12133,     12015,     12016,     12130
      5555,     12136,     12014,     12015,     12133
      5556,     12139,     12013,     12014,     12136
      5557,     12142,     12012,     12013,     12139
      5558,     12145,     12011,     12012,     12142
      5559,     12162,     12010,     12011,     12145
      5560,     12165,     12009,     12010,     12162
      5561,     12233,     12008,     12009,     12165
      5562,     12236,     12007,     12008,     12233
      5563,     12237,     12006,     12007,     12236
      5564,     12238,     12005,     12006,     12237
      5565,     12239,     12004,     12005,     12238
      5566,     12240,     12003,     12004,     12239
      5567,     12241,     12002,     12003,     12240
      5568,     12243,     12001,     12002,     12241
      5569,     12366,     12000,     12001,     12243
      5570,     12355,     11999,     12001,     12000
      5571,     12354,     11998,     11999,     12355
      5572,     11999,     11997,     12002,     12001
      5573,     11998,     11996,     11997,     11999
      5574,     12353,     11995,     11998,     12354
      5575,     11995,     11994,     11996,     11998
      5576,     11997,     11993,     12003,     12002
      5577,     11994,     11993,     11997,     11996
      5578,     12161,     11992,     14262,     14263
      5579,     12160,     11991,     11992,     12161
      5580,     12159,     11990,     11991,     12160
      5581,     12158,     11989,     11990,     12159
      5582,     12157,     11988,     11989,     12158
      5583,     12156,     11987,     11988,     12157
      5584,     12155,     11986,     11987,     12156
      5585,     12154,     11985,     11986,     12155
      5586,     12153,     11984,     11985,     12154
      5587,     12152,     11980,     11981,     12179
      5588,     12151,     11979,     11980,     12152
      5589,     12150,     11978,     11979,     12151
      5590,     12149,     11977,     11978,     12150
      5591,     12148,     11976,     11977,     12149
      5592,     12180,     11975,     11976,     12148
      5593,     12181,     11974,     11975,     12180
      5594,     12182,     11973,     12181,     12304
      5595,     12183,     11972,     11973,     12182
      5596,     12184,     11971,     11972,     12183
      5597,     12185,     11970,     11971,     12184
      5598,     12186,     11969,     11970,     12185
      5599,     12187,     11968,     12186,     12298
      5600,     12188,     11967,     11968,     12187
      5601,     12295,     11966,     11967,     12188
      5602,     12190,     11962,     11963,     12189
      5603,     12191,     11961,     11962,     12190
      5604,     12192,     11960,     11961,     12191
      5605,     12193,     11959,     11960,     12192
      5606,     12194,     11958,     11959,     12193
      5607,     12195,     11957,     11958,     12194
      5608,     12196,     11956,     11957,     12195
      5609,     12197,     11955,     11956,     12196
      5610,     12198,     11954,     11955,     12197
      5611,     12199,     11953,     11954,     12198
      5612,     12200,     11952,     11953,     12199
      5613,     12201,     11951,     11952,     12200
      5614,     12202,     11950,     11951,     12201
      5615,     12203,     11949,     11950,     12202
      5616,     12204,     11948,     11949,     12203
      5617,     12205,     11947,     11948,     12204
      5618,     12206,     11946,     11947,     12205
      5619,     12207,     11945,     11946,     12206
      5620,     12208,     11944,     11945,     12207
      5621,     12209,     11943,     11944,     12208
      5622,     12210,     11942,     11943,     12209
      5623,     12211,     11941,     11942,     12210
      5624,     12212,     11940,     11941,     12211
      5625,     12213,     11939,     11940,     12212
      5626,     12214,     11938,     11939,     12213
      5627,     12215,     11937,     11938,     12214
      5628,     12216,     11936,     11937,     12215
      5629,     12217,     11935,     11936,     12216
      5630,     12218,     11934,     11935,     12217
      5631,     12219,     11933,     11934,     12218
      5632,     12220,     11932,     11933,     12219
      5633,     12221,     11931,     11932,     12220
      5634,     12222,     11930,     11931,     12221
      5635,     12223,     11929,     11930,     12222
      5636,     12224,     11928,     11929,     12223
      5637,     12225,     11927,     11928,     12224
      5638,     12226,     11926,     11927,     12225
      5639,     12227,     11183,     11926,     12226
      5640,     12228,     12043,     11183,     12227
      5641,     12095,     12042,     11925,     12043
      5642,     12041,     11924,     11925,     12042
      5643,     11924,     11923,     11184,     11925
      5644,     11923,     11922,     11927,     11926
      5645,     11922,     11921,     11928,     11927
      5646,     11921,     11920,     11929,     11928
      5647,     11920,     11919,     11930,     11929
      5648,     11919,     11918,     11931,     11930
      5649,     11918,     11917,     11932,     11931
      5650,     11917,     11916,     11933,     11932
      5651,     11916,     11915,     11934,     11933
      5652,     11915,     11914,     11935,     11934
      5653,     11914,     11913,     11936,     11935
      5654,     11913,     11912,     11937,     11936
      5655,     11912,     11911,     11938,     11937
      5656,     11911,     11910,     11939,     11938
      5657,     11910,     11909,     11940,     11939
      5658,     11909,     11908,     11941,     11940
      5659,     11908,     11907,     11942,     11941
      5660,     11907,     11906,     11943,     11942
      5661,     11906,     11905,     11944,     11943
      5662,     11905,     11904,     11945,     11944
      5663,     11904,     11903,     11946,     11945
      5664,     11903,     11902,     11947,     11946
      5665,     11902,     11901,     11948,     11947
      5666,     11901,     11900,     11949,     11948
      5667,     11900,     11899,     11950,     11949
      5668,     11899,     11898,     11951,     11950
      5669,     11898,     11897,     11952,     11951
      5670,     11897,     11896,     11953,     11952
      5671,     11896,     11895,     11954,     11953
      5672,     11895,     11894,     11955,     11954
      5673,     11894,     11893,     11956,     11955
      5674,     11893,     11892,     11957,     11956
      5675,     11892,     11891,     11958,     11957
      5676,     11891,     11890,     11959,     11958
      5677,     11890,     11889,     11960,     11959
      5678,     11889,     11888,     11961,     11960
      5679,     11888,     11887,     11962,     11961
      5680,     11887,     11886,     11963,     11962
      5681,     11963,     11885,     11964,     12189
      5682,     11885,     11884,     11965,     11964
      5683,     11884,     11883,     11966,     11965
      5684,     11883,     11882,     11967,     11966
      5685,     11882,     11881,     11968,     11967
      5686,     11881,     11969,     12186,     11968
      5687,     11880,     11879,     11970,     11969
      5688,     11879,     11878,     11971,     11970
      5689,     11878,     11877,     11972,     11971
      5690,     11877,     11876,     11973,     11972
      5691,     11876,     11974,     12181,     11973
      5692,     11875,     11874,     11975,     11974
      5693,     11874,     11873,     11976,     11975
      5694,     11873,     11872,     11977,     11976
      5695,     11872,     11871,     11978,     11977
      5696,     11871,     11870,     11979,     11978
      5697,     11870,     11869,     11980,     11979
      5698,     11869,     11868,     11981,     11980
      5699,     11868,     11867,     11982,     11981
      5700,     11867,     11866,     11983,     11982
      5701,     11866,     11984,     12153,     11983
      5702,     11865,     11864,     11985,     11984
      5703,     11864,     11863,     11986,     11985
      5704,     11863,     11862,     11987,     11986
      5705,     11862,     11861,     11988,     11987
      5706,     11861,     11860,     11989,     11988
      5707,     11860,     11859,     11990,     11989
      5708,     11859,     11858,     11991,     11990
      5709,     11858,     11857,     11992,     11991
      5710,     11857,     11856,     14262,     11992
      5711,     12040,     11855,     11924,     12041
      5712,     11855,     11922,     11923,     11924
      5713,     12039,     11854,     11855,     12040
      5714,     11855,     11854,     11921,     11922
      5715,     11854,     11853,     11920,     11921
      5716,     11733,     11852,     11918,     11919
      5717,     11852,     11851,     11917,     11918
      5718,     11851,     11850,     11916,     11917
      5719,     11850,     11849,     11915,     11916
      5720,     11849,     11848,     11914,     11915
      5721,     11848,     11847,     11913,     11914
      5722,     11847,     11846,     11912,     11913
      5723,     11846,     11845,     11911,     11912
      5724,     11845,     11844,     11910,     11911
      5725,     11844,     11843,     11909,     11910
      5726,     11843,     11842,     11908,     11909
      5727,     11842,     11841,     11907,     11908
      5728,     11841,     11840,     11906,     11907
      5729,     11840,     11839,     11905,     11906
      5730,     11839,     11838,     11904,     11905
      5731,     11838,     11837,     11903,     11904
      5732,     11837,     11836,     11902,     11903
      5733,     11836,     11835,     11901,     11902
      5734,     11835,     11834,     11900,     11901
      5735,     11834,     11833,     11899,     11900
      5736,     11833,     11832,     11898,     11899
      5737,     11832,     11831,     11897,     11898
      5738,     11831,     11830,     11896,     11897
      5739,     11830,     11829,     11895,     11896
      5740,     11829,     11828,     11894,     11895
      5741,     11828,     11827,     11893,     11894
      5742,     11827,     11826,     11892,     11893
      5743,     11826,     11825,     11891,     11892
      5744,     11825,     11824,     11890,     11891
      5745,     11824,     11823,     11889,     11890
      5746,     11823,     11822,     11888,     11889
      5747,     11822,     11821,     11887,     11888
      5748,     11821,     11820,     11886,     11887
      5749,     11886,     11819,     11885,     11963
      5750,     11819,     11818,     11884,     11885
      5751,     11818,     11817,     11883,     11884
      5752,     11817,     11816,     11882,     11883
      5753,     11816,     11815,     11881,     11882
      5754,     11815,     11880,     11969,     11881
      5755,     11814,     11813,     11879,     11880
      5756,     11813,     11812,     11878,     11879
      5757,     11812,     11811,     11877,     11878
      5758,     11811,     11810,     11876,     11877
      5759,     11810,     11875,     11974,     11876
      5760,     11692,     11691,     11874,     11875
      5761,     11691,     11809,     11873,     11874
      5762,     11809,     11808,     11872,     11873
      5763,     11808,     11807,     11871,     11872
      5764,     11807,     11806,     11870,     11871
      5765,     11806,     11805,     11869,     11870
      5766,     11805,     11804,     11868,     11869
      5767,     11804,     11803,     11867,     11868
      5768,     11803,     11802,     11866,     11867
      5769,     11802,     11865,     11984,     11866
      5770,     12038,     11853,     11854,     12039
      5771,     11993,     11801,     12004,     12003
      5772,     11994,     11800,     11801,     11993
      5773,     11995,     11799,     11800,     11994
      5774,     12353,     11798,     11799,     11995
      5775,     11801,     11797,     12005,     12004
      5776,     11800,     11796,     11797,     11801
      5777,     11797,     11795,     12006,     12005
      5778,     11795,     11794,     12007,     12006
      5779,     11794,     11793,     12008,     12007
      5780,     11793,     11792,     12009,     12008
      5781,     11792,     11791,     12010,     12009
      5782,     11791,     11790,     12011,     12010
      5783,     11790,     11789,     12012,     12011
      5784,     11789,     11788,     12013,     12012
      5785,     11788,     11787,     12014,     12013
      5786,     11787,     11786,     12015,     12014
      5787,     11786,     11785,     12016,     12015
      5788,     12016,     11784,     12017,     12130
      5789,     11784,     11783,     12018,     12017
      5790,     11783,     11782,     12019,     12018
      5791,     11782,     11781,     12020,     12019
      5792,     11781,     11780,     12021,     12020
      5793,     11780,     11779,     12022,     12021
      5794,     11779,     11778,     12023,     12022
      5795,     11778,     11777,     12024,     12023
      5796,     11777,     11776,     12025,     12024
      5797,     11776,     11775,     12026,     12025
      5798,     11775,     11774,     12027,     12026
      5799,     11774,     11773,     12028,     12027
      5800,     11773,     11772,     12029,     12028
      5801,     11772,     11771,     12030,     12029
      5802,     11771,     11770,     12031,     12030
      5803,     11770,     12032,     12055,     12031
      5804,     11769,     11768,     12033,     12032
      5805,     11768,     11767,     12034,     12033
      5806,     11767,     11766,     12035,     12034
      5807,     11766,     11765,     12036,     12035
      5808,     11765,     11764,     12037,     12036
      5809,     11764,     11853,     12038,     12037
      5810,     11796,     11763,     11795,     11797
      5811,     11763,     11762,     11794,     11795
      5812,     11762,     11761,     11793,     11794
      5813,     11761,     11760,     11792,     11793
      5814,     11760,     11759,     11791,     11792
      5815,     11759,     11758,     11790,     11791
      5816,     11758,     11757,     11789,     11790
      5817,     11757,     11756,     11788,     11789
      5818,     11756,     11755,     11787,     11788
      5819,     11755,     11754,     11786,     11787
      5820,     11754,     11753,     11785,     11786
      5821,     11785,     11752,     11784,     12016
      5822,     11752,     11751,     11783,     11784
      5823,     11751,     11750,     11782,     11783
      5824,     11750,     11749,     11781,     11782
      5825,     11749,     11748,     11780,     11781
      5826,     11748,     11747,     11779,     11780
      5827,     11747,     11746,     11778,     11779
      5828,     11746,     11745,     11777,     11778
      5829,     11745,     11744,     11776,     11777
      5830,     11744,     11743,     11775,     11776
      5831,     11743,     11742,     11774,     11775
      5832,     11742,     11741,     11773,     11774
      5833,     11741,     11740,     11772,     11773
      5834,     11740,     11739,     11771,     11772
      5835,     11739,     11738,     11770,     11771
      5836,     11738,     11769,     12032,     11770
      5837,     11737,     11736,     11768,     11769
      5838,     11736,     11735,     11767,     11768
      5839,     11735,     11734,     11766,     11767
      5840,     11734,     11733,     11765,     11766
      5841,     11733,     11919,     11764,     11765
      5842,     11764,     11919,     11920,     11853
      5843,     11734,     11732,     11852,     11733
      5844,     11732,     11181,     11851,     11852
      5845,     11181,     11731,     11850,     11851
      5846,     11731,     11730,     11849,     11850
      5847,     11730,     11729,     11848,     11849
      5848,     11729,     11728,     11847,     11848
      5849,     11728,     11727,     11846,     11847
      5850,     11727,     11726,     11845,     11846
      5851,     11726,     11725,     11844,     11845
      5852,     11725,     11724,     11843,     11844
      5853,     11724,     11723,     11842,     11843
      5854,     11723,     11722,     11841,     11842
      5855,     11722,     11721,     11840,     11841
      5856,     11721,     11720,     11839,     11840
      5857,     11720,     11719,     11838,     11839
      5858,     11719,     11718,     11837,     11838
      5859,     11718,     11717,     11836,     11837
      5860,     11717,     11716,     11835,     11836
      5861,     11716,     11715,     11834,     11835
      5862,     11715,     11714,     11833,     11834
      5863,     11714,     11713,     11832,     11833
      5864,     11713,     11712,     11831,     11832
      5865,     11712,     11711,     11830,     11831
      5866,     11711,     11710,     11829,     11830
      5867,     11710,     11709,     11828,     11829
      5868,     11709,     11708,     11827,     11828
      5869,     11708,     11707,     11826,     11827
      5870,     11707,     11706,     11825,     11826
      5871,     11706,     11705,     11824,     11825
      5872,     11705,     11704,     11823,     11824
      5873,     11704,     11703,     11822,     11823
      5874,     11703,     11702,     11821,     11822
      5875,     11702,     11701,     11820,     11821
      5876,     11820,     11700,     11819,     11886
      5877,     11700,     11699,     11818,     11819
      5878,     11699,     11698,     11817,     11818
      5879,     11698,     11697,     11816,     11817
      5880,     11697,     11696,     11815,     11816
      5881,     11696,     11814,     11880,     11815
      5882,     11626,     11625,     11813,     11814
      5883,     11625,     11695,     11812,     11813
      5884,     11695,     11694,     11811,     11812
      5885,     11694,     11693,     11810,     11811
      5886,     11693,     11692,     11875,     11810
      5887,     11735,     11690,     11732,     11734
      5888,     11736,     11689,     11690,     11735
      5889,     11737,     11688,     11689,     11736
      5890,     11738,     11687,     11737,     11769
      5891,     11739,     11526,     11687,     11738
      5892,     11740,     11686,     11526,     11739
      5893,     11741,     11685,     11686,     11740
      5894,     11742,     11684,     11685,     11741
      5895,     11743,     11683,     11684,     11742
      5896,     11744,     11682,     11683,     11743
      5897,     11745,     11681,     11682,     11744
      5898,     11746,     11680,     11681,     11745
      5899,     11747,     11679,     11680,     11746
      5900,     11748,     11678,     11679,     11747
      5901,     11749,     11677,     11678,     11748
      5902,     11750,     11676,     11677,     11749
      5903,     11751,     11675,     11676,     11750
      5904,     11752,     11674,     11675,     11751
      5905,     11785,     11753,     11674,     11752
      5906,     11754,     11672,     11673,     11753
      5907,     11755,     11671,     11672,     11754
      5908,     11756,     11670,     11671,     11755
      5909,     11757,     11669,     11670,     11756
      5910,     11758,     11668,     11669,     11757
      5911,     11759,     11667,     11668,     11758
      5912,     11760,     11666,     11667,     11759
      5913,     11761,     11665,     11666,     11760
      5914,     11762,     11664,     11665,     11761
      5915,     11763,     11663,     11664,     11762
      5916,     11796,     11662,     11663,     11763
      5917,     11800,     11799,     11662,     11796
      5918,     11689,     11661,     11182,     11690
      5919,     11661,     11660,     11730,     11731
      5920,     11660,     11659,     11729,     11730
      5921,     11659,     11658,     11728,     11729
      5922,     11658,     11657,     11727,     11728
      5923,     11657,     11656,     11726,     11727
      5924,     11656,     11655,     11725,     11726
      5925,     11655,     11654,     11724,     11725
      5926,     11654,     11653,     11723,     11724
      5927,     11653,     11652,     11722,     11723
      5928,     11652,     11651,     11721,     11722
      5929,     11651,     11650,     11720,     11721
      5930,     11650,     11649,     11719,     11720
      5931,     11649,     11648,     11718,     11719
      5932,     11648,     11647,     11717,     11718
      5933,     11647,     11646,     11716,     11717
      5934,     11646,     11645,     11715,     11716
      5935,     11645,     11644,     11714,     11715
      5936,     11644,     11643,     11713,     11714
      5937,     11643,     11642,     11712,     11713
      5938,     11642,     11641,     11711,     11712
      5939,     11641,     11640,     11710,     11711
      5940,     11640,     11639,     11709,     11710
      5941,     11639,     11638,     11708,     11709
      5942,     11638,     11637,     11707,     11708
      5943,     11637,     11636,     11706,     11707
      5944,     11636,     11635,     11705,     11706
      5945,     11635,     11634,     11704,     11705
      5946,     11634,     11633,     11703,     11704
      5947,     11633,     11632,     11702,     11703
      5948,     11632,     11548,     11701,     11702
      5949,     11701,     11631,     11700,     11820
      5950,     11631,     11630,     11699,     11700
      5951,     11630,     11629,     11698,     11699
      5952,     11629,     11628,     11697,     11698
      5953,     11628,     11627,     11696,     11697
      5954,     11627,     11626,     11814,     11696
      5955,     11624,     11623,     11694,     11695
      5956,     11623,     11622,     11693,     11694
      5957,     11622,     11537,     11692,     11693
      5958,     11688,     11660,     11661,     11689
      5959,     11537,     11536,     11691,     11692
      5960,     11536,     11621,     11809,     11691
      5961,     11621,     11620,     11808,     11809
      5962,     11620,     11619,     11807,     11808
      5963,     11619,     11618,     11806,     11807
      5964,     11618,     11617,     11805,     11806
      5965,     11617,     11616,     11804,     11805
      5966,     11616,     11615,     11803,     11804
      5967,     11615,     11614,     11802,     11803
      5968,     11614,     11613,     11865,     11802
      5969,     11613,     11612,     11864,     11865
      5970,     11612,     11611,     11863,     11864
      5971,     11611,     11610,     11862,     11863
      5972,     11610,     11609,     11861,     11862
      5973,     11609,     11608,     11860,     11861
      5974,     11608,     11607,     11859,     11860
      5975,     11607,     11606,     11858,     11859
      5976,     11606,     11605,     11857,     11858
      5977,     11605,     11454,     11856,     11857
      5978,     11798,     11502,     11662,     11799
      5979,     12352,     11604,     11502,     11798
      5980,     12351,     11603,     11604,     12352
      5981,     12350,     11602,     11603,     12351
      5982,     12349,     11601,     11602,     12350
      5983,     12348,     11600,     11601,     12349
      5984,     12347,     11599,     11600,     12348
      5985,     12346,     11598,     11599,     12347
      5986,     12345,     11597,     11598,     12346
      5987,     12344,     11596,     11597,     12345
      5988,     12343,     11595,     11596,     12344
      5989,     12342,     11594,     11595,     12343
      5990,     12341,     11593,     11594,     12342
      5991,     12340,     11592,     11593,     12341
      5992,     12339,     11591,     11592,     12340
      5993,     12338,     11590,     11591,     12339
      5994,     12337,     11589,     11590,     12338
      5995,     12336,     11588,     11589,     12337
      5996,     12335,     11587,     11588,     12336
      5997,     12334,     11586,     11587,     12335
      5998,     12333,     11585,     11586,     12334
      5999,     12332,     11584,     11585,     12333
      6000,     12331,     11583,     11584,     12332
      6001,     12330,     11582,     11583,     12331
      6002,     12329,     11581,     11582,     12330
      6003,     12328,     11580,     11581,     12329
      6004,     12327,     11579,     11580,     12328
      6005,     12326,     11578,     11579,     12327
      6006,     12325,     11577,     11578,     12326
      6007,     11688,     11576,     11659,     11660
      6008,     11576,     11575,     11658,     11659
      6009,     11575,     11574,     11657,     11658
      6010,     11574,     11573,     11656,     11657
      6011,     11573,     11572,     11655,     11656
      6012,     11572,     11571,     11654,     11655
      6013,     11571,     11570,     11653,     11654
      6014,     11570,     11569,     11652,     11653
      6015,     11569,     11568,     11651,     11652
      6016,     11568,     11567,     11650,     11651
      6017,     11567,     11566,     11649,     11650
      6018,     11566,     11565,     11648,     11649
      6019,     11565,     11564,     11647,     11648
      6020,     11564,     11563,     11646,     11647
      6021,     11563,     11562,     11645,     11646
      6022,     11562,     11561,     11644,     11645
      6023,     11561,     11560,     11643,     11644
      6024,     11560,     11559,     11642,     11643
      6025,     11559,     11558,     11641,     11642
      6026,     11558,     11557,     11640,     11641
      6027,     11557,     11556,     11639,     11640
      6028,     11556,     11555,     11638,     11639
      6029,     11555,     11554,     11637,     11638
      6030,     11554,     11553,     11636,     11637
      6031,     11553,     11552,     11635,     11636
      6032,     11552,     11551,     11634,     11635
      6033,     11551,     11550,     11633,     11634
      6034,     11550,     11549,     11632,     11633
      6035,     11548,     11547,     11631,     11701
      6036,     11547,     11546,     11630,     11631
      6037,     11546,     11545,     11629,     11630
      6038,     11545,     11544,     11628,     11629
      6039,     11544,     11543,     11627,     11628
      6040,     11543,     11542,     11626,     11627
      6041,     11542,     11541,     11625,     11626
      6042,     11541,     11624,     11695,     11625
      6043,     11540,     11539,     11623,     11624
      6044,     11539,     11538,     11622,     11623
      6045,     11536,     11535,     11620,     11621
      6046,     11535,     11534,     11619,     11620
      6047,     11534,     11180,     11618,     11619
      6048,     11180,     11457,     11617,     11618
      6049,     11457,     11533,     11616,     11617
      6050,     11533,     11532,     11615,     11616
      6051,     11532,     11531,     11614,     11615
      6052,     11531,     11530,     11613,     11614
      6053,     11530,     11529,     11612,     11613
      6054,     11529,     11528,     11611,     11612
      6055,     11528,     11527,     11610,     11611
      6056,     11527,     11608,     11609,     11610
      6057,     11687,     11576,     11688,     11737
      6058,     11687,     11526,     11575,     11576
      6059,     11526,     11423,     11574,     11575
      6060,     11686,     11525,     11423,     11526
      6061,     11685,     11524,     11525,     11686
      6062,     11684,     11523,     11524,     11685
      6063,     11683,     11522,     11523,     11684
      6064,     11682,     11521,     11522,     11683
      6065,     11681,     11520,     11521,     11682
      6066,     11680,     11519,     11520,     11681
      6067,     11679,     11518,     11519,     11680
      6068,     11678,     11517,     11518,     11679
      6069,     11677,     11516,     11517,     11678
      6070,     11676,     11515,     11516,     11677
      6071,     11675,     11514,     11515,     11676
      6072,     11674,     11513,     11514,     11675
      6073,     11753,     11673,     11513,     11674
      6074,     11672,     11512,     11282,     11673
      6075,     11671,     11511,     11512,     11672
      6076,     11670,     11510,     11511,     11671
      6077,     11669,     11509,     11510,     11670
      6078,     11668,     11508,     11509,     11669
      6079,     11667,     11507,     11508,     11668
      6080,     11666,     11506,     11507,     11667
      6081,     11665,     11505,     11506,     11666
      6082,     11664,     11504,     11505,     11665
      6083,     11663,     11503,     11504,     11664
      6084,     11662,     11502,     11503,     11663
      6085,     11604,     11501,     11503,     11502
      6086,     11603,     11500,     11501,     11604
      6087,     11602,     11499,     11500,     11603
      6088,     11601,     11498,     11499,     11602
      6089,     11600,     11497,     11498,     11601
      6090,     11599,     11496,     11497,     11600
      6091,     11598,     11495,     11496,     11599
      6092,     11597,     11494,     11495,     11598
      6093,     11596,     11493,     11494,     11597
      6094,     11595,     11492,     11493,     11596
      6095,     11594,     11491,     11492,     11595
      6096,     11593,     11490,     11491,     11594
      6097,     11592,     11489,     11490,     11593
      6098,     11591,     11488,     11489,     11592
      6099,     11590,     11487,     11488,     11591
      6100,     11589,     11486,     11487,     11590
      6101,     11588,     11485,     11486,     11589
      6102,     11587,     11484,     11485,     11588
      6103,     11586,     11483,     11484,     11587
      6104,     11585,     11482,     11483,     11586
      6105,     11584,     11481,     11482,     11585
      6106,     11583,     11480,     11481,     11584
      6107,     11582,     11479,     11480,     11583
      6108,     11581,     11478,     11479,     11582
      6109,     11580,     11477,     11478,     11581
      6110,     11579,     11476,     11477,     11580
      6111,     11578,     11475,     11476,     11579
      6112,     11577,     11474,     11475,     11578
      6113,     11501,     11473,     11504,     11503
      6114,     11500,     11472,     11473,     11501
      6115,     11499,     11471,     11472,     11500
      6116,     11498,     11470,     11471,     11499
      6117,     11497,     11469,     11470,     11498
      6118,     11496,     11468,     11469,     11497
      6119,     11495,     11467,     11468,     11496
      6120,     11494,     11466,     11467,     11495
      6121,     11493,     11465,     11466,     11494
      6122,     11492,     11464,     11465,     11493
      6123,     11491,     11463,     11464,     11492
      6124,     11490,     11462,     11463,     11491
      6125,     11489,     11461,     11462,     11490
      6126,     11488,     11460,     11461,     11489
      6127,     11487,     11451,     11460,     11488
      6128,     11486,     11459,     11451,     11487
      6129,     11485,     11540,     11459,     11486
      6130,     11484,     11539,     11540,     11485
      6131,     11483,     11538,     11539,     11484
      6132,     11482,     11458,     11538,     11483
      6133,     11481,     11180,     11534,     11482
      6134,     11480,     11457,     11180,     11481
      6135,     11479,     11533,     11457,     11480
      6136,     11478,     11532,     11533,     11479
      6137,     11477,     11531,     11532,     11478
      6138,     11476,     11456,     11531,     11477
      6139,     11475,     11455,     11456,     11476
      6140,     11474,     11454,     11605,     11475
      6141,     11605,     11606,     11455,     11475
      6142,     11607,     11453,     11455,     11606
      6143,     11453,     11452,     11456,     11455
      6144,     11608,     11527,     11453,     11607
      6145,     11528,     11452,     11453,     11527
      6146,     11530,     11452,     11528,     11529
      6147,     11530,     11531,     11456,     11452
      6148,     11537,     11458,     11535,     11536
      6149,     11622,     11538,     11458,     11537
      6150,     11541,     11459,     11540,     11624
      6151,     11542,     11451,     11459,     11541
      6152,     11542,     11543,     11460,     11451
      6153,     11544,     11450,     11460,     11543
      6154,     11545,     11449,     11450,     11544
      6155,     11546,     11384,     11449,     11545
      6156,     11548,     11372,     11385,     11547
      6157,     11632,     11549,     11372,     11548
      6158,     11550,     11447,     11448,     11549
      6159,     11551,     11446,     11447,     11550
      6160,     11552,     11445,     11446,     11551
      6161,     11553,     11444,     11445,     11552
      6162,     11554,     11443,     11444,     11553
      6163,     11555,     11442,     11443,     11554
      6164,     11556,     11441,     11442,     11555
      6165,     11557,     11440,     11441,     11556
      6166,     11558,     11439,     11440,     11557
      6167,     11559,     11438,     11439,     11558
      6168,     11560,     11437,     11438,     11559
      6169,     11561,     11436,     11437,     11560
      6170,     11562,     11435,     11436,     11561
      6171,     11563,     11434,     11435,     11562
      6172,     11564,     11433,     11434,     11563
      6173,     11565,     11432,     11433,     11564
      6174,     11566,     11431,     11432,     11565
      6175,     11567,     11430,     11431,     11566
      6176,     11568,     11429,     11430,     11567
      6177,     11569,     11428,     11429,     11568
      6178,     11570,     11427,     11428,     11569
      6179,     11571,     11426,     11427,     11570
      6180,     11572,     11425,     11426,     11571
      6181,     11573,     11424,     11425,     11572
      6182,     11574,     11423,     11424,     11573
      6183,     11525,     11422,     11424,     11423
      6184,     11422,     11421,     11425,     11424
      6185,     11421,     11420,     11426,     11425
      6186,     11524,     11419,     11422,     11525
      6187,     11419,     11418,     11421,     11422
      6188,     11418,     11417,     11420,     11421
      6189,     11523,     11416,     11419,     11524
      6190,     11416,     11415,     11418,     11419
      6191,     11415,     11414,     11417,     11418
      6192,     11420,     11413,     11427,     11426
      6193,     11178,     11413,     11420,     11417
      6194,     11522,     11412,     11416,     11523
      6195,     11412,     11411,     11415,     11416
      6196,     11411,     11410,     11414,     11415
      6197,     11473,     11409,     11505,     11504
      6198,     11472,     11408,     11409,     11473
      6199,     11471,     11407,     11408,     11472
      6200,     11470,     11406,     11407,     11471
      6201,     11469,     11405,     11406,     11470
      6202,     11468,     11404,     11405,     11469
      6203,     11467,     11403,     11404,     11468
      6204,     11466,     11402,     11403,     11467
      6205,     11465,     11401,     11402,     11466
      6206,     11464,     11400,     11401,     11465
      6207,     11463,     11399,     11400,     11464
      6208,     11462,     11398,     11399,     11463
      6209,     11461,     11397,     11398,     11462
      6210,     11450,     11397,     11461,     11460
      6211,     11449,     11384,     11397,     11450
      6212,     11409,     11396,     11506,     11505
      6213,     11408,     11395,     11396,     11409
      6214,     11407,     11394,     11395,     11408
      6215,     11406,     11393,     11394,     11407
      6216,     11405,     11392,     11393,     11406
      6217,     11404,     11391,     11392,     11405
      6218,     11403,     11390,     11391,     11404
      6219,     11402,     11389,     11390,     11403
      6220,     11401,     11388,     11389,     11402
      6221,     11400,     11387,     11388,     11401
      6222,     11399,     11386,     11387,     11400
      6223,     11398,     11385,     11386,     11399
      6224,     11397,     11384,     11385,     11398
      6225,     11546,     11547,     11385,     11384
      6226,     11396,     11383,     11507,     11506
      6227,     11395,     11382,     11383,     11396
      6228,     11394,     11381,     11382,     11395
      6229,     11393,     11380,     11381,     11394
      6230,     11392,     11379,     11380,     11393
      6231,     11391,     11378,     11379,     11392
      6232,     11390,     11377,     11378,     11391
      6233,     11389,     11376,     11377,     11390
      6234,     11388,     11375,     11376,     11389
      6235,     11387,     11374,     11375,     11388
      6236,     11386,     11373,     11374,     11387
      6237,     11385,     11372,     11373,     11386
      6238,     11549,     11448,     11373,     11372
      6239,     11521,     11371,     11412,     11522
      6240,     11371,     11370,     11411,     11412
      6241,     11370,     11369,     11410,     11411
      6242,     11383,     11368,     11508,     11507
      6243,     11382,     11367,     11368,     11383
      6244,     11381,     11366,     11367,     11382
      6245,     11380,     11365,     11366,     11381
      6246,     11379,     11364,     11365,     11380
      6247,     11378,     11363,     11364,     11379
      6248,     11377,     11362,     11363,     11378
      6249,     11376,     11361,     11362,     11377
      6250,     11375,     11360,     11361,     11376
      6251,     11374,     11359,     11360,     11375
      6252,     11359,     11374,     11373,     11448
      6253,     11447,     11358,     11359,     11448
      6254,     11446,     11357,     11358,     11447
      6255,     11445,     11356,     11357,     11446
      6256,     11444,     11355,     11356,     11445
      6257,     11443,     11354,     11355,     11444
      6258,     11442,     11353,     11354,     11443
      6259,     11441,     11352,     11353,     11442
      6260,     11440,     11351,     11352,     11441
      6261,     11439,     11350,     11351,     11440
      6262,     11438,     11349,     11350,     11439
      6263,     11437,     11348,     11349,     11438
      6264,     11436,     11347,     11348,     11437
      6265,     11435,     11346,     11347,     11436
      6266,     11434,     11193,     11346,     11435
      6267,     11433,     11204,     11193,     11434
      6268,     11432,     11345,     11204,     11433
      6269,     11431,     11344,     11345,     11432
      6270,     11430,     11343,     11344,     11431
      6271,     11429,     11342,     11343,     11430
      6272,     11428,     11341,     11342,     11429
      6273,     11413,     11341,     11428,     11427
      6274,     11358,     11318,     11360,     11359
      6275,     11357,     11300,     11318,     11358
      6276,     11355,     11300,     11357,     11356
      6277,     11520,     11340,     11371,     11521
      6278,     11340,     11339,     11370,     11371
      6279,     11339,     11338,     11369,     11370
      6280,     11178,     11337,     11341,     11413
      6281,     11410,     11336,     11179,     11414
      6282,     11369,     11335,     11336,     11410
      6283,     11338,     11334,     11335,     11369
      6284,     11337,     11333,     11342,     11341
      6285,     11336,     11335,     11333,     11337
      6286,     11333,     11332,     11343,     11342
      6287,     11335,     11331,     11332,     11333
      6288,     11334,     11330,     11331,     11335
      6289,     11332,     11329,     11344,     11343
      6290,     11331,     11328,     11329,     11332
      6291,     11330,     11327,     11328,     11331
      6292,     11368,     11326,     11509,     11508
      6293,     11367,     11325,     11326,     11368
      6294,     11366,     11324,     11325,     11367
      6295,     11365,     11323,     11324,     11366
      6296,     11364,     11322,     11323,     11365
      6297,     11363,     11321,     11322,     11364
      6298,     11362,     11320,     11321,     11363
      6299,     11361,     11319,     11320,     11362
      6300,     11360,     11318,     11319,     11361
      6301,     11519,     11275,     11340,     11520
      6302,     11275,     11317,     11339,     11340
      6303,     11317,     11316,     11338,     11339
      6304,     11316,     11315,     11334,     11338
      6305,     11315,     11314,     11330,     11334
      6306,     11314,     11313,     11327,     11330
      6307,     11329,     11312,     11345,     11344
      6308,     11328,     11311,     11312,     11329
      6309,     11327,     11310,     11311,     11328
      6310,     11313,     11309,     11310,     11327
      6311,     11326,     11308,     11510,     11509
      6312,     11325,     11307,     11308,     11326
      6313,     11324,     11306,     11307,     11325
      6314,     11323,     11305,     11306,     11324
      6315,     11322,     11304,     11305,     11323
      6316,     11321,     11303,     11304,     11322
      6317,     11320,     11302,     11303,     11321
      6318,     11319,     11301,     11302,     11320
      6319,     11318,     11300,     11301,     11319
      6320,     11354,     11299,     11300,     11355
      6321,     11299,     11298,     11301,     11300
      6322,     11298,     11297,     11302,     11301
      6323,     11297,     11296,     11303,     11302
      6324,     11296,     11295,     11304,     11303
      6325,     11295,     11294,     11305,     11304
      6326,     11294,     11293,     11306,     11305
      6327,     11293,     11292,     11307,     11306
      6328,     11292,     11291,     11308,     11307
      6329,     11291,     11511,     11510,     11308
      6330,     11353,     11290,     11299,     11354
      6331,     11290,     11289,     11298,     11299
      6332,     11289,     11288,     11297,     11298
      6333,     11288,     11287,     11296,     11297
      6334,     11287,     11286,     11295,     11296
      6335,     11286,     11235,     11294,     11295
      6336,     11235,     11285,     11293,     11294
      6337,     11285,     11291,     11292,     11293
      6338,     11285,     11284,     11511,     11291
      6339,     11284,     11283,     11512,     11511
      6340,     11282,     11281,     11513,     11673
      6341,     11281,     11280,     11514,     11513
      6342,     11280,     11279,     11515,     11514
      6343,     11279,     11278,     11516,     11515
      6344,     11278,     11277,     11517,     11516
      6345,     11277,     11276,     11518,     11517
      6346,     11276,     11275,     11519,     11518
      6347,     11352,     11274,     11290,     11353
      6348,     11274,     11273,     11289,     11290
      6349,     11273,     11272,     11288,     11289
      6350,     11351,     11271,     11274,     11352
      6351,     11271,     11270,     11273,     11274
      6352,     11270,     11269,     11272,     11273
      6353,     11350,     11268,     11271,     11351
      6354,     11268,     11267,     11270,     11271
      6355,     11267,     11266,     11269,     11270
      6356,     11272,     11265,     11287,     11288
      6357,     11269,     11264,     11265,     11272
      6358,     11266,     11263,     11264,     11269
      6359,     11349,     11262,     11268,     11350
      6360,     11262,     11261,     11267,     11268
      6361,     11261,     11260,     11266,     11267
      6362,     11260,     11259,     11263,     11266
      6363,     11276,     11258,     11317,     11275
      6364,     11258,     11315,     11316,     11317
      6365,     11348,     11257,     11262,     11349
      6366,     11257,     11256,     11261,     11262
      6367,     11256,     11255,     11260,     11261
      6368,     11255,     11254,     11259,     11260
      6369,     11258,     11253,     11314,     11315
      6370,     11276,     11252,     11253,     11258
      6371,     11277,     11251,     11252,     11276
      6372,     11278,     11250,     11251,     11277
      6373,     11279,     11249,     11250,     11278
      6374,     11280,     11248,     11249,     11279
      6375,     11281,     11247,     11248,     11280
      6376,     11282,     11246,     11247,     11281
      6377,     11512,     11283,     11246,     11282
      6378,     11284,     11236,     11237,     11283
      6379,     11235,     11236,     11284,     11285
      6380,     11253,     11245,     11313,     11314
      6381,     11252,     11244,     11245,     11253
      6382,     11251,     11243,     11244,     11252
      6383,     11250,     11242,     11243,     11251
      6384,     11249,     11241,     11242,     11250
      6385,     11248,     11240,     11241,     11249
      6386,     11247,     11239,     11240,     11248
      6387,     11246,     11238,     11239,     11247
      6388,     11283,     11237,     11238,     11246
      6389,     11286,     11234,     11236,     11235
      6390,     11234,     11233,     11237,     11236
      6391,     11233,     11232,     11238,     11237
      6392,     11232,     11231,     11239,     11238
      6393,     11231,     11230,     11240,     11239
      6394,     11230,     11229,     11241,     11240
      6395,     11229,     11228,     11242,     11241
      6396,     11228,     11227,     11243,     11242
      6397,     11227,     11245,     11244,     11243
      6398,     11245,     11227,     11309,     11313
      6399,     11287,     11226,     11234,     11286
      6400,     11265,     11225,     11226,     11287
      6401,     11264,     11224,     11225,     11265
      6402,     11263,     11223,     11224,     11264
      6403,     11259,     11222,     11223,     11263
      6404,     11254,     11221,     11222,     11259
      6405,     11347,     11220,     11257,     11348
      6406,     11220,     11219,     11256,     11257
      6407,     11219,     11218,     11255,     11256
      6408,     11218,     11217,     11254,     11255
      6409,     11217,     11216,     11221,     11254
      6410,     11226,     11215,     11233,     11234
      6411,     11215,     11214,     11232,     11233
      6412,     11214,     11213,     11231,     11232
      6413,     11213,     11212,     11230,     11231
      6414,     11212,     11211,     11229,     11230
      6415,     11211,     11210,     11228,     11229
      6416,     11210,     11209,     11227,     11228
      6417,     11209,     11208,     11309,     11227
      6418,     11208,     11207,     11310,     11309
      6419,     11207,     11206,     11311,     11310
      6420,     11206,     11205,     11312,     11311
      6421,     11205,     11204,     11345,     11312
      6422,     11225,     11203,     11215,     11226
      6423,     11223,     11203,     11225,     11224
      6424,     11203,     11202,     11214,     11215
      6425,     11202,     11201,     11213,     11214
      6426,     11222,     11202,     11203,     11223
      6427,     11221,     11201,     11202,     11222
      6428,     11201,     11200,     11212,     11213
      6429,     11216,     11200,     11201,     11221
      6430,     11200,     11199,     11211,     11212
      6431,     11199,     11198,     11210,     11211
      6432,     11216,     11197,     11199,     11200
      6433,     11198,     11196,     11209,     11210
      6434,     11196,     11195,     11208,     11209
      6435,     11195,     11206,     11207,     11208
      6436,     11195,     11194,     11205,     11206
      6437,     11194,     11193,     11204,     11205
      6438,     11217,     11192,     11197,     11216
      6439,     11218,     11191,     11192,     11217
      6440,     11219,     11185,     11191,     11218
      6441,     11220,     11190,     11185,     11219
      6442,     11346,     11190,     11220,     11347
      6443,     11197,     11189,     11198,     11199
      6444,     11192,     11188,     11189,     11197
      6445,     11189,     11187,     11196,     11198
      6446,     11187,     11194,     11195,     11196
      6447,     11188,     11186,     11187,     11189
      6448,     11186,     11193,     11194,     11187
      6449,     11191,     11185,     11188,     11192
      6450,     11185,     11190,     11186,     11188
      6451,     11190,     11346,     11193,     11186
      6452,     11926,     11183,     11184,     11923
      6453,     11925,     11184,     11183,     12043
      6454,     11731,     11181,     11182,     11661
      6455,     11690,     11182,     11181,     11732
      6456,     11534,     11535,     11458,     11482
      6457,     11337,     11178,     11179,     11336
      6458,     11414,     11179,     11178,     11417
*****
