**
**   Template:  Plane Stress Analyzer
**
*NODE
         1,  2.2013229861125,  1.4001019252391,  0.0            
         2,  2.3025236670046,  1.4998327983842,  0.0            
         3,  2.3003391900494,  1.5993651296966,  0.0            
         4,  2.2982136880319,  1.6993873280148,  0.0            
         5,  2.2990483543154,  1.7995758704724,  0.0            
         6,  2.3006379445701,  1.8993542689757,  0.0            
         7,  2.2011378646337,  1.4998744497588,  0.0            
         8,  2.2002214809349,  1.5997568575596,  0.0            
         9,  2.1994166919136,  1.6998531939741,  0.0            
        10,  2.1996016514865,  1.8000165598234,  0.0            
        11,  2.2001741832939,  1.9000306901253,  0.0            
        12,  2.1999580988043,  1.0000627515679,  0.0            
        13,  2.0999525428784,  0.9999859154917,  0.0            
        14,  2.1000345535131,  1.1000325686118,  0.0            
        15,  2.1001567505206,  1.2000639084015,  0.0            
        16,  2.1003300236728,  1.3000689559524,  0.0            
        17,  2.1004549811456,  1.4000321324696,  0.0            
        18,  2.100368608255 ,  1.4999666116862,  0.0            
        19,  2.100059611767 ,  1.5999380539874,  0.0            
        20,  2.0998138278128,  1.6999807784013,  0.0            
        21,  2.0998581594402,  1.8000420001411,  0.0            
        22,  2.1000404039972,  1.9000478155764,  0.0            
        23,  1.9999691610771,  0.9999883858773,  0.0            
        24,  1.9999776616847,  1.0999829231093,  0.0            
        25,  2.000048948963 ,  1.2000103906522,  0.0            
        26,  2.0001109436178,  1.3000194009558,  0.0            
        27,  2.0001401334244,  1.4000149671961,  0.0            
        28,  2.0001004611331,  1.5000069972273,  0.0            
        29,  1.9999581401932,  1.6000303477018,  0.0            
        30,  1.9999457064515,  1.7000289334918,  0.0            
        31,  1.999948878195 ,  1.8000182694261,  0.0            
        32,  1.9999578137296,  1.9000067027831,  0.0            
        33,  1.89997696877  ,  0.9999895311376,  0.0            
        34,  1.8999776873392,  1.0999879331288,  0.0            
        35,  1.8999901945599,  1.1999874710129,  0.0            
        36,  1.8999995782465,  1.299993994139 ,  0.0            
        37,  1.899988581909 ,  1.4000073221122,  0.0            
        38,  1.899974832869 ,  1.5000194900772,  0.0            
        39,  1.8999606913778,  1.6000230763304,  0.0            
        40,  1.8999503302586,  1.7000269471742,  0.0            
        41,  1.8999515046543,  1.800016079349 ,  0.0            
        42,  1.8999607350472,  1.9000072925588,  0.0            
        43,  2.5036810419725,  1.9824089101294,  0.0            
        44,  2.5032866824632,  2.0838453877348,  0.0            
        45,  2.505945932181 ,  2.1858465345228,  0.0            
        46,  2.509917314562 ,  2.2874625545024,  0.0            
        47,  2.5158044437964,  2.3884004737282,  0.0            
        48,  2.5236327223969,  2.4881341778231,  0.0            
        49,  2.5322877373448,  2.5863928106255,  0.0            
        50,  2.5365838305925,  2.6840888658589,  0.0            
        51,  2.5273899063916,  2.7840256204453,  0.0            
        52,  2.5151179378993,  2.8875393056903,  0.0            
        53,  2.5062064788766,  2.9932354343599,  0.0            
        54,  2.5027424707914,  3.1015704164446,  0.0            
        55,  2.5052670566704,  3.2112922339362,  0.0            
        56,  2.5144660294916,  3.3236951179428,  0.0            
        57,  2.530049045555 ,  3.4372148385471,  0.0            
        58,  1.7999791417544,  0.9999886445552,  0.0            
        59,  1.7999778858859,  1.0999857856008,  0.0            
        60,  1.7999848560203,  1.1999863224219,  0.0            
        61,  1.7999896658388,  1.2999940924131,  0.0            
        62,  1.7999817489529,  1.4000109329444,  0.0            
        63,  1.7999730535991,  1.5000163718971,  0.0            
        64,  1.7999624196545,  1.6000220562975,  0.0            
        65,  1.7999549967681,  1.7000261483752,  0.0            
        66,  1.7999559380339,  1.8000161423677,  0.0            
        67,  1.7999658341873,  1.900008755028 ,  0.0            
        68,  1.6999771466346,  0.9999845348673,  0.0            
        69,  1.6999764911479,  1.099983985066 ,  0.0            
        70,  1.6999819319216,  1.1999852089857,  0.0            
        71,  1.6999863533357,  1.2999954447169,  0.0            
        72,  1.6999807950578,  1.4000064933534,  0.0            
        73,  1.6999707098176,  1.5000181385236,  0.0            
        74,  1.6999645890741,  1.6000218602593,  0.0            
        75,  1.6999600340247,  1.700025076689 ,  0.0            
        76,  1.6999613378509,  1.800015808112 ,  0.0            
        77,  1.6999686808128,  1.9000066781074,  0.0            
        78,  1.599977466559 ,  0.9999826480813,  0.0            
        79,  1.5999723161666,  1.0999770641178,  0.0            
        80,  1.5999822656594,  1.1999745907221,  0.0            
        81,  1.5999875191223,  1.2999925290131,  0.0            
        82,  1.5999826943561,  1.400007002987 ,  0.0            
        83,  1.5999712175016,  1.5000248927468,  0.0            
        84,  1.5999656463936,  1.6000246544902,  0.0            
        85,  1.5999637250661,  1.7000233692623,  0.0            
        86,  1.5999643013358,  1.8000141574045,  0.0            
        87,  1.599973137319 ,  1.9000062413433,  0.0            
        88,  1.4999854507572,  1.4000060913687,  0.0            
        89,  1.4999757711888,  1.5000219476358,  0.0            
        90,  1.4999702579398,  1.6000213636812,  0.0            
        91,  1.4999673711606,  1.7000211396836,  0.0            
        92,  1.4999680824498,  1.8000130435521,  0.0            
        93,  1.4999745245506,  1.9000055837062,  0.0            
        94,  2.5499676689881,  3.5525643826521,  0.0            
        95,  2.40266924659  ,  1.9949811120207,  0.0            
        96,  2.4029385243627,  2.0951076818128,  0.0            
        97,  2.4040158217927,  2.1957566984589,  0.0            
        98,  2.4060917328825,  2.2963973603592,  0.0            
        99,  2.4090016861564,  2.3968346330855,  0.0            
       100,  2.4127526988296,  2.4967368394958,  0.0            
       101,  2.4168394997143,  2.5959368314962,  0.0            
       102,  2.4186563047023,  2.6946086427983,  0.0            
       103,  2.4157818986743,  2.7938417990006,  0.0            
       104,  2.4101422779116,  2.8947565843671,  0.0            
       105,  2.4050704372154,  2.9974457302833,  0.0            
       106,  2.4027605942906,  3.1023762609392,  0.0            
       107,  2.4043521323116,  3.2094750023444,  0.0            
       108,  2.4107674765716,  3.3190536107405,  0.0            
       109,  2.4231392552102,  3.4309482526433,  0.0            
       110,  2.4419036285762,  3.5451223512112,  0.0            
       111,  2.301355836518 ,  1.9991093326333,  0.0            
       112,  2.3016438158231,  2.0990921410922,  0.0            
       113,  2.301987980578 ,  2.1992529501428,  0.0            
       114,  2.3027958597338,  2.2994076343976,  0.0            
       115,  2.3038943196964,  2.3995400629934,  0.0            
       116,  2.305373810879 ,  2.4995028540853,  0.0            
       117,  2.3072933148716,  2.5993531396755,  0.0            
       118,  2.3077139440611,  2.698907475259 ,  0.0            
       119,  2.306888575887 ,  2.7983408079798,  0.0            
       120,  2.3049424999186,  2.89837518488  ,  0.0            
       121,  2.3029015356021,  2.9994390395838,  0.0            
       122,  2.301942192163 ,  3.1018788678054,  0.0            
       123,  2.3029004935499,  3.2061925011105,  0.0            
       124,  2.3064154127271,  3.3126762518072,  0.0            
       125,  2.3111578176147,  3.4185994934979,  0.0            
       126,  2.3335633197868,  3.5369798961189,  0.0            
       127,  2.3564964585096,  3.6562368782613,  0.0            
       128,  1.399989547257 ,  1.4000052474102,  0.0            
       129,  1.3999798187481,  1.5000185657582,  0.0            
       130,  1.3999743122003,  1.60001834056  ,  0.0            
       131,  1.3999715240767,  1.7000178520424,  0.0            
       132,  1.3999717884768,  1.8000112872148,  0.0            
       133,  1.3999786953177,  1.9000061019363,  0.0            
       134,  2.2004990750184,  1.9999737958268,  0.0            
       135,  2.2006753777146,  2.0999382785319,  0.0            
       136,  2.1999863908834,  2.1999981361586,  0.0            
       137,  2.1999867919505,  2.3000005615396,  0.0            
       138,  2.1999866753026,  2.4000030706528,  0.0            
       139,  2.1999831814155,  2.500005142259 ,  0.0            
       140,  2.2027134351249,  2.6000139848034,  0.0            
       141,  2.1999725008995,  2.7000035629489,  0.0            
       142,  2.1999724678613,  2.8000015481516,  0.0            
       143,  2.1999718166765,  2.8999997655344,  0.0            
       144,  2.199971966607 ,  2.9999997156115,  0.0            
       145,  2.1999721165601,  3.0999995759442,  0.0            
       146,  2.1999722665586,  3.1999994255077,  0.0            
       147,  2.1999648314927,  3.3008975887413,  0.0            
       148,  2.2044171383772,  3.4062143553335,  0.0            
       149,  2.2273124335852,  3.5270947054714,  0.0            
       150,  2.249986970302 ,  3.6499997230552,  0.0            
       151,  1.2999926412421,  1.4000044945903,  0.0            
       152,  1.299982783261 ,  1.5000144914421,  0.0            
       153,  1.2999786900623,  1.6000162004553,  0.0            
       154,  1.2999760305079,  1.7000166718128,  0.0            
       155,  1.2999754810034,  1.8000107090907,  0.0            
       156,  1.2999810277325,  1.9000053905702,  0.0            
       157,  2.0999732964888,  2.0000016764182,  0.0            
       158,  2.0999825413748,  2.0999981763788,  0.0            
       159,  2.0999838647811,  2.1999986309118,  0.0            
       160,  2.0999849952807,  2.3000003414733,  0.0            
       161,  2.0999848287347,  2.4000010159468,  0.0            
       162,  2.0999820557682,  2.5000023303874,  0.0            
       163,  2.0999758536808,  2.6000018430577,  0.0            
       164,  2.0999726281772,  2.7000011188908,  0.0            
       165,  2.0999728718209,  2.7999999596476,  0.0            
       166,  2.0999730581184,  2.8999998869752,  0.0            
       167,  2.0999732064318,  2.9999998132086,  0.0            
       168,  2.0999733566949,  3.099999714822 ,  0.0            
       169,  2.0999735073407,  3.1999995469512,  0.0            
       170,  2.0999736412379,  3.299999523389 ,  0.0            
       171,  2.1035492609053,  3.4035751624428,  0.0            
       172,  2.1238302151372,  3.5248985184574,  0.0            
       173,  2.1499865094885,  3.6500004825836,  0.0            
       174,  1.499990370952 ,  1.2999918912621,  0.0            
       175,  1.4999862594635,  1.1999757817202,  0.0            
       176,  1.4999770130085,  1.0999773648312,  0.0            
       177,  1.4999762622459,  0.9999782763084,  0.0            
       178,  1.1999866551719,  1.50001278127  ,  0.0            
       179,  1.1999825590276,  1.600014059671 ,  0.0            
       180,  1.1999801765419,  1.7000146754621,  0.0            
       181,  1.1999794647727,  1.8000096314643,  0.0            
       182,  1.19998426745  ,  1.9000050420026,  0.0            
       183,  1.1999937258259,  1.4000052819013,  0.0            
       184,  5.0032966736638,  3.5990524993042,  0.0            
       185,  5.1033919823843,  3.6005246499193,  0.0            
       186,  1.0999942648784,  1.4000073719376,  0.0            
       187,  1.0999894613916,  1.5000113268006,  0.0            
       188,  1.0999858578608,  1.6000156874234,  0.0            
       189,  1.0999833726315,  1.7000133172806,  0.0            
       190,  1.0999823099802,  1.8000078702051,  0.0            
       191,  1.0999856014994,  1.9000041053601,  0.0            
       192,  5.0060251984367,  3.5012738816486,  0.0            
       193,  5.1065526250257,  3.5023065926686,  0.0            
       194,  5.0129097791504,  3.4059044771298,  0.0            
       195,  5.0278231960968,  3.3150514622687,  0.0            
       196,  5.0423331623458,  3.2253490169747,  0.0            
       197,  5.0387410784056,  3.1397447575689,  0.0            
       198,  5.1121170635692,  3.4050542424984,  0.0            
       199,  5.1204060520728,  3.3084651853336,  0.0            
       200,  5.1268713667312,  3.2114633093705,  0.0            
       201,  5.0312128728805,  3.0527792198456,  0.0            
       202,  5.0212526272315,  2.9670414867412,  0.0            
       203,  5.1244858246599,  3.1206175217529,  0.0            
       204,  5.119443288423 ,  3.0273797082437,  0.0            
       205,  5.1107099846604,  2.9356570338006,  0.0            
       206,  5.2033396360776,  2.9000076585415,  0.0            
       207,  5.2125600541927,  3.0038932632634,  0.0            
       208,  5.2178736429484,  3.1060785985723,  0.0            
       209,  5.2175307328331,  3.2054172661904,  0.0            
       210,  5.2138524760524,  3.3047676786147,  0.0            
       211,  5.2092528416464,  3.4034251814492,  0.0            
       212,  5.2055127835866,  3.5021795799736,  0.0            
       213,  5.202917201364 ,  3.6011149042614,  0.0            
       214,  1.3999952375418,  1.299991872324 ,  0.0            
       215,  1.3000006871958,  1.2999952623429,  0.0            
       216,  1.199999147078 ,  1.2999993635701,  0.0            
       217,  1.1000000102812,  1.2999992445601,  0.0            
       218,  0.9999987929364,  1.2999990301292,  0.0            
       219,  0.8999975287012,  1.299998638055 ,  0.0            
       220,  0.7999974253545,  1.299997926151 ,  0.0            
       221,  0.6999981959872,  1.2999970289956,  0.0            
       222,  0.599999978235 ,  1.2999974412259,  0.0            
       223,  0.9999951540274,  1.4000075449617,  0.0            
       224,  0.8999958285314,  1.4000064408061,  0.0            
       225,  0.7999971572221,  1.4000052792047,  0.0            
       226,  0.6999986059375,  1.400003944693 ,  0.0            
       227,  0.60000020209  ,  1.4000034522122,  0.0            
       228,  5.0187569825047,  2.8881925573425,  0.0            
       229,  5.0916997990821,  2.8442559859495,  0.0            
       230,  5.1801438248478,  2.7885021428706,  0.0            
       231,  5.2537408907456,  2.4532701862212,  0.0            
       232,  5.3061501027166,  2.5754817653782,  0.0            
       233,  5.2987605113696,  2.6874804300668,  0.0            
       234,  5.2910381284518,  2.7900294584327,  0.0            
       235,  5.2997525187259,  2.8960134203644,  0.0            
       236,  5.3074392177286,  2.9987372261092,  0.0            
       237,  5.3101993015027,  3.1006204676802,  0.0            
       238,  5.3087119099725,  3.2014715365157,  0.0            
       239,  5.3067951562835,  3.3020673857487,  0.0            
       240,  5.3047948590062,  3.401850948147 ,  0.0            
       241,  5.3029965542928,  3.5014672243923,  0.0            
       242,  5.3016233292592,  3.6009611861546,  0.0            
       243,  0.9999914225802,  1.5000112202373,  0.0            
       244,  0.9999888342401,  1.6000151222069,  0.0            
       245,  0.9999865606995,  1.700011906923 ,  0.0            
       246,  0.9999851096063,  1.8000078242644,  0.0            
       247,  0.9999867345138,  1.9000033980053,  0.0            
       248,  1.3999903232115,  1.1999862631024,  0.0            
       249,  1.2999952243264,  1.1999899400929,  0.0            
       250,  1.2000000825084,  1.1999940006451,  0.0            
       251,  1.099999364842 ,  1.1999960322129,  0.0            
       252,  0.9999989118582,  1.1999956111931,  0.0            
       253,  0.8999981221164,  1.1999952383189,  0.0            
       254,  0.799997565692 ,  1.1999947127457,  0.0            
       255,  0.6999978084638,  1.1999941515786,  0.0            
       256,  0.5999985160471,  1.1999945317848,  0.0            
       257,  0.8999936739642,  1.5000102462279,  0.0            
       258,  0.7999956339928,  1.5000087275477,  0.0            
       259,  0.6999975977211,  1.5000078855371,  0.0            
       260,  0.599998981955 ,  1.5000050355484,  0.0            
       261,  0.8999916847237,  1.6000142377931,  0.0            
       262,  0.8999890313375,  1.7000107348366,  0.0            
       263,  0.8999875899448,  1.8000069233281,  0.0            
       264,  0.8999889309741,  1.9000034158334,  0.0            
       265,  1.3999831530988,  1.0999833249648,  0.0            
       266,  1.2999871461122,  1.0999843246893,  0.0            
       267,  1.1999940157603,  1.0999922069901,  0.0            
       268,  1.0999981904005,  1.0999928436116,  0.0            
       269,  0.999999063441 ,  1.0999921896194,  0.0            
       270,  0.8999978256999,  1.0999922949398,  0.0            
       271,  0.7999966851689,  1.0999919979143,  0.0            
       272,  0.6999975683961,  1.0999907771901,  0.0            
       273,  0.5999985287342,  1.0999931177015,  0.0            
       274,  0.799993984398 ,  1.6000122027895,  0.0            
       275,  0.6999965775338,  1.6000097347992,  0.0            
       276,  0.5999981961178,  1.6000067383534,  0.0            
       277,  5.1074546049594,  0.8856616714453,  0.0            
       278,  5.1179006901661,  0.9779947918784,  0.0            
       279,  5.1970626980721,  1.092928075168 ,  0.0            
       280,  5.2077378581839,  0.9986575841924,  0.0            
       281,  5.2072739051856,  0.8983029570126,  0.0            
       282,  5.1144082021537,  1.0648563707859,  0.0            
       283,  5.0775984567145,  1.1416529193145,  0.0            
       284,  5.1523636973487,  1.1889160280827,  0.0            
       285,  5.2435161099216,  1.2302624168415,  0.0            
       286,  5.2270952545111,  1.4582545745763,  0.0            
       287,  5.3583399463261,  1.2277437067786,  0.0            
       288,  5.2862311473709,  1.1200419120859,  0.0            
       289,  5.2989429073816,  1.0130403758158,  0.0            
       290,  5.304105239089 ,  0.9070858669086,  0.0            
       291,  5.4000090681231,  3.6000012532996,  0.0            
       292,  5.4000090128672,  3.5000013453149,  0.0            
       293,  5.4000061700161,  3.4000013509496,  0.0            
       294,  5.4000051868596,  3.3000011729417,  0.0            
       295,  5.4000051729489,  3.2000000000002,  0.0            
       296,  5.404725893144 ,  3.0994833528017,  0.0            
       297,  5.4033094898598,  2.9980161578187,  0.0            
       298,  5.3998174530832,  2.8968503321708,  0.0            
       299,  5.3971680737197,  2.7947927758009,  0.0            
       300,  5.3988335852475,  2.6906015770452,  0.0            
       301,  5.395144213739 ,  2.5817284639937,  0.0            
       302,  5.3700963599224,  2.4791926568866,  0.0            
       303,  5.3901961077875,  2.3845992355261,  0.0            
       304,  5.4287473110232,  2.3091080513923,  0.0            
       305,  5.3966728799085,  2.2356344835123,  0.0            
       306,  5.3920354087919,  2.1427981454472,  0.0            
       307,  5.3947846927234,  2.0425108384796,  0.0            
       308,  5.3965580806037,  1.9372936639828,  0.0            
       309,  5.394225541294 ,  1.8330279118018,  0.0            
       310,  5.3898669379892,  1.7310560197884,  0.0            
       311,  5.3813055819616,  1.6281948276849,  0.0            
       312,  5.3679180552016,  1.5269406226361,  0.0            
       313,  5.3558307607104,  1.4273075882992,  0.0            
       314,  5.3349947189049,  1.3328636516732,  0.0            
       315,  5.3844530337154,  1.1215096227996,  0.0            
       316,  5.3960956856791,  1.0141303604721,  0.0            
       317,  5.4011533890603,  0.9079082227697,  0.0            
       318,  5.4000031622812,  3.6999994530614,  0.0            
       319,  5.3007012206644,  3.7005166116463,  0.0            
       320,  5.20121895411  ,  3.7005314407732,  0.0            
       321,  5.1014523469625,  3.699932841051 ,  0.0            
       322,  5.0015585683336,  3.6988415236235,  0.0            
       323,  4.9015007519064,  3.6976759975048,  0.0            
       324,  4.8015527077747,  3.6974848755781,  0.0            
       325,  4.7013156139615,  3.6991451856289,  0.0            
       326,  4.6006496491529,  3.7009368687544,  0.0            
       327,  4.499842738031 ,  3.7010386610139,  0.0            
       328,  4.3994452893786,  3.6994517785428,  0.0            
       329,  4.2996237344332,  3.6979360556345,  0.0            
       330,  4.1999527079001,  3.697567714849 ,  0.0            
       331,  4.100037029153 ,  3.697866901224 ,  0.0            
       332,  3.9997750829517,  3.6980095433552,  0.0            
       333,  3.8992072801982,  3.6975492889429,  0.0            
       334,  3.7983070119502,  3.6962869389202,  0.0            
       335,  3.6969828135587,  3.694019441139 ,  0.0            
       336,  3.5950830246688,  3.6903526656855,  0.0            
       337,  3.4930109620451,  3.6848432263535,  0.0            
       338,  3.3910128416024,  3.6776766812906,  0.0            
       339,  3.2902631084117,  3.6710817762609,  0.0            
       340,  3.1901261077938,  3.6684811731356,  0.0            
       341,  3.0905978957393,  3.6711960676596,  0.0            
       342,  2.9894696434791,  3.6763094641601,  0.0            
       343,  2.8872034357395,  3.6800331203089,  0.0            
       344,  2.7829837411679,  3.6807848386264,  0.0            
       345,  2.6779042606422,  3.6778315539125,  0.0            
       346,  2.5708781182333,  3.668884258104 ,  0.0            
       347,  2.4633118512396,  3.6618012540336,  0.0            
       348,  1.3999832724781,  0.9999846035426,  0.0            
       349,  1.2999868637174,  0.999987543165 ,  0.0            
       350,  1.199992298979 ,  0.9999928450343,  0.0            
       351,  1.0999968709547,  0.9999943366917,  0.0            
       352,  0.9999989964319,  0.9999944772398,  0.0            
       353,  0.8999970811732,  0.9999945235606,  0.0            
       354,  0.7999971185265,  0.9999944300386,  0.0            
       355,  0.6999977668564,  0.9999931631365,  0.0            
       356,  0.5999983675565,  0.9999940446588,  0.0            
       357,  5.5000045614711,  3.6999984880271,  0.0            
       358,  5.5000078528955,  3.5999994377703,  0.0            
       359,  5.5000080627374,  3.499999545846 ,  0.0            
       360,  5.5000051276778,  3.4000009577481,  0.0            
       361,  5.5000045622772,  3.3000000000002,  0.0            
       362,  5.5000045622772,  3.2000000000002,  0.0            
       363,  5.5000045622772,  3.1000000000002,  0.0            
       364,  5.5000045622771,  3.0000008362626,  0.0            
       365,  5.4998606369176,  2.8984809014224,  0.0            
       366,  5.4986922321792,  2.79705882798  ,  0.0            
       367,  5.498262317995 ,  2.6953938395202,  0.0            
       368,  5.4951589947215,  2.5933481338412,  0.0            
       369,  5.4944321396478,  2.4938100524616,  0.0            
       370,  5.5003286399306,  2.3974937687622,  0.0            
       371,  5.5104702295909,  2.3047031458559,  0.0            
       372,  5.5009832298979,  2.2144144446343,  0.0            
       373,  5.4969980914421,  2.1161049512387,  0.0            
       374,  5.496880901558 ,  2.0161974779725,  0.0            
       375,  5.4975122647303,  1.9147063968533,  0.0            
       376,  5.4963619388141,  1.8125685228754,  0.0            
       377,  5.4934400668817,  1.7107429703   ,  0.0            
       378,  5.4933120605595,  1.6093198679053,  0.0            
       379,  5.491447548665 ,  1.5074005761795,  0.0            
       380,  5.4799183489974,  1.4077816393321,  0.0            
       381,  5.4680162391228,  1.3149084621851,  0.0            
       382,  5.4803090533628,  1.2131790118133,  0.0            
       383,  5.4898560374705,  1.1114349336433,  0.0            
       384,  5.4967003752218,  1.0069925953672,  0.0            
       385,  5.5000045622773,  0.8999993334126,  0.0            
       386,  5.6000047162953,  3.6999989630638,  0.0            
       387,  5.6000067571497,  3.5999993118388,  0.0            
       388,  5.6000063614502,  3.5000005619516,  0.0            
       389,  5.6000044762606,  3.3999999985343,  0.0            
       390,  5.6000044762606,  3.3000000000002,  0.0            
       391,  5.6000044762606,  3.2000000000002,  0.0            
       392,  5.6000044762606,  3.1000000000002,  0.0            
       393,  5.6000044762605,  3.0000008362627,  0.0            
       394,  5.6000044762605,  2.9            ,  0.0            
       395,  5.6000044762606,  2.8            ,  0.0            
       396,  5.6000044762606,  2.7            ,  0.0            
       397,  5.6000044074011,  2.6000011914977,  0.0            
       398,  5.6000044074011,  2.5000002537906,  0.0            
       399,  5.6000044074011,  2.4000011914977,  0.0            
       400,  5.6000044762606,  2.3            ,  0.0            
       401,  5.6000044762606,  2.2            ,  0.0            
       402,  5.6000044762606,  2.0999999999999,  0.0            
       403,  5.6000044762606,  2.0            ,  0.0            
       404,  5.6000044762606,  1.9            ,  0.0            
       405,  5.6000044762606,  1.8            ,  0.0            
       406,  5.6000044762606,  1.7            ,  0.0            
       407,  5.6000044074012,  1.5999988085023,  0.0            
       408,  5.6000044074012,  1.4999997462093,  0.0            
       409,  5.6000044074012,  1.3999988085023,  0.0            
       410,  5.6000044762606,  1.3            ,  0.0            
       411,  5.6000044762607,  1.1999999999999,  0.0            
       412,  5.6000044762607,  1.0999999999999,  0.0            
       413,  5.6000044762608,  0.9999991637372,  0.0            
       414,  5.6000036610806,  0.8999994628626,  0.0            
       415,  5.7000048595372,  3.6999982474057,  0.0            
       416,  5.70000619568  ,  3.5999992394913,  0.0            
       417,  5.700005208601 ,  3.4999993774092,  0.0            
       418,  5.700004237858 ,  3.3999999992793,  0.0            
       419,  5.700004237858 ,  3.3000000000002,  0.0            
       420,  5.7000042378579,  3.2000000000001,  0.0            
       421,  5.7000042378579,  3.1000000000001,  0.0            
       422,  5.7000042378579,  3.0000008362627,  0.0            
       423,  5.7000042378579,  2.9            ,  0.0            
       424,  5.7000042378579,  2.8            ,  0.0            
       425,  5.7000042378579,  2.7            ,  0.0            
       426,  5.7000042202044,  2.6000011914977,  0.0            
       427,  5.7000042202044,  2.5000002537906,  0.0            
       428,  5.7000042202044,  2.4000011914977,  0.0            
       429,  5.7000042378579,  2.3            ,  0.0            
       430,  5.7000042378579,  2.2            ,  0.0            
       431,  5.7000042378579,  2.0999999999999,  0.0            
       432,  5.7000042378579,  2.0            ,  0.0            
       433,  5.7000042378579,  1.9            ,  0.0            
       434,  5.7000042378579,  1.8            ,  0.0            
       435,  5.7000042378579,  1.7            ,  0.0            
       436,  5.7000042202044,  1.5999988085023,  0.0            
       437,  5.7000042202044,  1.4999997462093,  0.0            
       438,  5.7000042202044,  1.3999988085023,  0.0            
       439,  5.7000042378579,  1.3            ,  0.0            
       440,  5.700004237858 ,  1.2            ,  0.0            
       441,  5.700004237858 ,  1.1            ,  0.0            
       442,  5.700004237858 ,  0.9999991637372,  0.0            
       443,  5.700004237858 ,  0.8999998139652,  0.0            
       444,  5.8000043712516,  3.6999991617649,  0.0            
       445,  5.8000052101103,  3.5999998533748,  0.0            
       446,  5.8000040649939,  3.4999999510008,  0.0            
       447,  5.8000039603881,  3.4000000000244,  0.0            
       448,  5.8000039603881,  3.3000000000002,  0.0            
       449,  5.800003960388 ,  3.2000000000001,  0.0            
       450,  5.800003960388 ,  3.1000000000001,  0.0            
       451,  5.800003960388 ,  3.0000008362627,  0.0            
       452,  5.800003960388 ,  2.9            ,  0.0            
       453,  5.800003960388 ,  2.8            ,  0.0            
       454,  5.800003960388 ,  2.7            ,  0.0            
       455,  5.8000040500821,  2.6000010139881,  0.0            
       456,  5.8000038998016,  2.5000003342682,  0.0            
       457,  5.8000038250289,  2.4000010100687,  0.0            
       458,  5.800003960388 ,  2.3            ,  0.0            
       459,  5.800003960388 ,  2.2            ,  0.0            
       460,  5.800003960388 ,  2.0999999999999,  0.0            
       461,  5.800003960388 ,  2.0            ,  0.0            
       462,  5.800003960388 ,  1.9            ,  0.0            
       463,  5.800003960388 ,  1.8            ,  0.0            
       464,  5.800003960388 ,  1.7            ,  0.0            
       465,  5.8000038250289,  1.5999989899313,  0.0            
       466,  5.8000038998016,  1.4999996657317,  0.0            
       467,  5.8000040500821,  1.3999989860119,  0.0            
       468,  5.800003960388 ,  1.3            ,  0.0            
       469,  5.8000039603881,  1.2            ,  0.0            
       470,  5.8000039603881,  1.1            ,  0.0            
       471,  5.8000039603881,  0.9999991637372,  0.0            
       472,  5.8000039603881,  0.899999718677 ,  0.0            
       473,  5.9000040099686,  3.6999986910718,  0.0            
       474,  5.9000047053997,  3.6000001134766,  0.0            
       475,  5.9000037364518,  3.5000008313978,  0.0            
       476,  5.9000036915005,  3.4000000000244,  0.0            
       477,  5.9000036915005,  3.3000000000002,  0.0            
       478,  5.9000036915004,  3.2000000000001,  0.0            
       479,  5.9000036915004,  3.1            ,  0.0            
       480,  5.9000036915004,  3.0000008362627,  0.0            
       481,  5.9000036915004,  2.9            ,  0.0            
       482,  5.9000036915004,  2.8            ,  0.0            
       483,  5.9000036915004,  2.7            ,  0.0            
       484,  5.9000036915004,  2.6            ,  0.0            
       485,  5.9000036394729,  2.5000002537906,  0.0            
       486,  5.9000035401867,  2.4000009929143,  0.0            
       487,  5.9000036915004,  2.3            ,  0.0            
       488,  5.9000036915004,  2.2            ,  0.0            
       489,  5.9000036915004,  2.0999999999999,  0.0            
       490,  5.9000036915005,  2.0            ,  0.0            
       491,  5.9000036915005,  1.9            ,  0.0            
       492,  5.9000036915005,  1.8            ,  0.0            
       493,  5.9000036915005,  1.7            ,  0.0            
       494,  5.9000035401867,  1.5999990070857,  0.0            
       495,  5.900003639473 ,  1.4999997462094,  0.0            
       496,  5.9000036915005,  1.4            ,  0.0            
       497,  5.9000036915005,  1.3            ,  0.0            
       498,  5.9000036915005,  1.2            ,  0.0            
       499,  5.9000036915005,  1.1            ,  0.0            
       500,  5.9000036915005,  0.9999991637372,  0.0            
       501,  5.9000036915005,  0.8999997015124,  0.0            
       502,  2.8860898726534,  0.8833866013292,  0.0            
       503,  2.7892862840992,  0.8922176133767,  0.0            
       504,  2.6936860406354,  0.8979317118815,  0.0            
       505,  2.5966578160416,  0.8998817616914,  0.0            
       506,  2.4986146020794,  0.9002032224021,  0.0            
       507,  2.3994114123623,  0.9001385522818,  0.0            
       508,  2.2998309422334,  0.9000532101564,  0.0            
       509,  2.1999289367592,  0.9000061293744,  0.0            
       510,  2.0999712947329,  0.8999889946045,  0.0            
       511,  1.99998157563  ,  0.8999927787078,  0.0            
       512,  1.899986851659 ,  0.8999911260411,  0.0            
       513,  1.7999890748786,  0.8999914964903,  0.0            
       514,  1.6999895639729,  0.8999921774157,  0.0            
       515,  1.5999891510252,  0.8999872343476,  0.0            
       516,  1.4999911884838,  0.8999881562198,  0.0            
       517,  1.3999909777799,  0.8999893260021,  0.0            
       518,  1.2999941796537,  0.8999915572955,  0.0            
       519,  1.1999959980364,  0.8999947182076,  0.0            
       520,  1.0999996436127,  0.8999965262864,  0.0            
       521,  0.9999990379008,  0.8999965602288,  0.0            
       522,  0.8999975097025,  0.89999657622  ,  0.0            
       523,  0.7999976167824,  0.8999962672142,  0.0            
       524,  0.6999978926392,  0.8999951882836,  0.0            
       525,  0.5999986857736,  0.8999956588173,  0.0            
       526,  6.0000033991281,  3.6999992346568,  0.0            
       527,  6.0000041038544,  3.6000000392698,  0.0            
       528,  6.0000033955086,  3.5000003703581,  0.0            
       529,  6.0000033074875,  3.4000000000244,  0.0            
       530,  6.0000033074875,  3.3000000000001,  0.0            
       531,  6.0000033074875,  3.2000000000001,  0.0            
       532,  6.0000033074875,  3.1            ,  0.0            
       533,  6.0000033074875,  3.0000008362627,  0.0            
       534,  6.0000033074875,  2.9            ,  0.0            
       535,  6.0000033074875,  2.8            ,  0.0            
       536,  6.0000033074875,  2.7            ,  0.0            
       537,  6.0000033074875,  2.6            ,  0.0            
       538,  6.0000033074875,  2.5            ,  0.0            
       539,  6.0000033074875,  2.4            ,  0.0            
       540,  6.0000033074875,  2.3            ,  0.0            
       541,  6.0000033074875,  2.2            ,  0.0            
       542,  6.0000033074875,  2.0999999999999,  0.0            
       543,  6.0000033074875,  2.0            ,  0.0            
       544,  6.0000033074875,  1.9            ,  0.0            
       545,  6.0000033074875,  1.8            ,  0.0            
       546,  6.0000033074875,  1.7            ,  0.0            
       547,  6.0000033074875,  1.6            ,  0.0            
       548,  6.0000033074875,  1.5            ,  0.0            
       549,  6.0000033074875,  1.4            ,  0.0            
       550,  6.0000033074875,  1.3            ,  0.0            
       551,  6.0000033074875,  1.2            ,  0.0            
       552,  6.0000033074875,  1.1            ,  0.0            
       553,  6.0000033074875,  0.9999991637372,  0.0            
       554,  6.0000033074875,  0.899999667167 ,  0.0            
       555,  2.8928410417853,  0.789288360847 ,  0.0            
       556,  2.794023880034 ,  0.7937823380817,  0.0            
       557,  2.696248501277 ,  0.7978026337022,  0.0            
       558,  2.5978618152665,  0.799607622507 ,  0.0            
       559,  2.4991196225172,  0.7999670760494,  0.0            
       560,  2.3996481289548,  0.8000048236119,  0.0            
       561,  2.299989002754 ,  0.7999824657305,  0.0            
       562,  2.1999863102456,  0.7999866903266,  0.0            
       563,  2.0999921999157,  0.7999946984471,  0.0            
       564,  2.0000001362584,  0.8000008008586,  0.0            
       565,  1.8999993306271,  0.799996067232 ,  0.0            
       566,  1.7999980416498,  0.7999968728568,  0.0            
       567,  1.6999977321918,  0.7999956820684,  0.0            
       568,  1.5999978337084,  0.7999946580693,  0.0            
       569,  1.4999975997405,  0.7999940032831,  0.0            
       570,  1.3999986753519,  0.7999945501672,  0.0            
       571,  1.2999980140959,  0.7999953136016,  0.0            
       572,  1.1999991076362,  0.7999972924934,  0.0            
       573,  1.0999996945208,  0.7999986670987,  0.0            
       574,  0.9999996604766,  0.7999983692667,  0.0            
       575,  0.8999978317313,  0.7999984080031,  0.0            
       576,  0.7999980512745,  0.799997703372 ,  0.0            
       577,  0.6999984943626,  0.7999969411709,  0.0            
       578,  0.5999986109701,  0.799996929072 ,  0.0            
       579,  0.799991789171 ,  1.7000096547458,  0.0            
       580,  0.7999902348824,  1.8000054398062,  0.0            
       581,  0.799989843464 ,  1.9000026589447,  0.0            
       582,  0.6999946241523,  1.7000070632791,  0.0            
       583,  0.5999969529003,  1.7000049369901,  0.0            
       584,  2.9912077579677,  0.7895883406874,  0.0            
       585,  3.090673349545 ,  0.805703079832 ,  0.0            
       586,  3.1822328468367,  0.8147115925367,  0.0            
       587,  3.3530448038034,  0.7929903241816,  0.0            
       588,  3.4844060729223,  0.7704581540672,  0.0            
       589,  3.3842826371084,  0.7132644525533,  0.0            
       590,  3.286100541296 ,  0.7066557406653,  0.0            
       591,  3.1878930106351,  0.7077498674068,  0.0            
       592,  3.0929713502758,  0.7019322693486,  0.0            
       593,  2.9952534606299,  0.6950867108431,  0.0            
       594,  2.8963231996262,  0.6936447073732,  0.0            
       595,  2.7970369876373,  0.6959454286066,  0.0            
       596,  2.69831895649  ,  0.6984995584356,  0.0            
       597,  2.5999993127446,  0.6999993535176,  0.0            
       598,  2.4999998279779,  0.6999993751751,  0.0            
       599,  2.3999992875641,  0.6999992457513,  0.0            
       600,  2.3            ,  0.6999992744546,  0.0            
       601,  2.2            ,  0.6999992744546,  0.0            
       602,  2.0999993676089,  0.6999993478646,  0.0            
       603,  1.9999998420712,  0.6999993751725,  0.0            
       604,  1.8999993424288,  0.6999992514035,  0.0            
       605,  1.8            ,  0.6999992744547,  0.0            
       606,  1.7            ,  0.6999992744547,  0.0            
       607,  1.599999524735 ,  0.6999993361148,  0.0            
       608,  1.4999998805448,  0.6999993751714,  0.0            
       609,  1.3999994995553,  0.699999263153 ,  0.0            
       610,  1.3            ,  0.6999992744547,  0.0            
       611,  1.1999998849682,  0.6999992782889,  0.0            
       612,  1.0999991948055,  0.6999993544887,  0.0            
       613,  0.9999996047663,  0.6999992723227,  0.0            
       614,  0.8999982955574,  0.6999992989307,  0.0            
       615,  0.7999984515916,  0.6999991814602,  0.0            
       616,  0.6999985861166,  0.6999978979738,  0.0            
       617,  0.5999994842138,  0.6999981650813,  0.0            
       618,  0.4999999441828,  0.6999992907595,  0.0            
       619,  0.4999993526174,  0.7999989723362,  0.0            
       620,  0.4999997685933,  0.8999992394639,  0.0            
       621,  0.4999991234633,  0.9999982891476,  0.0            
       622,  0.4999990556671,  1.0999978292968,  0.0            
       623,  0.499999448322 ,  1.1999981530475,  0.0            
       624,  0.5000003083153,  1.2999991067942,  0.0            
       625,  0.5000005121171,  1.4000008157433,  0.0            
       626,  0.499999940034 ,  1.5000015592418,  0.0            
       627,  0.4999990280142,  1.6000016586684,  0.0            
       628,  0.699992898959 ,  1.8000038021835,  0.0            
       629,  0.5999950698132,  1.8000030522842,  0.0            
       630,  0.4999989171022,  1.7000007526682,  0.0            
       631,  0.4000004941394,  0.6999989451116,  0.0            
       632,  0.3999999999989,  0.8            ,  0.0            
       633,  0.3999999999989,  0.9            ,  0.0            
       634,  0.3999999999989,  1.0            ,  0.0            
       635,  0.3999999999989,  1.1            ,  0.0            
       636,  0.3999999999989,  1.2            ,  0.0            
       637,  0.3999999999989,  1.3            ,  0.0            
       638,  0.3999999999989,  1.4            ,  0.0            
       639,  0.3999999999989,  1.5            ,  0.0            
       640,  0.3999999999989,  1.6            ,  0.0            
       641,  0.3999999999989,  1.699999529471 ,  0.0            
       642,  0.4999974963148,  1.8000008304478,  0.0            
       643,  0.4            ,  1.8000000777828,  0.0            
       644,  0.699991198035 ,  1.9000022668163,  0.0            
       645,  0.5999934084366,  1.900001724381 ,  0.0            
       646,  0.4999967436941,  1.9000006223274,  0.0            
       647,  0.3999987058201,  1.9000004390299,  0.0            
       648,  1.9999741080159,  2.0000030764377,  0.0            
       649,  1.8999766553584,  2.0000032762175,  0.0            
       650,  1.799981880518 ,  2.0000014046747,  0.0            
       651,  1.6999835414871,  2.0000033607684,  0.0            
       652,  1.599988288749 ,  2.0000024147392,  0.0            
       653,  1.4999888407721,  2.0000021783242,  0.0            
       654,  1.3999918146936,  2.0000016576563,  0.0            
       655,  1.2999929033409,  2.000001853185 ,  0.0            
       656,  1.199993428687 ,  2.0000022374247,  0.0            
       657,  1.0999941213274,  2.0000018050851,  0.0            
       658,  0.9999940970738,  2.000001570759 ,  0.0            
       659,  0.8999939139196,  2.0000016209018,  0.0            
       660,  0.7999936826801,  2.0000014647161,  0.0            
       661,  0.6999942273861,  2.0000012005558,  0.0            
       662,  0.5999943412896,  2.0000010118798,  0.0            
       663,  0.4999968436279,  2.0000011577131,  0.0            
       664,  0.3999986267748,  2.0000008767668,  0.0            
       665,  1.9999809279442,  2.0999995308166,  0.0            
       666,  1.8999837308706,  2.1000005283634,  0.0            
       667,  1.7999877316065,  2.0999998807631,  0.0            
       668,  1.6999933303949,  2.1000004141831,  0.0            
       669,  1.5999948048765,  2.0999992682947,  0.0            
       670,  1.4999954368158,  2.1000001044567,  0.0            
       671,  1.3999977615442,  2.0999995209717,  0.0            
       672,  1.2999981885713,  2.1000007367111,  0.0            
       673,  1.1999982771418,  2.1000006954167,  0.0            
       674,  1.0999976686907,  2.0999994855853,  0.0            
       675,  0.999996918191 ,  2.1000001005838,  0.0            
       676,  0.8999965887717,  2.0999999846898,  0.0            
       677,  0.7999948435216,  2.099999808486 ,  0.0            
       678,  0.6999946712689,  2.1000008281387,  0.0            
       679,  0.5999947420247,  2.1000014106596,  0.0            
       680,  0.4999972244374,  2.1000014696832,  0.0            
       681,  0.3999987577509,  2.1000012261249,  0.0            
       682,  1.9999824436426,  2.1999990567663,  0.0            
       683,  1.8999855306028,  2.1999995471204,  0.0            
       684,  1.7999908901256,  2.1999997208511,  0.0            
       685,  1.6999948426756,  2.1999994675026,  0.0            
       686,  1.5999949542398,  2.1999996172286,  0.0            
       687,  1.4999967379528,  2.1999997501991,  0.0            
       688,  1.3999978228775,  2.1999998699014,  0.0            
       689,  1.2999990315397,  2.1999998498568,  0.0            
       690,  1.2000000000002,  2.1999998673805,  0.0            
       691,  1.0999988445878,  2.1999998235489,  0.0            
       692,  0.9999979167135,  2.1999999365286,  0.0            
       693,  0.8999967726084,  2.2000003336239,  0.0            
       694,  0.7999953630004,  2.2000002669457,  0.0            
       695,  0.6999942411302,  2.2000005776152,  0.0            
       696,  0.5999951427594,  2.2000017595954,  0.0            
       697,  0.4999974335935,  2.2000018186179,  0.0            
       698,  0.3999988647054,  2.2000015094986,  0.0            
       699,  1.999982902087 ,  2.299999612323 ,  0.0            
       700,  1.8999859508499,  2.2999994655624,  0.0            
       701,  1.79999126271  ,  2.2999995804802,  0.0            
       702,  1.6999949924022,  2.2999997665926,  0.0            
       703,  1.5999951036031,  2.2999999163186,  0.0            
       704,  1.499996842221 ,  2.3000000493172,  0.0            
       705,  1.3999978842097,  2.3000001689963,  0.0            
       706,  1.2999991332527,  2.3000001890096,  0.0            
       707,  1.2000000000002,  2.3000001664706,  0.0            
       708,  1.0999989075198,  2.300000122639 ,  0.0            
       709,  0.9999980330526,  2.3000002356187,  0.0            
       710,  0.899996956445 ,  2.3000006327142,  0.0            
       711,  0.799995674924 ,  2.3000005660363,  0.0            
       712,  0.6999946475237,  2.3000008767074,  0.0            
       713,  0.5999955434939,  2.3000020586873,  0.0            
       714,  0.4999976427494,  2.3000021177086,  0.0            
       715,  0.3999989554634,  2.3000017635378,  0.0            
       716,  1.9999831449423,  2.3999998529396,  0.0            
       717,  1.8999859768272,  2.3999995458108,  0.0            
       718,  1.7999913092028,  2.3999997651586,  0.0            
       719,  1.6999951421288,  2.4000000158387,  0.0            
       720,  1.5999952537114,  2.4000001655647,  0.0            
       721,  1.4999969467259,  2.4000002985913,  0.0            
       722,  1.3999989348996,  2.4000004555225,  0.0            
       723,  1.3000001194234,  2.4000004157168,  0.0            
       724,  1.2000000000002,  2.4000004157168,  0.0            
       725,  1.0999979916401,  2.4000003828555,  0.0            
       726,  0.999998149392 ,  2.4000004848649,  0.0            
       727,  0.8999971402827,  2.4000008819605,  0.0            
       728,  0.7999959868488,  2.4000008228513,  0.0            
       729,  0.6999950539176,  2.4000011259557,  0.0            
       730,  0.5999959442284,  2.4000023079352,  0.0            
       731,  0.4999978519054,  2.4000023669548,  0.0            
       732,  0.3999990462213,  2.400001975241 ,  0.0            
       733,  1.9999812594443,  2.499999781661 ,  0.0            
       734,  1.899985206092 ,  2.4999995645684,  0.0            
       735,  1.7999910320351,  2.4999998909242,  0.0            
       736,  1.6999952918553,  2.5000002152405,  0.0            
       737,  1.5999954038196,  2.5000003649665,  0.0            
       738,  1.4999970512305,  2.5000004979644,  0.0            
       739,  1.399998985298 ,  2.5000006549244,  0.0            
       740,  1.3000000995149,  2.5000006151188,  0.0            
       741,  1.2000000000002,  2.5000006151188,  0.0            
       742,  1.0999980992897,  2.5000005822566,  0.0            
       743,  0.9999982657305,  2.5000006842658,  0.0            
       744,  0.8999973241203,  2.5000010813625,  0.0            
       745,  0.7999954213814,  2.5000009895635,  0.0            
       746,  0.6999954603117,  2.500001325359 ,  0.0            
       747,  0.5999963449624,  2.5000025073382,  0.0            
       748,  0.4999980610615,  2.5000025663562,  0.0            
       749,  0.3999990648569,  2.5000021092056,  0.0            
       750,  1.9999785251334,  2.5999997982   ,  0.0            
       751,  1.8999840509011,  2.5999996984362,  0.0            
       752,  1.7999905278664,  2.6000000365966,  0.0            
       753,  1.6999954415817,  2.6000003647963,  0.0            
       754,  1.5999955531826,  2.6000005145223,  0.0            
       755,  1.4999971555537,  2.60000064752  ,  0.0            
       756,  1.3999990356932,  2.6000008044803,  0.0            
       757,  1.3000000796202,  2.6000007646746,  0.0            
       758,  1.2000000000001,  2.6000007646746,  0.0            
       759,  1.0999982069378,  2.6000007318122,  0.0            
       760,  0.9999983820658,  2.6000008338216,  0.0            
       761,  0.8999975079566,  2.6000012309185,  0.0            
       762,  0.799995891129 ,  2.600001139119 ,  0.0            
       763,  0.6999958667053,  2.6000014749166,  0.0            
       764,  0.5999967456954,  2.6000026568957,  0.0            
       765,  0.4999973067254,  2.6000027275994,  0.0            
       766,  0.3999988726523,  2.6000022410386,  0.0            
       767,  1.9999769557793,  2.6999999565337,  0.0            
       768,  1.9999769109632,  2.8000001131075,  0.0            
       769,  1.9999768904952,  2.8999998971902,  0.0            
       770,  1.9999751126884,  2.9999999691766,  0.0            
       771,  1.9999752632148,  3.0999998626638,  0.0            
       772,  1.9999754146053,  3.1999996926794,  0.0            
       773,  1.9999755590646,  3.2999994997881,  0.0            
       774,  2.0033856877635,  3.4042925158292,  0.0            
       775,  2.0219948757506,  3.5247153946435,  0.0            
       776,  1.8999833633806,  2.6999999365244,  0.0            
       777,  1.7999902367888,  2.7000002005298,  0.0            
       778,  1.699995591308 ,  2.7000004645054,  0.0            
       779,  1.5999957032907,  2.7000006142314,  0.0            
       780,  1.4999972600579,  2.7000007472573,  0.0            
       781,  1.3999990860915,  2.7000009041896,  0.0            
       782,  1.3000000597117,  2.7000008643839,  0.0            
       783,  1.2000000000001,  2.7000008643839,  0.0            
       784,  1.0999983145877,  2.7000008315214,  0.0            
       785,  0.9999984984029,  2.7000009335312,  0.0            
       786,  0.8999976917929,  2.7000013306278,  0.0            
       787,  0.7999963608759,  2.7000012388282,  0.0            
       788,  0.6999962770674,  2.7000015726434,  0.0            
       789,  0.5999969794937,  2.7000028435593,  0.0            
       790,  0.4999976024004,  2.700002847874 ,  0.0            
       791,  0.3999989235584,  2.7000023654969,  0.0            
       792,  1.8999832855481,  2.8000000893337,  0.0            
       793,  1.7999893147196,  2.8000003357855,  0.0            
       794,  1.6999957410342,  2.8000005143681,  0.0            
       795,  1.5999958533987,  2.8000006640941,  0.0            
       796,  1.4999973645617,  2.8000007921525,  0.0            
       797,  1.3999991364867,  2.8000009540525,  0.0            
       798,  1.3000000398171,  2.8000009142468,  0.0            
       799,  1.2000000000001,  2.8000009142467,  0.0            
       800,  1.0999985688897,  2.8000007992468,  0.0            
       801,  0.9999985184642,  2.8000009373098,  0.0            
       802,  0.8999978756278,  2.8000013804908,  0.0            
       803,  0.799996937035 ,  2.8000012356748,  0.0            
       804,  0.6999966871441,  2.8000015171828,  0.0            
       805,  0.5999968674934,  2.8000028668064,  0.0            
       806,  0.4999979139522,  2.8000028811409,  0.0            
       807,  0.3999990589156,  2.8000024101459,  0.0            
       808,  1.8999832253392,  2.9000000643024,  0.0            
       809,  1.7999894642098,  2.900000335124 ,  0.0            
       810,  1.6999958907604,  2.9000005143834,  0.0            
       811,  1.5999960027615,  2.9000006641094,  0.0            
       812,  1.4999974688293,  2.9000007970788,  0.0            
       813,  1.3999991868849,  2.9000009540679,  0.0            
       814,  1.3000000199086,  2.9000009142621,  0.0            
       815,  1.2000000000001,  2.9000009142621,  0.0            
       816,  1.099998529884 ,  2.9000008813994,  0.0            
       817,  0.9999987425144,  2.9000009815015,  0.0            
       818,  0.8999980847902,  2.9000013805062,  0.0            
       819,  0.7999968161037,  2.9000013120376,  0.0            
       820,  0.6999977356532,  2.9000015505532,  0.0            
       821,  0.5999973044192,  2.9000027887114,  0.0            
       822,  0.4999982294743,  2.9000028811564,  0.0            
       823,  0.3999999999602,  2.9000028194649,  0.0            
       824,  6.1000034242924,  3.7000002925945,  0.0            
       825,  6.1000036110233,  3.5999993520415,  0.0            
       826,  6.100003048791 ,  3.4999990582672,  0.0            
       827,  6.1000030487829,  3.4000000000244,  0.0            
       828,  6.1000030487829,  3.3000000000001,  0.0            
       829,  6.1000030487828,  3.2            ,  0.0            
       830,  6.1000030487828,  3.1            ,  0.0            
       831,  6.1000030487828,  3.0000008362627,  0.0            
       832,  6.1000030487828,  2.9            ,  0.0            
       833,  6.1000030487828,  2.8            ,  0.0            
       834,  6.1000030487828,  2.7            ,  0.0            
       835,  6.1000030487828,  2.6            ,  0.0            
       836,  6.1000030487828,  2.5            ,  0.0            
       837,  6.1000030487828,  2.4            ,  0.0            
       838,  6.1000030487828,  2.3            ,  0.0            
       839,  6.1000030487828,  2.2            ,  0.0            
       840,  6.1000030487828,  2.1            ,  0.0            
       841,  6.1000030487828,  2.0            ,  0.0            
       842,  6.1000030487828,  1.9            ,  0.0            
       843,  6.1000030487828,  1.8            ,  0.0            
       844,  6.1000030487828,  1.7            ,  0.0            
       845,  6.1000030487828,  1.6            ,  0.0            
       846,  6.1000030487828,  1.5            ,  0.0            
       847,  6.1000030487828,  1.4            ,  0.0            
       848,  6.1000030487828,  1.3            ,  0.0            
       849,  6.1000030487828,  1.2            ,  0.0            
       850,  6.1000030487828,  1.1            ,  0.0            
       851,  6.1000030487828,  0.9999991637373,  0.0            
       852,  6.1000030487829,  0.8999998906482,  0.0            
       853,  1.899982790193 ,  2.9999999969322,  0.0            
       854,  1.7999896152841,  3.0000002689744,  0.0            
       855,  1.6999960404865,  3.0000004645515,  0.0            
       856,  1.5999961521243,  3.0000006142775,  0.0            
       857,  1.4999975703429,  3.0000007306085,  0.0            
       858,  1.3999992372832,  3.0000009042361,  0.0            
       859,  1.3            ,  3.0000008644303,  0.0            
       860,  1.2            ,  3.0000008644303,  0.0            
       861,  1.0999986375322,  3.0000008315672,  0.0            
       862,  0.9999988702926,  3.00000093167  ,  0.0            
       863,  0.8999982939512,  3.0000013306744,  0.0            
       864,  0.7999972807848,  3.0000012622058,  0.0            
       865,  0.6999981396165,  3.0000015007238,  0.0            
       866,  0.5999982671129,  3.0000026018726,  0.0            
       867,  0.4999985449968,  3.0000028313248,  0.0            
       868,  0.3999999999616,  3.000002769633 ,  0.0            
       869,  2.0446785031662,  3.6456605165047,  0.0            
       870,  1.8999827897226,  3.0999999657738,  0.0            
       871,  1.899982941261 ,  3.1999998651625,  0.0            
       872,  1.8999831373535,  3.2999998676663,  0.0            
       873,  1.9037609040087,  3.4083947353106,  0.0            
       874,  1.9151622858705,  3.5218867355999,  0.0            
       875,  1.9389656529046,  3.6425310135632,  0.0            
       876,  1.7999897644834,  3.1000001626285,  0.0            
       877,  1.7999899125648,  3.199999993687 ,  0.0            
       878,  1.7999900886464,  3.2999997943702,  0.0            
       879,  1.8032085898216,  3.407966227965 ,  0.0            
       880,  1.8083810681564,  3.5139457390924,  0.0            
       881,  1.8321328261327,  3.6364517810304,  0.0            
       882,  1.8558301226229,  3.7561530257755,  0.0            
       883,  1.6999961902126,  3.1000003250658,  0.0            
       884,  1.5999963014869,  3.1000004747918,  0.0            
       885,  1.4999976652608,  3.1000006263477,  0.0            
       886,  1.3999992518555,  3.1000007647506,  0.0            
       887,  1.3            ,  3.1000007647506,  0.0            
       888,  1.2            ,  3.1000007647506,  0.0            
       889,  1.0999987451815,  3.1000007318872,  0.0            
       890,  0.9999989980745,  3.1000008319905,  0.0            
       891,  0.8999985031134,  3.1000012309947,  0.0            
       892,  0.799997745466 ,  3.1000011625262,  0.0            
       893,  0.6999985435796,  3.1000014010466,  0.0            
       894,  0.5999989134149,  3.1000025871535,  0.0            
       895,  0.499999800605 ,  3.1000026699534,  0.0            
       896,  0.3999999999643,  3.1000026699533,  0.0            
       897,  1.6999963399385,  3.2000001751742,  0.0            
       898,  1.6999964900278,  3.2999999721268,  0.0            
       899,  1.6999966423337,  3.3999996452762,  0.0            
       900,  1.7026151429756,  3.5035026311115,  0.0            
       901,  1.7265189505637,  3.6270451062547,  0.0            
       902,  1.7499986990539,  3.7500002922966,  0.0            
       903,  6.2000030892385,  3.7000008003631,  0.0            
       904,  6.2000029794374,  3.6000003995092,  0.0            
       905,  6.2000026804373,  3.500000640492 ,  0.0            
       906,  6.2000027540218,  3.4000000000244,  0.0            
       907,  6.2000027540218,  3.3000000000001,  0.0            
       908,  6.2000027540218,  3.2            ,  0.0            
       909,  6.2000027540217,  3.1            ,  0.0            
       910,  6.2000027540217,  3.0000008362627,  0.0            
       911,  6.2000027540217,  2.9            ,  0.0            
       912,  6.2000027540217,  2.8            ,  0.0            
       913,  6.2000027540217,  2.7            ,  0.0            
       914,  6.2000027540217,  2.6            ,  0.0            
       915,  6.2000027540217,  2.5            ,  0.0            
       916,  6.2000027540217,  2.4            ,  0.0            
       917,  6.2000027540217,  2.3            ,  0.0            
       918,  6.2000027540217,  2.2            ,  0.0            
       919,  6.2000027540217,  2.1            ,  0.0            
       920,  6.2000027540218,  2.0            ,  0.0            
       921,  6.2000027540218,  1.9            ,  0.0            
       922,  6.2000027540218,  1.8            ,  0.0            
       923,  6.2000027540218,  1.7            ,  0.0            
       924,  6.2000027540218,  1.6            ,  0.0            
       925,  6.2000027540218,  1.5            ,  0.0            
       926,  6.2000027540218,  1.4            ,  0.0            
       927,  6.2000027540218,  1.3            ,  0.0            
       928,  6.2000027540218,  1.2            ,  0.0            
       929,  6.2000027540218,  1.1            ,  0.0            
       930,  6.2000027540218,  0.9999991637373,  0.0            
       931,  6.2000027540218,  0.8999998083534,  0.0            
       932,  1.5999964508495,  3.2000003252636,  0.0            
       933,  1.4999977741579,  3.2000004565119,  0.0            
       934,  1.3999993221558,  3.2000006152225,  0.0            
       935,  1.3            ,  3.2000006152225,  0.0            
       936,  1.2            ,  3.2000006152225,  0.0            
       937,  1.0999988528308,  3.2000005823589,  0.0            
       938,  0.9999991258573,  3.2000006824623,  0.0            
       939,  0.8999987122756,  3.2000010814666,  0.0            
       940,  0.7999982101471,  3.2000010129982,  0.0            
       941,  0.6999989475425,  3.200001251521 ,  0.0            
       942,  0.5999992199045,  3.2000024840177,  0.0            
       943,  0.499999700912 ,  3.2000025204252,  0.0            
       944,  0.3999999999682,  3.2000025204252,  0.0            
       945,  1.599996600212 ,  3.3000001229429,  0.0            
       946,  1.599996752518 ,  3.3999998151433,  0.0            
       947,  1.6008849440169,  3.5017754069435,  0.0            
       948,  1.623030549075 ,  3.6251705474078,  0.0            
       949,  1.6499990070022,  3.7500004528103,  0.0            
       950,  6.3000024357143,  3.7000001197469,  0.0            
       951,  6.3000024614948,  3.5999999215249,  0.0            
       952,  6.3000022946535,  3.5000003655865,  0.0            
       953,  6.3000024368106,  3.4000000000243,  0.0            
       954,  6.3000024368106,  3.3            ,  0.0            
       955,  6.3000024368106,  3.2            ,  0.0            
       956,  6.3000024368106,  3.1            ,  0.0            
       957,  6.3000024368106,  3.0000008362627,  0.0            
       958,  6.3000024368106,  2.9            ,  0.0            
       959,  6.3000024368106,  2.8            ,  0.0            
       960,  6.3000024368106,  2.7            ,  0.0            
       961,  6.3000024368106,  2.6            ,  0.0            
       962,  6.3000024368106,  2.5            ,  0.0            
       963,  6.3000024368106,  2.4            ,  0.0            
       964,  6.3000024368106,  2.3            ,  0.0            
       965,  6.3000024368106,  2.2            ,  0.0            
       966,  6.3000024368106,  2.1            ,  0.0            
       967,  6.3000024368106,  2.0            ,  0.0            
       968,  6.3000024368106,  1.9            ,  0.0            
       969,  6.3000024368106,  1.8            ,  0.0            
       970,  6.3000024368106,  1.7            ,  0.0            
       971,  6.3000024368106,  1.6            ,  0.0            
       972,  6.3000024368106,  1.5            ,  0.0            
       973,  6.3000024368106,  1.4            ,  0.0            
       974,  6.3000024368106,  1.3            ,  0.0            
       975,  6.3000024368106,  1.2            ,  0.0            
       976,  6.3000024368106,  1.1            ,  0.0            
       977,  6.3000024368106,  0.9999991637373,  0.0            
       978,  6.3000024368106,  0.8999997981597,  0.0            
       979,  1.4999978872919,  3.3000002378328,  0.0            
       980,  1.3999993924562,  3.3000004158455,  0.0            
       981,  1.3            ,  3.3000004158455,  0.0            
       982,  1.2            ,  3.3000004158455,  0.0            
       983,  1.0999999129176,  3.3000004158455,  0.0            
       984,  0.9999991519242,  3.3000004325285,  0.0            
       985,  0.8999989214376,  3.3000008820896,  0.0            
       986,  0.7999986753215,  3.3000008138675,  0.0            
       987,  0.6999993515051,  3.3000010521459,  0.0            
       988,  0.5999989598035,  3.3000025204346,  0.0            
       989,  0.4999996012191,  3.3000023210482,  0.0            
       990,  0.399999999973 ,  3.3000023210482,  0.0            
       991,  6.4000027323347,  3.7000009401954,  0.0            
       992,  6.4000020028008,  3.5999999473398,  0.0            
       993,  6.4000019269313,  3.500000701867 ,  0.0            
       994,  6.4000021022506,  3.4000000000243,  0.0            
       995,  6.4000021022506,  3.3            ,  0.0            
       996,  6.4000021022505,  3.2            ,  0.0            
       997,  6.4000021022505,  3.1            ,  0.0            
       998,  6.4000021022505,  3.0000008362627,  0.0            
       999,  6.4000021022505,  2.9            ,  0.0            
      1000,  6.4000021022505,  2.8            ,  0.0            
      1001,  6.4000021022505,  2.7            ,  0.0            
      1002,  6.4000021022505,  2.6            ,  0.0            
      1003,  6.4000021022505,  2.5            ,  0.0            
      1004,  6.4000021022505,  2.4            ,  0.0            
      1005,  6.4000021022505,  2.3            ,  0.0            
      1006,  6.4000021022505,  2.2            ,  0.0            
      1007,  6.4000021022505,  2.1            ,  0.0            
      1008,  6.4000021022505,  2.0            ,  0.0            
      1009,  6.4000021022505,  1.9            ,  0.0            
      1010,  6.4000021022505,  1.8            ,  0.0            
      1011,  6.4000021022505,  1.7            ,  0.0            
      1012,  6.4000021022505,  1.6            ,  0.0            
      1013,  6.4000021022505,  1.5            ,  0.0            
      1014,  6.4000021022505,  1.4            ,  0.0            
      1015,  6.4000021022505,  1.3            ,  0.0            
      1016,  6.4000021022505,  1.2            ,  0.0            
      1017,  6.4000021022505,  1.1            ,  0.0            
      1018,  6.4000021022506,  0.9999991637373,  0.0            
      1019,  6.4000021022506,  0.8999998328574,  0.0            
      1020,  1.4999970074547,  3.3999999791555,  0.0            
      1021,  1.3999994861912,  3.400000166618 ,  0.0            
      1022,  1.3            ,  3.400000166618 ,  0.0            
      1023,  1.2            ,  3.400000166618 ,  0.0            
      1024,  1.0999985971821,  3.4000001317805,  0.0            
      1025,  0.9999992812457,  3.4000002237168,  0.0            
      1026,  0.8999991371517,  3.400000632862 ,  0.0            
      1027,  0.8            ,  3.4000006328621,  0.0            
      1028,  0.699998965133 ,  3.4000006328621,  0.0            
      1029,  0.5999996792872,  3.4000022712087,  0.0            
      1030,  0.4999995015234,  3.4000020718207,  0.0            
      1031,  0.3999999999785,  3.4000020718207,  0.0            
      1032,  1.4999981691137,  3.5008912166771,  0.0            
      1033,  1.3999986942468,  3.5000005625979,  0.0            
      1034,  1.3            ,  3.4999998675397,  0.0            
      1035,  1.2            ,  3.4999998675397,  0.0            
      1036,  1.0999987042034,  3.5000005730311,  0.0            
      1037,  0.9999994090298,  3.5000006649679,  0.0            
      1038,  0.8999993528631,  3.5000003337838,  0.0            
      1039,  0.8            ,  3.5000003337839,  0.0            
      1040,  0.6999997843095,  3.5000003337839,  0.0            
      1041,  0.6000003987709,  3.5000019721321,  0.0            
      1042,  0.4999994018278,  3.5000017727425,  0.0            
      1043,  0.3999999999843,  3.5000017727425,  0.0            
      1044,  6.5000012158774,  3.6000009566716,  0.0            
      1045,  6.5000016412865,  3.4999996393848,  0.0            
      1046,  6.5000016412784,  3.4000000000243,  0.0            
      1047,  6.5000016412784,  3.3            ,  0.0            
      1048,  6.5000016412784,  3.2            ,  0.0            
      1049,  6.5000016412784,  3.1            ,  0.0            
      1050,  6.5000016412784,  3.0000008362627,  0.0            
      1051,  6.5000016412784,  2.9            ,  0.0            
      1052,  6.5000016412784,  2.8            ,  0.0            
      1053,  6.5000016412784,  2.7            ,  0.0            
      1054,  6.5000016412784,  2.6            ,  0.0            
      1055,  6.5000016412784,  2.5            ,  0.0            
      1056,  6.5000016412784,  2.4            ,  0.0            
      1057,  6.5000016412784,  2.3            ,  0.0            
      1058,  6.5000016412784,  2.2            ,  0.0            
      1059,  6.5000016412784,  2.1            ,  0.0            
      1060,  6.5000016412784,  2.0            ,  0.0            
      1061,  6.5000016412784,  1.9            ,  0.0            
      1062,  6.5000016412784,  1.8            ,  0.0            
      1063,  6.5000016412784,  1.7            ,  0.0            
      1064,  6.5000016412784,  1.6            ,  0.0            
      1065,  6.5000016412784,  1.5            ,  0.0            
      1066,  6.5000016412784,  1.4            ,  0.0            
      1067,  6.5000016412784,  1.3            ,  0.0            
      1068,  6.5000016412784,  1.2            ,  0.0            
      1069,  6.5000016412784,  1.1            ,  0.0            
      1070,  6.5000016412784,  0.9999991637373,  0.0            
      1071,  6.5000016412784,  0.899999902243 ,  0.0            
      1072,  1.5204350670647,  3.623966835936 ,  0.0            
      1073,  1.4162075429874,  3.6187699379745,  0.0            
      1074,  1.3094709897749,  3.6095265214269,  0.0            
      1075,  1.2            ,  3.6000011569606,  0.0            
      1076,  1.099998811224 ,  3.6000003817943,  0.0            
      1077,  0.9999995368133,  3.6000004737312,  0.0            
      1078,  0.8999987730526,  3.6000008129269,  0.0            
      1079,  0.8            ,  3.6000016232047,  0.0            
      1080,  0.7            ,  3.6000016232047,  0.0            
      1081,  0.6000002990767,  3.6000016232047,  0.0            
      1082,  0.4999993021351,  3.6000014238151,  0.0            
      1083,  0.3999999999898,  3.6000014238151,  0.0            
      1084,  6.6000011707759,  3.4999998520816,  0.0            
      1085,  6.6000011707678,  3.4000000000243,  0.0            
      1086,  6.6000011707678,  3.3            ,  0.0            
      1087,  6.6000011707678,  3.2            ,  0.0            
      1088,  6.6000011707678,  3.1            ,  0.0            
      1089,  6.6000011707678,  3.0000008362627,  0.0            
      1090,  6.6000011707678,  2.9            ,  0.0            
      1091,  6.6000011707678,  2.8            ,  0.0            
      1092,  6.6000011707678,  2.7            ,  0.0            
      1093,  6.6000011707678,  2.6            ,  0.0            
      1094,  6.6000011707678,  2.5            ,  0.0            
      1095,  6.6000011707678,  2.4            ,  0.0            
      1096,  6.6000011707678,  2.3            ,  0.0            
      1097,  6.6000011707678,  2.2            ,  0.0            
      1098,  6.6000011707678,  2.1            ,  0.0            
      1099,  6.6000011707678,  2.0            ,  0.0            
      1100,  6.6000011707678,  1.9            ,  0.0            
      1101,  6.6000011707678,  1.8            ,  0.0            
      1102,  6.6000011707678,  1.7            ,  0.0            
      1103,  6.6000011707678,  1.6            ,  0.0            
      1104,  6.6000011707678,  1.5            ,  0.0            
      1105,  6.6000011707678,  1.4            ,  0.0            
      1106,  6.6000011707678,  1.3            ,  0.0            
      1107,  6.6000011707678,  1.2            ,  0.0            
      1108,  6.6000011707678,  1.1            ,  0.0            
      1109,  6.6000011707678,  0.9999991637373,  0.0            
      1110,  6.6000011707678,  0.9000002426316,  0.0            
      1111,  6.6000010546518,  3.6000000557126,  0.0            
      1112,  6.7000009106895,  0.9000005657198,  0.0            
      1113,  6.7000009106895,  1.0            ,  0.0            
      1114,  6.7000009106895,  1.1            ,  0.0            
      1115,  6.7000009106895,  1.2            ,  0.0            
      1116,  6.7000009106895,  1.3            ,  0.0            
      1117,  6.7000009106895,  1.4            ,  0.0            
      1118,  6.7000009106895,  1.5            ,  0.0            
      1119,  6.7000009106895,  1.6            ,  0.0            
      1120,  6.7000009106895,  1.7            ,  0.0            
      1121,  6.7000009106895,  1.8            ,  0.0            
      1122,  6.7000009106895,  1.9            ,  0.0            
      1123,  6.7000009106895,  2.0            ,  0.0            
      1124,  6.7000009106895,  2.1            ,  0.0            
      1125,  6.7000009106895,  2.2            ,  0.0            
      1126,  6.7000009106895,  2.3            ,  0.0            
      1127,  6.7000009106895,  2.4            ,  0.0            
      1128,  6.7000009106895,  2.5            ,  0.0            
      1129,  6.7000009106895,  2.6            ,  0.0            
      1130,  6.7000009106895,  2.7            ,  0.0            
      1131,  6.7000009106895,  2.8            ,  0.0            
      1132,  6.7000009106895,  2.9            ,  0.0            
      1133,  6.7000009106895,  3.0            ,  0.0            
      1134,  6.7000009106895,  3.1            ,  0.0            
      1135,  6.7000009106895,  3.2            ,  0.0            
      1136,  6.7000009106895,  3.3            ,  0.0            
      1137,  6.7000009106895,  3.4000000000243,  0.0            
      1138,  6.7000009106976,  3.4999999260219,  0.0            
      1139,  6.700000762808 ,  3.5999999609325,  0.0            
      1140,  6.8000008057248,  3.4999999999628,  0.0            
      1141,  6.8000008057167,  3.4000000000162,  0.0            
      1142,  6.8000008057167,  3.3            ,  0.0            
      1143,  6.8000008057167,  3.2            ,  0.0            
      1144,  6.8000008057167,  3.1            ,  0.0            
      1145,  6.8000008057167,  3.0            ,  0.0            
      1146,  6.8000008057167,  2.9            ,  0.0            
      1147,  6.8000008057167,  2.8            ,  0.0            
      1148,  6.8000008057167,  2.7            ,  0.0            
      1149,  6.8000008057167,  2.6            ,  0.0            
      1150,  6.8000008057167,  2.5            ,  0.0            
      1151,  6.8000008057167,  2.4            ,  0.0            
      1152,  6.8000008057167,  2.3            ,  0.0            
      1153,  6.8000008057167,  2.2            ,  0.0            
      1154,  6.8000008057167,  2.1            ,  0.0            
      1155,  6.8000008057167,  2.0            ,  0.0            
      1156,  6.8000008057167,  1.9            ,  0.0            
      1157,  6.8000008057167,  1.8            ,  0.0            
      1158,  6.8000008057167,  1.7            ,  0.0            
      1159,  6.8000008057167,  1.6            ,  0.0            
      1160,  6.8000008057167,  1.5            ,  0.0            
      1161,  6.8000008057167,  1.4            ,  0.0            
      1162,  6.8000008057167,  1.3            ,  0.0            
      1163,  6.8000008057167,  1.2            ,  0.0            
      1164,  6.8000008057167,  1.1            ,  0.0            
      1165,  6.8000008057167,  1.0            ,  0.0            
      1166,  6.8000008057167,  0.9000001628643,  0.0            
      1167,  1.5418358616046,  3.7476420096776,  0.0            
      1168,  1.4349935936829,  3.7378726607266,  0.0            
      1169,  1.3179128225386,  3.715627677659 ,  0.0            
      1170,  1.2            ,  3.700000758183 ,  0.0            
      1171,  1.0999999825836,  3.700000758183 ,  0.0            
      1172,  0.9999996645965,  3.7000008845793,  0.0            
      1173,  0.8999997842891,  3.7000012244271,  0.0            
      1174,  0.8            ,  3.7000012244271,  0.0            
      1175,  0.7            ,  3.7000012244271,  0.0            
      1176,  0.6000001993854,  3.7000012244271,  0.0            
      1177,  0.4999992024396,  3.7000010250375,  0.0            
      1178,  0.3999999999947,  3.7000010250375,  0.0            
      1179,  6.8000006578354,  3.5999998772598,  0.0            
      1180,  6.5000015500319,  3.7000007772919,  0.0            
      1181,  6.6000011139412,  3.7000006948863,  0.0            
      1182,  6.7            ,  3.7000000446022,  0.0            
      1183,  6.7999999127577,  3.7000000446022,  0.0            
      1184,  1.1            ,  3.8000003095559,  0.0            
      1185,  1.2008921947911,  3.800892504347 ,  0.0            
      1186,  1.324009990237 ,  3.8233187498085,  0.0            
      1187,  1.9618194197203,  3.7607602913147,  0.0            
      1188,  2.0682299807983,  3.7659325811386,  0.0            
      1189,  2.1733377835217,  3.7734130236468,  0.0            
      1190,  2.2766279885475,  3.7751803648109,  0.0            
      1191,  2.379301315981 ,  3.7771155429302,  0.0            
      1192,  2.4831019734085,  3.7800207947877,  0.0            
      1193,  2.5885396339891,  3.7840444088909,  0.0            
      1194,  2.696008918581 ,  3.7960087451748,  0.0            
      1195,  2.8            ,  3.8000003095559,  0.0            
      1196,  2.9            ,  3.8000003095559,  0.0            
      1197,  3.0            ,  3.8000003095559,  0.0            
      1198,  3.1            ,  3.8000003095559,  0.0            
      1199,  3.2            ,  3.8000003095559,  0.0            
      1200,  3.3            ,  3.8000003095559,  0.0            
      1201,  3.4            ,  3.8000003095559,  0.0            
      1202,  3.5            ,  3.8000003095559,  0.0            
      1203,  3.6            ,  3.8000003095559,  0.0            
      1204,  3.7            ,  3.8000003095559,  0.0            
      1205,  3.8            ,  3.800000309556 ,  0.0            
      1206,  3.9            ,  3.800000309556 ,  0.0            
      1207,  4.0            ,  3.800000309556 ,  0.0            
      1208,  4.1            ,  3.800000309556 ,  0.0            
      1209,  4.2            ,  3.800000309556 ,  0.0            
      1210,  4.3            ,  3.800000309556 ,  0.0            
      1211,  4.4            ,  3.800000309556 ,  0.0            
      1212,  4.5            ,  3.800000309556 ,  0.0            
      1213,  4.6003129849329,  3.7998891069175,  0.0            
      1214,  4.700565169929 ,  3.799308543513 ,  0.0            
      1215,  4.800632089162 ,  3.7987455382348,  0.0            
      1216,  4.9005407737072,  3.7987767915052,  0.0            
      1217,  5.0004664911948,  3.7992631366068,  0.0            
      1218,  5.1003786754924,  3.7998255664066,  0.0            
      1219,  5.2002797578564,  3.8001897071094,  0.0            
      1220,  5.3            ,  3.800000309556 ,  0.0            
      1221,  5.400001241312 ,  3.7999990514243,  0.0            
      1222,  5.5000016618643,  3.7999991079521,  0.0            
      1223,  5.6000012875931,  3.7999994098092,  0.0            
      1224,  5.7000012709146,  3.799999225978 ,  0.0            
      1225,  5.8000010831203,  3.7999996146726,  0.0            
      1226,  5.9000008820944,  3.7999995800739,  0.0            
      1227,  6.0000007443669,  3.8000001687594,  0.0            
      1228,  6.1            ,  3.800000309556 ,  0.0            
      1229,  6.2            ,  3.800000309556 ,  0.0            
      1230,  6.3            ,  3.800000309556 ,  0.0            
      1231,  6.4            ,  3.800000309556 ,  0.0            
      1232,  6.5            ,  3.800000309556 ,  0.0            
      1233,  6.6            ,  3.800000309556 ,  0.0            
      1234,  6.7            ,  3.800000309556 ,  0.0            
      1235,  6.7999999353966,  3.800000309556 ,  0.0            
      1236,  6.9000004613484,  0.9000005440533,  0.0            
      1237,  6.9000004613484,  1.0            ,  0.0            
      1238,  6.9000004613484,  1.1            ,  0.0            
      1239,  6.9000004613484,  1.2            ,  0.0            
      1240,  6.9000004613484,  1.3            ,  0.0            
      1241,  6.9000004613484,  1.4            ,  0.0            
      1242,  6.9000004613484,  1.5            ,  0.0            
      1243,  6.9000004613484,  1.6            ,  0.0            
      1244,  6.9000004613484,  1.7            ,  0.0            
      1245,  6.9000004613484,  1.8            ,  0.0            
      1246,  6.9000004613484,  1.9            ,  0.0            
      1247,  6.9000004613484,  2.0            ,  0.0            
      1248,  6.9000004613484,  2.1            ,  0.0            
      1249,  6.9000004613484,  2.2            ,  0.0            
      1250,  6.9000004613484,  2.3            ,  0.0            
      1251,  6.9000004613484,  2.4            ,  0.0            
      1252,  6.9000004613484,  2.5            ,  0.0            
      1253,  6.9000004613484,  2.6            ,  0.0            
      1254,  6.9000004613484,  2.7            ,  0.0            
      1255,  6.9000004613484,  2.8            ,  0.0            
      1256,  6.9000004613484,  2.9            ,  0.0            
      1257,  6.9000004613484,  3.0            ,  0.0            
      1258,  6.9000004613484,  3.1            ,  0.0            
      1259,  6.9000004613484,  3.2            ,  0.0            
      1260,  6.9000004613484,  3.3            ,  0.0            
      1261,  6.9000004613484,  3.4000000000162,  0.0            
      1262,  6.9000004613565,  3.4999999999546,  0.0            
      1263,  6.9000004613566,  3.5999992474069,  0.0            
      1264,  6.9000002723511,  3.6999996693393,  0.0            
      1265,  6.9000002326521,  3.8000002638503,  0.0            
      1266,  4.6293686392009,  0.8255670815726,  0.0            
      1267,  4.7421099146972,  0.8626417486914,  0.0            
      1268,  4.868875338204 ,  0.8243332432591,  0.0            
      1269,  4.982071697516 ,  0.788960278925 ,  0.0            
      1270,  5.0978512134142,  0.7912900221606,  0.0            
      1271,  5.2023952658572,  0.7979997573674,  0.0            
      1272,  5.302654270417 ,  0.8031650787952,  0.0            
      1273,  5.4012376125838,  0.8033357843529,  0.0            
      1274,  5.5000005879335,  0.7999995640592,  0.0            
      1275,  5.5999998265759,  0.7999997359304,  0.0            
      1276,  5.7            ,  0.7999997359304,  0.0            
      1277,  5.8            ,  0.7999997359304,  0.0            
      1278,  5.9            ,  0.7999997359304,  0.0            
      1279,  5.9999997354039,  0.7999997359304,  0.0            
      1280,  6.099999944906 ,  0.7999997634993,  0.0            
      1281,  6.2            ,  0.7999997634993,  0.0            
      1282,  6.3            ,  0.7999997634993,  0.0            
      1283,  6.4            ,  0.7999997634993,  0.0            
      1284,  6.4999998165615,  0.7999997634993,  0.0            
      1285,  6.5999999544357,  0.7999997816799,  0.0            
      1286,  6.7            ,  0.7999997816798,  0.0            
      1287,  6.8            ,  0.7999997816798,  0.0            
      1288,  6.8999998553183,  0.7999997816798,  0.0            
      1289,  7.0000006557196,  0.9000001339903,  0.0            
      1290,  7.0000006557196,  1.0            ,  0.0            
      1291,  7.0000006557196,  1.1            ,  0.0            
      1292,  7.0000006557196,  1.2            ,  0.0            
      1293,  7.0000006557196,  1.3            ,  0.0            
      1294,  7.0000006557196,  1.4            ,  0.0            
      1295,  7.0000006557196,  1.5            ,  0.0            
      1296,  7.0000006557196,  1.6            ,  0.0            
      1297,  7.0000006557196,  1.7            ,  0.0            
      1298,  7.0000006557196,  1.8            ,  0.0            
      1299,  7.0000006557196,  1.9            ,  0.0            
      1300,  7.0000006557196,  2.0            ,  0.0            
      1301,  7.0000006557196,  2.1            ,  0.0            
      1302,  7.0000006557196,  2.2            ,  0.0            
      1303,  7.0000006557196,  2.3            ,  0.0            
      1304,  7.0000006557196,  2.4            ,  0.0            
      1305,  7.0000006557196,  2.5            ,  0.0            
      1306,  7.0000006557196,  2.6            ,  0.0            
      1307,  7.0000006557196,  2.7            ,  0.0            
      1308,  7.0000006557196,  2.8            ,  0.0            
      1309,  7.0000006557196,  2.9            ,  0.0            
      1310,  7.0000006557196,  3.0            ,  0.0            
      1311,  7.0000006557196,  3.1            ,  0.0            
      1312,  7.0000006557196,  3.2            ,  0.0            
      1313,  7.0000006557196,  3.3            ,  0.0            
      1314,  7.0000006557196,  3.4000000000081,  0.0            
      1315,  7.0000006557277,  3.4999999999546,  0.0            
      1316,  7.0000006557277,  3.5999993419068,  0.0            
      1317,  6.9999998355919,  0.7999997607761,  0.0            
      1318,  7.0999999657743,  3.5999994364118,  0.0            
      1319,  7.0999999657743,  3.4999999999546,  0.0            
      1320,  7.0999999657662,  3.4            ,  0.0            
      1321,  7.0999999657662,  3.3            ,  0.0            
      1322,  7.0999999657662,  3.2            ,  0.0            
      1323,  7.0999999657662,  3.1            ,  0.0            
      1324,  7.0999999657662,  3.0            ,  0.0            
      1325,  7.0999999657662,  2.9            ,  0.0            
      1326,  7.0999999657662,  2.8            ,  0.0            
      1327,  7.0999999657662,  2.7            ,  0.0            
      1328,  7.0999999657662,  2.6            ,  0.0            
      1329,  7.0999999657662,  2.5            ,  0.0            
      1330,  7.0999999657662,  2.4            ,  0.0            
      1331,  7.0999999657662,  2.3            ,  0.0            
      1332,  7.0999999657662,  2.2            ,  0.0            
      1333,  7.0999999657662,  2.1            ,  0.0            
      1334,  7.0999999657662,  2.0            ,  0.0            
      1335,  7.0999999657662,  1.9            ,  0.0            
      1336,  7.0999999657662,  1.8            ,  0.0            
      1337,  7.0999999657662,  1.7            ,  0.0            
      1338,  7.0999999657662,  1.6            ,  0.0            
      1339,  7.0999999657662,  1.5            ,  0.0            
      1340,  7.0999999657662,  1.4            ,  0.0            
      1341,  7.0999999657662,  1.3            ,  0.0            
      1342,  7.0999999657662,  1.2            ,  0.0            
      1343,  7.0999999657662,  1.1            ,  0.0            
      1344,  7.0999999657662,  1.0            ,  0.0            
      1345,  7.0999999657662,  0.9000001379327,  0.0            
      1346,  7.1999999922163,  3.5999994568839,  0.0            
      1347,  7.1999999922163,  3.4999999999465,  0.0            
      1348,  7.1999999922082,  3.4            ,  0.0            
      1349,  7.1999999922082,  3.3            ,  0.0            
      1350,  7.1999999922082,  3.2            ,  0.0            
      1351,  7.1999999922082,  3.1            ,  0.0            
      1352,  7.1999999922082,  3.0            ,  0.0            
      1353,  7.1999999922082,  2.9            ,  0.0            
      1354,  7.1999999922082,  2.8            ,  0.0            
      1355,  7.1999999922082,  2.7            ,  0.0            
      1356,  7.1999999922082,  2.6            ,  0.0            
      1357,  7.1999999922082,  2.5            ,  0.0            
      1358,  7.1999999922082,  2.4            ,  0.0            
      1359,  7.1999999922082,  2.3            ,  0.0            
      1360,  7.1999999922082,  2.2            ,  0.0            
      1361,  7.1999999922082,  2.1            ,  0.0            
      1362,  7.1999999922082,  2.0            ,  0.0            
      1363,  7.1999999922082,  1.9            ,  0.0            
      1364,  7.1999999922082,  1.8            ,  0.0            
      1365,  7.1999999922082,  1.7            ,  0.0            
      1366,  7.1999999922082,  1.6            ,  0.0            
      1367,  7.1999999922082,  1.5            ,  0.0            
      1368,  7.1999999922082,  1.4            ,  0.0            
      1369,  7.1999999922082,  1.3            ,  0.0            
      1370,  7.1999999922082,  1.2            ,  0.0            
      1371,  7.1999999922082,  1.1            ,  0.0            
      1372,  7.1999999922082,  1.0            ,  0.0            
      1373,  7.2999999999138,  3.59999962634  ,  0.0            
      1374,  7.2999999999138,  3.4999999999384,  0.0            
      1375,  7.2999999999057,  3.4            ,  0.0            
      1376,  7.2999999999057,  3.3            ,  0.0            
      1377,  7.2999999999057,  3.2            ,  0.0            
      1378,  7.2999999999057,  3.1            ,  0.0            
      1379,  7.2999999999057,  3.0            ,  0.0            
      1380,  7.2999999999057,  2.9            ,  0.0            
      1381,  7.2999999999057,  2.8            ,  0.0            
      1382,  7.2999999999057,  2.7            ,  0.0            
      1383,  7.2999999999057,  2.6            ,  0.0            
      1384,  7.2999999999057,  2.5            ,  0.0            
      1385,  7.2999999999057,  2.4            ,  0.0            
      1386,  7.2999999999057,  2.3            ,  0.0            
      1387,  7.2999999999057,  2.2            ,  0.0            
      1388,  7.2999999999057,  2.1            ,  0.0            
      1389,  7.2999999999057,  2.0            ,  0.0            
      1390,  7.2999999999057,  1.9            ,  0.0            
      1391,  7.2999999999057,  1.8            ,  0.0            
      1392,  7.2999999999057,  1.7            ,  0.0            
      1393,  7.2999999999057,  1.6            ,  0.0            
      1394,  7.2999999999057,  1.5            ,  0.0            
      1395,  7.2999999999057,  1.4            ,  0.0            
      1396,  7.2999999999057,  1.3            ,  0.0            
      1397,  7.2999999999057,  1.2            ,  0.0            
      1398,  7.099999973558 ,  0.8000001725119,  0.0            
      1399,  7.2999999999057,  1.1            ,  0.0            
      1400,  7.1999999922082,  0.900000141782 ,  0.0            
      1401,  7.2999999999057,  1.0            ,  0.0            
      1402,  7.2999999999057,  0.9000001456313,  0.0            
      1403,  7.2            ,  0.8000001910552,  0.0            
      1404,  7.3000000076974,  0.8000001910552,  0.0            
      1405,  7.3999999921138,  0.8000000985452,  0.0            
      1406,  7.3999999921138,  0.9            ,  0.0            
      1407,  7.3999999921138,  1.0            ,  0.0            
      1408,  7.3999999921138,  1.1            ,  0.0            
      1409,  7.3999999921138,  1.2            ,  0.0            
      1410,  7.3999999921138,  1.3            ,  0.0            
      1411,  7.3999999921138,  1.4            ,  0.0            
      1412,  7.3999999921138,  1.5            ,  0.0            
      1413,  7.3999999921138,  1.6            ,  0.0            
      1414,  7.3999999921138,  1.7            ,  0.0            
      1415,  7.3999999921138,  1.8            ,  0.0            
      1416,  7.3999999921138,  1.9            ,  0.0            
      1417,  7.3999999921138,  2.0            ,  0.0            
      1418,  7.3999999921138,  2.1            ,  0.0            
      1419,  7.3999999921138,  2.2            ,  0.0            
      1420,  7.3999999921138,  2.3            ,  0.0            
      1421,  7.3999999921138,  2.4            ,  0.0            
      1422,  7.3999999921138,  2.5            ,  0.0            
      1423,  7.3999999921138,  2.6            ,  0.0            
      1424,  7.3999999921138,  2.7            ,  0.0            
      1425,  7.3999999921138,  2.8            ,  0.0            
      1426,  7.3999999921138,  2.9            ,  0.0            
      1427,  7.3999999921138,  3.0            ,  0.0            
      1428,  7.3999999921138,  3.1            ,  0.0            
      1429,  7.3999999921138,  3.2            ,  0.0            
      1430,  7.3999999921138,  3.3            ,  0.0            
      1431,  7.3999999921138,  3.4            ,  0.0            
      1432,  7.3999999921138,  3.5            ,  0.0            
      1433,  7.3999999921138,  3.5999997237633,  0.0            
      1434,  7.0000004667221,  3.6999997836966,  0.0            
      1435,  7.0999997767689,  3.6999998233951,  0.0            
      1436,  7.5000001869569,  0.8            ,  0.0            
      1437,  7.5000001869569,  0.9            ,  0.0            
      1438,  7.5000001869569,  1.0            ,  0.0            
      1439,  7.5000001869569,  1.1            ,  0.0            
      1440,  7.5000001869569,  1.2            ,  0.0            
      1441,  7.5000001869569,  1.3            ,  0.0            
      1442,  7.5000001869569,  1.4            ,  0.0            
      1443,  7.5000001869569,  1.5            ,  0.0            
      1444,  7.5000001869569,  1.6            ,  0.0            
      1445,  7.5000001869569,  1.7            ,  0.0            
      1446,  7.5000001869569,  1.8            ,  0.0            
      1447,  7.5000001869569,  1.9            ,  0.0            
      1448,  7.5000001869569,  2.0            ,  0.0            
      1449,  7.5000001869569,  2.1            ,  0.0            
      1450,  7.5000001869569,  2.2            ,  0.0            
      1451,  7.5000001869569,  2.3            ,  0.0            
      1452,  7.5000001869569,  2.4            ,  0.0            
      1453,  7.5000001869569,  2.5            ,  0.0            
      1454,  7.5000001869569,  2.6            ,  0.0            
      1455,  7.5000001869569,  2.7            ,  0.0            
      1456,  7.5000001869569,  2.8            ,  0.0            
      1457,  7.0000004270233,  3.800000172439 ,  0.0            
      1458,  7.0999997827758,  3.8000002578437,  0.0            
      1459,  7.5000001869569,  2.9            ,  0.0            
      1460,  7.5000001869569,  3.0            ,  0.0            
      1461,  7.5000001869569,  3.1            ,  0.0            
      1462,  7.5000001869569,  3.2            ,  0.0            
      1463,  7.5000001869569,  3.3            ,  0.0            
      1464,  7.5000001869569,  3.4            ,  0.0            
      1465,  7.5000001869569,  3.5            ,  0.0            
      1466,  7.1999999512897,  3.6999997259764,  0.0            
      1467,  7.299999661001 ,  3.6999996772665,  0.0            
      1468,  7.2            ,  3.800000160425 ,  0.0            
      1469,  7.2999997584209,  3.800000160425 ,  0.0            
      1470,  7.3999997972699,  3.6999994824292,  0.0            
      1471,  7.5000001869569,  3.6            ,  0.0            
      1472,  7.5000001869569,  3.6999993810632,  0.0            
      1473,  7.4            ,  3.7999999655875,  0.0            
      1474,  7.5000003896873,  3.7999999655875,  0.0            
      1475,  0.4000002531016,  0.5999991397417,  0.0            
      1476,  0.500000268294 ,  0.5999987326165,  0.0            
      1477,  0.5999984986451,  0.5999978196904,  0.0            
      1478,  0.699999026578 ,  0.599998573827 ,  0.0            
      1479,  3.5840447772203,  0.7538106214961,  0.0            
      1480,  4.3129844305697,  0.7334163265973,  0.0            
      1481,  4.4184903374291,  0.759696403539 ,  0.0            
      1482,  4.5424604377518,  0.6794776482557,  0.0            
      1483,  4.6510397622684,  0.698547455164 ,  0.0            
      1484,  4.7549600218804,  0.7260505922158,  0.0            
      1485,  4.8721535457591,  0.7059427641755,  0.0            
      1486,  4.9813886580469,  0.6879046785708,  0.0            
      1487,  5.0932472340318,  0.6940180511608,  0.0            
      1488,  5.1986052361546,  0.6983547672417,  0.0            
      1489,  5.3004480633546,  0.7010399102851,  0.0            
      1490,  5.3999999999999,  0.6999996412156,  0.0            
      1491,  5.4999990061415,  0.6999996412155,  0.0            
      1492,  5.5999998843839,  0.6999997568339,  0.0            
      1493,  5.7            ,  0.6999997568339,  0.0            
      1494,  5.8            ,  0.6999997568339,  0.0            
      1495,  5.9            ,  0.6999997568339,  0.0            
      1496,  5.9999997492144,  0.6999997568339,  0.0            
      1497,  6.0999999586644,  0.6999997844029,  0.0            
      1498,  6.2            ,  0.6999997844029,  0.0            
      1499,  6.3            ,  0.6999997844029,  0.0            
      1500,  6.4            ,  0.6999997844029,  0.0            
      1501,  6.4999998256474,  0.6999997844029,  0.0            
      1502,  6.5999999635302,  0.6999998025834,  0.0            
      1503,  6.7            ,  0.6999998025834,  0.0            
      1504,  6.8            ,  0.6999998025834,  0.0            
      1505,  6.9            ,  0.6999998025834,  0.0            
      1506,  6.9999995873298,  0.6999998025834,  0.0            
      1507,  7.0999998978428,  0.6999998434557,  0.0            
      1508,  7.2            ,  0.6999998434557,  0.0            
      1509,  7.3000002336464,  0.6999998434557,  0.0            
      1510,  7.4000003010242,  0.6999996369927,  0.0            
      1511,  7.4999999898739,  0.6999996054507,  0.0            
      1512,  0.7999987490837,  0.5999995511702,  0.0            
      1513,  0.8999987030986,  0.5999999244797,  0.0            
      1514,  0.9999997162888,  0.5999999126951,  0.0            
      1515,  1.0999997963443,  0.5999996529966,  0.0            
      1516,  1.2            ,  0.5999996529966,  0.0            
      1517,  1.3            ,  0.5999996529966,  0.0            
      1518,  1.4            ,  0.5999996529966,  0.0            
      1519,  1.4999997276931,  0.599999987324 ,  0.0            
      1520,  1.6            ,  0.5999996529966,  0.0            
      1521,  1.7            ,  0.5999996529966,  0.0            
      1522,  1.8            ,  0.5999996529966,  0.0            
      1523,  1.9            ,  0.5999996529966,  0.0            
      1524,  1.9999996399896,  0.5999999873255,  0.0            
      1525,  2.1            ,  0.5999996529966,  0.0            
      1526,  2.2            ,  0.5999996529966,  0.0            
      1527,  2.3            ,  0.5999996529966,  0.0            
      1528,  2.4            ,  0.5999996529966,  0.0            
      1529,  2.4999996436647,  0.5999999873292,  0.0            
      1530,  2.6            ,  0.5999996529966,  0.0            
      1531,  2.7            ,  0.5999996529966,  0.0            
      1532,  2.7988283511762,  0.5979944356982,  0.0            
      1533,  2.8984015020883,  0.5970076229468,  0.0            
      1534,  2.9978970401508,  0.5974522888067,  0.0            
      1535,  3.0969869158003,  0.5996879307088,  0.0            
      1536,  3.1952771008063,  0.6021930307616,  0.0            
      1537,  3.2950699456837,  0.6040515150002,  0.0            
      1538,  3.395134285402 ,  0.6095898075241,  0.0            
      1539,  3.4931312765879,  0.637732448038 ,  0.0            
      1540,  3.5921160138572,  0.6326632954531,  0.0            
      1541,  3.6931657373782,  0.6206909638371,  0.0            
      1542,  3.7951448195949,  0.6107162246839,  0.0            
      1543,  3.8981451113897,  0.6044716593849,  0.0            
      1544,  4.0021095154038,  0.602324640908 ,  0.0            
      1545,  4.1078734596407,  0.6045897775441,  0.0            
      1546,  4.2149446249559,  0.6127125838556,  0.0            
      1547,  4.3240739613786,  0.6290000623444,  0.0            
      1548,  4.4321368764495,  0.6533020294431,  0.0            
      1549,  4.5493394621998,  0.5650530313296,  0.0            
      1550,  4.6592336856958,  0.5802266351119,  0.0            
      1551,  4.7645399532848,  0.5929250526901,  0.0            
      1552,  4.8752278507388,  0.5896913868163,  0.0            
      1553,  4.9837956146088,  0.5884911425283,  0.0            
      1554,  5.0978417282527,  0.5963738937416,  0.0            
      1555,  5.1999999999999,  0.5999997384101,  0.0            
      1556,  5.2999999999999,  0.5999997384101,  0.0            
      1557,  5.3999999999999,  0.5999997384101,  0.0            
      1558,  5.4999990639507,  0.5999997384101,  0.0            
      1559,  5.5999999421919,  0.5999998540285,  0.0            
      1560,  5.7            ,  0.5999998540285,  0.0            
      1561,  5.8            ,  0.5999998540285,  0.0            
      1562,  5.9            ,  0.5999998540285,  0.0            
      1563,  5.9999997630047,  0.5999998540285,  0.0            
      1564,  6.0999999724429,  0.5999998815974,  0.0            
      1565,  6.2            ,  0.5999998815974,  0.0            
      1566,  6.3            ,  0.5999998815974,  0.0            
      1567,  6.4            ,  0.5999998815974,  0.0            
      1568,  6.4999998347029,  0.5999998815974,  0.0            
      1569,  6.5999999726553,  0.599999899778 ,  0.0            
      1570,  6.7            ,  0.599999899778 ,  0.0            
      1571,  6.8            ,  0.599999899778 ,  0.0            
      1572,  6.9            ,  0.599999899778 ,  0.0            
      1573,  6.9999996077704,  0.599999899778 ,  0.0            
      1574,  7.0999999182742,  0.5999999406503,  0.0            
      1575,  7.2            ,  0.5999999406503,  0.0            
      1576,  7.3000001304139,  0.5999999406503,  0.0            
      1577,  7.4000001820212,  0.5999997341873,  0.0            
      1578,  7.4999999876321,  0.5999997026453,  0.0            
      1579,  0.3999998433108,  0.4999983746384,  0.0            
      1580,  0.4999995281598,  0.4999984875605,  0.0            
      1581,  0.5999991002495,  0.4999977523048,  0.0            
      1582,  0.6999997087262,  0.4999986822945,  0.0            
      1583,  0.8            ,  0.4999996765182,  0.0            
      1584,  0.9            ,  0.4999996765182,  0.0            
      1585,  0.9999997441952,  0.4999996068417,  0.0            
      1586,  1.0999998472595,  0.4999997783446,  0.0            
      1587,  1.2            ,  0.4999997783446,  0.0            
      1588,  1.3            ,  0.4999997783446,  0.0            
      1589,  1.3999989852084,  0.4999996971642,  0.0            
      1590,  1.499999783848 ,  0.4999996971642,  0.0            
      1591,  1.5999989852084,  0.4999996971642,  0.0            
      1592,  1.7            ,  0.4999997783446,  0.0            
      1593,  1.8            ,  0.4999997783446,  0.0            
      1594,  1.8999997467003,  0.4999996983881,  0.0            
      1595,  1.9999997142306,  0.4999996971642,  0.0            
      1596,  2.0999997255886,  0.4999997713394,  0.0            
      1597,  2.2            ,  0.4999997783446,  0.0            
      1598,  2.3            ,  0.4999997783446,  0.0            
      1599,  2.3999988346064,  0.4999995806254,  0.0            
      1600,  2.4999997021236,  0.4999996971714,  0.0            
      1601,  2.5999988346082,  0.4999998137039,  0.0            
      1602,  2.7            ,  0.4999997783446,  0.0            
      1603,  2.8            ,  0.4999997783446,  0.0            
      1604,  2.9            ,  0.4999997783446,  0.0            
      1605,  3.0            ,  0.4999997783446,  0.0            
      1606,  3.0994772058612,  0.499530573323 ,  0.0            
      1607,  3.1992608619917,  0.5007332389491,  0.0            
      1608,  3.2996378232208,  0.5026130365448,  0.0            
      1609,  3.3997642548075,  0.508142815888 ,  0.0            
      1610,  3.4984113975369,  0.5155431370188,  0.0            
      1611,  3.5965176866847,  0.5152807457232,  0.0            
      1612,  3.6959665679757,  0.5104711493858,  0.0            
      1613,  3.7968303192589,  0.5057790729462,  0.0            
      1614,  3.898905424539 ,  0.5027982197433,  0.0            
      1615,  4.0020267032049,  0.5018470703166,  0.0            
      1616,  4.107130698548 ,  0.5032303789767,  0.0            
      1617,  4.2137172702282,  0.5076062517713,  0.0            
      1618,  4.3249903393037,  0.5228665295182,  0.0            
      1619,  4.4373396532685,  0.5423629777545,  0.0            
      1620,  4.5408756052556,  0.4448284502824,  0.0            
      1621,  4.6505584200765,  0.4585945220437,  0.0            
      1622,  4.7596984649864,  0.4681135141251,  0.0            
      1623,  4.8690291289515,  0.4728983598167,  0.0            
      1624,  4.9826069826731,  0.4807444885588,  0.0            
      1625,  5.0967353182685,  0.4954011743823,  0.0            
      1626,  5.1999999999999,  0.4999997783446,  0.0            
      1627,  5.2999999999999,  0.4999997783446,  0.0            
      1628,  5.3999999999999,  0.4999997783446,  0.0            
      1629,  5.49999912176  ,  0.4999997783446,  0.0            
      1630,  5.6            ,  0.499999893963 ,  0.0            
      1631,  5.7            ,  0.499999893963 ,  0.0            
      1632,  5.8            ,  0.499999893963 ,  0.0            
      1633,  5.9            ,  0.499999893963 ,  0.0            
      1634,  5.9999997767951,  0.499999893963 ,  0.0            
      1635,  6.0999999862214,  0.499999921532 ,  0.0            
      1636,  6.2            ,  0.499999921532 ,  0.0            
      1637,  6.3            ,  0.499999921532 ,  0.0            
      1638,  6.4            ,  0.499999921532 ,  0.0            
      1639,  6.4999998437584,  0.499999921532 ,  0.0            
      1640,  6.5999999817804,  0.4999999397126,  0.0            
      1641,  6.7            ,  0.4999999397126,  0.0            
      1642,  6.8            ,  0.4999999397126,  0.0            
      1643,  6.9            ,  0.4999999397126,  0.0            
      1644,  6.9999996282111,  0.4999999397126,  0.0            
      1645,  7.0999999387056,  0.4999999805848,  0.0            
      1646,  7.2            ,  0.4999999805848,  0.0            
      1647,  7.3000000271813,  0.4999999805848,  0.0            
      1648,  7.4000000630182,  0.4999997741219,  0.0            
      1649,  7.4999999831491,  0.4999997425798,  0.0            
      1650,  0.4000002556209,  0.3999996222139,  0.0            
      1651,  0.5000000797218,  0.3999985326514,  0.0            
      1652,  0.5999995036211,  0.399998387224 ,  0.0            
      1653,  0.7            ,  0.3999996222139,  0.0            
      1654,  0.8            ,  0.3999996222139,  0.0            
      1655,  0.9            ,  0.3999996222139,  0.0            
      1656,  0.9999997721016,  0.3999996978196,  0.0            
      1657,  1.0999998981694,  0.3999997240403,  0.0            
      1658,  1.2            ,  0.3999997240403,  0.0            
      1659,  1.3            ,  0.3999997240403,  0.0            
      1660,  1.4            ,  0.3999997240403,  0.0            
      1661,  1.499999783848 ,  0.3999997846792,  0.0            
      1662,  1.6            ,  0.3999997240403,  0.0            
      1663,  1.7            ,  0.3999997240403,  0.0            
      1664,  1.8            ,  0.3999997240403,  0.0            
      1665,  1.8999988819726,  0.3999996662381,  0.0            
      1666,  1.9999997142306,  0.399999778047 ,  0.0            
      1667,  2.0999988819742,  0.3999998898434,  0.0            
      1668,  2.2            ,  0.3999997240403,  0.0            
      1669,  2.3            ,  0.3999997240403,  0.0            
      1670,  2.4            ,  0.3999997240403,  0.0            
      1671,  2.5            ,  0.3999997240403,  0.0            
      1672,  2.6            ,  0.3999997240403,  0.0            
      1673,  2.7            ,  0.3999997240403,  0.0            
      1674,  2.8            ,  0.3999997240403,  0.0            
      1675,  2.9            ,  0.3999997240403,  0.0            
      1676,  3.0            ,  0.3999997240403,  0.0            
      1677,  3.1            ,  0.3999997240403,  0.0            
      1678,  3.2            ,  0.3999997240403,  0.0            
      1679,  3.3            ,  0.3999997240403,  0.0            
      1680,  3.4            ,  0.3999997240403,  0.0            
      1681,  3.5            ,  0.3999997240403,  0.0            
      1682,  3.6            ,  0.3999997240403,  0.0            
      1683,  3.7            ,  0.3999997240403,  0.0            
      1684,  3.8            ,  0.3999997240403,  0.0            
      1685,  3.9            ,  0.3999997240403,  0.0            
      1686,  4.0            ,  0.3999997240403,  0.0            
      1687,  4.1            ,  0.3999997240403,  0.0            
      1688,  4.2059990865729,  0.4042049576835,  0.0            
      1689,  4.3168946245132,  0.4161155602228,  0.0            
      1690,  4.4298176267783,  0.4302156561944,  0.0            
      1691,  4.8536673879457,  0.3557550449842,  0.0            
      1692,  4.963806827514 ,  0.363472472458 ,  0.0            
      1693,  5.0714602988067,  0.3730540122413,  0.0            
      1694,  5.1763309001006,  0.374828623374 ,  0.0            
      1695,  5.2793898654171,  0.3760357428723,  0.0            
      1696,  5.3837516439582,  0.3812287625353,  0.0            
      1697,  5.490521796155 ,  0.3904729078004,  0.0            
      1698,  5.6            ,  0.3999997240403,  0.0            
      1699,  5.7            ,  0.3999997240403,  0.0            
      1700,  5.8            ,  0.3999997240403,  0.0            
      1701,  5.9            ,  0.3999997240403,  0.0            
      1702,  5.9999997905855,  0.3999997240403,  0.0            
      1703,  6.1            ,  0.3999997516093,  0.0            
      1704,  6.2            ,  0.3999997516093,  0.0            
      1705,  6.3            ,  0.3999997516092,  0.0            
      1706,  6.4            ,  0.3999997516092,  0.0            
      1707,  6.4999998528444,  0.3999997516092,  0.0            
      1708,  6.599999990875 ,  0.3999997697898,  0.0            
      1709,  6.7            ,  0.3999997697898,  0.0            
      1710,  6.8            ,  0.3999997697898,  0.0            
      1711,  6.9            ,  0.3999997697898,  0.0            
      1712,  6.9999996486519,  0.3999997697898,  0.0            
      1713,  7.0999999591371,  0.3999998106621,  0.0            
      1714,  7.2            ,  0.3999998106621,  0.0            
      1715,  7.3            ,  0.3999998106621,  0.0            
      1716,  7.4000000472636,  0.3999998106621,  0.0            
      1717,  7.4999999741832,  0.3999997791201,  0.0            
      1718,  0.4000000993274,  0.2999996874117,  0.0            
      1719,  0.4999996026912,  0.2999996874117,  0.0            
      1720,  0.6            ,  0.2999996874117,  0.0            
      1721,  0.7            ,  0.2999996874117,  0.0            
      1722,  0.8            ,  0.2999996874117,  0.0            
      1723,  0.9            ,  0.2999996874117,  0.0            
      1724,  0.9999998000084,  0.299999720938 ,  0.0            
      1725,  1.0999999490847,  0.2999997892381,  0.0            
      1726,  1.2            ,  0.2999997892381,  0.0            
      1727,  1.3            ,  0.2999997892381,  0.0            
      1728,  1.4            ,  0.2999997892381,  0.0            
      1729,  3.1630884720803,  3.2674444961999,  0.0            
      1730,  2.7907516220682,  1.3105697050821,  0.0            
      1731,  2.7698857239678,  1.4069627875434,  0.0            
      1732,  5.2097735095189,  2.6864446493611,  0.0            
      1733,  5.2305117875922,  2.5927804474518,  0.0            
      1734,  4.4149574613266,  3.319401786534 ,  0.0            
      1735,  3.0490672485388,  3.1486950616626,  0.0            
      1736,  3.2665681334776,  3.2727226017628,  0.0            
      1737,  3.3850830966494,  3.171135275413 ,  0.0            
      1738,  3.4883725510962,  3.213304889033 ,  0.0            
      1739,  3.5933912532459,  3.245161937805 ,  0.0            
      1740,  4.4370552743354,  3.2149590184241,  0.0            
      1741,  4.5026875939231,  3.2786271034515,  0.0            
      1742,  4.5884633107774,  3.23752203252  ,  0.0            
      1743,  4.4876395002603,  3.363825447425 ,  0.0            
      1744,  4.5648544772971,  3.3424917042572,  0.0            
      1745,  4.6480494215441,  3.3110083611962,  0.0            
      1746,  4.793313317846 ,  3.3771268256919,  0.0            
      1747,  4.7348380312146,  3.2810011794167,  0.0            
      1748,  4.6786400720304,  3.1977658024514,  0.0            
      1749,  3.0070128846328,  3.0459182357525,  0.0            
      1750,  3.0563158984462,  3.2820640616444,  0.0            
      1751,  2.9693805592275,  2.945336918002 ,  0.0            
      1752,  4.7985122784662,  3.2196813842891,  0.0            
      1753,  4.7522137877807,  3.1467666332615,  0.0            
      1754,  4.8456351917312,  3.2942485787903,  0.0            
      1755,  4.8917121436582,  3.2347594488467,  0.0            
      1756,  4.8630417663366,  3.1671850300933,  0.0            
      1757,  4.8303893566868,  3.0884405683774,  0.0            
      1758,  4.8958330982508,  2.9529756053361,  0.0            
      1759,  4.9206222506078,  3.0542089238032,  0.0            
      1760,  4.9448955720008,  3.1423195499298,  0.0            
      1761,  4.9576917749031,  3.2276624679278,  0.0            
      1762,  4.9362179322175,  3.3139301102654,  0.0            
      1763,  4.9052529305492,  3.4014055553352,  0.0            
      1764,  4.6888868985411,  3.4009695613017,  0.0            
      1765,  4.5882158789822,  3.4245225875857,  0.0            
      1766,  4.4866799211288,  3.4380354124698,  0.0            
      1767,  4.3962868198594,  3.4142747172443,  0.0            
      1768,  4.3027566478182,  3.3874567564742,  0.0            
      1769,  4.2047971529222,  3.3865870115208,  0.0            
      1770,  4.1026982931546,  3.3926002940516,  0.0            
      1771,  3.9999727991124,  3.3950125510966,  0.0            
      1772,  3.8969632238357,  3.3928785640549,  0.0            
      1773,  3.7938037649261,  3.3861151525188,  0.0            
      1774,  3.689915057073 ,  3.3744260394336,  0.0            
      1775,  3.5852990258028,  3.3569315677433,  0.0            
      1776,  3.4794231060865,  3.3256282170406,  0.0            
      1777,  3.3721892560709,  3.2941081160519,  0.0            
      1778,  3.1645040082112,  3.4012373751421,  0.0            
      1779,  3.2698677263133,  0.802411702514 ,  0.0            
      1780,  3.1926338685548,  0.9472455611068,  0.0            
      1781,  3.0835235834816,  0.9169666378197,  0.0            
      1782,  3.0450369481014,  0.9981107883601,  0.0            
      1783,  2.9847557117543,  0.8826304807909,  0.0            
      1784,  2.9628896250406,  0.9683941285335,  0.0            
      1785,  2.9470148562608,  1.0415797425992,  0.0            
      1786,  2.8747141838611,  0.9771031530928,  0.0            
      1787,  2.8760402046962,  1.0666525632759,  0.0            
      1788,  2.7918814321902,  1.0982858097831,  0.0            
      1789,  2.7874513684567,  0.9943078760403,  0.0            
      1790,  2.9876977008914,  1.0790234746714,  0.0            
      1791,  2.9067925007183,  1.1510179945343,  0.0            
      1792,  2.8215126538793,  1.2108534963409,  0.0            
      1793,  2.7466819926049,  1.5467904338835,  0.0            
      1794,  2.6932241924968,  1.4250474418109,  0.0            
      1795,  2.6972557916514,  1.3101244692366,  0.0            
      1796,  2.7098771977146,  1.2103375132298,  0.0            
      1797,  2.6989198076283,  1.1036576181896,  0.0            
      1798,  2.6928913873433,  1.0001184984176,  0.0            
      1799,  4.9033233185335,  3.4969414579445,  0.0            
      1800,  4.8021835581174,  3.4916453862274,  0.0            
      1801,  4.6998855440515,  3.5002549945357,  0.0            
      1802,  4.5984237016822,  3.509218492959 ,  0.0            
      1803,  4.4946164098289,  3.5198582238034,  0.0            
      1804,  4.3971112847631,  3.5030144145098,  0.0            
      1805,  4.2988264225153,  3.4925700943608,  0.0            
      1806,  4.2007028600785,  3.4912429114443,  0.0            
      1807,  4.1008276989951,  3.4937965836438,  0.0            
      1808,  3.9995201643626,  3.4950965955674,  0.0            
      1809,  3.8973421718338,  3.4936331159008,  0.0            
      1810,  3.7945549321759,  3.489117700955 ,  0.0            
      1811,  3.6907159683364,  3.4811450436255,  0.0            
      1812,  3.5857235142307,  3.46878044461  ,  0.0            
      1813,  3.4795330633921,  3.4506401332169,  0.0            
      1814,  3.3724020110924,  3.4270943978574,  0.0            
      1815,  3.267992838312 ,  3.4066416830706,  0.0            
      1816,  3.0624646999044,  3.4141200596146,  0.0            
      1817,  2.953116010111 ,  3.4285536025696,  0.0            
      1818,  2.9357747641287,  3.3078865485964,  0.0            
      1819,  5.0312809592258,  0.9694146927076,  0.0            
      1820,  2.923697248095 ,  3.1924319089365,  0.0            
      1821,  2.9004521648224,  3.0854511821063,  0.0            
      1822,  2.8779418502673,  2.9857465599691,  0.0            
      1823,  2.7955336067361,  2.8950588550575,  0.0            
      1824,  2.7909280034276,  2.994239505988 ,  0.0            
      1825,  2.7990766310171,  3.09862879311  ,  0.0            
      1826,  2.8133981469338,  3.2091179917813,  0.0            
      1827,  2.8276641867282,  3.3248455580249,  0.0            
      1828,  2.8482720843547,  3.4415289268343,  0.0            
      1829,  5.0448508912093,  1.0409149991868,  0.0            
      1830,  5.0065993761909,  1.0731179890964,  0.0            
      1831,  2.8668491938916,  2.9098028954801,  0.0            
      1832,  2.919109353301 ,  2.8598855588665,  0.0            
      1833,  2.8361674176183,  2.8030868995472,  0.0            
      1834,  2.7511134868472,  2.7648290127492,  0.0            
      1835,  2.7829407103055,  2.542815898704 ,  0.0            
      1836,  2.6413930514338,  2.7696275104206,  0.0            
      1837,  2.7117779419829,  2.8777663420456,  0.0            
      1838,  2.7014618734317,  2.9897484820427,  0.0            
      1839,  2.6993926726932,  3.1016352443043,  0.0            
      1840,  2.7072192419306,  3.2139541618971,  0.0            
      1841,  2.7218996091026,  3.3295823569403,  0.0            
      1842,  2.7422498103335,  3.4453588354526,  0.0            
      1843,  2.5968708689579,  1.0012368825087,  0.0            
      1844,  2.6000696726393,  1.1027275521157,  0.0            
      1845,  2.6032866677749,  1.2050240932368,  0.0            
      1846,  2.6021965421566,  1.309316946635 ,  0.0            
      1847,  2.6059827686628,  1.4177406112138,  0.0            
      1848,  2.6311861493473,  1.5188549142712,  0.0            
      1849,  2.6089949128316,  1.6132785304536,  0.0            
      1850,  2.5708481107447,  1.690949980828 ,  0.0            
      1851,  2.6036942960949,  1.7647975580816,  0.0            
      1852,  2.6088539086596,  1.8568579772972,  0.0            
      1853,  2.6058083987894,  1.9569911554651,  0.0            
      1854,  2.6042468014843,  2.0621223815907,  0.0            
      1855,  2.6069268549315,  2.1661475412037,  0.0            
      1856,  2.6127127884494,  2.268729197465 ,  0.0            
      1857,  2.6221745437229,  2.3699560969921,  0.0            
      1858,  2.637214499166 ,  2.4696274828837,  0.0            
      1859,  2.6551892035795,  2.56804074586  ,  0.0            
      1860,  2.6686053725354,  2.6649644349156,  0.0            
      1861,  2.6139678792537,  2.8797054645375,  0.0            
      1862,  2.6041989363855,  2.9888444270707,  0.0            
      1863,  2.6008607769554,  3.1007637621993,  0.0            
      1864,  2.6053828348742,  3.2128936938868,  0.0            
      1865,  2.6176666023987,  3.3277883911441,  0.0            
      1866,  2.6363073191938,  3.4427638450016,  0.0            
      1867,  5.0097095299548,  0.8825486730289,  0.0            
      1868,  4.9493731523211,  0.9977524102252,  0.0            
      1869,  4.9087998310347,  0.9173474641568,  0.0            
      1870,  2.498902931546 ,  1.0009432425811,  0.0            
      1871,  2.500417579294 ,  1.1017111470675,  0.0            
      1872,  2.5021096968723,  1.2031128809223,  0.0            
      1873,  2.5034262661354,  1.304802882098 ,  0.0            
      1874,  2.5076070644328,  1.4070218325861,  0.0            
      1875,  2.5092493945324,  1.5058694446513,  0.0            
      1876,  2.5039064293279,  1.6026915153154,  0.0            
      1877,  2.4865827031544,  1.696233698072 ,  0.0            
      1878,  2.4982602407403,  1.7869021288753,  0.0            
      1879,  2.3981810419425,  1.7973020298942,  0.0            
      1880,  2.395224954482 ,  1.6979863735219,  0.0            
      1881,  2.4009078171579,  1.598875755394 ,  0.0            
      1882,  2.405730441082 ,  1.500590736468 ,  0.0            
      1883,  2.4051698958385,  1.4019501767078,  0.0            
      1884,  2.4029777042073,  1.3018385025899,  0.0            
      1885,  2.4015134436075,  1.2014562416671,  0.0            
      1886,  2.4003801130655,  1.1008640070766,  0.0            
      1887,  2.3995948655011,  1.0004978127613,  0.0            
      1888,  2.300848305538 ,  1.2005694715113,  0.0            
      1889,  2.3002643109468,  1.1003593014721,  0.0            
      1890,  2.2999223180783,  1.0001999203713,  0.0            
      1891,  4.9026955829527,  3.5966555522387,  0.0            
      1892,  4.802560683013 ,  3.595488075239 ,  0.0            
      1893,  4.7021716858479,  3.599472750303 ,  0.0            
      1894,  2.2004671246515,  1.2002078398631,  0.0            
      1895,  2.2001335240121,  1.1001298041878,  0.0            
      1896,  4.6009622745163,  3.6040327021952,  0.0            
      1897,  4.49935305382  ,  3.6043723277312,  0.0            
      1898,  4.39859164194  ,  3.5999253513352,  0.0            
      1899,  4.2991082824786,  3.5955600072285,  0.0            
      1900,  4.1999462555948,  3.5946633617061,  0.0            
      1901,  4.1001472918848,  3.5956313918354,  0.0            
      1902,  3.9995617187608,  3.596159295629 ,  0.0            
      1903,  3.8983309972444,  3.595258077694 ,  0.0            
      1904,  3.7965227182325,  3.5926222952839,  0.0            
      1905,  3.6938973858811,  3.587900905802 ,  0.0            
      1906,  3.5902694264926,  3.5803333426991,  0.0            
      1907,  3.486011672714 ,  3.5689058613314,  0.0            
      1908,  3.3813804643304,  3.5539250658812,  0.0            
      1909,  3.2782167181015,  3.5400849297067,  0.0            
      1910,  3.1759906384252,  3.5358959154812,  0.0            
      1911,  3.0754941392478,  3.5416109824196,  0.0            
      1912,  2.9732902207053,  3.5529940181265,  0.0            
      1913,  2.8699567668482,  3.5610792105274,  0.0            
      1914,  2.7641579424648,  3.5631945330206,  0.0            
      1915,  2.6577551562267,  3.5597894423712,  0.0            
      1916,  2.5030251988978,  1.8834433797966,  0.0            
      1917,  2.4017680980421,  1.8958104206907,  0.0            
      1918,  2.3017042969042,  1.3006177044957,  0.0            
      1919,  2.200934307961 ,  1.3002107315014,  0.0            
      1920,  2.3026598575185,  1.4004456282286,  0.0            
      1921,  1.499999783848 ,  0.2999998112645,  0.0            
      1922,  1.6            ,  0.2999997892381,  0.0            
      1923,  1.7            ,  0.2999997892381,  0.0            
      1924,  1.8            ,  0.2999997892381,  0.0            
      1925,  1.9            ,  0.2999997892381,  0.0            
      1926,  2.0            ,  0.2999997892381,  0.0            
      1927,  2.1            ,  0.2999997892381,  0.0            
      1928,  2.2            ,  0.2999997892381,  0.0            
      1929,  2.3            ,  0.2999997892381,  0.0            
      1930,  2.4            ,  0.2999997892381,  0.0            
      1931,  2.5            ,  0.2999997892381,  0.0            
      1932,  2.6            ,  0.2999997892381,  0.0            
      1933,  2.7            ,  0.2999997892381,  0.0            
      1934,  2.8            ,  0.2999997892381,  0.0            
      1935,  2.9            ,  0.2999997892381,  0.0            
      1936,  3.0            ,  0.2999997892381,  0.0            
      1937,  3.1            ,  0.2999997892381,  0.0            
      1938,  3.2            ,  0.2999997892381,  0.0            
      1939,  3.3            ,  0.2999997892381,  0.0            
      1940,  3.4            ,  0.2999997892381,  0.0            
      1941,  3.5            ,  0.2999997892381,  0.0            
      1942,  3.6            ,  0.2999997892381,  0.0            
      1943,  3.7            ,  0.2999997892381,  0.0            
      1944,  3.8            ,  0.2999997892381,  0.0            
      1945,  3.9            ,  0.2999997892381,  0.0            
      1946,  4.0            ,  0.2999997892381,  0.0            
      1947,  4.1            ,  0.2999997892381,  0.0            
      1948,  4.2            ,  0.2999997892381,  0.0            
      1949,  4.3095275986694,  0.3090740121234,  0.0            
      1950,  4.4172843612492,  0.316311541607 ,  0.0            
      1951,  4.5249208963711,  0.3244887642289,  0.0            
      1952,  4.6334816571143,  0.3373958114899,  0.0            
      1953,  4.7436721482102,  0.3480943885175,  0.0            
      1954,  4.9424431248313,  0.2439977200226,  0.0            
      1955,  5.0500000031762,  0.2499998604979,  0.0            
      1956,  5.1500000031762,  0.2499998604979,  0.0            
      1957,  5.2581203755202,  0.2523823585026,  0.0            
      1958,  5.364986369806 ,  0.2621320592382,  0.0            
      1959,  5.4820825292833,  0.2843728118631,  0.0            
      1960,  5.6            ,  0.2999997892381,  0.0            
      1961,  5.7            ,  0.2999997892381,  0.0            
      1962,  5.8            ,  0.2999997892381,  0.0            
      1963,  5.9            ,  0.2999997892381,  0.0            
      1964,  6.0            ,  0.2999997892381,  0.0            
      1965,  6.1            ,  0.2999997892381,  0.0            
      1966,  6.2            ,  0.2999997892381,  0.0            
      1967,  6.3            ,  0.2999997892381,  0.0            
      1968,  6.4            ,  0.2999997892381,  0.0            
      1969,  6.4999998618999,  0.2999997892381,  0.0            
      1970,  6.6            ,  0.2999998074186,  0.0            
      1971,  6.7            ,  0.2999998074186,  0.0            
      1972,  6.8            ,  0.2999998074186,  0.0            
      1973,  6.9            ,  0.2999998074186,  0.0            
      1974,  6.9999996690926,  0.2999998074186,  0.0            
      1975,  7.0999999795686,  0.2999998482909,  0.0            
      1976,  7.2            ,  0.2999998482909,  0.0            
      1977,  7.3            ,  0.2999998482909,  0.0            
      1978,  7.4000000315091,  0.2999998482909,  0.0            
      1979,  7.4999999562514,  0.2999998167489,  0.0            
      1980,  1.1            ,  0.199999903172 ,  0.0            
      1981,  1.2            ,  0.199999903172 ,  0.0            
      1982,  1.3            ,  0.199999903172 ,  0.0            
      1983,  1.4            ,  0.199999903172 ,  0.0            
      1984,  1.5            ,  0.199999903172 ,  0.0            
      1985,  1.6            ,  0.199999903172 ,  0.0            
      1986,  1.7            ,  0.199999903172 ,  0.0            
      1987,  1.8            ,  0.199999903172 ,  0.0            
      1988,  1.9            ,  0.199999903172 ,  0.0            
      1989,  2.0            ,  0.199999903172 ,  0.0            
      1990,  2.1            ,  0.199999903172 ,  0.0            
      1991,  2.2            ,  0.199999903172 ,  0.0            
      1992,  2.3            ,  0.199999903172 ,  0.0            
      1993,  2.4            ,  0.199999903172 ,  0.0            
      1994,  2.5            ,  0.199999903172 ,  0.0            
      1995,  2.6            ,  0.199999903172 ,  0.0            
      1996,  2.7            ,  0.199999903172 ,  0.0            
      1997,  2.8            ,  0.199999903172 ,  0.0            
      1998,  2.9            ,  0.199999903172 ,  0.0            
      1999,  3.0            ,  0.199999903172 ,  0.0            
      2000,  3.1            ,  0.199999903172 ,  0.0            
      2001,  3.2            ,  0.199999903172 ,  0.0            
      2002,  3.3            ,  0.199999903172 ,  0.0            
      2003,  3.4            ,  0.199999903172 ,  0.0            
      2004,  3.5            ,  0.199999903172 ,  0.0            
      2005,  3.6            ,  0.199999903172 ,  0.0            
      2006,  3.7            ,  0.199999903172 ,  0.0            
      2007,  3.8            ,  0.199999903172 ,  0.0            
      2008,  3.9            ,  0.199999903172 ,  0.0            
      2009,  4.0            ,  0.199999903172 ,  0.0            
      2010,  4.1            ,  0.199999903172 ,  0.0            
      2011,  4.2            ,  0.199999903172 ,  0.0            
      2012,  4.3            ,  0.199999903172 ,  0.0            
      2013,  4.4            ,  0.199999903172 ,  0.0            
      2014,  4.5071217937093,  0.2071216968813,  0.0            
      2015,  4.6156399169589,  0.2197204184293,  0.0            
      2016,  4.7255069217022,  0.230383442226 ,  0.0            
      2017,  4.8346217898381,  0.2381538654317,  0.0            
      2018,  5.4759885119904,  0.1766818622582,  0.0            
      2019,  5.5991078016728,  0.1991077048448,  0.0            
      2020,  5.7            ,  0.199999903172 ,  0.0            
      2021,  5.8            ,  0.199999903172 ,  0.0            
      2022,  5.9            ,  0.199999903172 ,  0.0            
      2023,  6.0            ,  0.199999903172 ,  0.0            
      2024,  6.1            ,  0.199999903172 ,  0.0            
      2025,  6.2            ,  0.199999903172 ,  0.0            
      2026,  6.3            ,  0.199999903172 ,  0.0            
      2027,  6.4            ,  0.199999903172 ,  0.0            
      2028,  6.5            ,  0.199999903172 ,  0.0            
      2029,  6.6            ,  0.199999903172 ,  0.0            
      2030,  6.7            ,  0.199999903172 ,  0.0            
      2031,  6.8            ,  0.199999903172 ,  0.0            
      2032,  6.9            ,  0.199999903172 ,  0.0            
      2033,  6.9999996895332,  0.199999903172 ,  0.0            
      2034,  7.1            ,  0.1999999440443,  0.0            
      2035,  7.2            ,  0.1999999440443,  0.0            
      2036,  7.3            ,  0.1999999440443,  0.0            
      2037,  7.4000000157545,  0.1999999440443,  0.0            
      2038,  0.9999997923794,  3.8000005744188,  0.0            
      2039,  0.9000000000002,  3.8000007758   ,  0.0            
      2040,  0.8            ,  3.8000007758   ,  0.0            
      2041,  0.7            ,  3.8000007758   ,  0.0            
      2042,  0.6000000996941,  3.8000007758   ,  0.0            
      2043,  0.4999991027441,  3.8000005764104,  0.0            
      2044,  0.9999998279157,  0.1999998453827,  0.0            
      2045,  0.9            ,  0.1999998013456,  0.0            
      2046,  0.8            ,  0.1999998013456,  0.0            
      2047,  0.7            ,  0.1999998013456,  0.0            
      2048,  0.6            ,  0.1999998013456,  0.0            
      2049,  0.4999996026912,  0.1999998013456,  0.0            
      2050,  0.3999999999983,  3.8000005764104,  0.0            
      2051,  0.3999999999998,  0.1999998013456,  0.0            
      2052,  7.5999999921146,  3.7            ,  0.0            
      2053,  7.5999999921146,  3.6            ,  0.0            
      2054,  7.5999999921146,  3.5            ,  0.0            
      2055,  7.5999999921146,  3.4            ,  0.0            
      2056,  7.5999999921146,  3.3            ,  0.0            
      2057,  7.5999999921146,  3.2            ,  0.0            
      2058,  7.5999999921146,  3.1            ,  0.0            
      2059,  7.5999999921146,  3.0            ,  0.0            
      2060,  7.5999999921146,  2.9            ,  0.0            
      2061,  7.5999999921146,  2.8            ,  0.0            
      2062,  7.5999999921146,  2.7            ,  0.0            
      2063,  7.5999999921146,  2.6            ,  0.0            
      2064,  7.5999999921146,  2.5            ,  0.0            
      2065,  7.5999999921146,  2.4            ,  0.0            
      2066,  7.5999999921146,  2.3            ,  0.0            
      2067,  7.5999999921146,  2.2            ,  0.0            
      2068,  7.5999999921146,  2.1            ,  0.0            
      2069,  7.5999999921146,  2.0            ,  0.0            
      2070,  7.5999999921146,  1.9            ,  0.0            
      2071,  7.5999999921146,  1.8            ,  0.0            
      2072,  7.5999999921146,  1.7            ,  0.0            
      2073,  7.5999999921146,  1.6            ,  0.0            
      2074,  7.5999999921146,  1.5            ,  0.0            
      2075,  7.5999999921146,  1.4            ,  0.0            
      2076,  7.5999999921146,  1.3            ,  0.0            
      2077,  7.5999999921146,  1.2            ,  0.0            
      2078,  7.5999999921146,  1.1            ,  0.0            
      2079,  7.5999999921146,  1.0            ,  0.0            
      2080,  7.5999999921146,  0.9            ,  0.0            
      2081,  7.5999999921146,  0.8            ,  0.0            
      2082,  7.5999999921146,  0.7            ,  0.0            
      2083,  7.5999999921146,  0.6            ,  0.0            
      2084,  7.5999999921146,  0.5            ,  0.0            
      2085,  7.5999999921146,  0.4            ,  0.0            
      2086,  7.4999999203881,  0.1999999125023,  0.0            
      2087,  7.5999999921146,  0.3            ,  0.0            
      2088,  7.5999999921146,  0.2000000961403,  0.0            
      2089,  7.7            ,  0.3            ,  0.0            
      2090,  7.7            ,  0.4            ,  0.0            
      2091,  7.7            ,  0.5            ,  0.0            
      2092,  7.7            ,  0.6            ,  0.0            
      2093,  7.7            ,  0.7            ,  0.0            
      2094,  7.7            ,  0.8            ,  0.0            
      2095,  7.7            ,  0.9            ,  0.0            
      2096,  7.7            ,  1.0            ,  0.0            
      2097,  7.7            ,  1.1            ,  0.0            
      2098,  7.7            ,  1.2            ,  0.0            
      2099,  7.7            ,  1.3            ,  0.0            
      2100,  7.7            ,  1.4            ,  0.0            
      2101,  7.7            ,  1.5            ,  0.0            
      2102,  7.7            ,  1.6            ,  0.0            
      2103,  7.7            ,  1.7            ,  0.0            
      2104,  7.7            ,  1.8            ,  0.0            
      2105,  7.7            ,  1.9            ,  0.0            
      2106,  7.7            ,  2.0            ,  0.0            
      2107,  7.7            ,  2.1            ,  0.0            
      2108,  7.7            ,  2.2            ,  0.0            
      2109,  7.7            ,  2.3            ,  0.0            
      2110,  7.7            ,  2.4            ,  0.0            
      2111,  7.7            ,  2.5            ,  0.0            
      2112,  7.7            ,  2.6            ,  0.0            
      2113,  7.7            ,  2.7            ,  0.0            
      2114,  7.7            ,  2.8            ,  0.0            
      2115,  7.600000000003 ,  3.8000007793619,  0.0            
      2116,  7.7            ,  2.9            ,  0.0            
      2117,  7.7            ,  3.0            ,  0.0            
      2118,  7.7            ,  3.1            ,  0.0            
      2119,  7.7            ,  3.2            ,  0.0            
      2120,  7.7            ,  3.3            ,  0.0            
      2121,  7.7            ,  3.4            ,  0.0            
      2122,  7.7            ,  3.5            ,  0.0            
      2123,  7.7            ,  3.6            ,  0.0            
      2124,  7.7            ,  3.7            ,  0.0            
      2125,  7.7            ,  3.8            ,  0.0            
      2126,  7.7            ,  0.199999984229 ,  0.0            
      2127,  7.8            ,  0.2            ,  0.0            
      2128,  7.8            ,  0.3            ,  0.0            
      2129,  7.8            ,  0.4            ,  0.0            
      2130,  7.8            ,  0.5            ,  0.0            
      2131,  7.8            ,  0.6            ,  0.0            
      2132,  7.8            ,  0.7            ,  0.0            
      2133,  7.8            ,  0.8            ,  0.0            
      2134,  7.8            ,  0.9            ,  0.0            
      2135,  7.8            ,  1.0            ,  0.0            
      2136,  7.8            ,  1.1            ,  0.0            
      2137,  7.8            ,  1.2            ,  0.0            
      2138,  7.8            ,  1.3            ,  0.0            
      2139,  7.8            ,  1.4            ,  0.0            
      2140,  7.8            ,  1.5            ,  0.0            
      2141,  7.8            ,  1.6            ,  0.0            
      2142,  7.8            ,  1.7            ,  0.0            
      2143,  7.8            ,  1.8            ,  0.0            
      2144,  7.8            ,  1.9            ,  0.0            
      2145,  7.8            ,  2.0            ,  0.0            
      2146,  7.8            ,  2.1            ,  0.0            
      2147,  7.8            ,  2.2            ,  0.0            
      2148,  7.8            ,  2.3            ,  0.0            
      2149,  7.8            ,  2.4            ,  0.0            
      2150,  7.8            ,  2.5            ,  0.0            
      2151,  7.8            ,  2.6            ,  0.0            
      2152,  7.8            ,  2.7            ,  0.0            
      2153,  7.8            ,  2.8            ,  0.0            
      2154,  0.3            ,  3.8            ,  0.0            
      2155,  0.3            ,  3.7            ,  0.0            
      2156,  0.3            ,  3.6            ,  0.0            
      2157,  0.3            ,  3.5            ,  0.0            
      2158,  0.3            ,  3.4            ,  0.0            
      2159,  0.3            ,  3.3            ,  0.0            
      2160,  0.3            ,  3.2            ,  0.0            
      2161,  0.3            ,  3.1            ,  0.0            
      2162,  0.3            ,  3.0            ,  0.0            
      2163,  0.3            ,  2.9            ,  0.0            
      2164,  0.3            ,  2.8            ,  0.0            
      2165,  0.3            ,  2.7            ,  0.0            
      2166,  0.3            ,  2.6            ,  0.0            
      2167,  0.3            ,  2.5            ,  0.0            
      2168,  0.3            ,  2.4            ,  0.0            
      2169,  0.3            ,  2.3            ,  0.0            
      2170,  0.3            ,  2.2            ,  0.0            
      2171,  0.3            ,  2.1            ,  0.0            
      2172,  0.3            ,  2.0            ,  0.0            
      2173,  0.3            ,  1.9            ,  0.0            
      2174,  0.3            ,  1.8            ,  0.0            
      2175,  0.3            ,  1.7            ,  0.0            
      2176,  0.3            ,  1.6            ,  0.0            
      2177,  0.3            ,  1.5            ,  0.0            
      2178,  0.3            ,  1.4            ,  0.0            
      2179,  0.3            ,  1.3            ,  0.0            
      2180,  0.3            ,  1.2            ,  0.0            
      2181,  0.3            ,  1.1            ,  0.0            
      2182,  0.3            ,  1.0            ,  0.0            
      2183,  0.3            ,  0.9            ,  0.0            
      2184,  0.3            ,  0.8            ,  0.0            
      2185,  0.3            ,  0.7            ,  0.0            
      2186,  0.3            ,  0.6            ,  0.0            
      2187,  0.3            ,  0.5            ,  0.0            
      2188,  0.3            ,  0.4            ,  0.0            
      2189,  0.3            ,  0.3            ,  0.0            
      2190,  7.8            ,  2.9            ,  0.0            
      2191,  7.8            ,  3.0            ,  0.0            
      2192,  7.8            ,  3.1            ,  0.0            
      2193,  7.8            ,  3.2            ,  0.0            
      2194,  7.8            ,  3.3            ,  0.0            
      2195,  7.8            ,  3.4            ,  0.0            
      2196,  7.8            ,  3.5            ,  0.0            
      2197,  7.8            ,  3.6            ,  0.0            
      2198,  7.8            ,  3.7            ,  0.0            
      2199,  0.2            ,  3.8            ,  0.0            
      2200,  0.2            ,  3.7            ,  0.0            
      2201,  0.2            ,  3.6            ,  0.0            
      2202,  0.2            ,  3.5            ,  0.0            
      2203,  0.2            ,  3.4            ,  0.0            
      2204,  0.2            ,  3.3            ,  0.0            
      2205,  0.2            ,  3.2            ,  0.0            
      2206,  0.2            ,  3.1            ,  0.0            
      2207,  0.2            ,  3.0            ,  0.0            
      2208,  0.2            ,  2.9            ,  0.0            
      2209,  0.2            ,  2.8            ,  0.0            
      2210,  0.2            ,  2.7            ,  0.0            
      2211,  0.2            ,  2.6            ,  0.0            
      2212,  0.2            ,  2.5            ,  0.0            
      2213,  0.2            ,  2.4            ,  0.0            
      2214,  0.2            ,  2.3            ,  0.0            
      2215,  0.2            ,  2.2            ,  0.0            
      2216,  0.2            ,  2.1            ,  0.0            
      2217,  0.2            ,  2.0            ,  0.0            
      2218,  0.2            ,  1.9            ,  0.0            
      2219,  0.2            ,  1.8            ,  0.0            
      2220,  0.2            ,  1.7            ,  0.0            
      2221,  0.2            ,  1.6            ,  0.0            
      2222,  0.2            ,  1.5            ,  0.0            
      2223,  0.2            ,  1.4            ,  0.0            
      2224,  0.2            ,  1.3            ,  0.0            
      2225,  0.2            ,  1.2            ,  0.0            
      2226,  0.2            ,  1.1            ,  0.0            
      2227,  0.2            ,  1.0            ,  0.0            
      2228,  0.2            ,  0.9            ,  0.0            
      2229,  0.2            ,  0.8            ,  0.0            
      2230,  0.2            ,  0.7            ,  0.0            
      2231,  0.2            ,  0.6            ,  0.0            
      2232,  0.2            ,  0.5            ,  0.0            
      2233,  0.3            ,  0.2            ,  0.0            
      2234,  0.2            ,  0.4            ,  0.0            
      2235,  0.2            ,  0.3            ,  0.0            
      2236,  0.2            ,  0.2            ,  0.0            
      2237,  7.8            ,  3.8            ,  0.0            
      2238,  4.8155967080774,  0.9604573744453,  0.0            
      2239,  4.8744816157542,  1.0445032746801,  0.0            
      2240,  4.9431807913726,  1.1296701419902,  0.0            
      2241,  5.0229736505288,  1.2110524639376,  0.0            
      2242,  5.1024042043916,  1.2772515393086,  0.0            
      2243,  5.1939886659155,  1.3542096750056,  0.0            
      2244,  5.2555988240781,  1.5546996090081,  0.0            
      2245,  5.2772363367137,  1.6551987495779,  0.0            
      2246,  5.2880873494848,  1.759982555189 ,  0.0            
      2247,  5.294106348458 ,  1.8628979587251,  0.0            
      2248,  5.2976756971445,  1.9670915750216,  0.0            
      2249,  5.2948404466262,  2.074504562457 ,  0.0            
      2250,  5.296732756414 ,  2.186732551802 ,  0.0            
      2251,  5.3040708236945,  2.3297472049648,  0.0            
      2252,  5.1719476618326,  2.5305846179795,  0.0            
      2253,  5.1310529248406,  2.6283665937813,  0.0            
      2254,  5.0853534735339,  2.7193856007353,  0.0            
      2255,  5.0164521973055,  2.7915755118022,  0.0            
      2256,  4.9467234929886,  2.8628446184723,  0.0            
      2257,  4.8013472753206,  3.0050019247646,  0.0            
      2258,  4.7074952703082,  3.0742724411875,  0.0            
      2259,  4.622002034236 ,  3.1265663111384,  0.0            
      2260,  4.5316065501482,  3.1695976566052,  0.0            
      2261,  4.326485987037 ,  3.2663167396426,  0.0            
      2262,  4.2162061768674,  3.2812968926639,  0.0            
      2263,  4.103797294908 ,  3.2934175056805,  0.0            
      2264,  4.0004987865927,  3.2967827171045,  0.0            
      2265,  3.8980900390149,  3.2936759959144,  0.0            
      2266,  3.796238795423 ,  3.2841706171221,  0.0            
      2267,  3.6946095739905,  3.2681486262336,  0.0            
      2268,  3.2821674335093,  3.1275502365412,  0.0            
      2269,  3.1694697125163,  3.0933061872961,  0.0            
      2270,  3.1034926568909,  2.9833467483729,  0.0            
      2271,  3.0457759737034,  2.8838595724028,  0.0            
      2272,  2.980824225723 ,  2.7949331928397,  0.0            
      2273,  2.8901930791096,  2.7184984451809,  0.0            
      2274,  2.807708345423 ,  2.6444550004123,  0.0            
      2275,  2.7522008321934,  2.4383877555268,  0.0            
      2276,  2.724515560406 ,  2.3413823408069,  0.0            
      2277,  2.7125878733723,  2.2394087319222,  0.0            
      2278,  2.7063625056574,  2.1366542181728,  0.0            
      2279,  2.7026498392195,  2.0326223223136,  0.0            
      2280,  2.7053821976359,  1.925290522439 ,  0.0            
      2281,  2.7042300037736,  1.812408820429 ,  0.0            
      2282,  2.6960247684891,  1.6702935996999,  0.0            
      2283,  2.8277707966463,  1.4703147726851,  0.0            
      2284,  2.8696149191055,  1.370640589344 ,  0.0            
      2285,  2.9148734826383,  1.2810761022509,  0.0            
      2286,  2.9819532287354,  1.2078050748096,  0.0            
      2287,  3.0584133758717,  1.1252769339493,  0.0            
      2288,  3.1281985149166,  1.0373940221088,  0.0            
      2289,  3.2969328553696,  0.9077546367346,  0.0            
      2290,  3.3964762936513,  0.8622163660791,  0.0            
      2291,  3.6946897293179,  0.7298030529722,  0.0            
      2292,  3.7964337347139,  0.7143770265653,  0.0            
      2293,  3.8985143404269,  0.704952289221 ,  0.0            
      2294,  4.0011404964701,  0.7017051945261,  0.0            
      2295,  4.1046421857456,  0.7048272511875,  0.0            
      2296,  4.2085296507755,  0.7150448790647,  0.0            
      2297,  4.5242233467776,  0.791291438501 ,  0.0            
      2298,  0.2            ,  3.9000001558722,  0.0            
      2299,  0.3            ,  3.9000001558722,  0.0            
      2300,  0.4            ,  3.9000001558722,  0.0            
      2301,  0.4999990030514,  3.9000001558722,  0.0            
      2302,  0.6            ,  3.9000003552619,  0.0            
      2303,  0.7            ,  3.9000003552619,  0.0            
      2304,  0.8            ,  3.9000003552619,  0.0            
      2305,  0.9            ,  3.9000003552619,  0.0            
      2306,  1.0            ,  3.9000003552619,  0.0            
      2307,  1.1            ,  3.9000003552619,  0.0            
      2308,  1.2            ,  3.9000003552619,  0.0            
      2309,  1.2956992383839,  3.9124791840387,  0.0            
      2310,  1.3833083677908,  3.9234683541797,  0.0            
      2311,  1.4507573917703,  3.8619647604346,  0.0            
      2312,  1.5652220288584,  3.8722163794754,  0.0            
      2313,  1.6719627949768,  3.8743999808945,  0.0            
      2314,  1.7760470004632,  3.8752042113626,  0.0            
      2315,  1.8789837160314,  3.8771130243595,  0.0            
      2316,  1.9826854462957,  3.8796242300929,  0.0            
      2317,  2.0932122491872,  3.8906251620567,  0.0            
      2318,  2.1982307486346,  3.8982311038965,  0.0            
      2319,  2.3            ,  3.9000003552619,  0.0            
      2320,  2.4            ,  3.9000003552619,  0.0            
      2321,  2.5            ,  3.9000003552619,  0.0            
      2322,  2.6            ,  3.9000003552619,  0.0            
      2323,  2.7            ,  3.9000003552619,  0.0            
      2324,  2.8            ,  3.9000003552619,  0.0            
      2325,  2.9            ,  3.9000003552619,  0.0            
      2326,  3.0            ,  3.9000003552619,  0.0            
      2327,  3.1            ,  3.9000003552619,  0.0            
      2328,  3.2            ,  3.9000003552619,  0.0            
      2329,  3.3            ,  3.9000003552619,  0.0            
      2330,  3.4            ,  3.9000003552619,  0.0            
      2331,  3.5            ,  3.9000003552619,  0.0            
      2332,  3.6            ,  3.9000003552619,  0.0            
      2333,  3.7            ,  3.9000003552619,  0.0            
      2334,  3.8            ,  3.9000003552619,  0.0            
      2335,  3.9            ,  3.9000003552619,  0.0            
      2336,  4.0            ,  3.9000003552619,  0.0            
      2337,  4.1            ,  3.9000003552619,  0.0            
      2338,  4.2            ,  3.9000003552619,  0.0            
      2339,  4.3            ,  3.9000003552619,  0.0            
      2340,  4.4            ,  3.9000003552619,  0.0            
      2341,  4.5            ,  3.9000003552619,  0.0            
      2342,  4.6            ,  3.9000003552619,  0.0            
      2343,  4.7            ,  3.9000003552619,  0.0            
      2344,  4.8            ,  3.9000003552619,  0.0            
      2345,  4.9            ,  3.9000003552619,  0.0            
      2346,  5.0            ,  3.9000003552619,  0.0            
      2347,  5.1            ,  3.9000003552619,  0.0            
      2348,  5.2            ,  3.9000003552619,  0.0            
      2349,  5.3            ,  3.9000003552619,  0.0            
      2350,  5.4            ,  3.9000003552619,  0.0            
      2351,  5.5000001769702,  3.8999990870357,  0.0            
      2352,  5.6            ,  3.9000003552619,  0.0            
      2353,  5.7000001320055,  3.8999992300246,  0.0            
      2354,  5.8            ,  3.9000003552619,  0.0            
      2355,  5.9000000561875,  3.8999993343555,  0.0            
      2356,  6.0            ,  3.9000003552619,  0.0            
      2357,  6.1            ,  3.9000003552619,  0.0            
      2358,  6.2            ,  3.9000003552619,  0.0            
      2359,  6.3            ,  3.9000003552619,  0.0            
      2360,  6.4            ,  3.9000003552619,  0.0            
      2361,  6.5            ,  3.9000003552619,  0.0            
      2362,  6.6            ,  3.9000003552619,  0.0            
      2363,  6.7            ,  3.9000003552619,  0.0            
      2364,  6.8            ,  3.9000003552619,  0.0            
      2365,  6.9            ,  3.9000003552619,  0.0            
      2366,  7.0            ,  3.900000355262 ,  0.0            
      2367,  7.1            ,  3.900000355262 ,  0.0            
      2368,  7.2            ,  3.900000355262 ,  0.0            
      2369,  7.3            ,  3.900000355262 ,  0.0            
      2370,  7.4            ,  3.900000355262 ,  0.0            
      2371,  7.8            ,  0.099999968458 ,  0.0            
      2372,  7.7            ,  0.099999968458 ,  0.0            
      2373,  7.6            ,  0.099999968458 ,  0.0            
      2374,  7.4999997604064,  0.099999968458 ,  0.0            
      2375,  7.4            ,  0.1            ,  0.0            
      2376,  7.3            ,  0.1            ,  0.0            
      2377,  7.2            ,  0.1            ,  0.0            
      2378,  7.1            ,  0.1            ,  0.0            
      2379,  7.0            ,  0.1            ,  0.0            
      2380,  6.9            ,  0.1            ,  0.0            
      2381,  6.8            ,  0.1            ,  0.0            
      2382,  6.7            ,  0.1            ,  0.0            
      2383,  6.6            ,  0.1            ,  0.0            
      2384,  6.5            ,  0.1            ,  0.0            
      2385,  6.4            ,  0.1            ,  0.0            
      2386,  6.3            ,  0.1            ,  0.0            
      2387,  6.2            ,  0.1            ,  0.0            
      2388,  6.1            ,  0.1            ,  0.0            
      2389,  6.0            ,  0.1            ,  0.0            
      2390,  5.9            ,  0.1            ,  0.0            
      2391,  5.8            ,  0.1            ,  0.0            
      2392,  5.7            ,  0.1            ,  0.0            
      2393,  5.6            ,  0.1            ,  0.0            
      2394,  5.5043005589398,  0.0875210926215,  0.0            
      2395,  5.4166912375071,  0.0765320414239,  0.0            
      2396,  5.3492378892985,  0.1380385316278,  0.0            
      2397,  5.234768093831 ,  0.1277888433122,  0.0            
      2398,  5.1279715513142,  0.125598971361 ,  0.0            
      2399,  5.0237281467148,  0.1248674930912,  0.0            
      2400,  4.9205470063454,  0.1229072701042,  0.0            
      2401,  4.816385167355 ,  0.1196954013664,  0.0            
      2402,  4.7106074853698,  0.1153480181708,  0.0            
      2403,  4.6035920702478,  0.1071841404957,  0.0            
      2404,  4.5            ,  0.1            ,  0.0            
      2405,  4.4            ,  0.1            ,  0.0            
      2406,  4.3            ,  0.1            ,  0.0            
      2407,  4.2            ,  0.1            ,  0.0            
      2408,  4.1            ,  0.1            ,  0.0            
      2409,  4.0            ,  0.1            ,  0.0            
      2410,  3.9            ,  0.1            ,  0.0            
      2411,  3.8            ,  0.1            ,  0.0            
      2412,  3.7            ,  0.1            ,  0.0            
      2413,  3.6            ,  0.1            ,  0.0            
      2414,  3.5            ,  0.1            ,  0.0            
      2415,  3.4            ,  0.1            ,  0.0            
      2416,  3.3            ,  0.1            ,  0.0            
      2417,  3.2            ,  0.1            ,  0.0            
      2418,  3.1            ,  0.1            ,  0.0            
      2419,  3.0            ,  0.1            ,  0.0            
      2420,  2.9            ,  0.1            ,  0.0            
      2421,  2.8            ,  0.1            ,  0.0            
      2422,  2.7            ,  0.1            ,  0.0            
      2423,  2.6            ,  0.1            ,  0.0            
      2424,  2.5            ,  0.1            ,  0.0            
      2425,  2.4            ,  0.1            ,  0.0            
      2426,  2.3            ,  0.1            ,  0.0            
      2427,  2.2            ,  0.1            ,  0.0            
      2428,  2.1            ,  0.1            ,  0.0            
      2429,  2.0            ,  0.1            ,  0.0            
      2430,  1.9            ,  0.1            ,  0.0            
      2431,  1.8            ,  0.1            ,  0.0            
      2432,  1.7            ,  0.1            ,  0.0            
      2433,  1.6            ,  0.1            ,  0.0            
      2434,  1.5            ,  0.1            ,  0.0            
      2435,  1.4            ,  0.1            ,  0.0            
      2436,  1.3            ,  0.1            ,  0.0            
      2437,  1.2            ,  0.1            ,  0.0            
      2438,  1.1            ,  0.1            ,  0.0            
      2439,  1.0            ,  0.1            ,  0.0            
      2440,  0.9            ,  0.1            ,  0.0            
      2441,  0.8            ,  0.1            ,  0.0            
      2442,  0.7            ,  0.1            ,  0.0            
      2443,  0.6            ,  0.1            ,  0.0            
      2444,  0.4999996026912,  0.1            ,  0.0            
      2445,  0.4            ,  0.1            ,  0.0            
      2446,  0.3            ,  0.1            ,  0.0            
      2447,  0.2            ,  0.1            ,  0.0            
      2448,  7.9            ,  3.8            ,  0.0            
      2449,  7.9            ,  3.7            ,  0.0            
      2450,  7.9            ,  3.6            ,  0.0            
      2451,  7.9            ,  3.5            ,  0.0            
      2452,  7.9            ,  3.4            ,  0.0            
      2453,  7.9            ,  3.3            ,  0.0            
      2454,  7.9            ,  3.2            ,  0.0            
      2455,  7.9            ,  3.1            ,  0.0            
      2456,  7.9            ,  3.0            ,  0.0            
      2457,  7.9            ,  2.9            ,  0.0            
      2458,  7.9            ,  2.8            ,  0.0            
      2459,  7.9            ,  2.7            ,  0.0            
      2460,  7.9            ,  2.6            ,  0.0            
      2461,  7.9            ,  2.5            ,  0.0            
      2462,  7.9            ,  2.4            ,  0.0            
      2463,  7.9            ,  2.3            ,  0.0            
      2464,  7.9            ,  2.2            ,  0.0            
      2465,  7.9            ,  2.1            ,  0.0            
      2466,  7.9            ,  2.0            ,  0.0            
      2467,  7.9            ,  1.9            ,  0.0            
      2468,  7.9            ,  1.8            ,  0.0            
      2469,  7.9            ,  1.7            ,  0.0            
      2470,  7.9            ,  1.6            ,  0.0            
      2471,  7.9            ,  1.5            ,  0.0            
      2472,  7.9            ,  1.4            ,  0.0            
      2473,  7.9            ,  1.3            ,  0.0            
      2474,  7.9            ,  1.2            ,  0.0            
      2475,  7.9            ,  1.1            ,  0.0            
      2476,  7.5000001193832,  3.9000000799284,  0.0            
      2477,  7.6            ,  3.9            ,  0.0            
      2478,  7.7            ,  3.9            ,  0.0            
      2479,  7.8            ,  3.9            ,  0.0            
      2480,  7.9            ,  1.0            ,  0.0            
      2481,  7.9            ,  0.9            ,  0.0            
      2482,  7.9            ,  0.8            ,  0.0            
      2483,  7.9            ,  0.7            ,  0.0            
      2484,  7.9            ,  0.6            ,  0.0            
      2485,  0.1            ,  0.1            ,  0.0            
      2486,  0.1            ,  0.2            ,  0.0            
      2487,  0.1            ,  0.3            ,  0.0            
      2488,  0.1            ,  0.4            ,  0.0            
      2489,  0.1            ,  0.5            ,  0.0            
      2490,  0.1            ,  0.6            ,  0.0            
      2491,  0.1            ,  0.7            ,  0.0            
      2492,  0.1            ,  0.8            ,  0.0            
      2493,  0.1            ,  0.9            ,  0.0            
      2494,  0.1            ,  1.0            ,  0.0            
      2495,  0.1            ,  1.1            ,  0.0            
      2496,  0.1            ,  1.2            ,  0.0            
      2497,  0.1            ,  1.3            ,  0.0            
      2498,  0.1            ,  1.4            ,  0.0            
      2499,  0.1            ,  1.5            ,  0.0            
      2500,  0.1            ,  1.6            ,  0.0            
      2501,  0.1            ,  1.7            ,  0.0            
      2502,  0.1            ,  1.8            ,  0.0            
      2503,  0.1            ,  1.9            ,  0.0            
      2504,  0.1            ,  2.0            ,  0.0            
      2505,  0.1            ,  2.1            ,  0.0            
      2506,  0.1            ,  2.2            ,  0.0            
      2507,  0.1            ,  2.3            ,  0.0            
      2508,  0.1            ,  2.4            ,  0.0            
      2509,  0.1            ,  2.5            ,  0.0            
      2510,  0.1            ,  2.6            ,  0.0            
      2511,  0.1            ,  2.7            ,  0.0            
      2512,  0.1            ,  2.8            ,  0.0            
      2513,  0.1            ,  2.9            ,  0.0            
      2514,  0.1            ,  3.0            ,  0.0            
      2515,  0.1            ,  3.1            ,  0.0            
      2516,  0.1            ,  3.2            ,  0.0            
      2517,  0.1            ,  3.3            ,  0.0            
      2518,  0.1            ,  3.4            ,  0.0            
      2519,  0.1            ,  3.5            ,  0.0            
      2520,  0.1            ,  3.6            ,  0.0            
      2521,  0.1            ,  3.7            ,  0.0            
      2522,  7.9            ,  0.5            ,  0.0            
      2523,  7.9            ,  0.4            ,  0.0            
      2524,  7.9            ,  0.3            ,  0.0            
      2525,  7.9            ,  0.2            ,  0.0            
      2526,  7.9            ,  0.1            ,  0.0            
      2527,  0.1            ,  3.8            ,  0.0            
      2528,  0.1            ,  3.9            ,  0.0            
      2529,  7.9            ,  3.9            ,  0.0            
      2530,  7.9            ,  0.0            ,  0.0            
      2531,  7.8            ,  0.0            ,  0.0            
      2532,  7.7            ,  0.0            ,  0.0            
      2533,  7.6            ,  0.0            ,  0.0            
      2534,  7.5            ,  0.0            ,  0.0            
      2535,  7.4            ,  0.0            ,  0.0            
      2536,  7.3            ,  0.0            ,  0.0            
      2537,  7.2            ,  0.0            ,  0.0            
      2538,  7.1            ,  0.0            ,  0.0            
      2539,  7.0            ,  0.0            ,  0.0            
      2540,  6.9            ,  0.0            ,  0.0            
      2541,  6.8            ,  0.0            ,  0.0            
      2542,  6.7            ,  0.0            ,  0.0            
      2543,  6.6            ,  0.0            ,  0.0            
      2544,  6.5            ,  0.0            ,  0.0            
      2545,  6.4            ,  0.0            ,  0.0            
      2546,  6.3            ,  0.0            ,  0.0            
      2547,  6.2            ,  0.0            ,  0.0            
      2548,  6.1            ,  0.0            ,  0.0            
      2549,  6.0            ,  0.0            ,  0.0            
      2550,  5.9            ,  0.0            ,  0.0            
      2551,  5.8            ,  0.0            ,  0.0            
      2552,  5.7            ,  0.0            ,  0.0            
      2553,  5.6            ,  0.0            ,  0.0            
      2554,  5.5            ,  0.0            ,  0.0            
      2555,  5.3913545394908,  0.0            ,  0.0            
      2556,  5.3068495444604,  0.0            ,  0.0            
      2557,  5.2069116304698,  0.0            ,  0.0            
      2558,  5.1092839100564,  0.0            ,  0.0            
      2559,  5.0070041097332,  0.0            ,  0.0            
      2560,  4.9046832071602,  0.0            ,  0.0            
      2561,  4.8023507610019,  0.0            ,  0.0            
      2562,  4.7            ,  0.0            ,  0.0            
      2563,  4.6            ,  0.0            ,  0.0            
      2564,  4.5            ,  0.0            ,  0.0            
      2565,  4.4            ,  0.0            ,  0.0            
      2566,  4.3            ,  0.0            ,  0.0            
      2567,  4.2            ,  0.0            ,  0.0            
      2568,  4.1            ,  0.0            ,  0.0            
      2569,  4.0            ,  0.0            ,  0.0            
      2570,  3.9            ,  0.0            ,  0.0            
      2571,  3.8            ,  0.0            ,  0.0            
      2572,  3.7            ,  0.0            ,  0.0            
      2573,  3.6            ,  0.0            ,  0.0            
      2574,  3.5            ,  0.0            ,  0.0            
      2575,  3.4            ,  0.0            ,  0.0            
      2576,  3.3            ,  0.0            ,  0.0            
      2577,  3.2            ,  0.0            ,  0.0            
      2578,  3.1            ,  0.0            ,  0.0            
      2579,  3.0            ,  0.0            ,  0.0            
      2580,  2.9            ,  0.0            ,  0.0            
      2581,  2.8            ,  0.0            ,  0.0            
      2582,  2.7            ,  0.0            ,  0.0            
      2583,  2.6            ,  0.0            ,  0.0            
      2584,  2.5            ,  0.0            ,  0.0            
      2585,  2.4            ,  0.0            ,  0.0            
      2586,  2.3            ,  0.0            ,  0.0            
      2587,  2.2            ,  0.0            ,  0.0            
      2588,  2.1            ,  0.0            ,  0.0            
      2589,  2.0            ,  0.0            ,  0.0            
      2590,  1.9            ,  0.0            ,  0.0            
      2591,  1.8            ,  0.0            ,  0.0            
      2592,  1.7            ,  0.0            ,  0.0            
      2593,  1.6            ,  0.0            ,  0.0            
      2594,  1.5            ,  0.0            ,  0.0            
      2595,  1.4            ,  0.0            ,  0.0            
      2596,  1.3            ,  0.0            ,  0.0            
      2597,  1.2            ,  0.0            ,  0.0            
      2598,  1.1            ,  0.0            ,  0.0            
      2599,  1.0            ,  0.0            ,  0.0            
      2600,  0.9            ,  0.0            ,  0.0            
      2601,  0.8            ,  0.0            ,  0.0            
      2602,  0.7            ,  0.0            ,  0.0            
      2603,  0.6            ,  0.0            ,  0.0            
      2604,  0.5            ,  0.0            ,  0.0            
      2605,  0.4            ,  0.0            ,  0.0            
      2606,  0.3            ,  0.0            ,  0.0            
      2607,  0.2            ,  0.0            ,  0.0            
      2608,  0.1            ,  0.0            ,  0.0            
      2609,  -2.22044605E-16,  0.0            ,  0.0            
      2610,  -2.22044605E-16,  0.1            ,  0.0            
      2611,  -2.22044605E-16,  0.2            ,  0.0            
      2612,  -2.22044605E-16,  0.3            ,  0.0            
      2613,  -2.22044605E-16,  0.4            ,  0.0            
      2614,  -2.22044605E-16,  0.5            ,  0.0            
      2615,  -2.22044605E-16,  0.6            ,  0.0            
      2616,  -2.22044605E-16,  0.7            ,  0.0            
      2617,  -2.22044605E-16,  0.8            ,  0.0            
      2618,  -2.22044605E-16,  0.9            ,  0.0            
      2619,  -2.22044605E-16,  1.0            ,  0.0            
      2620,  -2.22044605E-16,  1.1            ,  0.0            
      2621,  -2.22044605E-16,  1.2            ,  0.0            
      2622,  -2.22044605E-16,  1.3            ,  0.0            
      2623,  -2.22044605E-16,  1.4            ,  0.0            
      2624,  -2.22044605E-16,  1.5            ,  0.0            
      2625,  -2.22044605E-16,  1.6            ,  0.0            
      2626,  -2.22044605E-16,  1.7            ,  0.0            
      2627,  -2.22044605E-16,  1.8            ,  0.0            
      2628,  -2.22044605E-16,  1.9            ,  0.0            
      2629,  -2.22044605E-16,  2.0            ,  0.0            
      2630,  -2.22044605E-16,  2.1            ,  0.0            
      2631,  -2.22044605E-16,  2.2            ,  0.0            
      2632,  -2.22044605E-16,  2.3            ,  0.0            
      2633,  -2.22044605E-16,  2.4            ,  0.0            
      2634,  -2.22044605E-16,  2.5            ,  0.0            
      2635,  -2.22044605E-16,  2.6            ,  0.0            
      2636,  -2.22044605E-16,  2.7            ,  0.0            
      2637,  -2.22044605E-16,  2.8            ,  0.0            
      2638,  -2.22044605E-16,  2.9            ,  0.0            
      2639,  -2.22044605E-16,  3.0            ,  0.0            
      2640,  -2.22044605E-16,  3.1            ,  0.0            
      2641,  -2.22044605E-16,  3.2            ,  0.0            
      2642,  -2.22044605E-16,  3.3            ,  0.0            
      2643,  -2.22044605E-16,  3.4            ,  0.0            
      2644,  -2.22044605E-16,  3.5            ,  0.0            
      2645,  -2.22044605E-16,  3.6            ,  0.0            
      2646,  -2.22044605E-16,  3.7            ,  0.0            
      2647,  -2.22044605E-16,  3.8            ,  0.0            
      2648,  -2.22044605E-16,  3.9            ,  0.0            
      2649,  -2.22044605E-16,  4.0            ,  0.0            
      2650,  0.1            ,  4.0            ,  0.0            
      2651,  0.2            ,  4.0            ,  0.0            
      2652,  0.3            ,  4.0            ,  0.0            
      2653,  0.4            ,  4.0            ,  0.0            
      2654,  0.5            ,  4.0            ,  0.0            
      2655,  0.6            ,  4.0            ,  0.0            
      2656,  0.7            ,  4.0            ,  0.0            
      2657,  0.8            ,  4.0            ,  0.0            
      2658,  0.9            ,  4.0            ,  0.0            
      2659,  1.0            ,  4.0            ,  0.0            
      2660,  1.1            ,  4.0            ,  0.0            
      2661,  1.2            ,  4.0            ,  0.0            
      2662,  1.3            ,  4.0            ,  0.0            
      2663,  1.4086454173419,  4.0            ,  0.0            
      2664,  1.4931504647033,  4.0            ,  0.0            
      2665,  1.5930888673069,  4.0            ,  0.0            
      2666,  1.6907182805175,  4.0            ,  0.0            
      2667,  1.7924373435555,  4.0            ,  0.0            
      2668,  1.8947561353076,  4.0            ,  0.0            
      2669,  1.9976438528546,  4.0            ,  0.0            
      2670,  2.1            ,  4.0            ,  0.0            
      2671,  2.2            ,  4.0            ,  0.0            
      2672,  2.3            ,  4.0            ,  0.0            
      2673,  2.4            ,  4.0            ,  0.0            
      2674,  2.5            ,  4.0            ,  0.0            
      2675,  2.6            ,  4.0            ,  0.0            
      2676,  2.7            ,  4.0            ,  0.0            
      2677,  2.8            ,  4.0            ,  0.0            
      2678,  2.9            ,  4.0            ,  0.0            
      2679,  3.0            ,  4.0            ,  0.0            
      2680,  3.1            ,  4.0            ,  0.0            
      2681,  3.2            ,  4.0            ,  0.0            
      2682,  3.3            ,  4.0            ,  0.0            
      2683,  3.4            ,  4.0            ,  0.0            
      2684,  3.5            ,  4.0            ,  0.0            
      2685,  3.6            ,  4.0            ,  0.0            
      2686,  3.7            ,  4.0            ,  0.0            
      2687,  3.8            ,  4.0            ,  0.0            
      2688,  3.9            ,  4.0            ,  0.0            
      2689,  4.0            ,  4.0            ,  0.0            
      2690,  4.1            ,  4.0            ,  0.0            
      2691,  4.2            ,  4.0            ,  0.0            
      2692,  4.3            ,  4.0            ,  0.0            
      2693,  4.4            ,  4.0            ,  0.0            
      2694,  4.5            ,  4.0            ,  0.0            
      2695,  4.6            ,  4.0            ,  0.0            
      2696,  4.7            ,  4.0            ,  0.0            
      2697,  4.8            ,  4.0            ,  0.0            
      2698,  4.9            ,  4.0            ,  0.0            
      2699,  5.0            ,  4.0            ,  0.0            
      2700,  5.1            ,  4.0            ,  0.0            
      2701,  5.2            ,  4.0            ,  0.0            
      2702,  5.3            ,  4.0            ,  0.0            
      2703,  5.4            ,  4.0            ,  0.0            
      2704,  5.5            ,  4.0            ,  0.0            
      2705,  5.6            ,  4.0            ,  0.0            
      2706,  5.7            ,  4.0            ,  0.0            
      2707,  5.8            ,  4.0            ,  0.0            
      2708,  5.9            ,  4.0            ,  0.0            
      2709,  6.0            ,  4.0            ,  0.0            
      2710,  6.1            ,  4.0            ,  0.0            
      2711,  6.2            ,  4.0            ,  0.0            
      2712,  6.3            ,  4.0            ,  0.0            
      2713,  6.4            ,  4.0            ,  0.0            
      2714,  6.5            ,  4.0            ,  0.0            
      2715,  6.6            ,  4.0            ,  0.0            
      2716,  6.7            ,  4.0            ,  0.0            
      2717,  6.8            ,  4.0            ,  0.0            
      2718,  6.9            ,  4.0            ,  0.0            
      2719,  7.0            ,  4.0            ,  0.0            
      2720,  7.1            ,  4.0            ,  0.0            
      2721,  7.2            ,  4.0            ,  0.0            
      2722,  7.3            ,  4.0            ,  0.0            
      2723,  7.4            ,  4.0            ,  0.0            
      2724,  7.5            ,  4.0            ,  0.0            
      2725,  7.6            ,  4.0            ,  0.0            
      2726,  7.7            ,  4.0            ,  0.0            
      2727,  7.8            ,  4.0            ,  0.0            
      2728,  7.9            ,  4.0            ,  0.0            
      2729,  8.0            ,  4.0            ,  0.0            
      2730,  8.0            ,  3.9            ,  0.0            
      2731,  8.0            ,  3.8            ,  0.0            
      2732,  8.0            ,  3.7            ,  0.0            
      2733,  8.0            ,  3.6            ,  0.0            
      2734,  8.0            ,  3.5            ,  0.0            
      2735,  8.0            ,  3.4            ,  0.0            
      2736,  8.0            ,  3.3            ,  0.0            
      2737,  8.0            ,  3.2            ,  0.0            
      2738,  8.0            ,  3.1            ,  0.0            
      2739,  8.0            ,  3.0            ,  0.0            
      2740,  8.0            ,  2.9            ,  0.0            
      2741,  8.0            ,  2.8            ,  0.0            
      2742,  8.0            ,  2.7            ,  0.0            
      2743,  8.0            ,  2.6            ,  0.0            
      2744,  8.0            ,  2.5            ,  0.0            
      2745,  8.0            ,  2.4            ,  0.0            
      2746,  8.0            ,  2.3            ,  0.0            
      2747,  8.0            ,  2.2            ,  0.0            
      2748,  8.0            ,  2.1            ,  0.0            
      2749,  8.0            ,  2.0            ,  0.0            
      2750,  8.0            ,  1.9            ,  0.0            
      2751,  8.0            ,  1.8            ,  0.0            
      2752,  8.0            ,  1.7            ,  0.0            
      2753,  8.0            ,  1.6            ,  0.0            
      2754,  8.0            ,  1.5            ,  0.0            
      2755,  8.0            ,  1.4            ,  0.0            
      2756,  8.0            ,  1.3            ,  0.0            
      2757,  8.0            ,  1.2            ,  0.0            
      2758,  8.0            ,  1.1            ,  0.0            
      2759,  8.0            ,  1.0            ,  0.0            
      2760,  8.0            ,  0.9            ,  0.0            
      2761,  8.0            ,  0.8            ,  0.0            
      2762,  8.0            ,  0.7            ,  0.0            
      2763,  8.0            ,  0.6            ,  0.0            
      2764,  8.0            ,  0.5            ,  0.0            
      2765,  8.0            ,  0.4            ,  0.0            
      2766,  8.0            ,  0.3            ,  0.0            
      2767,  8.0            ,  0.2            ,  0.0            
      2768,  8.0            ,  0.1            ,  0.0            
      2769,  8.0            ,  0.0            ,  0.0            
      2770,  4.8191633903623,  2.7545683401962,  0.0            
      2771,  4.75299693842  ,  2.8183547881344,  0.0            
      2772,  4.8797610277469,  2.6851987641121,  0.0            
      2773,  4.9344698426306,  2.6109249114339,  0.0            
      2774,  4.6823990537058,  2.8767398719318,  0.0            
      2775,  4.6084013877077,  2.9306880534708,  0.0            
      2776,  4.982677758275 ,  2.532138598615 ,  0.0            
      2777,  4.5303814426107,  2.9792573422311,  0.0            
      2778,  5.023888666685 ,  2.449449463654 ,  0.0            
      2779,  4.4483121028803,  3.0210466132673,  0.0            
      2780,  4.7575272683214,  2.6971064517755,  0.0            
      2781,  4.8144452497804,  2.6337658406175,  0.0            
      2782,  4.6954157228591,  2.7551709738041,  0.0            
      2783,  4.8660414938309,  2.5657802003009,  0.0            
      2784,  5.058460971128 ,  2.3637205574746,  0.0            
      2785,  4.6295638860104,  2.8087717056541,  0.0            
      2786,  4.363002518513 ,  3.0561457198076,  0.0            
      2787,  4.5615565876838,  2.8596260615899,  0.0            
      2788,  4.9115365480203,  2.4933611826445,  0.0            
      2789,  4.4901933238559,  2.9060503834623,  0.0            
      2790,  5.0859111816752,  2.2752570770247,  0.0            
      2791,  4.9503981265981,  2.4169805775946,  0.0            
      2792,  4.2748968437962,  3.0841151920454,  0.0            
      2793,  4.4148095229966,  2.9459625307123,  0.0            
      2794,  4.6989139998274,  2.6423184132045,  0.0            
      2795,  4.7519707476153,  2.5843735341016,  0.0            
      2796,  4.6409050650073,  2.6953161780345,  0.0            
      2797,  4.9834310741801,  2.3377256060806,  0.0            
      2798,  4.8001685465083,  2.5220993641261,  0.0            
      2799,  4.3362437988873,  2.9798282964562,  0.0            
      2800,  4.5795182081165,  2.7444462282804,  0.0            
      2801,  4.8426938823692,  2.4555910178401,  0.0            
      2802,  4.5167261032435,  2.7918060068468,  0.0            
      2803,  5.1053251237736,  2.1846284916608,  0.0            
      2804,  4.1845481556248,  3.1041766740352,  0.0            
      2805,  4.4512475210138,  2.8354598837281,  0.0            
      2806,  5.0098887194645,  2.2558406775073,  0.0            
      2807,  4.2548969637589,  3.007050747503 ,  0.0            
      2808,  4.879020474316 ,  2.3852046466064,  0.0            
      2809,  4.3820829110191,  2.8731433160717,  0.0            
      2810,  4.642877821177 ,  2.5902527013061,  0.0            
      2811,  4.9101543685255,  2.312124699793 ,  0.0            
      2812,  4.5894336703377,  2.6391091003411,  0.0            
      2813,  4.6918166048223,  2.5370288890156,  0.0            
      2814,  4.3099340741855,  2.9054343642397,  0.0            
      2815,  5.1171939368567,  2.0927045165303,  0.0            
      2816,  4.0927568575604,  3.1167302342386,  0.0            
      2817,  4.736390003998 ,  2.4799086926275,  0.0            
      2818,  5.0283444841324,  2.1716896370137,  0.0            
      2819,  4.5329049135729,  2.6846657065419,  0.0            
      2820,  4.1711841630257,  3.0264953504436,  0.0            
      2821,  4.4751438259684,  2.7287846479397,  0.0            
      2822,  4.7757909545107,  2.4188895534688,  0.0            
      2823,  4.414967338721 ,  2.7694657599336,  0.0            
      2824,  4.9352114896016,  2.2365882228449,  0.0            
      2825,  4.2350944501197,  2.9315431228069,  0.0            
      2826,  4.8095113381188,  2.3542396828328,  0.0            
      2827,  4.3513819880967,  2.8045426602953,  0.0            
      2828,  5.1214215309504,  2.0000302716842,  0.0            
      2829,  4.0000747266729,  3.1213280856336,  0.0            
      2830,  4.5904664940362,  2.5419123686614,  0.0            
      2831,  5.039752802086 ,  2.0862067528034,  0.0            
      2832,  4.0860049906769,  3.039006751146 ,  0.0            
      2833,  4.8384959954   ,  2.2870765921209,  0.0            
      2834,  4.6351732311067,  2.4927681523247,  0.0            
      2835,  4.5415582884055,  2.587109956733 ,  0.0            
      2836,  4.2850126912344,  2.8345536861304,  0.0            
      2837,  4.9525460018619,  2.1588199047845,  0.0            
      2838,  4.6757948431729,  2.4400911659438,  0.0            
      2839,  4.1578871980613,  2.950167988362 ,  0.0            
      2840,  4.4895604390982,  2.6291515067172,  0.0            
      2841,  4.4360885194656,  2.669394651479 ,  0.0            
      2842,  4.7116734039652,  2.3839361959508,  0.0            
      2843,  4.861859088065 ,  2.2176608891641,  0.0            
      2844,  4.3804558040335,  2.7062572890242,  0.0            
      2845,  4.2161528741768,  2.8587230576863,  0.0            
      2846,  4.7424006460143,  2.3245444707792,  0.0            
      2847,  4.3219526128539,  2.7381107027726,  0.0            
      2848,  5.0440110918092,  2.0000322930579,  0.0            
      2849,  3.9999473401177,  3.0438610431042,  0.0            
      2850,  4.9633276220037,  2.0797328275915,  0.0            
      2851,  4.0792482528135,  2.9623567580472,  0.0            
      2852,  4.5399408220151,  2.4957155142058,  0.0            
      2853,  4.4959628032461,  2.5378274428243,  0.0            
      2854,  4.7686714941262,  2.2628580546729,  0.0            
      2855,  4.2610130490608,  2.765306882953 ,  0.0            
      2856,  4.8780115223419,  2.1461504113499,  0.0            
      2857,  4.5801206656042,  2.4502055007011,  0.0            
      2858,  5.1172534691749,  1.9073483814796,  0.0            
      2859,  3.9073903683983,  3.1172704215666,  0.0            
      2860,  4.14510224759  ,  2.8759009431913,  0.0            
      2861,  4.6165084937628,  2.4015941411177,  0.0            
      2862,  4.4488128846768,  2.57686946926  ,  0.0            
      2863,  4.3995693040921,  2.6133183978463,  0.0            
      2864,  4.6486397753846,  2.3500171363038,  0.0            
      2865,  4.3481294670408,  2.6460904576309,  0.0            
      2866,  4.7897501070949,  2.1992013501829,  0.0            
      2867,  4.1978807291704,  2.7871128611633,  0.0            
      2868,  4.9674566226387,  2.0000107525953,  0.0            
      2869,  3.999761448899 ,  2.9672448682258,  0.0            
      2870,  4.6762167324585,  2.2956839018762,  0.0            
      2871,  4.2942381418293,  2.6742528698436,  0.0            
      2872,  4.8880470034389,  2.0733619352893,  0.0            
      2873,  4.0727480738031,  2.8871578869567,  0.0            
      2874,  5.0398650854178,  1.9138290588671,  0.0            
      2875,  3.9138055593656,  3.0398835882066,  0.0            
      2876,  4.8044012470947,  2.1337340647011,  0.0            
      2877,  4.6995161028814,  2.239264835911 ,  0.0            
      2878,  4.2382275734646,  2.6979655660698,  0.0            
      2879,  4.1328023167621,  2.8026333585391,  0.0            
      2880,  3.8154758835385,  3.1056935206162,  0.0            
      2881,  5.1055365770706,  1.8153779878903,  0.0            
      2882,  4.7180463406087,  2.1811572792291,  0.0            
      2883,  4.1804068918334,  2.7167813928806,  0.0            
      2884,  4.891895120313 ,  1.9999834393687,  0.0            
      2885,  3.999633953213 ,  2.8916864187753,  0.0            
      2886,  4.9634636820534,  1.9202431749656,  0.0            
      2887,  3.9201103373739,  2.9634623801258,  0.0            
      2888,  4.8134664050484,  2.067109749801 ,  0.0            
      2889,  4.0665411060915,  2.812703539725 ,  0.0            
      2890,  3.8282566380357,  3.029006931225 ,  0.0            
      2891,  5.0287560155832,  1.8282660882677,  0.0            
      2892,  4.7311011743951,  2.1215735378862,  0.0            
      2893,  4.1210115185464,  2.730215569077 ,  0.0            
      2894,  4.8168790686734,  1.9999678413955,  0.0            
      2895,  3.9996237898207,  2.8166831259211,  0.0            
      2896,  4.888194433392 ,  1.9265474664693,  0.0            
      2897,  3.9263176722273,  2.8881809771071,  0.0            
      2898,  3.724725741625 ,  3.0868922467049,  0.0            
      2899,  5.0862159195495,  1.7246134687414,  0.0            
      2900,  4.7391003945672,  2.0609885863152,  0.0            
      2901,  4.0606199740022,  2.7386986106716,  0.0            
      2902,  3.8408729700596,  2.9533271835236,  0.0            
      2903,  4.9530653691485,  1.8410776015559,  0.0            
      2904,  3.7437587210525,  3.011691224098 ,  0.0            
      2905,  5.0105167780182,  1.7439711180961,  0.0            
      2906,  4.8135831860503,  1.9327674708732,  0.0            
      2907,  3.9325036069517,  2.8135583623684,  0.0            
      2908,  4.7419813327457,  1.999969702308 ,  0.0            
      2909,  3.9997367294088,  2.7418667433071,  0.0            
      2910,  3.853290796207 ,  2.878832877641 ,  0.0            
      2911,  4.8785750203894,  1.8537000073656,  0.0            
      2912,  3.7625762478793,  2.9373887255126,  0.0            
      2913,  4.9360363831194,  1.7632235339394,  0.0            
      2914,  3.6359379602227,  3.0602203033351,  0.0            
      2915,  5.0584400800017,  1.6361108895443,  0.0            
      2916,  4.7391737490636,  1.938907458109 ,  0.0            
      2917,  3.9387099399095,  2.7391625782066,  0.0            
      2918,  3.8656081706384,  2.8050360329074,  0.0            
      2919,  4.8048512092865,  1.8661161441558,  0.0            
      2920,  3.7811178102018,  2.8641588420211,  0.0            
      2921,  4.8627655015812,  1.7821733753994,  0.0            
      2922,  3.6611834594704,  2.9866939082761,  0.0            
      2923,  4.9835158650738,  1.6622138847534,  0.0            
      2924,  3.87790362866  ,  2.7314901036418,  0.0            
      2925,  4.731364744147 ,  1.878314298353 ,  0.0            
      2926,  3.6861143970415,  2.9141280059985,  0.0            
      2927,  4.9103480146872,  1.6879998013312,  0.0            
      2928,  3.7995123847239,  2.7915349712587,  0.0            
      2929,  4.7904891574753,  1.8007019463549,  0.0            
      2930,  3.5497085460344,  3.0264169343386,  0.0            
      2931,  5.0231596209481,  1.5505625655322,  0.0            
      2932,  3.7106480634876,  2.8427034056822,  0.0            
      2933,  4.8387657733765,  1.7131944585487,  0.0            
      2934,  3.8178763039118,  2.719098180516 ,  0.0            
      2935,  4.7184756182097,  1.8188170486471,  0.0            
      2936,  3.5809389465419,  2.9551088351957,  0.0            
      2937,  4.9492661847003,  1.58351433115  ,  0.0            
      2938,  3.7349582713305,  2.7719444708168,  0.0            
      2939,  4.7689349337387,  1.7374998800942,  0.0            
      2940,  3.6117700343935,  2.8847859770779,  0.0            
      2941,  4.8777374505859,  1.6157640371351,  0.0            
      2942,  3.7591986472741,  2.7014270486105,  0.0            
      2943,  4.6996962607373,  1.761066779126 ,  0.0            
      2944,  3.6421040665192,  2.8156366617124,  0.0            
      2945,  3.4663806035018,  2.9859123909414,  0.0            
      2946,  4.9809068547383,  1.4684587448033,  0.0            
      2947,  4.808278657814 ,  1.6469759423486,  0.0            
      2948,  3.503306046392 ,  2.9175624309326,  0.0            
      2949,  3.6721492064994,  2.7471836247469,  0.0            
      2950,  4.9086404575068,  1.5082898181282,  0.0            
      2951,  4.7414779210466,  1.6766365863148,  0.0            
      2952,  3.539801048749 ,  2.8500830285323,  0.0            
      2953,  4.8392275440859,  1.5468581729743,  0.0            
      2954,  3.7020973056254,  2.6790065812326,  0.0            
      2955,  4.6757622388177,  1.7051829174022,  0.0            
      2956,  3.5757562503746,  2.783657067627 ,  0.0            
      2957,  4.7724456638973,  1.5837498564538,  0.0            
      2958,  3.6114043385975,  2.7178366872253,  0.0            
      2959,  3.3868335068966,  2.9383813702565,  0.0            
      2960,  4.7090296596659,  1.61837060186  ,  0.0            
      2961,  4.9315965927673,  1.3907467947026,  0.0            
      2962,  3.429355352274 ,  2.8732660906066,  0.0            
      2963,  3.646956028119 ,  2.6522339744501,  0.0            
      2964,  4.861184008136 ,  1.4374727124158,  0.0            
      2965,  4.6472880674406,  1.6514502890539,  0.0            
      2966,  3.4713416047875,  2.809007940002 ,  0.0            
      2967,  4.7941442607937,  1.4821476778388,  0.0            
      2968,  3.5126664679234,  2.7457915456013,  0.0            
      2969,  4.7306886524073,  1.5241741330098,  0.0            
      2970,  3.5536062035383,  2.6831808218061,  0.0            
      2971,  4.6711467443156,  1.5632399426296,  0.0            
      2972,  3.5944005602734,  2.6207978137244,  0.0            
      2973,  4.6140928952653,  1.6002110968766,  0.0            
      2974,  3.3115685058572,  2.8844385783726,  0.0            
      2975,  4.8769026152801,  1.3172624590413,  0.0            
      2976,  3.3593893431081,  2.8229509556765,  0.0            
      2977,  4.809362639691 ,  1.3701138653442,  0.0            
      2978,  3.4065664147326,  2.7623233577851,  0.0            
      2979,  4.7452823652105,  1.4203308497258,  0.0            
      2980,  3.4529593557277,  2.7027433635752,  0.0            
      2981,  4.685581423776 ,  1.4669602219391,  0.0            
      2982,  3.4988837179292,  2.6437829953563,  0.0            
      2983,  4.6298368631789,  1.5103078315857,  0.0            
      2984,  3.5446085859828,  2.5850692338062,  0.0            
      2985,  4.5772506676791,  1.5510701982712,  0.0            
      2986,  3.2407901534062,  2.8247361389236,  0.0            
      2987,  4.8181329835739,  1.2471228278342,  0.0            
      2988,  3.2934354299491,  2.7675185316814,  0.0            
      2989,  4.7553368111823,  1.304644219329 ,  0.0            
      2990,  3.3454134400299,  2.7110402678187,  0.0            
      2991,  4.6952921266413,  1.3595742238204,  0.0            
      2992,  3.3965772441117,  2.6554780840361,  0.0            
      2993,  4.6396099860751,  1.4105305947384,  0.0            
      2994,  3.4472644281822,  2.6004432361812,  0.0            
      2995,  4.5872012252611,  1.4585283042356,  0.0            
      2996,  3.4977579735787,  2.5455934780106,  0.0            
      2997,  4.5380447477503,  1.5038049026339,  0.0            
      2998,  4.4959520732447,  1.4595737512553,  0.0            
      2999,  3.4544665913031,  2.5023075131384,  0.0            
      3000,  4.5418778265606,  1.4094909724445,  0.0            
      3001,  3.3996307445807,  2.552814665871 ,  0.0            
      3002,  4.5907421173783,  1.3568091917359,  0.0            
      3003,  3.3445725678246,  2.6034759045118,  0.0            
      3004,  4.6420350534539,  1.3017160311332,  0.0            
      3005,  3.2889844090648,  2.6546124353005,  0.0            
      3006,  4.6971660983565,  1.2425926754753,  0.0            
      3007,  3.232496476856 ,  2.7065798465877,  0.0            
      3008,  4.7542281619532,  1.1811814387705,  0.0            
      3009,  3.1752723802361,  2.7592175386809,  0.0            
      3010,  4.4505283465494,  1.4191487526155,  0.0            
      3011,  3.4149752483129,  2.4554485298853,  0.0            
      3012,  4.4928411244188,  1.364472139385 ,  0.0            
      3013,  3.3562751743776,  2.5011841224496,  0.0            
      3014,  4.5375594124978,  1.3074844348571,  0.0            
      3015,  3.2972981873554,  2.5470854157465,  0.0            
      3016,  4.5840918875805,  1.2485245307393,  0.0            
      3017,  3.2376964001855,  2.593453109586 ,  0.0            
      3018,  4.6337863621003,  1.185662254242 ,  0.0            
      3019,  3.1770593653889,  2.6406195827997,  0.0            
      3020,  4.6848819739435,  1.1206956092016,  0.0            
      3021,  3.1155674715337,  2.6884354502232,  0.0            
      3022,  4.4020183314853,  1.3825553568801,  0.0            
      3023,  3.3792300810764,  2.4056416659105,  0.0            
      3024,  4.4403774959438,  1.3234166629486,  0.0            
      3025,  3.3168588103614,  2.4464435701301,  0.0            
      3026,  4.4805151681099,  1.262427927327 ,  0.0            
      3027,  3.2542374907743,  2.4873640247606,  0.0            
      3028,  4.5220028235719,  1.1998623950602,  0.0            
      3029,  3.1910023689438,  2.5286637483934,  0.0            
      3030,  4.3504993986255,  1.3503324857211,  0.0            
      3031,  3.3477778194672,  2.3530658700993,  0.0            
      3032,  4.5658834621994,  1.1338209024276,  0.0            
      3033,  3.1267325259237,  2.570635971805 ,  0.0            
      3034,  4.6107597674393,  1.0658868872259,  0.0            
      3035,  3.06161658668  ,  2.6131580799221,  0.0            
      3036,  4.3843812617085,  1.287193426678 ,  0.0            
      3037,  3.2821822873585,  2.3886217300907,  0.0            
      3038,  4.41952167399  ,  1.2226212679024,  0.0            
      3039,  3.2163579215244,  2.424258072769 ,  0.0            
      3040,  4.2961885493614,  1.3227563310064,  0.0            
      3041,  3.3209954530256,  2.2979080963013,  0.0            
      3042,  4.4556961935909,  1.1567545760972,  0.0            
      3043,  3.149920635632 ,  2.4601949223955,  0.0            
      3044,  4.3250885924906,  1.2562567752832,  0.0            
      3045,  3.2528225416731,  2.3278579882913,  0.0            
      3046,  4.4935922643466,  1.0879366043079,  0.0            
      3047,  3.082432373688 ,  2.4966779566994,  0.0            
      3048,  4.5321625045766,  1.0174295390649,  0.0            
      3049,  3.0140835016287,  2.5336073636737,  0.0            
      3050,  4.3548722542416,  1.1886516736538,  0.0            
      3051,  3.1843685210166,  2.3578973299421,  0.0            
      3052,  4.23976556592  ,  1.2995388457722,  0.0            
      3053,  3.298573132546 ,  2.2407998820098,  0.0            
      3054,  4.3854814580494,  1.1199123006704,  0.0            
      3055,  3.1152115386248,  2.3882163305256,  0.0            
      3056,  4.2634497479178,  1.2299273374177,  0.0            
      3057,  3.2280568149108,  2.2650407302382,  0.0            
      3058,  4.4173140723284,  1.0486969708804,  0.0            
      3059,  3.0448811660825,  2.4190340661816,  0.0            
      3060,  4.1816099082962,  1.2812612557131,  0.0            
      3061,  3.2809000551421,  2.1821141614936,  0.0            
      3062,  4.2876824110291,  1.1596190956558,  0.0            
      3063,  3.1572981551006,  2.2893479136527,  0.0            
      3064,  4.449610560958 ,  0.9759226136214,  0.0            
      3065,  2.9735749441447,  2.4502716474974,  0.0            
      3066,  4.1997509979094,  1.209141327351 ,  0.0            
      3067,  3.2084636609541,  2.2004779381067,  0.0            
      3068,  4.3124917188314,  1.0884369294646,  0.0            
      3069,  3.0858691895357,  2.3138719083428,  0.0            
      3070,  3.2685049010234,  2.1220795041428,  0.0            
      3071,  4.1218892167346,  1.2685918672243,  0.0            
      3072,  4.3380669111758,  1.0154018914084,  0.0            
      3073,  3.0132988541024,  2.3387932846318,  0.0            
      3074,  4.2181711759659,  1.136663274527 ,  0.0            
      3075,  3.135841432781 ,  2.2188739193738,  0.0            
      3076,  4.1341136941626,  1.1951035679333,  0.0            
      3077,  3.194959096371 ,  2.1343674047444,  0.0            
      3078,  4.0611871649315,  1.2608289787422,  0.0            
      3079,  3.2608107370259,  2.0612153807323,  0.0            
      3080,  4.3639084785353,  0.9410949850493,  0.0            
      3081,  2.9397736786486,  2.3640458205909,  0.0            
      3082,  4.2369287081314,  1.0635305807804,  0.0            
      3083,  3.06260983332  ,  2.2374108213809,  0.0            
      3084,  4.1464747515292,  1.1213265459597,  0.0            
      3085,  3.1211648773568,  2.1466844280185,  0.0            
      3086,  4.0000603106744,  1.2580082821681,  0.0            
      3087,  3.2580043647154,  2.0000392312944,  0.0            
      3088,  4.0673731628877,  1.1864314000679,  0.0            
      3089,  3.1864090247763,  2.0673921584874,  0.0            
      3090,  4.2560903880878,  0.9890683481844,  0.0            
      3091,  2.9883046037754,  2.256222146355 ,  0.0            
      3092,  4.1590241431516,  1.0468560522064,  0.0            
      3093,  3.0466723605514,  2.1591084180778,  0.0            
      3094,  3.260806649049 ,  1.9388581873566,  0.0            
      3095,  3.9389028312185,  1.2608026592869,  0.0            
      3096,  4.275370896735 ,  0.9136053449277,  0.0            
      3097,  2.9131034769229,  2.2752609923605,  0.0            
      3098,  4.0736075522355,  1.1118124344083,  0.0            
      3099,  3.1117928127388,  2.0735851352534,  0.0            
      3100,  4.0001197564249,  1.1831142760259,  0.0            
      3101,  3.1831111885255,  2.0000673493025,  0.0            
      3102,  3.8780528079622,  1.2684873315228,  0.0            
      3103,  3.2684969025948,  1.878001466092 ,  0.0            
      3104,  4.171793350149 ,  0.9711491384399,  0.0            
      3105,  2.970992746742 ,  2.1717343586086,  0.0            
      3106,  3.9328239193494,  1.1863914684291,  0.0            
      3107,  3.1864003439103,  1.9327393378745,  0.0            
      3108,  4.0799095426337,  1.0365380894554,  0.0            
      3109,  3.0365166995072,  2.079833592226 ,  0.0            
      3110,  4.0001677729101,  1.1080932674131,  0.0            
      3111,  3.1080915566382,  2.0000777028101,  0.0            
      3112,  3.8180348888902,  1.2808687944596,  0.0            
      3113,  3.2808865109078,  1.8179659486622,  0.0            
      3114,  4.1846408327376,  0.8944185908138,  0.0            
      3115,  2.8943049416143,  2.1845239151577,  0.0            
      3116,  3.8658680085962,  1.1949239070131,  0.0            
      3117,  3.1949419035506,  1.865781495021 ,  0.0            
      3118,  3.7593653904438,  1.2985211664561,  0.0            
      3119,  3.2985470542615,  1.7592876979014,  0.0            
      3120,  4.0862965874537,  0.9601237891014,  0.0            
      3121,  2.9601039399481,  2.0861929739381,  0.0            
      3122,  3.9266873723294,  1.1117685892764,  0.0            
      3123,  3.1117795071405,  1.9265712991722,  0.0            
      3124,  3.7022718171743,  1.3209219723296,  0.0            
      3125,  3.3209590425552,  1.7021802575506,  0.0            
      3126,  4.0001866438966,  1.0325270262699,  0.0            
      3127,  3.0325249214176,  2.0000729507355,  0.0            
      3128,  3.7997818274872,  1.2084039438669,  0.0            
      3129,  3.2084333415732,  1.7996782418754,  0.0            
      3130,  3.6471094865184,  1.3476855989573,  0.0            
      3131,  3.3477298030405,  1.6470209155975,  0.0            
      3132,  4.0927192199219,  0.8827372974463,  0.0            
      3133,  2.8827195196386,  2.0926388144074,  0.0            
      3134,  3.8536037607775,  1.1211186457403,  0.0            
      3135,  3.1211387831424,  1.8534962848985,  0.0            
      3136,  3.5945194658322,  1.3791196892822,  0.0            
      3137,  3.3791740865687,  1.594431133919 ,  0.0            
      3138,  3.7352425015513,  1.2279626664851,  0.0            
      3139,  3.2280028759488,  1.7351317785414,  0.0            
      3140,  3.54467491413  ,  1.4148715055273,  0.0            
      3141,  3.4149257095541,  1.5445983746196,  0.0            
      3142,  3.9204404947776,  1.0364925550678,  0.0            
      3143,  3.0365014326472,  1.9203148742318,  0.0            
      3144,  3.4544404467279,  1.4977076905394,  0.0            
      3145,  3.4977762841994,  1.4543804822236,  0.0            
      3146,  4.0001566174198,  0.9559669058139,  0.0            
      3147,  2.9559638182996,  2.0000555813524,  0.0            
      3148,  3.6724419794702,  1.2526962351801,  0.0            
      3149,  3.2527516774299,  1.6723120741984,  0.0            
      3150,  3.7814363243543,  1.1357662371588,  0.0            
      3151,  3.1357970035824,  1.7813237823188,  0.0            
      3152,  3.6116714894173,  1.2820293161634,  0.0            
      3153,  3.2820962397552,  1.6115393253201,  0.0            
      3154,  3.841175221683 ,  1.0466263052554,  0.0            
      3155,  3.0466428529432,  1.8410632794686,  0.0            
      3156,  3.9140199119228,  0.9600858986928,  0.0            
      3157,  2.9600908721571,  1.9139192952025,  0.0            
      3158,  4.0000867753674,  0.878561802161 ,  0.0            
      3159,  2.8785583848114,  2.000028981206 ,  0.0            
      3160,  3.5538186025871,  1.3166843349393,  0.0            
      3161,  3.3167699568583,  1.5536802286086,  0.0            
      3162,  3.7109858106016,  1.1571827208489,  0.0            
      3163,  3.1572243315069,  1.7108747644537,  0.0            
      3164,  3.4990198548347,  1.3561141152574,  0.0            
      3165,  3.356208264822 ,  1.4988891920373,  0.0            
      3166,  3.4473227767042,  1.3995067444205,  0.0            
      3167,  3.3996146869455,  1.4471995087013,  0.0            
      3168,  3.64244683037  ,  1.1842214838825,  0.0            
      3169,  3.1842777261998,  1.6423222802547,  0.0            
      3170,  3.7628875119952,  1.0625359342358,  0.0            
      3171,  3.0625617903714,  1.7627796655402,  0.0            
      3172,  3.8284834713464,  0.9709569944633,  0.0            
      3173,  2.9709677412176,  1.8283922587697,  0.0            
      3174,  3.907472087237 ,  0.8827108429406,  0.0            
      3175,  2.8827124994229,  1.9074192539639,  0.0            
      3176,  3.5760790541458,  1.2161840713022,  0.0            
      3177,  3.2162545023205,  1.5759481089553,  0.0            
      3178,  3.6864488024068,  1.0857557132329,  0.0            
      3179,  3.0857927734058,  1.686348421932 ,  0.0            
      3180,  3.512926825703 ,  1.25405077514  ,  0.0            
      3181,  3.2541415548671,  1.512786828726 ,  0.0            
      3182,  3.4531415145168,  1.2971306333064,  0.0            
      3183,  3.2972362637334,  1.4529997948597,  0.0            
      3184,  3.3966696417851,  1.3444574332789,  0.0            
      3185,  3.3445791223778,  1.3965325188907,  0.0            
      3186,  3.6121068866069,  1.115072870183 ,  0.0            
      3187,  3.1151216444874,  1.612003739453 ,  0.0            
      3188,  3.7440030638365,  0.988247306448 ,  0.0            
      3189,  2.9882654392366,  1.7439154752152,  0.0            
      3190,  3.8155891578126,  0.8942862086376,  0.0            
      3191,  2.894291143872 ,  1.8155403301171,  0.0            
      3192,  3.5401258735505,  1.1497591805632,  0.0            
      3193,  3.1498209279975,  1.5400174054319,  0.0            
      3194,  3.6614520691139,  1.0132094049176,  0.0            
      3195,  3.0132379264341,  1.6613700966937,  0.0            
      3196,  3.4716035247844,  1.190839056178 ,  0.0            
      3197,  3.1909154890618,  1.4714926538152,  0.0            
      3198,  3.4067548969112,  1.2375538858993,  0.0            
      3199,  3.237644342361 ,  1.4066398291876,  0.0            
      3200,  3.7248546627205,  0.913073399612 ,  0.0            
      3201,  2.9130824682582,  1.7248069611519,  0.0            
      3202,  3.3455124616478,  1.288901007677 ,  0.0            
      3203,  3.2890013715742,  1.3454016889216,  0.0            
      3204,  3.5812081255552,  1.044776284228 ,  0.0            
      3205,  3.0448128377378,  1.581131111987 ,  0.0            
      3206,  3.5035698278676,  1.0823107166348,  0.0            
      3207,  3.0823566736451,  1.5034919427638,  0.0            
      3208,  3.6360816109262,  0.9397255068837,  0.0            
      3209,  2.9397409623911,  1.6360359742834,  0.0            
      3210,  3.4295651115507,  1.1266172351591,  0.0            
      3211,  3.1266677705646,  1.4294951107811,  0.0            
      3212,  3.3595397013207,  1.1769606790449,  0.0            
      3213,  3.177018215983 ,  1.3594684156562,  0.0            
      3214,  3.5498510416795,  0.9735213868929,  0.0            
      3215,  2.9735402782595,  1.5498102370294,  0.0            
      3216,  3.2325080819294,  1.2934465584832,  0.0            
      3217,  3.2935113508828,  1.232448846492 ,  0.0            
      3218,  3.4665224702573,  1.0140212792444,  0.0            
      3219,  3.0140449263162,  1.4664820765527,  0.0            
      3220,  3.386945523304 ,  1.0615610569837,  0.0            
      3221,  3.0615843723576,  1.3869133341043,  0.0            
      3222,  3.3116497120222,  1.1155209555922,  0.0            
      3223,  3.115546743665 ,  1.3116175926373,  0.0            
      3224,  3.1752792608366,  1.2408037993677,  0.0            
      3225,  3.2408308358624,  1.1752543053408,  0.0            
      3226,  4.6643889976148,  2.0550528419287,  0.0            
      3227,  4.6575735446943,  2.1097296171241,  0.0            
      3228,  4.6462661976927,  2.1636568277702,  0.0            
      3229,  4.6305441972556,  2.2164660963368,  0.0            
      3230,  4.6105149405878,  2.2677966819717,  0.0            
      3231,  4.5863152478218,  2.3172979447264,  0.0            
      3232,  4.5581104273974,  2.3646317407828,  0.0            
      3233,  4.5260931468373,  2.409474732318 ,  0.0            
      3234,  4.4904821166328,  2.4515205962294,  0.0            
      3235,  4.4515205962294,  2.4904821166328,  0.0            
      3236,  4.409474732318 ,  2.5260931468373,  0.0            
      3237,  4.3646317407828,  2.5581104273974,  0.0            
      3238,  4.3172979447264,  2.5863152478218,  0.0            
      3239,  4.2677966819717,  2.6105149405878,  0.0            
      3240,  4.2164660963368,  2.6305441972556,  0.0            
      3241,  4.1636568277702,  2.6462661976927,  0.0            
      3242,  4.1097296171241,  2.6575735446943,  0.0            
      3243,  4.0550528419287,  2.6643889976148,  0.0            
      3244,  4.0            ,  2.666666       ,  0.0            
      3245,  3.9449471580713,  2.6643889976148,  0.0            
      3246,  3.8902703828759,  2.6575735446943,  0.0            
      3247,  3.8363431722298,  2.6462661976927,  0.0            
      3248,  3.7835339036632,  2.6305441972556,  0.0            
      3249,  3.7322033180283,  2.6105149405878,  0.0            
      3250,  3.6827020552736,  2.5863152478218,  0.0            
      3251,  3.6353682592172,  2.5581104273974,  0.0            
      3252,  3.590525267682 ,  2.5260931468373,  0.0            
      3253,  3.5484794037706,  2.4904821166328,  0.0            
      3254,  3.5095178833672,  2.4515205962294,  0.0            
      3255,  3.4739068531628,  2.409474732318 ,  0.0            
      3256,  3.4418895726026,  2.3646317407828,  0.0            
      3257,  3.4136847521782,  2.3172979447264,  0.0            
      3258,  3.3894850594122,  2.2677966819717,  0.0            
      3259,  3.3694558027444,  2.2164660963368,  0.0            
      3260,  3.3537338023073,  2.1636568277702,  0.0            
      3261,  3.3424264553057,  2.1097296171241,  0.0            
      3262,  3.3356110023852,  2.0550528419287,  0.0            
      3263,  3.333334       ,  2.0            ,  0.0            
      3264,  3.3356110023852,  1.9449471580713,  0.0            
      3265,  3.3424264553057,  1.8902703828759,  0.0            
      3266,  3.3537338023073,  1.8363431722298,  0.0            
      3267,  3.3694558027444,  1.7835339036632,  0.0            
      3268,  3.3894850594122,  1.7322033180283,  0.0            
      3269,  3.4136847521782,  1.6827020552736,  0.0            
      3270,  3.4418895726026,  1.6353682592172,  0.0            
      3271,  3.4739068531628,  1.590525267682 ,  0.0            
      3272,  3.5095178833672,  1.5484794037706,  0.0            
      3273,  3.5484794037706,  1.5095178833672,  0.0            
      3274,  3.590525267682 ,  1.4739068531627,  0.0            
      3275,  3.6353682592172,  1.4418895726026,  0.0            
      3276,  3.6827020552736,  1.4136847521782,  0.0            
      3277,  3.7322033180283,  1.3894850594122,  0.0            
      3278,  3.7835339036632,  1.3694558027444,  0.0            
      3279,  3.8363431722298,  1.3537338023073,  0.0            
      3280,  3.8902703828759,  1.3424264553057,  0.0            
      3281,  3.9449471580713,  1.3356110023852,  0.0            
      3282,  4.0            ,  1.333334       ,  0.0            
      3283,  4.0550528419287,  1.3356110023852,  0.0            
      3284,  4.1097296171241,  1.3424264553057,  0.0            
      3285,  4.1636568277702,  1.3537338023073,  0.0            
      3286,  4.2164660963368,  1.3694558027444,  0.0            
      3287,  4.2677966819717,  1.3894850594122,  0.0            
      3288,  4.3172979447264,  1.4136847521782,  0.0            
      3289,  4.3646317407828,  1.4418895726026,  0.0            
      3290,  4.409474732318 ,  1.4739068531627,  0.0            
      3291,  4.4515205962294,  1.5095178833672,  0.0            
      3292,  4.4904821166328,  1.5484794037706,  0.0            
      3293,  4.5260931468372,  1.590525267682 ,  0.0            
      3294,  4.5581104273974,  1.6353682592172,  0.0            
      3295,  4.5863152478218,  1.6827020552736,  0.0            
      3296,  4.6105149405878,  1.7322033180283,  0.0            
      3297,  4.6305441972556,  1.7835339036632,  0.0            
      3298,  4.6462661976927,  1.8363431722298,  0.0            
      3299,  4.6575735446943,  1.8902703828759,  0.0            
      3300,  4.6643889976148,  1.9449471580713,  0.0            
      3301,  4.666666       ,  2.0            ,  0.0            
      3302,  5.195901391608 ,  1.9009047854332,  0.0            
      3303,  5.1836335640833,  1.8024864916631,  0.0            
      3304,  5.1632803191272,  1.705417415431 ,  0.0            
      3305,  5.1349806900408,  1.6103606369543,  0.0            
      3306,  5.0989279919861,  1.5179654904164,  0.0            
      3307,  5.0553685014478,  1.4288631283555,  0.0            
      3308,  5.004599773915 ,  1.3436622102531,  0.0            
      3309,  4.9469686112757,  1.2629447447724,  0.0            
      3310,  4.8828686928078,  1.1872621140491,  0.0            
      3311,  4.8127378859509,  1.1171313071922,  0.0            
      3312,  4.7370552552276,  1.0530313887243,  0.0            
      3313,  4.6563377897469,  0.995400226085 ,  0.0            
      3314,  4.5711368716445,  0.9446314985522,  0.0            
      3315,  4.4820345095836,  0.9010720080139,  0.0            
      3316,  4.3896393630457,  0.8650193099592,  0.0            
      3317,  4.294582584569 ,  0.8367196808728,  0.0            
      3318,  4.1975135083369,  0.8163664359167,  0.0            
      3319,  4.0990952145668,  0.804098608392 ,  0.0            
      3320,  4.0            ,  0.8            ,  0.0            
      3321,  3.9009047854332,  0.804098608392 ,  0.0            
      3322,  3.8024864916631,  0.8163664359167,  0.0            
      3323,  3.705417415431 ,  0.8367196808728,  0.0            
      3324,  3.6103606369543,  0.8650193099592,  0.0            
      3325,  3.5179654904164,  0.9010720080139,  0.0            
      3326,  3.4288631283555,  0.9446314985522,  0.0            
      3327,  3.3436622102531,  0.995400226085 ,  0.0            
      3328,  3.2629447447724,  1.0530313887243,  0.0            
      3329,  3.1872621140491,  1.1171313071922,  0.0            
      3330,  3.1171313071922,  1.1872621140491,  0.0            
      3331,  3.0530313887243,  1.2629447447724,  0.0            
      3332,  2.995400226085 ,  1.3436622102531,  0.0            
      3333,  2.9446314985522,  1.4288631283555,  0.0            
      3334,  2.9010720080139,  1.5179654904164,  0.0            
      3335,  2.8650193099592,  1.6103606369543,  0.0            
      3336,  2.8367196808728,  1.705417415431 ,  0.0            
      3337,  2.8163664359167,  1.8024864916631,  0.0            
      3338,  2.804098608392 ,  1.9009047854332,  0.0            
      3339,  2.8            ,  2.0            ,  0.0            
      3340,  2.804098608392 ,  2.0990952145668,  0.0            
      3341,  2.8163664359167,  2.1975135083369,  0.0            
      3342,  2.8367196808728,  2.294582584569 ,  0.0            
      3343,  2.8650193099592,  2.3896393630457,  0.0            
      3344,  2.9010720080139,  2.4820345095836,  0.0            
      3345,  2.9446314985522,  2.5711368716445,  0.0            
      3346,  2.995400226085 ,  2.6563377897469,  0.0            
      3347,  3.0530313887243,  2.7370552552276,  0.0            
      3348,  3.1171313071922,  2.8127378859509,  0.0            
      3349,  3.1872621140491,  2.8828686928078,  0.0            
      3350,  3.2629447447724,  2.9469686112757,  0.0            
      3351,  3.3436622102531,  3.004599773915 ,  0.0            
      3352,  3.4288631283555,  3.0553685014478,  0.0            
      3353,  3.5179654904164,  3.0989279919861,  0.0            
      3354,  3.6103606369543,  3.1349806900408,  0.0            
      3355,  3.705417415431 ,  3.1632803191272,  0.0            
      3356,  3.8024864916631,  3.1836335640833,  0.0            
      3357,  3.9009047854332,  3.195901391608 ,  0.0            
      3358,  4.0            ,  3.2            ,  0.0            
      3359,  4.0990952145668,  3.195901391608 ,  0.0            
      3360,  4.1975135083369,  3.1836335640833,  0.0            
      3361,  4.294582584569 ,  3.1632803191272,  0.0            
      3362,  4.3896393630457,  3.1349806900408,  0.0            
      3363,  4.4820345095836,  3.0989279919861,  0.0            
      3364,  4.5711368716445,  3.0553685014478,  0.0            
      3365,  4.6563377897469,  3.004599773915 ,  0.0            
      3366,  4.7370552552276,  2.9469686112757,  0.0            
      3367,  4.8127378859509,  2.8828686928078,  0.0            
      3368,  4.8828686928078,  2.8127378859509,  0.0            
      3369,  4.9469686112757,  2.7370552552276,  0.0            
      3370,  5.004599773915 ,  2.6563377897469,  0.0            
      3371,  5.0553685014478,  2.5711368716445,  0.0            
      3372,  5.0989279919861,  2.4820345095836,  0.0            
      3373,  5.1349806900408,  2.3896393630457,  0.0            
      3374,  5.1632803191272,  2.294582584569 ,  0.0            
      3375,  5.1836335640833,  2.1975135083369,  0.0            
      3376,  5.195901391608 ,  2.0990952145668,  0.0            
      3377,  5.2            ,  2.0            ,  0.0            
*ELEMENT,TYPE=S4
         1,      1856,        46,        45,      1855
         2,      1857,        47,        46,      1856
         3,      1858,        48,        47,      1857
         4,      1859,        49,        48,      1858
         5,      1860,        50,        49,      1859
         6,      1836,        51,        50,      1860
         7,      1861,        52,        51,      1836
         8,      1862,        53,        52,      1861
         9,      1863,        54,        53,      1862
        10,      1864,        55,        54,      1863
        11,      1865,        56,        55,      1864
        12,      1866,        57,        56,      1865
        13,      1915,        94,        57,      1866
        14,      1868,      1869,      1867,      1819
        15,      1869,      1268,      1269,      1867
        16,      2239,      2238,      1869,      1868
        17,      2238,      1267,      1268,      1869
        18,      1870,      1887,       507,       506
        19,      1871,      1886,      1887,      1870
        20,      1872,      1885,      1886,      1871
        21,      1873,      1884,      1885,      1872
        22,      1874,      1883,      1884,      1873
        23,      1875,      1882,      1883,      1874
        24,      1876,      1881,      1882,      1875
        25,      1877,      1880,      1881,      1876
        26,      1878,      1879,      1880,      1877
        27,      1916,      1917,      1879,      1878
        28,      1917,         6,         5,      1879
        29,         5,         4,      1880,      1879
        30,         4,         3,      1881,      1880
        31,         3,         2,      1882,      1881
        32,         2,      1920,      1883,      1882
        33,      1920,      1918,      1884,      1883
        34,      1918,      1888,      1885,      1884
        35,      1888,      1889,      1886,      1885
        36,      1889,      1890,      1887,      1886
        37,      1890,       508,       507,      1887
        38,      1918,      1919,      1894,      1888
        39,      1894,      1895,      1889,      1888
        40,      1895,        12,      1890,      1889
        41,        12,       509,       508,      1890
        42,      1919,        16,        15,      1894
        43,       184,       322,       323,      1891
        44,       323,       324,      1892,      1891
        45,       324,       325,      1893,      1892
        46,       325,       326,      1896,      1893
        47,        15,        14,      1895,      1894
        48,        14,        13,        12,      1895
        49,       326,       327,      1897,      1896
        50,       327,       328,      1898,      1897
        51,       328,       329,      1899,      1898
        52,       329,       330,      1900,      1899
        53,       330,       331,      1901,      1900
        54,       331,       332,      1902,      1901
        55,       332,       333,      1903,      1902
        56,       333,       334,      1904,      1903
        57,       334,       335,      1905,      1904
        58,       335,       336,      1906,      1905
        59,       336,       337,      1907,      1906
        60,       337,       338,      1908,      1907
        61,       338,       339,      1909,      1908
        62,       339,       340,      1910,      1909
        63,       340,       341,      1911,      1910
        64,       341,       342,      1912,      1911
        65,       342,       343,      1913,      1912
        66,       343,       344,      1914,      1913
        67,       344,       345,      1915,      1914
        68,       345,       346,        94,      1915
        69,        43,        95,      1917,      1916
        70,        95,       111,         6,      1917
        71,      1920,         1,      1919,      1918
        72,         1,        17,        16,      1919
        73,         2,         7,         1,      1920
        74,         7,        18,        17,         1
        75,         3,         8,         7,         2
        76,         4,         9,         8,         3
        77,         5,        10,         9,         4
        78,         6,        11,        10,         5
        79,       111,       134,        11,         6
        80,         8,        19,        18,         7
        81,         9,        20,        19,         8
        82,        10,        21,        20,         9
        83,        11,        22,        21,        10
        84,       134,       157,        22,        11
        85,        13,       510,       509,        12
        86,        13,        23,       511,       510
        87,        14,        24,        23,        13
        88,        15,        25,        24,        14
        89,        16,        26,        25,        15
        90,        17,        27,        26,        16
        91,        18,        28,        27,        17
        92,        19,        29,        28,        18
        93,        20,        30,        29,        19
        94,        21,        31,        30,        20
        95,        22,        32,        31,        21
        96,       157,       648,        32,        22
        97,        23,        33,       512,       511
        98,        24,        34,        33,        23
        99,        25,        35,        34,        24
       100,        26,        36,        35,        25
       101,        27,        37,        36,        26
       102,        28,        38,        37,        27
       103,        29,        39,        38,        28
       104,        30,        40,        39,        29
       105,        31,        41,        40,        30
       106,        32,        42,        41,        31
       107,       648,       649,        42,        32
       108,        33,        58,       513,       512
       109,        34,        59,        58,        33
       110,        35,        60,        59,        34
       111,        36,        61,        60,        35
       112,        37,        62,        61,        36
       113,        38,        63,        62,        37
       114,        39,        64,        63,        38
       115,        40,        65,        64,        39
       116,        41,        66,        65,        40
       117,        42,        67,        66,        41
       118,       649,       650,        67,        42
       119,        44,        96,        95,        43
       120,        45,        97,        96,        44
       121,        46,        98,        97,        45
       122,        47,        99,        98,        46
       123,        48,       100,        99,        47
       124,        49,       101,       100,        48
       125,        50,       102,       101,        49
       126,        51,       103,       102,        50
       127,        52,       104,       103,        51
       128,        53,       105,       104,        52
       129,        54,       106,       105,        53
       130,        55,       107,       106,        54
       131,        56,       108,       107,        55
       132,        57,       109,       108,        56
       133,        94,       110,       109,        57
       134,        58,        68,       514,       513
       135,        59,        69,        68,        58
       136,        60,        70,        69,        59
       137,        61,        71,        70,        60
       138,        62,        72,        71,        61
       139,        63,        73,        72,        62
       140,        64,        74,        73,        63
       141,        65,        75,        74,        64
       142,        66,        76,        75,        65
       143,        67,        77,        76,        66
       144,       650,       651,        77,        67
       145,        68,        78,       515,       514
       146,        69,        79,        78,        68
       147,        70,        80,        79,        69
       148,        71,        81,        80,        70
       149,        72,        82,        81,        71
       150,        73,        83,        82,        72
       151,        74,        84,        83,        73
       152,        75,        85,        84,        74
       153,        76,        86,        85,        75
       154,        77,        87,        86,        76
       155,       651,       652,        87,        77
       156,        78,       177,       516,       515
       157,        79,       176,       177,        78
       158,        80,       175,       176,        79
       159,        81,       174,       175,        80
       160,        82,        88,       174,        81
       161,        83,        89,        88,        82
       162,        84,        90,        89,        83
       163,        85,        91,        90,        84
       164,        86,        92,        91,        85
       165,        87,        93,        92,        86
       166,       652,       653,        93,        87
       167,        88,       128,       214,       174
       168,        89,       129,       128,        88
       169,        90,       130,       129,        89
       170,        91,       131,       130,        90
       171,        92,       132,       131,        91
       172,        93,       133,       132,        92
       173,       653,       654,       133,        93
       174,       346,       347,       110,        94
       175,        96,       112,       111,        95
       176,        97,       113,       112,        96
       177,        98,       114,       113,        97
       178,        99,       115,       114,        98
       179,       100,       116,       115,        99
       180,       101,       117,       116,       100
       181,       102,       118,       117,       101
       182,       103,       119,       118,       102
       183,       104,       120,       119,       103
       184,       105,       121,       120,       104
       185,       106,       122,       121,       105
       186,       107,       123,       122,       106
       187,       108,       124,       123,       107
       188,       109,       125,       124,       108
       189,       110,       126,       125,       109
       190,       347,       127,       126,       110
       191,       112,       135,       134,       111
       192,       113,       136,       135,       112
       193,       114,       137,       136,       113
       194,       115,       138,       137,       114
       195,       116,       139,       138,       115
       196,       117,       140,       139,       116
       197,       118,       141,       140,       117
       198,       119,       142,       141,       118
       199,       120,       143,       142,       119
       200,       121,       144,       143,       120
       201,       122,       145,       144,       121
       202,       123,       146,       145,       122
       203,       124,       147,       146,       123
       204,       125,       148,       147,       124
       205,       126,       149,       148,       125
       206,       127,       150,       149,       126
       207,       128,       151,       215,       214
       208,       129,       152,       151,       128
       209,       130,       153,       152,       129
       210,       131,       154,       153,       130
       211,       132,       155,       154,       131
       212,       133,       156,       155,       132
       213,       654,       655,       156,       133
       214,       135,       158,       157,       134
       215,       136,       159,       158,       135
       216,       137,       160,       159,       136
       217,       138,       161,       160,       137
       218,       139,       162,       161,       138
       219,       140,       163,       162,       139
       220,       141,       164,       163,       140
       221,       142,       165,       164,       141
       222,       143,       166,       165,       142
       223,       144,       167,       166,       143
       224,       145,       168,       167,       144
       225,       146,       169,       168,       145
       226,       147,       170,       169,       146
       227,       148,       171,       170,       147
       228,       149,       172,       171,       148
       229,       150,       173,       172,       149
       230,       151,       183,       216,       215
       231,       152,       178,       183,       151
       232,       153,       179,       178,       152
       233,       154,       180,       179,       153
       234,       155,       181,       180,       154
       235,       156,       182,       181,       155
       236,       655,       656,       182,       156
       237,       158,       665,       648,       157
       238,       159,       682,       665,       158
       239,       160,       699,       682,       159
       240,       161,       716,       699,       160
       241,       162,       733,       716,       161
       242,       163,       750,       733,       162
       243,       164,       767,       750,       163
       244,       165,       768,       767,       164
       245,       166,       769,       768,       165
       246,       167,       770,       769,       166
       247,       168,       771,       770,       167
       248,       169,       772,       771,       168
       249,       170,       773,       772,       169
       250,       171,       774,       773,       170
       251,       172,       775,       774,       171
       252,       173,       869,       775,       172
       253,       214,       248,       175,       174
       254,       248,       265,       176,       175
       255,       265,       348,       177,       176
       256,       348,       517,       516,       177
       257,       178,       187,       186,       183
       258,       179,       188,       187,       178
       259,       180,       189,       188,       179
       260,       181,       190,       189,       180
       261,       182,       191,       190,       181
       262,       656,       657,       191,       182
       263,       184,       185,       321,       322
       264,       186,       217,       216,       183
       265,       192,       193,       185,       184
       266,       193,       212,       213,       185
       267,       213,       320,       321,       185
       268,       186,       223,       218,       217
       269,       223,       224,       219,       218
       270,       224,       225,       220,       219
       271,       225,       226,       221,       220
       272,       226,       227,       222,       221
       273,       227,       625,       624,       222
       274,       187,       243,       223,       186
       275,       188,       244,       243,       187
       276,       189,       245,       244,       188
       277,       190,       246,       245,       189
       278,       191,       247,       246,       190
       279,       657,       658,       247,       191
       280,       194,       198,       193,       192
       281,       198,       211,       212,       193
       282,       195,       199,       198,       194
       283,       196,       200,       199,       195
       284,       197,       203,       200,       196
       285,       201,       204,       203,       197
       286,       199,       210,       211,       198
       287,       200,       209,       210,       199
       288,       203,       208,       209,       200
       289,       202,       205,       204,       201
       290,       228,       229,       205,       202
       291,       204,       207,       208,       203
       292,       205,       206,       207,       204
       293,       229,       230,       206,       205
       294,       230,       234,       235,       206
       295,       235,       236,       207,       206
       296,       236,       237,       208,       207
       297,       237,       238,       209,       208
       298,       238,       239,       210,       209
       299,       239,       240,       211,       210
       300,       240,       241,       212,       211
       301,       241,       242,       213,       212
       302,       242,       319,       320,       213
       303,       215,       249,       248,       214
       304,       216,       250,       249,       215
       305,       217,       251,       250,       216
       306,       218,       252,       251,       217
       307,       219,       253,       252,       218
       308,       220,       254,       253,       219
       309,       221,       255,       254,       220
       310,       222,       256,       255,       221
       311,       624,       623,       256,       222
       312,       243,       257,       224,       223
       313,       257,       258,       225,       224
       314,       258,       259,       226,       225
       315,       259,       260,       227,       226
       316,       260,       626,       625,       227
       317,      2256,      2255,       229,       228
       318,      1732,       233,       234,       230
       319,      2255,      2254,       230,       229
       320,      2254,      2253,      1732,       230
       321,      2252,       231,       232,      1733
       322,       302,       301,       232,       231
       323,       301,       300,       233,       232
       324,       300,       299,       234,       233
       325,       299,       298,       235,       234
       326,       298,       297,       236,       235
       327,       297,       296,       237,       236
       328,       296,       295,       238,       237
       329,       295,       294,       239,       238
       330,       294,       293,       240,       239
       331,       293,       292,       241,       240
       332,       292,       291,       242,       241
       333,       291,       318,       319,       242
       334,       244,       261,       257,       243
       335,       245,       262,       261,       244
       336,       246,       263,       262,       245
       337,       247,       264,       263,       246
       338,       658,       659,       264,       247
       339,       249,       266,       265,       248
       340,       250,       267,       266,       249
       341,       251,       268,       267,       250
       342,       252,       269,       268,       251
       343,       253,       270,       269,       252
       344,       254,       271,       270,       253
       345,       255,       272,       271,       254
       346,       256,       273,       272,       255
       347,       623,       622,       273,       256
       348,       261,       274,       258,       257
       349,       274,       275,       259,       258
       350,       275,       276,       260,       259
       351,       276,       627,       626,       260
       352,       262,       579,       274,       261
       353,       263,       580,       579,       262
       354,       264,       581,       580,       263
       355,       659,       660,       581,       264
       356,       266,       349,       348,       265
       357,       267,       350,       349,       266
       358,       268,       351,       350,       267
       359,       269,       352,       351,       268
       360,       270,       353,       352,       269
       361,       271,       354,       353,       270
       362,       272,       355,       354,       271
       363,       273,       356,       355,       272
       364,       622,       621,       356,       273
       365,       579,       582,       275,       274
       366,       582,       583,       276,       275
       367,       583,       630,       627,       276
       368,      1270,      1271,       281,       277
       369,       281,       280,       278,       277
       370,       280,       279,       282,       278
       371,       280,       289,       288,       279
       372,       281,       290,       289,       280
       373,      1271,      1272,       290,       281
       374,       279,       284,       283,       282
       375,       288,       285,       284,       279
       376,       315,       287,       285,       288
       377,       284,      2242,      2241,       283
       378,       285,      2243,      2242,       284
       379,       287,       314,      2243,       285
       380,       231,      2251,       303,       302
       381,      2251,       305,       304,       303
       382,      2251,      2250,       306,       305
       383,      2250,      2249,       307,       306
       384,      2249,      2248,       308,       307
       385,      2248,      2247,       309,       308
       386,      2246,       310,       309,      2247
       387,      2245,       311,       310,      2246
       388,      2244,       312,       311,      2245
       389,       286,       313,       312,      2244
       390,      2243,       314,       313,       286
       391,       289,       316,       315,       288
       392,       290,       317,       316,       289
       393,      1272,      1273,       317,       290
       394,       291,       358,       357,       318
       395,       292,       359,       358,       291
       396,       293,       360,       359,       292
       397,       294,       361,       360,       293
       398,       295,       362,       361,       294
       399,       296,       363,       362,       295
       400,       297,       364,       363,       296
       401,       298,       365,       364,       297
       402,       299,       366,       365,       298
       403,       300,       367,       366,       299
       404,       301,       368,       367,       300
       405,       302,       369,       368,       301
       406,       303,       370,       369,       302
       407,       304,       371,       370,       303
       408,       305,       372,       371,       304
       409,       306,       373,       372,       305
       410,       307,       374,       373,       306
       411,       308,       375,       374,       307
       412,       309,       376,       375,       308
       413,       310,       377,       376,       309
       414,       311,       378,       377,       310
       415,       312,       379,       378,       311
       416,       313,       380,       379,       312
       417,       314,       381,       380,       313
       418,       287,       382,       381,       314
       419,       315,       383,       382,       287
       420,       316,       384,       383,       315
       421,       317,       385,       384,       316
       422,      1273,      1274,       385,       317
       423,       357,      1222,      1221,       318
       424,      1221,      1220,       319,       318
       425,      1220,      1219,       320,       319
       426,      1219,      1218,       321,       320
       427,      1218,      1217,       322,       321
       428,      1217,      1216,       323,       322
       429,      1216,      1215,       324,       323
       430,      1215,      1214,       325,       324
       431,      1214,      1213,       326,       325
       432,      1213,      1212,       327,       326
       433,      1212,      1211,       328,       327
       434,      1211,      1210,       329,       328
       435,      1210,      1209,       330,       329
       436,      1209,      1208,       331,       330
       437,      1208,      1207,       332,       331
       438,      1207,      1206,       333,       332
       439,      1206,      1205,       334,       333
       440,      1205,      1204,       335,       334
       441,      1204,      1203,       336,       335
       442,      1203,      1202,       337,       336
       443,      1202,      1201,       338,       337
       444,      1201,      1200,       339,       338
       445,      1200,      1199,       340,       339
       446,      1199,      1198,       341,       340
       447,      1198,      1197,       342,       341
       448,      1197,      1196,       343,       342
       449,      1196,      1195,       344,       343
       450,      1195,      1194,       345,       344
       451,      1194,      1193,       346,       345
       452,      1193,      1192,       347,       346
       453,      1192,      1191,       127,       347
       454,      1191,      1190,       150,       127
       455,      1190,      1189,       173,       150
       456,      1189,      1188,       869,       173
       457,       349,       518,       517,       348
       458,       350,       519,       518,       349
       459,       351,       520,       519,       350
       460,       352,       521,       520,       351
       461,       353,       522,       521,       352
       462,       354,       523,       522,       353
       463,       355,       524,       523,       354
       464,       356,       525,       524,       355
       465,       621,       620,       525,       356
       466,       357,       386,      1223,      1222
       467,       358,       387,       386,       357
       468,       359,       388,       387,       358
       469,       360,       389,       388,       359
       470,       361,       390,       389,       360
       471,       362,       391,       390,       361
       472,       363,       392,       391,       362
       473,       364,       393,       392,       363
       474,       365,       394,       393,       364
       475,       366,       395,       394,       365
       476,       367,       396,       395,       366
       477,       368,       397,       396,       367
       478,       369,       398,       397,       368
       479,       370,       399,       398,       369
       480,       371,       400,       399,       370
       481,       372,       401,       400,       371
       482,       373,       402,       401,       372
       483,       374,       403,       402,       373
       484,       375,       404,       403,       374
       485,       376,       405,       404,       375
       486,       377,       406,       405,       376
       487,       378,       407,       406,       377
       488,       379,       408,       407,       378
       489,       380,       409,       408,       379
       490,       381,       410,       409,       380
       491,       382,       411,       410,       381
       492,       383,       412,       411,       382
       493,       384,       413,       412,       383
       494,       385,       414,       413,       384
       495,      1274,      1275,       414,       385
       496,       386,       415,      1224,      1223
       497,       387,       416,       415,       386
       498,       388,       417,       416,       387
       499,       389,       418,       417,       388
       500,       390,       419,       418,       389
       501,       391,       420,       419,       390
       502,       392,       421,       420,       391
       503,       393,       422,       421,       392
       504,       394,       423,       422,       393
       505,       395,       424,       423,       394
       506,       396,       425,       424,       395
       507,       397,       426,       425,       396
       508,       398,       427,       426,       397
       509,       399,       428,       427,       398
       510,       400,       429,       428,       399
       511,       401,       430,       429,       400
       512,       402,       431,       430,       401
       513,       403,       432,       431,       402
       514,       404,       433,       432,       403
       515,       405,       434,       433,       404
       516,       406,       435,       434,       405
       517,       407,       436,       435,       406
       518,       408,       437,       436,       407
       519,       409,       438,       437,       408
       520,       410,       439,       438,       409
       521,       411,       440,       439,       410
       522,       412,       441,       440,       411
       523,       413,       442,       441,       412
       524,       414,       443,       442,       413
       525,      1275,      1276,       443,       414
       526,       415,       444,      1225,      1224
       527,       416,       445,       444,       415
       528,       417,       446,       445,       416
       529,       418,       447,       446,       417
       530,       419,       448,       447,       418
       531,       420,       449,       448,       419
       532,       421,       450,       449,       420
       533,       422,       451,       450,       421
       534,       423,       452,       451,       422
       535,       424,       453,       452,       423
       536,       425,       454,       453,       424
       537,       426,       455,       454,       425
       538,       427,       456,       455,       426
       539,       428,       457,       456,       427
       540,       429,       458,       457,       428
       541,       430,       459,       458,       429
       542,       431,       460,       459,       430
       543,       432,       461,       460,       431
       544,       433,       462,       461,       432
       545,       434,       463,       462,       433
       546,       435,       464,       463,       434
       547,       436,       465,       464,       435
       548,       437,       466,       465,       436
       549,       438,       467,       466,       437
       550,       439,       468,       467,       438
       551,       440,       469,       468,       439
       552,       441,       470,       469,       440
       553,       442,       471,       470,       441
       554,       443,       472,       471,       442
       555,      1276,      1277,       472,       443
       556,       444,       473,      1226,      1225
       557,       445,       474,       473,       444
       558,       446,       475,       474,       445
       559,       447,       476,       475,       446
       560,       448,       477,       476,       447
       561,       449,       478,       477,       448
       562,       450,       479,       478,       449
       563,       451,       480,       479,       450
       564,       452,       481,       480,       451
       565,       453,       482,       481,       452
       566,       454,       483,       482,       453
       567,       455,       484,       483,       454
       568,       456,       485,       484,       455
       569,       457,       486,       485,       456
       570,       458,       487,       486,       457
       571,       459,       488,       487,       458
       572,       460,       489,       488,       459
       573,       461,       490,       489,       460
       574,       462,       491,       490,       461
       575,       463,       492,       491,       462
       576,       464,       493,       492,       463
       577,       465,       494,       493,       464
       578,       466,       495,       494,       465
       579,       467,       496,       495,       466
       580,       468,       497,       496,       467
       581,       469,       498,       497,       468
       582,       470,       499,       498,       469
       583,       471,       500,       499,       470
       584,       472,       501,       500,       471
       585,      1277,      1278,       501,       472
       586,       473,       526,      1227,      1226
       587,       474,       527,       526,       473
       588,       475,       528,       527,       474
       589,       476,       529,       528,       475
       590,       477,       530,       529,       476
       591,       478,       531,       530,       477
       592,       479,       532,       531,       478
       593,       480,       533,       532,       479
       594,       481,       534,       533,       480
       595,       482,       535,       534,       481
       596,       483,       536,       535,       482
       597,       484,       537,       536,       483
       598,       485,       538,       537,       484
       599,       486,       539,       538,       485
       600,       487,       540,       539,       486
       601,       488,       541,       540,       487
       602,       489,       542,       541,       488
       603,       490,       543,       542,       489
       604,       491,       544,       543,       490
       605,       492,       545,       544,       491
       606,       493,       546,       545,       492
       607,       494,       547,       546,       493
       608,       495,       548,       547,       494
       609,       496,       549,       548,       495
       610,       497,       550,       549,       496
       611,       498,       551,       550,       497
       612,       499,       552,       551,       498
       613,       500,       553,       552,       499
       614,       501,       554,       553,       500
       615,      1278,      1279,       554,       501
       616,       503,       556,       555,       502
       617,       504,       557,       556,       503
       618,       505,       558,       557,       504
       619,       506,       559,       558,       505
       620,       507,       560,       559,       506
       621,       508,       561,       560,       507
       622,       509,       562,       561,       508
       623,       510,       563,       562,       509
       624,       511,       564,       563,       510
       625,       512,       565,       564,       511
       626,       513,       566,       565,       512
       627,       514,       567,       566,       513
       628,       515,       568,       567,       514
       629,       516,       569,       568,       515
       630,       517,       570,       569,       516
       631,       518,       571,       570,       517
       632,       519,       572,       571,       518
       633,       520,       573,       572,       519
       634,       521,       574,       573,       520
       635,       522,       575,       574,       521
       636,       523,       576,       575,       522
       637,       524,       577,       576,       523
       638,       525,       578,       577,       524
       639,       620,       619,       578,       525
       640,       526,       824,      1228,      1227
       641,       527,       825,       824,       526
       642,       528,       826,       825,       527
       643,       529,       827,       826,       528
       644,       530,       828,       827,       529
       645,       531,       829,       828,       530
       646,       532,       830,       829,       531
       647,       533,       831,       830,       532
       648,       534,       832,       831,       533
       649,       535,       833,       832,       534
       650,       536,       834,       833,       535
       651,       537,       835,       834,       536
       652,       538,       836,       835,       537
       653,       539,       837,       836,       538
       654,       540,       838,       837,       539
       655,       541,       839,       838,       540
       656,       542,       840,       839,       541
       657,       543,       841,       840,       542
       658,       544,       842,       841,       543
       659,       545,       843,       842,       544
       660,       546,       844,       843,       545
       661,       547,       845,       844,       546
       662,       548,       846,       845,       547
       663,       549,       847,       846,       548
       664,       550,       848,       847,       549
       665,       551,       849,       848,       550
       666,       552,       850,       849,       551
       667,       553,       851,       850,       552
       668,       554,       852,       851,       553
       669,      1279,      1280,       852,       554
       670,       555,       594,       593,       584
       671,       556,       595,       594,       555
       672,       557,       596,       595,       556
       673,       558,       597,       596,       557
       674,       559,       598,       597,       558
       675,       560,       599,       598,       559
       676,       561,       600,       599,       560
       677,       562,       601,       600,       561
       678,       563,       602,       601,       562
       679,       564,       603,       602,       563
       680,       565,       604,       603,       564
       681,       566,       605,       604,       565
       682,       567,       606,       605,       566
       683,       568,       607,       606,       567
       684,       569,       608,       607,       568
       685,       570,       609,       608,       569
       686,       571,       610,       609,       570
       687,       572,       611,       610,       571
       688,       573,       612,       611,       572
       689,       574,       613,       612,       573
       690,       575,       614,       613,       574
       691,       576,       615,       614,       575
       692,       577,       616,       615,       576
       693,       578,       617,       616,       577
       694,       619,       618,       617,       578
       695,       580,       628,       582,       579
       696,       581,       644,       628,       580
       697,       660,       661,       644,       581
       698,       628,       629,       583,       582
       699,       629,       642,       630,       583
       700,       593,       592,       585,       584
       701,       587,      2290,      2289,      1779
       702,       592,       591,       586,       585
       703,       591,       590,      1779,       586
       704,       590,       589,       587,      1779
       705,       589,       588,      2290,       587
       706,       589,      1538,      1539,       588
       707,       590,      1537,      1538,       589
       708,       591,      1536,      1537,       590
       709,       592,      1535,      1536,       591
       710,       593,      1534,      1535,       592
       711,       594,      1533,      1534,       593
       712,       595,      1532,      1533,       594
       713,       596,      1531,      1532,       595
       714,       597,      1530,      1531,       596
       715,       598,      1529,      1530,       597
       716,       599,      1528,      1529,       598
       717,       600,      1527,      1528,       599
       718,       601,      1526,      1527,       600
       719,       602,      1525,      1526,       601
       720,       603,      1524,      1525,       602
       721,       604,      1523,      1524,       603
       722,       605,      1522,      1523,       604
       723,       606,      1521,      1522,       605
       724,       607,      1520,      1521,       606
       725,       608,      1519,      1520,       607
       726,       609,      1518,      1519,       608
       727,       610,      1517,      1518,       609
       728,       611,      1516,      1517,       610
       729,       612,      1515,      1516,       611
       730,       613,      1514,      1515,       612
       731,       614,      1513,      1514,       613
       732,       615,      1512,      1513,       614
       733,       616,      1478,      1512,       615
       734,       617,      1477,      1478,       616
       735,       618,      1476,      1477,       617
       736,       618,       631,      1475,      1476
       737,       619,       632,       631,       618
       738,       620,       633,       632,       619
       739,       621,       634,       633,       620
       740,       622,       635,       634,       621
       741,       623,       636,       635,       622
       742,       624,       637,       636,       623
       743,       625,       638,       637,       624
       744,       626,       639,       638,       625
       745,       627,       640,       639,       626
       746,       630,       641,       640,       627
       747,       644,       645,       629,       628
       748,       645,       646,       642,       629
       749,       642,       643,       641,       630
       750,       631,      2185,      2186,      1475
       751,       632,      2184,      2185,       631
       752,       633,      2183,      2184,       632
       753,       634,      2182,      2183,       633
       754,       635,      2181,      2182,       634
       755,       636,      2180,      2181,       635
       756,       637,      2179,      2180,       636
       757,       638,      2178,      2179,       637
       758,       639,      2177,      2178,       638
       759,       640,      2176,      2177,       639
       760,       641,      2175,      2176,       640
       761,       643,      2174,      2175,       641
       762,       646,       647,       643,       642
       763,       647,      2173,      2174,       643
       764,       661,       662,       645,       644
       765,       662,       663,       646,       645
       766,       663,       664,       647,       646
       767,       664,      2172,      2173,       647
       768,       665,       666,       649,       648
       769,       666,       667,       650,       649
       770,       667,       668,       651,       650
       771,       668,       669,       652,       651
       772,       669,       670,       653,       652
       773,       670,       671,       654,       653
       774,       671,       672,       655,       654
       775,       672,       673,       656,       655
       776,       673,       674,       657,       656
       777,       674,       675,       658,       657
       778,       675,       676,       659,       658
       779,       676,       677,       660,       659
       780,       677,       678,       661,       660
       781,       678,       679,       662,       661
       782,       679,       680,       663,       662
       783,       680,       681,       664,       663
       784,       681,      2171,      2172,       664
       785,       682,       683,       666,       665
       786,       683,       684,       667,       666
       787,       684,       685,       668,       667
       788,       685,       686,       669,       668
       789,       686,       687,       670,       669
       790,       687,       688,       671,       670
       791,       688,       689,       672,       671
       792,       689,       690,       673,       672
       793,       690,       691,       674,       673
       794,       691,       692,       675,       674
       795,       692,       693,       676,       675
       796,       693,       694,       677,       676
       797,       694,       695,       678,       677
       798,       695,       696,       679,       678
       799,       696,       697,       680,       679
       800,       697,       698,       681,       680
       801,       698,      2170,      2171,       681
       802,       699,       700,       683,       682
       803,       700,       701,       684,       683
       804,       701,       702,       685,       684
       805,       702,       703,       686,       685
       806,       703,       704,       687,       686
       807,       704,       705,       688,       687
       808,       705,       706,       689,       688
       809,       706,       707,       690,       689
       810,       707,       708,       691,       690
       811,       708,       709,       692,       691
       812,       709,       710,       693,       692
       813,       710,       711,       694,       693
       814,       711,       712,       695,       694
       815,       712,       713,       696,       695
       816,       713,       714,       697,       696
       817,       714,       715,       698,       697
       818,       715,      2169,      2170,       698
       819,       716,       717,       700,       699
       820,       717,       718,       701,       700
       821,       718,       719,       702,       701
       822,       719,       720,       703,       702
       823,       720,       721,       704,       703
       824,       721,       722,       705,       704
       825,       722,       723,       706,       705
       826,       723,       724,       707,       706
       827,       724,       725,       708,       707
       828,       725,       726,       709,       708
       829,       726,       727,       710,       709
       830,       727,       728,       711,       710
       831,       728,       729,       712,       711
       832,       729,       730,       713,       712
       833,       730,       731,       714,       713
       834,       731,       732,       715,       714
       835,       732,      2168,      2169,       715
       836,       733,       734,       717,       716
       837,       734,       735,       718,       717
       838,       735,       736,       719,       718
       839,       736,       737,       720,       719
       840,       737,       738,       721,       720
       841,       738,       739,       722,       721
       842,       739,       740,       723,       722
       843,       740,       741,       724,       723
       844,       741,       742,       725,       724
       845,       742,       743,       726,       725
       846,       743,       744,       727,       726
       847,       744,       745,       728,       727
       848,       745,       746,       729,       728
       849,       746,       747,       730,       729
       850,       747,       748,       731,       730
       851,       748,       749,       732,       731
       852,       749,      2167,      2168,       732
       853,       750,       751,       734,       733
       854,       751,       752,       735,       734
       855,       752,       753,       736,       735
       856,       753,       754,       737,       736
       857,       754,       755,       738,       737
       858,       755,       756,       739,       738
       859,       756,       757,       740,       739
       860,       757,       758,       741,       740
       861,       758,       759,       742,       741
       862,       759,       760,       743,       742
       863,       760,       761,       744,       743
       864,       761,       762,       745,       744
       865,       762,       763,       746,       745
       866,       763,       764,       747,       746
       867,       764,       765,       748,       747
       868,       765,       766,       749,       748
       869,       766,      2166,      2167,       749
       870,       767,       776,       751,       750
       871,       776,       777,       752,       751
       872,       777,       778,       753,       752
       873,       778,       779,       754,       753
       874,       779,       780,       755,       754
       875,       780,       781,       756,       755
       876,       781,       782,       757,       756
       877,       782,       783,       758,       757
       878,       783,       784,       759,       758
       879,       784,       785,       760,       759
       880,       785,       786,       761,       760
       881,       786,       787,       762,       761
       882,       787,       788,       763,       762
       883,       788,       789,       764,       763
       884,       789,       790,       765,       764
       885,       790,       791,       766,       765
       886,       791,      2165,      2166,       766
       887,       768,       792,       776,       767
       888,       769,       808,       792,       768
       889,       770,       853,       808,       769
       890,       771,       870,       853,       770
       891,       772,       871,       870,       771
       892,       773,       872,       871,       772
       893,       774,       873,       872,       773
       894,       775,       874,       873,       774
       895,       869,       875,       874,       775
       896,       792,       793,       777,       776
       897,       793,       794,       778,       777
       898,       794,       795,       779,       778
       899,       795,       796,       780,       779
       900,       796,       797,       781,       780
       901,       797,       798,       782,       781
       902,       798,       799,       783,       782
       903,       799,       800,       784,       783
       904,       800,       801,       785,       784
       905,       801,       802,       786,       785
       906,       802,       803,       787,       786
       907,       803,       804,       788,       787
       908,       804,       805,       789,       788
       909,       805,       806,       790,       789
       910,       806,       807,       791,       790
       911,       807,      2164,      2165,       791
       912,       808,       809,       793,       792
       913,       809,       810,       794,       793
       914,       810,       811,       795,       794
       915,       811,       812,       796,       795
       916,       812,       813,       797,       796
       917,       813,       814,       798,       797
       918,       814,       815,       799,       798
       919,       815,       816,       800,       799
       920,       816,       817,       801,       800
       921,       817,       818,       802,       801
       922,       818,       819,       803,       802
       923,       819,       820,       804,       803
       924,       820,       821,       805,       804
       925,       821,       822,       806,       805
       926,       822,       823,       807,       806
       927,       823,      2163,      2164,       807
       928,       853,       854,       809,       808
       929,       854,       855,       810,       809
       930,       855,       856,       811,       810
       931,       856,       857,       812,       811
       932,       857,       858,       813,       812
       933,       858,       859,       814,       813
       934,       859,       860,       815,       814
       935,       860,       861,       816,       815
       936,       861,       862,       817,       816
       937,       862,       863,       818,       817
       938,       863,       864,       819,       818
       939,       864,       865,       820,       819
       940,       865,       866,       821,       820
       941,       866,       867,       822,       821
       942,       867,       868,       823,       822
       943,       868,      2162,      2163,       823
       944,       824,       903,      1229,      1228
       945,       825,       904,       903,       824
       946,       826,       905,       904,       825
       947,       827,       906,       905,       826
       948,       828,       907,       906,       827
       949,       829,       908,       907,       828
       950,       830,       909,       908,       829
       951,       831,       910,       909,       830
       952,       832,       911,       910,       831
       953,       833,       912,       911,       832
       954,       834,       913,       912,       833
       955,       835,       914,       913,       834
       956,       836,       915,       914,       835
       957,       837,       916,       915,       836
       958,       838,       917,       916,       837
       959,       839,       918,       917,       838
       960,       840,       919,       918,       839
       961,       841,       920,       919,       840
       962,       842,       921,       920,       841
       963,       843,       922,       921,       842
       964,       844,       923,       922,       843
       965,       845,       924,       923,       844
       966,       846,       925,       924,       845
       967,       847,       926,       925,       846
       968,       848,       927,       926,       847
       969,       849,       928,       927,       848
       970,       850,       929,       928,       849
       971,       851,       930,       929,       850
       972,       852,       931,       930,       851
       973,      1280,      1281,       931,       852
       974,       870,       876,       854,       853
       975,       876,       883,       855,       854
       976,       883,       884,       856,       855
       977,       884,       885,       857,       856
       978,       885,       886,       858,       857
       979,       886,       887,       859,       858
       980,       887,       888,       860,       859
       981,       888,       889,       861,       860
       982,       889,       890,       862,       861
       983,       890,       891,       863,       862
       984,       891,       892,       864,       863
       985,       892,       893,       865,       864
       986,       893,       894,       866,       865
       987,       894,       895,       867,       866
       988,       895,       896,       868,       867
       989,       896,      2161,      2162,       868
       990,      1188,      1187,       875,       869
       991,       871,       877,       876,       870
       992,       872,       878,       877,       871
       993,       873,       879,       878,       872
       994,       874,       880,       879,       873
       995,       875,       881,       880,       874
       996,      1187,       882,       881,       875
       997,       877,       897,       883,       876
       998,       878,       898,       897,       877
       999,       879,       899,       898,       878
      1000,       880,       900,       899,       879
      1001,       881,       901,       900,       880
      1002,       882,       902,       901,       881
      1003,       897,       932,       884,       883
      1004,       932,       933,       885,       884
      1005,       933,       934,       886,       885
      1006,       934,       935,       887,       886
      1007,       935,       936,       888,       887
      1008,       936,       937,       889,       888
      1009,       937,       938,       890,       889
      1010,       938,       939,       891,       890
      1011,       939,       940,       892,       891
      1012,       940,       941,       893,       892
      1013,       941,       942,       894,       893
      1014,       942,       943,       895,       894
      1015,       943,       944,       896,       895
      1016,       944,      2160,      2161,       896
      1017,       898,       945,       932,       897
      1018,       899,       946,       945,       898
      1019,       900,       947,       946,       899
      1020,       901,       948,       947,       900
      1021,       902,       949,       948,       901
      1022,       903,       950,      1230,      1229
      1023,       904,       951,       950,       903
      1024,       905,       952,       951,       904
      1025,       906,       953,       952,       905
      1026,       907,       954,       953,       906
      1027,       908,       955,       954,       907
      1028,       909,       956,       955,       908
      1029,       910,       957,       956,       909
      1030,       911,       958,       957,       910
      1031,       912,       959,       958,       911
      1032,       913,       960,       959,       912
      1033,       914,       961,       960,       913
      1034,       915,       962,       961,       914
      1035,       916,       963,       962,       915
      1036,       917,       964,       963,       916
      1037,       918,       965,       964,       917
      1038,       919,       966,       965,       918
      1039,       920,       967,       966,       919
      1040,       921,       968,       967,       920
      1041,       922,       969,       968,       921
      1042,       923,       970,       969,       922
      1043,       924,       971,       970,       923
      1044,       925,       972,       971,       924
      1045,       926,       973,       972,       925
      1046,       927,       974,       973,       926
      1047,       928,       975,       974,       927
      1048,       929,       976,       975,       928
      1049,       930,       977,       976,       929
      1050,       931,       978,       977,       930
      1051,      1281,      1282,       978,       931
      1052,       945,       979,       933,       932
      1053,       979,       980,       934,       933
      1054,       980,       981,       935,       934
      1055,       981,       982,       936,       935
      1056,       982,       983,       937,       936
      1057,       983,       984,       938,       937
      1058,       984,       985,       939,       938
      1059,       985,       986,       940,       939
      1060,       986,       987,       941,       940
      1061,       987,       988,       942,       941
      1062,       988,       989,       943,       942
      1063,       989,       990,       944,       943
      1064,       990,      2159,      2160,       944
      1065,       946,      1020,       979,       945
      1066,       947,      1032,      1020,       946
      1067,       948,      1072,      1032,       947
      1068,       949,      1167,      1072,       948
      1069,       950,       991,      1231,      1230
      1070,       951,       992,       991,       950
      1071,       952,       993,       992,       951
      1072,       953,       994,       993,       952
      1073,       954,       995,       994,       953
      1074,       955,       996,       995,       954
      1075,       956,       997,       996,       955
      1076,       957,       998,       997,       956
      1077,       958,       999,       998,       957
      1078,       959,      1000,       999,       958
      1079,       960,      1001,      1000,       959
      1080,       961,      1002,      1001,       960
      1081,       962,      1003,      1002,       961
      1082,       963,      1004,      1003,       962
      1083,       964,      1005,      1004,       963
      1084,       965,      1006,      1005,       964
      1085,       966,      1007,      1006,       965
      1086,       967,      1008,      1007,       966
      1087,       968,      1009,      1008,       967
      1088,       969,      1010,      1009,       968
      1089,       970,      1011,      1010,       969
      1090,       971,      1012,      1011,       970
      1091,       972,      1013,      1012,       971
      1092,       973,      1014,      1013,       972
      1093,       974,      1015,      1014,       973
      1094,       975,      1016,      1015,       974
      1095,       976,      1017,      1016,       975
      1096,       977,      1018,      1017,       976
      1097,       978,      1019,      1018,       977
      1098,      1282,      1283,      1019,       978
      1099,      1020,      1021,       980,       979
      1100,      1021,      1022,       981,       980
      1101,      1022,      1023,       982,       981
      1102,      1023,      1024,       983,       982
      1103,      1024,      1025,       984,       983
      1104,      1025,      1026,       985,       984
      1105,      1026,      1027,       986,       985
      1106,      1027,      1028,       987,       986
      1107,      1028,      1029,       988,       987
      1108,      1029,      1030,       989,       988
      1109,      1030,      1031,       990,       989
      1110,      1031,      2158,      2159,       990
      1111,       991,      1180,      1232,      1231
      1112,       992,      1044,      1180,       991
      1113,       993,      1045,      1044,       992
      1114,       994,      1046,      1045,       993
      1115,       995,      1047,      1046,       994
      1116,       996,      1048,      1047,       995
      1117,       997,      1049,      1048,       996
      1118,       998,      1050,      1049,       997
      1119,       999,      1051,      1050,       998
      1120,      1000,      1052,      1051,       999
      1121,      1001,      1053,      1052,      1000
      1122,      1002,      1054,      1053,      1001
      1123,      1003,      1055,      1054,      1002
      1124,      1004,      1056,      1055,      1003
      1125,      1005,      1057,      1056,      1004
      1126,      1006,      1058,      1057,      1005
      1127,      1007,      1059,      1058,      1006
      1128,      1008,      1060,      1059,      1007
      1129,      1009,      1061,      1060,      1008
      1130,      1010,      1062,      1061,      1009
      1131,      1011,      1063,      1062,      1010
      1132,      1012,      1064,      1063,      1011
      1133,      1013,      1065,      1064,      1012
      1134,      1014,      1066,      1065,      1013
      1135,      1015,      1067,      1066,      1014
      1136,      1016,      1068,      1067,      1015
      1137,      1017,      1069,      1068,      1016
      1138,      1018,      1070,      1069,      1017
      1139,      1019,      1071,      1070,      1018
      1140,      1283,      1284,      1071,      1019
      1141,      1032,      1033,      1021,      1020
      1142,      1033,      1034,      1022,      1021
      1143,      1034,      1035,      1023,      1022
      1144,      1035,      1036,      1024,      1023
      1145,      1036,      1037,      1025,      1024
      1146,      1037,      1038,      1026,      1025
      1147,      1038,      1039,      1027,      1026
      1148,      1039,      1040,      1028,      1027
      1149,      1040,      1041,      1029,      1028
      1150,      1041,      1042,      1030,      1029
      1151,      1042,      1043,      1031,      1030
      1152,      1043,      2157,      2158,      1031
      1153,      1072,      1073,      1033,      1032
      1154,      1073,      1074,      1034,      1033
      1155,      1074,      1075,      1035,      1034
      1156,      1075,      1076,      1036,      1035
      1157,      1076,      1077,      1037,      1036
      1158,      1077,      1078,      1038,      1037
      1159,      1078,      1079,      1039,      1038
      1160,      1079,      1080,      1040,      1039
      1161,      1080,      1081,      1041,      1040
      1162,      1081,      1082,      1042,      1041
      1163,      1082,      1083,      1043,      1042
      1164,      1083,      2156,      2157,      1043
      1165,      1044,      1111,      1181,      1180
      1166,      1045,      1084,      1111,      1044
      1167,      1046,      1085,      1084,      1045
      1168,      1047,      1086,      1085,      1046
      1169,      1048,      1087,      1086,      1047
      1170,      1049,      1088,      1087,      1048
      1171,      1050,      1089,      1088,      1049
      1172,      1051,      1090,      1089,      1050
      1173,      1052,      1091,      1090,      1051
      1174,      1053,      1092,      1091,      1052
      1175,      1054,      1093,      1092,      1053
      1176,      1055,      1094,      1093,      1054
      1177,      1056,      1095,      1094,      1055
      1178,      1057,      1096,      1095,      1056
      1179,      1058,      1097,      1096,      1057
      1180,      1059,      1098,      1097,      1058
      1181,      1060,      1099,      1098,      1059
      1182,      1061,      1100,      1099,      1060
      1183,      1062,      1101,      1100,      1061
      1184,      1063,      1102,      1101,      1062
      1185,      1064,      1103,      1102,      1063
      1186,      1065,      1104,      1103,      1064
      1187,      1066,      1105,      1104,      1065
      1188,      1067,      1106,      1105,      1066
      1189,      1068,      1107,      1106,      1067
      1190,      1069,      1108,      1107,      1068
      1191,      1070,      1109,      1108,      1069
      1192,      1071,      1110,      1109,      1070
      1193,      1284,      1285,      1110,      1071
      1194,      1167,      1168,      1073,      1072
      1195,      1168,      1169,      1074,      1073
      1196,      1169,      1170,      1075,      1074
      1197,      1170,      1171,      1076,      1075
      1198,      1171,      1172,      1077,      1076
      1199,      1172,      1173,      1078,      1077
      1200,      1173,      1174,      1079,      1078
      1201,      1174,      1175,      1080,      1079
      1202,      1175,      1176,      1081,      1080
      1203,      1176,      1177,      1082,      1081
      1204,      1177,      1178,      1083,      1082
      1205,      1178,      2155,      2156,      1083
      1206,      1084,      1138,      1139,      1111
      1207,      1085,      1137,      1138,      1084
      1208,      1086,      1136,      1137,      1085
      1209,      1087,      1135,      1136,      1086
      1210,      1088,      1134,      1135,      1087
      1211,      1089,      1133,      1134,      1088
      1212,      1090,      1132,      1133,      1089
      1213,      1091,      1131,      1132,      1090
      1214,      1092,      1130,      1131,      1091
      1215,      1093,      1129,      1130,      1092
      1216,      1094,      1128,      1129,      1093
      1217,      1095,      1127,      1128,      1094
      1218,      1096,      1126,      1127,      1095
      1219,      1097,      1125,      1126,      1096
      1220,      1098,      1124,      1125,      1097
      1221,      1099,      1123,      1124,      1098
      1222,      1100,      1122,      1123,      1099
      1223,      1101,      1121,      1122,      1100
      1224,      1102,      1120,      1121,      1101
      1225,      1103,      1119,      1120,      1102
      1226,      1104,      1118,      1119,      1103
      1227,      1105,      1117,      1118,      1104
      1228,      1106,      1116,      1117,      1105
      1229,      1107,      1115,      1116,      1106
      1230,      1108,      1114,      1115,      1107
      1231,      1109,      1113,      1114,      1108
      1232,      1110,      1112,      1113,      1109
      1233,      1285,      1286,      1112,      1110
      1234,      1139,      1182,      1181,      1111
      1235,      1286,      1287,      1166,      1112
      1236,      1166,      1165,      1113,      1112
      1237,      1165,      1164,      1114,      1113
      1238,      1164,      1163,      1115,      1114
      1239,      1163,      1162,      1116,      1115
      1240,      1162,      1161,      1117,      1116
      1241,      1161,      1160,      1118,      1117
      1242,      1160,      1159,      1119,      1118
      1243,      1159,      1158,      1120,      1119
      1244,      1158,      1157,      1121,      1120
      1245,      1157,      1156,      1122,      1121
      1246,      1156,      1155,      1123,      1122
      1247,      1155,      1154,      1124,      1123
      1248,      1154,      1153,      1125,      1124
      1249,      1153,      1152,      1126,      1125
      1250,      1152,      1151,      1127,      1126
      1251,      1151,      1150,      1128,      1127
      1252,      1150,      1149,      1129,      1128
      1253,      1149,      1148,      1130,      1129
      1254,      1148,      1147,      1131,      1130
      1255,      1147,      1146,      1132,      1131
      1256,      1146,      1145,      1133,      1132
      1257,      1145,      1144,      1134,      1133
      1258,      1144,      1143,      1135,      1134
      1259,      1143,      1142,      1136,      1135
      1260,      1142,      1141,      1137,      1136
      1261,      1141,      1140,      1138,      1137
      1262,      1140,      1179,      1139,      1138
      1263,      1179,      1183,      1182,      1139
      1264,      1140,      1262,      1263,      1179
      1265,      1141,      1261,      1262,      1140
      1266,      1142,      1260,      1261,      1141
      1267,      1143,      1259,      1260,      1142
      1268,      1144,      1258,      1259,      1143
      1269,      1145,      1257,      1258,      1144
      1270,      1146,      1256,      1257,      1145
      1271,      1147,      1255,      1256,      1146
      1272,      1148,      1254,      1255,      1147
      1273,      1149,      1253,      1254,      1148
      1274,      1150,      1252,      1253,      1149
      1275,      1151,      1251,      1252,      1150
      1276,      1152,      1250,      1251,      1151
      1277,      1153,      1249,      1250,      1152
      1278,      1154,      1248,      1249,      1153
      1279,      1155,      1247,      1248,      1154
      1280,      1156,      1246,      1247,      1155
      1281,      1157,      1245,      1246,      1156
      1282,      1158,      1244,      1245,      1157
      1283,      1159,      1243,      1244,      1158
      1284,      1160,      1242,      1243,      1159
      1285,      1161,      1241,      1242,      1160
      1286,      1162,      1240,      1241,      1161
      1287,      1163,      1239,      1240,      1162
      1288,      1164,      1238,      1239,      1163
      1289,      1165,      1237,      1238,      1164
      1290,      1166,      1236,      1237,      1165
      1291,      1287,      1288,      1236,      1166
      1292,      2311,      1186,      1169,      1168
      1293,      1186,      1185,      1170,      1169
      1294,      1185,      1184,      1171,      1170
      1295,      1184,      2038,      1172,      1171
      1296,      2038,      2039,      1173,      1172
      1297,      2039,      2040,      1174,      1173
      1298,      2040,      2041,      1175,      1174
      1299,      2041,      2042,      1176,      1175
      1300,      2042,      2043,      1177,      1176
      1301,      2043,      2050,      1178,      1177
      1302,      2050,      2154,      2155,      1178
      1303,      1263,      1264,      1183,      1179
      1304,      1181,      1233,      1232,      1180
      1305,      1182,      1234,      1233,      1181
      1306,      1183,      1235,      1234,      1182
      1307,      1264,      1265,      1235,      1183
      1308,      1184,      2307,      2306,      2038
      1309,      1185,      2308,      2307,      1184
      1310,      1186,      2309,      2308,      1185
      1311,      2311,      2310,      2309,      1186
      1312,      1167,      2312,      2311,      1168
      1313,       949,      2313,      2312,      1167
      1314,       902,      2314,      2313,       949
      1315,       882,      2315,      2314,       902
      1316,      1187,      2316,      2315,       882
      1317,      1188,      2317,      2316,      1187
      1318,      1189,      2318,      2317,      1188
      1319,      1190,      2319,      2318,      1189
      1320,      1191,      2320,      2319,      1190
      1321,      1192,      2321,      2320,      1191
      1322,      1193,      2322,      2321,      1192
      1323,      1194,      2323,      2322,      1193
      1324,      1195,      2324,      2323,      1194
      1325,      1196,      2325,      2324,      1195
      1326,      1197,      2326,      2325,      1196
      1327,      1198,      2327,      2326,      1197
      1328,      1199,      2328,      2327,      1198
      1329,      1200,      2329,      2328,      1199
      1330,      1201,      2330,      2329,      1200
      1331,      1202,      2331,      2330,      1201
      1332,      1203,      2332,      2331,      1202
      1333,      1204,      2333,      2332,      1203
      1334,      1205,      2334,      2333,      1204
      1335,      1206,      2335,      2334,      1205
      1336,      1207,      2336,      2335,      1206
      1337,      1208,      2337,      2336,      1207
      1338,      1209,      2338,      2337,      1208
      1339,      1210,      2339,      2338,      1209
      1340,      1211,      2340,      2339,      1210
      1341,      1212,      2341,      2340,      1211
      1342,      1213,      2342,      2341,      1212
      1343,      1214,      2343,      2342,      1213
      1344,      1215,      2344,      2343,      1214
      1345,      1216,      2345,      2344,      1215
      1346,      1217,      2346,      2345,      1216
      1347,      1218,      2347,      2346,      1217
      1348,      1219,      2348,      2347,      1218
      1349,      1220,      2349,      2348,      1219
      1350,      1221,      2350,      2349,      1220
      1351,      1222,      2351,      2350,      1221
      1352,      1223,      2352,      2351,      1222
      1353,      1224,      2353,      2352,      1223
      1354,      1225,      2354,      2353,      1224
      1355,      1226,      2355,      2354,      1225
      1356,      1227,      2356,      2355,      1226
      1357,      1228,      2357,      2356,      1227
      1358,      1229,      2358,      2357,      1228
      1359,      1230,      2359,      2358,      1229
      1360,      1231,      2360,      2359,      1230
      1361,      1232,      2361,      2360,      1231
      1362,      1233,      2362,      2361,      1232
      1363,      1234,      2363,      2362,      1233
      1364,      1235,      2364,      2363,      1234
      1365,      2269,      1729,      1750,      1735
      1366,      1794,      1795,      1730,      1731
      1367,      2284,      2283,      1731,      1730
      1368,       232,       233,      1732,      1733
      1369,      2253,      2252,      1733,      1732
      1370,      1741,      1734,      2261,      1740
      1371,      1729,      1778,      1816,      1750
      1372,      1736,      1815,      1778,      1729
      1373,      1749,      2270,      2269,      1735
      1374,      2269,      2268,      1736,      1729
      1375,      2268,      1737,      1777,      1736
      1376,      1738,      1776,      1777,      1737
      1377,      1739,      1775,      1776,      1738
      1378,      2267,      1774,      1775,      1739
      1379,      2267,      2266,      1773,      1774
      1380,      2266,      2265,      1772,      1773
      1381,      2265,      2264,      1771,      1772
      1382,      2264,      2263,      1770,      1771
      1383,      2263,      2262,      1769,      1770
      1384,      2262,      2261,      1768,      1769
      1385,      2261,      1734,      1767,      1768
      1386,      1743,      1766,      1767,      1734
      1387,      1734,      1741,      1744,      1743
      1388,      1740,      2260,      1742,      1741
      1389,      1742,      1745,      1744,      1741
      1390,      2260,      2259,      1748,      1742
      1391,      1748,      1747,      1745,      1742
      1392,      1744,      1765,      1766,      1743
      1393,      1745,      1764,      1765,      1744
      1394,      1747,      1746,      1764,      1745
      1395,      1747,      1752,      1754,      1746
      1396,      1748,      1753,      1752,      1747
      1397,      2259,      2258,      1753,      1748
      1398,      1822,      1751,      1749,      1821
      1399,      1751,      2271,      2270,      1749
      1400,      1816,      1817,      1818,      1750
      1401,      1818,      1820,      1735,      1750
      1402,      1820,      1821,      1749,      1735
      1403,      1831,      1832,      1751,      1822
      1404,      1832,      2272,      2271,      1751
      1405,      1752,      1756,      1755,      1754
      1406,      1753,      1757,      1756,      1752
      1407,      2258,      2257,      1757,      1753
      1408,      1754,      1762,      1763,      1746
      1409,      1755,      1761,      1762,      1754
      1410,      1756,      1760,      1761,      1755
      1411,      1757,      1759,      1760,      1756
      1412,      2257,      1758,      1759,      1757
      1413,      2256,       228,       202,      1758
      1414,       202,       201,      1759,      1758
      1415,       201,       197,      1760,      1759
      1416,       197,       196,      1761,      1760
      1417,       196,       195,      1762,      1761
      1418,       195,       194,      1763,      1762
      1419,       194,       192,      1799,      1763
      1420,      1799,      1800,      1746,      1763
      1421,      1800,      1801,      1764,      1746
      1422,      1801,      1802,      1765,      1764
      1423,      1802,      1803,      1766,      1765
      1424,      1803,      1804,      1767,      1766
      1425,      1804,      1805,      1768,      1767
      1426,      1805,      1806,      1769,      1768
      1427,      1806,      1807,      1770,      1769
      1428,      1807,      1808,      1771,      1770
      1429,      1808,      1809,      1772,      1771
      1430,      1809,      1810,      1773,      1772
      1431,      1810,      1811,      1774,      1773
      1432,      1811,      1812,      1775,      1774
      1433,      1812,      1813,      1776,      1775
      1434,      1813,      1814,      1777,      1776
      1435,      1814,      1815,      1736,      1777
      1436,      1780,      1781,       585,       586
      1437,      2289,      1780,       586,      1779
      1438,      2288,      1782,      1781,      1780
      1439,      1782,      1784,      1783,      1781
      1440,      1782,      1790,      1785,      1784
      1441,      2288,      2287,      1790,      1782
      1442,      1783,       584,       585,      1781
      1443,      1783,       502,       555,       584
      1444,      1784,      1786,       502,      1783
      1445,      1785,      1787,      1786,      1784
      1446,      1790,      1791,      1787,      1785
      1447,      1786,      1789,       503,       502
      1448,      1787,      1788,      1789,      1786
      1449,      1791,      1792,      1788,      1787
      1450,      1792,      1796,      1797,      1788
      1451,      1797,      1798,      1789,      1788
      1452,      1798,       504,       503,      1789
      1453,      2287,      2286,      1791,      1790
      1454,      1730,      1795,      1796,      1792
      1455,      2286,      2285,      1792,      1791
      1456,      2285,      2284,      1730,      1792
      1457,      2283,      1793,      1794,      1731
      1458,      1848,      1847,      1794,      1793
      1459,      1847,      1846,      1795,      1794
      1460,      1846,      1845,      1796,      1795
      1461,      1845,      1844,      1797,      1796
      1462,      1844,      1843,      1798,      1797
      1463,      1843,       505,       504,      1798
      1464,       192,       184,      1891,      1799
      1465,      1891,      1892,      1800,      1799
      1466,      1892,      1893,      1801,      1800
      1467,      1893,      1896,      1802,      1801
      1468,      1896,      1897,      1803,      1802
      1469,      1897,      1898,      1804,      1803
      1470,      1898,      1899,      1805,      1804
      1471,      1899,      1900,      1806,      1805
      1472,      1900,      1901,      1807,      1806
      1473,      1901,      1902,      1808,      1807
      1474,      1902,      1903,      1809,      1808
      1475,      1903,      1904,      1810,      1809
      1476,      1904,      1905,      1811,      1810
      1477,      1905,      1906,      1812,      1811
      1478,      1906,      1907,      1813,      1812
      1479,      1907,      1908,      1814,      1813
      1480,      1908,      1909,      1815,      1814
      1481,      1909,      1910,      1778,      1815
      1482,      1910,      1911,      1816,      1778
      1483,      1911,      1912,      1817,      1816
      1484,      1912,      1913,      1828,      1817
      1485,      1817,      1828,      1827,      1818
      1486,      1913,      1914,      1842,      1828
      1487,      1827,      1826,      1820,      1818
      1488,       277,      1867,      1269,      1270
      1489,       277,       278,      1819,      1867
      1490,       278,       282,      1829,      1819
      1491,       282,       283,      1830,      1829
      1492,       283,      2241,      2240,      1830
      1493,      1826,      1825,      1821,      1820
      1494,      1825,      1824,      1822,      1821
      1495,      1824,      1823,      1831,      1822
      1496,      1824,      1838,      1837,      1823
      1497,      1825,      1839,      1838,      1824
      1498,      1826,      1840,      1839,      1825
      1499,      1827,      1841,      1840,      1826
      1500,      1828,      1842,      1841,      1827
      1501,      1914,      1915,      1866,      1842
      1502,      1830,      1868,      1819,      1829
      1503,      2240,      2239,      1868,      1830
      1504,      1823,      1833,      1832,      1831
      1505,      1837,      1834,      1833,      1823
      1506,      1861,      1836,      1834,      1837
      1507,      1833,      2273,      2272,      1832
      1508,      1834,      2274,      2273,      1833
      1509,      1836,      1860,      2274,      1834
      1510,      1793,      2282,      1849,      1848
      1511,      2282,      1851,      1850,      1849
      1512,      2282,      2281,      1852,      1851
      1513,      2281,      2280,      1853,      1852
      1514,      2280,      2279,      1854,      1853
      1515,      2279,      2278,      1855,      1854
      1516,      2277,      1856,      1855,      2278
      1517,      2276,      1857,      1856,      2277
      1518,      2275,      1858,      1857,      2276
      1519,      1835,      1859,      1858,      2275
      1520,      2274,      1860,      1859,      1835
      1521,      1838,      1862,      1861,      1837
      1522,      1839,      1863,      1862,      1838
      1523,      1840,      1864,      1863,      1839
      1524,      1841,      1865,      1864,      1840
      1525,      1842,      1866,      1865,      1841
      1526,      1843,      1870,       506,       505
      1527,      1844,      1871,      1870,      1843
      1528,      1845,      1872,      1871,      1844
      1529,      1846,      1873,      1872,      1845
      1530,      1847,      1874,      1873,      1846
      1531,      1848,      1875,      1874,      1847
      1532,      1849,      1876,      1875,      1848
      1533,      1850,      1877,      1876,      1849
      1534,      1851,      1878,      1877,      1850
      1535,      1852,      1916,      1878,      1851
      1536,      1853,        43,      1916,      1852
      1537,      1854,        44,        43,      1853
      1538,      1855,        45,        44,      1854
      1539,      1265,      2365,      2364,      1235
      1540,      1288,      1317,      1289,      1236
      1541,      1289,      1290,      1237,      1236
      1542,      1290,      1291,      1238,      1237
      1543,      1291,      1292,      1239,      1238
      1544,      1292,      1293,      1240,      1239
      1545,      1293,      1294,      1241,      1240
      1546,      1294,      1295,      1242,      1241
      1547,      1295,      1296,      1243,      1242
      1548,      1296,      1297,      1244,      1243
      1549,      1297,      1298,      1245,      1244
      1550,      1298,      1299,      1246,      1245
      1551,      1299,      1300,      1247,      1246
      1552,      1300,      1301,      1248,      1247
      1553,      1301,      1302,      1249,      1248
      1554,      1302,      1303,      1250,      1249
      1555,      1303,      1304,      1251,      1250
      1556,      1304,      1305,      1252,      1251
      1557,      1305,      1306,      1253,      1252
      1558,      1306,      1307,      1254,      1253
      1559,      1307,      1308,      1255,      1254
      1560,      1308,      1309,      1256,      1255
      1561,      1309,      1310,      1257,      1256
      1562,      1310,      1311,      1258,      1257
      1563,      1311,      1312,      1259,      1258
      1564,      1312,      1313,      1260,      1259
      1565,      1313,      1314,      1261,      1260
      1566,      1314,      1315,      1262,      1261
      1567,      1315,      1316,      1263,      1262
      1568,      1316,      1434,      1264,      1263
      1569,      1434,      1457,      1265,      1264
      1570,      1457,      2366,      2365,      1265
      1571,      1483,      1484,      1267,      1266
      1572,      1484,      1485,      1268,      1267
      1573,      1485,      1486,      1269,      1268
      1574,      1486,      1487,      1270,      1269
      1575,      1487,      1488,      1271,      1270
      1576,      1488,      1489,      1272,      1271
      1577,      1489,      1490,      1273,      1272
      1578,      1490,      1491,      1274,      1273
      1579,      1491,      1492,      1275,      1274
      1580,      1492,      1493,      1276,      1275
      1581,      1493,      1494,      1277,      1276
      1582,      1494,      1495,      1278,      1277
      1583,      1495,      1496,      1279,      1278
      1584,      1496,      1497,      1280,      1279
      1585,      1497,      1498,      1281,      1280
      1586,      1498,      1499,      1282,      1281
      1587,      1499,      1500,      1283,      1282
      1588,      1500,      1501,      1284,      1283
      1589,      1501,      1502,      1285,      1284
      1590,      1502,      1503,      1286,      1285
      1591,      1503,      1504,      1287,      1286
      1592,      1504,      1505,      1288,      1287
      1593,      1505,      1506,      1317,      1288
      1594,      1317,      1398,      1345,      1289
      1595,      1345,      1344,      1290,      1289
      1596,      1344,      1343,      1291,      1290
      1597,      1343,      1342,      1292,      1291
      1598,      1342,      1341,      1293,      1292
      1599,      1341,      1340,      1294,      1293
      1600,      1340,      1339,      1295,      1294
      1601,      1339,      1338,      1296,      1295
      1602,      1338,      1337,      1297,      1296
      1603,      1337,      1336,      1298,      1297
      1604,      1336,      1335,      1299,      1298
      1605,      1335,      1334,      1300,      1299
      1606,      1334,      1333,      1301,      1300
      1607,      1333,      1332,      1302,      1301
      1608,      1332,      1331,      1303,      1302
      1609,      1331,      1330,      1304,      1303
      1610,      1330,      1329,      1305,      1304
      1611,      1329,      1328,      1306,      1305
      1612,      1328,      1327,      1307,      1306
      1613,      1327,      1326,      1308,      1307
      1614,      1326,      1325,      1309,      1308
      1615,      1325,      1324,      1310,      1309
      1616,      1324,      1323,      1311,      1310
      1617,      1323,      1322,      1312,      1311
      1618,      1322,      1321,      1313,      1312
      1619,      1321,      1320,      1314,      1313
      1620,      1320,      1319,      1315,      1314
      1621,      1319,      1318,      1316,      1315
      1622,      1318,      1435,      1434,      1316
      1623,      1506,      1507,      1398,      1317
      1624,      1318,      1346,      1466,      1435
      1625,      1319,      1347,      1346,      1318
      1626,      1320,      1348,      1347,      1319
      1627,      1321,      1349,      1348,      1320
      1628,      1322,      1350,      1349,      1321
      1629,      1323,      1351,      1350,      1322
      1630,      1324,      1352,      1351,      1323
      1631,      1325,      1353,      1352,      1324
      1632,      1326,      1354,      1353,      1325
      1633,      1327,      1355,      1354,      1326
      1634,      1328,      1356,      1355,      1327
      1635,      1329,      1357,      1356,      1328
      1636,      1330,      1358,      1357,      1329
      1637,      1331,      1359,      1358,      1330
      1638,      1332,      1360,      1359,      1331
      1639,      1333,      1361,      1360,      1332
      1640,      1334,      1362,      1361,      1333
      1641,      1335,      1363,      1362,      1334
      1642,      1336,      1364,      1363,      1335
      1643,      1337,      1365,      1364,      1336
      1644,      1338,      1366,      1365,      1337
      1645,      1339,      1367,      1366,      1338
      1646,      1340,      1368,      1367,      1339
      1647,      1341,      1369,      1368,      1340
      1648,      1342,      1370,      1369,      1341
      1649,      1343,      1371,      1370,      1342
      1650,      1344,      1372,      1371,      1343
      1651,      1345,      1400,      1372,      1344
      1652,      1398,      1403,      1400,      1345
      1653,      1346,      1373,      1467,      1466
      1654,      1347,      1374,      1373,      1346
      1655,      1348,      1375,      1374,      1347
      1656,      1349,      1376,      1375,      1348
      1657,      1350,      1377,      1376,      1349
      1658,      1351,      1378,      1377,      1350
      1659,      1352,      1379,      1378,      1351
      1660,      1353,      1380,      1379,      1352
      1661,      1354,      1381,      1380,      1353
      1662,      1355,      1382,      1381,      1354
      1663,      1356,      1383,      1382,      1355
      1664,      1357,      1384,      1383,      1356
      1665,      1358,      1385,      1384,      1357
      1666,      1359,      1386,      1385,      1358
      1667,      1360,      1387,      1386,      1359
      1668,      1361,      1388,      1387,      1360
      1669,      1362,      1389,      1388,      1361
      1670,      1363,      1390,      1389,      1362
      1671,      1364,      1391,      1390,      1363
      1672,      1365,      1392,      1391,      1364
      1673,      1366,      1393,      1392,      1365
      1674,      1367,      1394,      1393,      1366
      1675,      1368,      1395,      1394,      1367
      1676,      1369,      1396,      1395,      1368
      1677,      1370,      1397,      1396,      1369
      1678,      1371,      1399,      1397,      1370
      1679,      1372,      1401,      1399,      1371
      1680,      1400,      1402,      1401,      1372
      1681,      1373,      1433,      1470,      1467
      1682,      1374,      1432,      1433,      1373
      1683,      1375,      1431,      1432,      1374
      1684,      1376,      1430,      1431,      1375
      1685,      1377,      1429,      1430,      1376
      1686,      1378,      1428,      1429,      1377
      1687,      1379,      1427,      1428,      1378
      1688,      1380,      1426,      1427,      1379
      1689,      1381,      1425,      1426,      1380
      1690,      1382,      1424,      1425,      1381
      1691,      1383,      1423,      1424,      1382
      1692,      1384,      1422,      1423,      1383
      1693,      1385,      1421,      1422,      1384
      1694,      1386,      1420,      1421,      1385
      1695,      1387,      1419,      1420,      1386
      1696,      1388,      1418,      1419,      1387
      1697,      1389,      1417,      1418,      1388
      1698,      1390,      1416,      1417,      1389
      1699,      1391,      1415,      1416,      1390
      1700,      1392,      1414,      1415,      1391
      1701,      1393,      1413,      1414,      1392
      1702,      1394,      1412,      1413,      1393
      1703,      1395,      1411,      1412,      1394
      1704,      1396,      1410,      1411,      1395
      1705,      1397,      1409,      1410,      1396
      1706,      1399,      1408,      1409,      1397
      1707,      1507,      1508,      1403,      1398
      1708,      1401,      1407,      1408,      1399
      1709,      1403,      1404,      1402,      1400
      1710,      1402,      1406,      1407,      1401
      1711,      1404,      1405,      1406,      1402
      1712,      1508,      1509,      1404,      1403
      1713,      1509,      1510,      1405,      1404
      1714,      1510,      1511,      1436,      1405
      1715,      1436,      1437,      1406,      1405
      1716,      1437,      1438,      1407,      1406
      1717,      1438,      1439,      1408,      1407
      1718,      1439,      1440,      1409,      1408
      1719,      1440,      1441,      1410,      1409
      1720,      1441,      1442,      1411,      1410
      1721,      1442,      1443,      1412,      1411
      1722,      1443,      1444,      1413,      1412
      1723,      1444,      1445,      1414,      1413
      1724,      1445,      1446,      1415,      1414
      1725,      1446,      1447,      1416,      1415
      1726,      1447,      1448,      1417,      1416
      1727,      1448,      1449,      1418,      1417
      1728,      1449,      1450,      1419,      1418
      1729,      1450,      1451,      1420,      1419
      1730,      1451,      1452,      1421,      1420
      1731,      1452,      1453,      1422,      1421
      1732,      1453,      1454,      1423,      1422
      1733,      1454,      1455,      1424,      1423
      1734,      1455,      1456,      1425,      1424
      1735,      1456,      1459,      1426,      1425
      1736,      1459,      1460,      1427,      1426
      1737,      1460,      1461,      1428,      1427
      1738,      1461,      1462,      1429,      1428
      1739,      1462,      1463,      1430,      1429
      1740,      1463,      1464,      1431,      1430
      1741,      1464,      1465,      1432,      1431
      1742,      1465,      1471,      1433,      1432
      1743,      1471,      1472,      1470,      1433
      1744,      1435,      1458,      1457,      1434
      1745,      1466,      1468,      1458,      1435
      1746,      1511,      2082,      2081,      1436
      1747,      2081,      2080,      1437,      1436
      1748,      2080,      2079,      1438,      1437
      1749,      2079,      2078,      1439,      1438
      1750,      2078,      2077,      1440,      1439
      1751,      2077,      2076,      1441,      1440
      1752,      2076,      2075,      1442,      1441
      1753,      2075,      2074,      1443,      1442
      1754,      2074,      2073,      1444,      1443
      1755,      2073,      2072,      1445,      1444
      1756,      2072,      2071,      1446,      1445
      1757,      2071,      2070,      1447,      1446
      1758,      2070,      2069,      1448,      1447
      1759,      2069,      2068,      1449,      1448
      1760,      2068,      2067,      1450,      1449
      1761,      2067,      2066,      1451,      1450
      1762,      2066,      2065,      1452,      1451
      1763,      2065,      2064,      1453,      1452
      1764,      2064,      2063,      1454,      1453
      1765,      2063,      2062,      1455,      1454
      1766,      2062,      2061,      1456,      1455
      1767,      2061,      2060,      1459,      1456
      1768,      1458,      2367,      2366,      1457
      1769,      1468,      2368,      2367,      1458
      1770,      2060,      2059,      1460,      1459
      1771,      2059,      2058,      1461,      1460
      1772,      2058,      2057,      1462,      1461
      1773,      2057,      2056,      1463,      1462
      1774,      2056,      2055,      1464,      1463
      1775,      2055,      2054,      1465,      1464
      1776,      2054,      2053,      1471,      1465
      1777,      1467,      1469,      1468,      1466
      1778,      1470,      1473,      1469,      1467
      1779,      1469,      2369,      2368,      1468
      1780,      1473,      2370,      2369,      1469
      1781,      1472,      1474,      1473,      1470
      1782,      2053,      2052,      1472,      1471
      1783,      2052,      2115,      1474,      1472
      1784,      1474,      2476,      2370,      1473
      1785,      2115,      2477,      2476,      1474
      1786,      2186,      2187,      1579,      1475
      1787,      1579,      1580,      1476,      1475
      1788,      1580,      1581,      1477,      1476
      1789,      1581,      1582,      1478,      1477
      1790,      1582,      1583,      1512,      1478
      1791,      1539,      1540,      1479,       588
      1792,      1540,      1541,      2291,      1479
      1793,      1541,      1542,      2292,      2291
      1794,      1542,      1543,      2293,      2292
      1795,      1543,      1544,      2294,      2293
      1796,      1544,      1545,      2295,      2294
      1797,      1545,      1546,      2296,      2295
      1798,      1266,      2297,      1482,      1483
      1799,      2297,      1481,      1548,      1482
      1800,      1546,      1547,      1480,      2296
      1801,      1547,      1548,      1481,      1480
      1802,      1619,      1549,      1482,      1548
      1803,      1549,      1550,      1483,      1482
      1804,      1550,      1551,      1484,      1483
      1805,      1551,      1552,      1485,      1484
      1806,      1552,      1553,      1486,      1485
      1807,      1553,      1554,      1487,      1486
      1808,      1554,      1555,      1488,      1487
      1809,      1555,      1556,      1489,      1488
      1810,      1556,      1557,      1490,      1489
      1811,      1557,      1558,      1491,      1490
      1812,      1558,      1559,      1492,      1491
      1813,      1559,      1560,      1493,      1492
      1814,      1560,      1561,      1494,      1493
      1815,      1561,      1562,      1495,      1494
      1816,      1562,      1563,      1496,      1495
      1817,      1563,      1564,      1497,      1496
      1818,      1564,      1565,      1498,      1497
      1819,      1565,      1566,      1499,      1498
      1820,      1566,      1567,      1500,      1499
      1821,      1567,      1568,      1501,      1500
      1822,      1568,      1569,      1502,      1501
      1823,      1569,      1570,      1503,      1502
      1824,      1570,      1571,      1504,      1503
      1825,      1571,      1572,      1505,      1504
      1826,      1572,      1573,      1506,      1505
      1827,      1573,      1574,      1507,      1506
      1828,      1574,      1575,      1508,      1507
      1829,      1575,      1576,      1509,      1508
      1830,      1576,      1577,      1510,      1509
      1831,      1577,      1578,      1511,      1510
      1832,      1578,      2083,      2082,      1511
      1833,      1583,      1584,      1513,      1512
      1834,      1584,      1585,      1514,      1513
      1835,      1585,      1586,      1515,      1514
      1836,      1586,      1587,      1516,      1515
      1837,      1587,      1588,      1517,      1516
      1838,      1588,      1589,      1518,      1517
      1839,      1589,      1590,      1519,      1518
      1840,      1590,      1591,      1520,      1519
      1841,      1591,      1592,      1521,      1520
      1842,      1592,      1593,      1522,      1521
      1843,      1593,      1594,      1523,      1522
      1844,      1594,      1595,      1524,      1523
      1845,      1595,      1596,      1525,      1524
      1846,      1596,      1597,      1526,      1525
      1847,      1597,      1598,      1527,      1526
      1848,      1598,      1599,      1528,      1527
      1849,      1599,      1600,      1529,      1528
      1850,      1600,      1601,      1530,      1529
      1851,      1601,      1602,      1531,      1530
      1852,      1602,      1603,      1532,      1531
      1853,      1603,      1604,      1533,      1532
      1854,      1604,      1605,      1534,      1533
      1855,      1605,      1606,      1535,      1534
      1856,      1606,      1607,      1536,      1535
      1857,      1607,      1608,      1537,      1536
      1858,      1608,      1609,      1538,      1537
      1859,      1609,      1610,      1539,      1538
      1860,      1610,      1611,      1540,      1539
      1861,      1611,      1612,      1541,      1540
      1862,      1612,      1613,      1542,      1541
      1863,      1613,      1614,      1543,      1542
      1864,      1614,      1615,      1544,      1543
      1865,      1615,      1616,      1545,      1544
      1866,      1616,      1617,      1546,      1545
      1867,      1617,      1618,      1547,      1546
      1868,      1618,      1619,      1548,      1547
      1869,      1690,      1620,      1549,      1619
      1870,      1620,      1621,      1550,      1549
      1871,      1621,      1622,      1551,      1550
      1872,      1622,      1623,      1552,      1551
      1873,      1623,      1624,      1553,      1552
      1874,      1624,      1625,      1554,      1553
      1875,      1625,      1626,      1555,      1554
      1876,      1626,      1627,      1556,      1555
      1877,      1627,      1628,      1557,      1556
      1878,      1628,      1629,      1558,      1557
      1879,      1629,      1630,      1559,      1558
      1880,      1630,      1631,      1560,      1559
      1881,      1631,      1632,      1561,      1560
      1882,      1632,      1633,      1562,      1561
      1883,      1633,      1634,      1563,      1562
      1884,      1634,      1635,      1564,      1563
      1885,      1635,      1636,      1565,      1564
      1886,      1636,      1637,      1566,      1565
      1887,      1637,      1638,      1567,      1566
      1888,      1638,      1639,      1568,      1567
      1889,      1639,      1640,      1569,      1568
      1890,      1640,      1641,      1570,      1569
      1891,      1641,      1642,      1571,      1570
      1892,      1642,      1643,      1572,      1571
      1893,      1643,      1644,      1573,      1572
      1894,      1644,      1645,      1574,      1573
      1895,      1645,      1646,      1575,      1574
      1896,      1646,      1647,      1576,      1575
      1897,      1647,      1648,      1577,      1576
      1898,      1648,      1649,      1578,      1577
      1899,      1649,      2084,      2083,      1578
      1900,      2187,      2188,      1650,      1579
      1901,      1650,      1651,      1580,      1579
      1902,      1651,      1652,      1581,      1580
      1903,      1652,      1653,      1582,      1581
      1904,      1653,      1654,      1583,      1582
      1905,      1654,      1655,      1584,      1583
      1906,      1655,      1656,      1585,      1584
      1907,      1656,      1657,      1586,      1585
      1908,      1657,      1658,      1587,      1586
      1909,      1658,      1659,      1588,      1587
      1910,      1659,      1660,      1589,      1588
      1911,      1660,      1661,      1590,      1589
      1912,      1661,      1662,      1591,      1590
      1913,      1662,      1663,      1592,      1591
      1914,      1663,      1664,      1593,      1592
      1915,      1664,      1665,      1594,      1593
      1916,      1665,      1666,      1595,      1594
      1917,      1666,      1667,      1596,      1595
      1918,      1667,      1668,      1597,      1596
      1919,      1668,      1669,      1598,      1597
      1920,      1669,      1670,      1599,      1598
      1921,      1670,      1671,      1600,      1599
      1922,      1671,      1672,      1601,      1600
      1923,      1672,      1673,      1602,      1601
      1924,      1673,      1674,      1603,      1602
      1925,      1674,      1675,      1604,      1603
      1926,      1675,      1676,      1605,      1604
      1927,      1676,      1677,      1606,      1605
      1928,      1677,      1678,      1607,      1606
      1929,      1678,      1679,      1608,      1607
      1930,      1679,      1680,      1609,      1608
      1931,      1680,      1681,      1610,      1609
      1932,      1681,      1682,      1611,      1610
      1933,      1682,      1683,      1612,      1611
      1934,      1683,      1684,      1613,      1612
      1935,      1684,      1685,      1614,      1613
      1936,      1685,      1686,      1615,      1614
      1937,      1686,      1687,      1616,      1615
      1938,      1687,      1688,      1617,      1616
      1939,      1688,      1689,      1618,      1617
      1940,      1689,      1690,      1619,      1618
      1941,      1953,      1691,      1623,      1622
      1942,      1691,      1692,      1624,      1623
      1943,      1692,      1693,      1625,      1624
      1944,      1693,      1694,      1626,      1625
      1945,      1694,      1695,      1627,      1626
      1946,      1695,      1696,      1628,      1627
      1947,      1696,      1697,      1629,      1628
      1948,      1697,      1698,      1630,      1629
      1949,      1698,      1699,      1631,      1630
      1950,      1699,      1700,      1632,      1631
      1951,      1700,      1701,      1633,      1632
      1952,      1701,      1702,      1634,      1633
      1953,      1702,      1703,      1635,      1634
      1954,      1703,      1704,      1636,      1635
      1955,      1704,      1705,      1637,      1636
      1956,      1705,      1706,      1638,      1637
      1957,      1706,      1707,      1639,      1638
      1958,      1707,      1708,      1640,      1639
      1959,      1708,      1709,      1641,      1640
      1960,      1709,      1710,      1642,      1641
      1961,      1710,      1711,      1643,      1642
      1962,      1711,      1712,      1644,      1643
      1963,      1712,      1713,      1645,      1644
      1964,      1713,      1714,      1646,      1645
      1965,      1714,      1715,      1647,      1646
      1966,      1715,      1716,      1648,      1647
      1967,      1716,      1717,      1649,      1648
      1968,      1717,      2085,      2084,      1649
      1969,      2188,      2189,      1718,      1650
      1970,      1718,      1719,      1651,      1650
      1971,      1719,      1720,      1652,      1651
      1972,      1720,      1721,      1653,      1652
      1973,      1721,      1722,      1654,      1653
      1974,      1722,      1723,      1655,      1654
      1975,      1723,      1724,      1656,      1655
      1976,      1724,      1725,      1657,      1656
      1977,      1725,      1726,      1658,      1657
      1978,      1726,      1727,      1659,      1658
      1979,      1727,      1728,      1660,      1659
      1980,      1728,      1921,      1661,      1660
      1981,      1921,      1922,      1662,      1661
      1982,      1922,      1923,      1663,      1662
      1983,      1923,      1924,      1664,      1663
      1984,      1924,      1925,      1665,      1664
      1985,      1925,      1926,      1666,      1665
      1986,      1926,      1927,      1667,      1666
      1987,      1927,      1928,      1668,      1667
      1988,      1928,      1929,      1669,      1668
      1989,      1929,      1930,      1670,      1669
      1990,      1930,      1931,      1671,      1670
      1991,      1931,      1932,      1672,      1671
      1992,      1932,      1933,      1673,      1672
      1993,      1933,      1934,      1674,      1673
      1994,      1934,      1935,      1675,      1674
      1995,      1935,      1936,      1676,      1675
      1996,      1936,      1937,      1677,      1676
      1997,      1937,      1938,      1678,      1677
      1998,      1938,      1939,      1679,      1678
      1999,      1939,      1940,      1680,      1679
      2000,      1940,      1941,      1681,      1680
      2001,      1941,      1942,      1682,      1681
      2002,      1942,      1943,      1683,      1682
      2003,      1943,      1944,      1684,      1683
      2004,      1944,      1945,      1685,      1684
      2005,      1945,      1946,      1686,      1685
      2006,      1946,      1947,      1687,      1686
      2007,      1947,      1948,      1688,      1687
      2008,      1948,      1949,      1689,      1688
      2009,      1949,      1950,      1690,      1689
      2010,      1950,      1951,      1620,      1690
      2011,      1951,      1952,      1621,      1620
      2012,      1952,      1953,      1622,      1621
      2013,      2017,      1954,      1692,      1691
      2014,      1954,      1955,      1693,      1692
      2015,      1955,      1956,      1694,      1693
      2016,      1956,      1957,      1695,      1694
      2017,      1957,      1958,      1696,      1695
      2018,      1958,      1959,      1697,      1696
      2019,      1959,      1960,      1698,      1697
      2020,      1960,      1961,      1699,      1698
      2021,      1961,      1962,      1700,      1699
      2022,      1962,      1963,      1701,      1700
      2023,      1963,      1964,      1702,      1701
      2024,      1964,      1965,      1703,      1702
      2025,      1965,      1966,      1704,      1703
      2026,      1966,      1967,      1705,      1704
      2027,      1967,      1968,      1706,      1705
      2028,      1968,      1969,      1707,      1706
      2029,      1969,      1970,      1708,      1707
      2030,      1970,      1971,      1709,      1708
      2031,      1971,      1972,      1710,      1709
      2032,      1972,      1973,      1711,      1710
      2033,      1973,      1974,      1712,      1711
      2034,      1974,      1975,      1713,      1712
      2035,      1975,      1976,      1714,      1713
      2036,      1976,      1977,      1715,      1714
      2037,      1977,      1978,      1716,      1715
      2038,      1978,      1979,      1717,      1716
      2039,      1979,      2087,      2085,      1717
      2040,      2189,      2233,      2051,      1718
      2041,      2051,      2049,      1719,      1718
      2042,      2049,      2048,      1720,      1719
      2043,      2048,      2047,      1721,      1720
      2044,      2047,      2046,      1722,      1721
      2045,      2046,      2045,      1723,      1722
      2046,      2045,      2044,      1724,      1723
      2047,      2044,      1980,      1725,      1724
      2048,      1980,      1981,      1726,      1725
      2049,      1981,      1982,      1727,      1726
      2050,      1982,      1983,      1728,      1727
      2051,      1983,      1984,      1921,      1728
      2052,      1984,      1985,      1922,      1921
      2053,      1985,      1986,      1923,      1922
      2054,      1986,      1987,      1924,      1923
      2055,      1987,      1988,      1925,      1924
      2056,      1988,      1989,      1926,      1925
      2057,      1989,      1990,      1927,      1926
      2058,      1990,      1991,      1928,      1927
      2059,      1991,      1992,      1929,      1928
      2060,      1992,      1993,      1930,      1929
      2061,      1993,      1994,      1931,      1930
      2062,      1994,      1995,      1932,      1931
      2063,      1995,      1996,      1933,      1932
      2064,      1996,      1997,      1934,      1933
      2065,      1997,      1998,      1935,      1934
      2066,      1998,      1999,      1936,      1935
      2067,      1999,      2000,      1937,      1936
      2068,      2000,      2001,      1938,      1937
      2069,      2001,      2002,      1939,      1938
      2070,      2002,      2003,      1940,      1939
      2071,      2003,      2004,      1941,      1940
      2072,      2004,      2005,      1942,      1941
      2073,      2005,      2006,      1943,      1942
      2074,      2006,      2007,      1944,      1943
      2075,      2007,      2008,      1945,      1944
      2076,      2008,      2009,      1946,      1945
      2077,      2009,      2010,      1947,      1946
      2078,      2010,      2011,      1948,      1947
      2079,      2011,      2012,      1949,      1948
      2080,      2012,      2013,      1950,      1949
      2081,      2013,      2014,      1951,      1950
      2082,      2014,      2015,      1952,      1951
      2083,      2015,      2016,      1953,      1952
      2084,      2016,      2017,      1691,      1953
      2085,      2396,      2018,      1959,      1958
      2086,      2018,      2019,      1960,      1959
      2087,      2019,      2020,      1961,      1960
      2088,      2020,      2021,      1962,      1961
      2089,      2021,      2022,      1963,      1962
      2090,      2022,      2023,      1964,      1963
      2091,      2023,      2024,      1965,      1964
      2092,      2024,      2025,      1966,      1965
      2093,      2025,      2026,      1967,      1966
      2094,      2026,      2027,      1968,      1967
      2095,      2027,      2028,      1969,      1968
      2096,      2028,      2029,      1970,      1969
      2097,      2029,      2030,      1971,      1970
      2098,      2030,      2031,      1972,      1971
      2099,      2031,      2032,      1973,      1972
      2100,      2032,      2033,      1974,      1973
      2101,      2033,      2034,      1975,      1974
      2102,      2034,      2035,      1976,      1975
      2103,      2035,      2036,      1977,      1976
      2104,      2036,      2037,      1978,      1977
      2105,      2037,      2086,      1979,      1978
      2106,      2086,      2088,      2087,      1979
      2107,      2044,      2439,      2438,      1980
      2108,      2438,      2437,      1981,      1980
      2109,      2437,      2436,      1982,      1981
      2110,      2436,      2435,      1983,      1982
      2111,      2435,      2434,      1984,      1983
      2112,      2434,      2433,      1985,      1984
      2113,      2433,      2432,      1986,      1985
      2114,      2432,      2431,      1987,      1986
      2115,      2431,      2430,      1988,      1987
      2116,      2430,      2429,      1989,      1988
      2117,      2429,      2428,      1990,      1989
      2118,      2428,      2427,      1991,      1990
      2119,      2427,      2426,      1992,      1991
      2120,      2426,      2425,      1993,      1992
      2121,      2425,      2424,      1994,      1993
      2122,      2424,      2423,      1995,      1994
      2123,      2423,      2422,      1996,      1995
      2124,      2422,      2421,      1997,      1996
      2125,      2421,      2420,      1998,      1997
      2126,      2420,      2419,      1999,      1998
      2127,      2419,      2418,      2000,      1999
      2128,      2418,      2417,      2001,      2000
      2129,      2417,      2416,      2002,      2001
      2130,      2416,      2415,      2003,      2002
      2131,      2415,      2414,      2004,      2003
      2132,      2414,      2413,      2005,      2004
      2133,      2413,      2412,      2006,      2005
      2134,      2412,      2411,      2007,      2006
      2135,      2411,      2410,      2008,      2007
      2136,      2410,      2409,      2009,      2008
      2137,      2409,      2408,      2010,      2009
      2138,      2408,      2407,      2011,      2010
      2139,      2407,      2406,      2012,      2011
      2140,      2406,      2405,      2013,      2012
      2141,      2405,      2404,      2014,      2013
      2142,      2404,      2403,      2015,      2014
      2143,      2403,      2402,      2016,      2015
      2144,      2402,      2401,      2017,      2016
      2145,      2401,      2400,      1954,      2017
      2146,      2400,      2399,      1955,      1954
      2147,      2399,      2398,      1956,      1955
      2148,      2398,      2397,      1957,      1956
      2149,      2397,      2396,      1958,      1957
      2150,      2395,      2394,      2018,      2396
      2151,      2394,      2393,      2019,      2018
      2152,      2393,      2392,      2020,      2019
      2153,      2392,      2391,      2021,      2020
      2154,      2391,      2390,      2022,      2021
      2155,      2390,      2389,      2023,      2022
      2156,      2389,      2388,      2024,      2023
      2157,      2388,      2387,      2025,      2024
      2158,      2387,      2386,      2026,      2025
      2159,      2386,      2385,      2027,      2026
      2160,      2385,      2384,      2028,      2027
      2161,      2384,      2383,      2029,      2028
      2162,      2383,      2382,      2030,      2029
      2163,      2382,      2381,      2031,      2030
      2164,      2381,      2380,      2032,      2031
      2165,      2380,      2379,      2033,      2032
      2166,      2379,      2378,      2034,      2033
      2167,      2378,      2377,      2035,      2034
      2168,      2377,      2376,      2036,      2035
      2169,      2376,      2375,      2037,      2036
      2170,      2375,      2374,      2086,      2037
      2171,      2306,      2305,      2039,      2038
      2172,      2305,      2304,      2040,      2039
      2173,      2304,      2303,      2041,      2040
      2174,      2303,      2302,      2042,      2041
      2175,      2302,      2301,      2043,      2042
      2176,      2301,      2300,      2050,      2043
      2177,      2045,      2440,      2439,      2044
      2178,      2046,      2441,      2440,      2045
      2179,      2047,      2442,      2441,      2046
      2180,      2048,      2443,      2442,      2047
      2181,      2049,      2444,      2443,      2048
      2182,      2051,      2445,      2444,      2049
      2183,      2300,      2299,      2154,      2050
      2184,      2233,      2446,      2445,      2051
      2185,      2052,      2124,      2125,      2115
      2186,      2053,      2123,      2124,      2052
      2187,      2054,      2122,      2123,      2053
      2188,      2055,      2121,      2122,      2054
      2189,      2056,      2120,      2121,      2055
      2190,      2057,      2119,      2120,      2056
      2191,      2058,      2118,      2119,      2057
      2192,      2059,      2117,      2118,      2058
      2193,      2060,      2116,      2117,      2059
      2194,      2061,      2114,      2116,      2060
      2195,      2062,      2113,      2114,      2061
      2196,      2063,      2112,      2113,      2062
      2197,      2064,      2111,      2112,      2063
      2198,      2065,      2110,      2111,      2064
      2199,      2066,      2109,      2110,      2065
      2200,      2067,      2108,      2109,      2066
      2201,      2068,      2107,      2108,      2067
      2202,      2069,      2106,      2107,      2068
      2203,      2070,      2105,      2106,      2069
      2204,      2071,      2104,      2105,      2070
      2205,      2072,      2103,      2104,      2071
      2206,      2073,      2102,      2103,      2072
      2207,      2074,      2101,      2102,      2073
      2208,      2075,      2100,      2101,      2074
      2209,      2076,      2099,      2100,      2075
      2210,      2077,      2098,      2099,      2076
      2211,      2078,      2097,      2098,      2077
      2212,      2079,      2096,      2097,      2078
      2213,      2080,      2095,      2096,      2079
      2214,      2081,      2094,      2095,      2080
      2215,      2082,      2093,      2094,      2081
      2216,      2083,      2092,      2093,      2082
      2217,      2084,      2091,      2092,      2083
      2218,      2085,      2090,      2091,      2084
      2219,      2087,      2089,      2090,      2085
      2220,      2374,      2373,      2088,      2086
      2221,      2088,      2126,      2089,      2087
      2222,      2373,      2372,      2126,      2088
      2223,      2126,      2127,      2128,      2089
      2224,      2128,      2129,      2090,      2089
      2225,      2129,      2130,      2091,      2090
      2226,      2130,      2131,      2092,      2091
      2227,      2131,      2132,      2093,      2092
      2228,      2132,      2133,      2094,      2093
      2229,      2133,      2134,      2095,      2094
      2230,      2134,      2135,      2096,      2095
      2231,      2135,      2136,      2097,      2096
      2232,      2136,      2137,      2098,      2097
      2233,      2137,      2138,      2099,      2098
      2234,      2138,      2139,      2100,      2099
      2235,      2139,      2140,      2101,      2100
      2236,      2140,      2141,      2102,      2101
      2237,      2141,      2142,      2103,      2102
      2238,      2142,      2143,      2104,      2103
      2239,      2143,      2144,      2105,      2104
      2240,      2144,      2145,      2106,      2105
      2241,      2145,      2146,      2107,      2106
      2242,      2146,      2147,      2108,      2107
      2243,      2147,      2148,      2109,      2108
      2244,      2148,      2149,      2110,      2109
      2245,      2149,      2150,      2111,      2110
      2246,      2150,      2151,      2112,      2111
      2247,      2151,      2152,      2113,      2112
      2248,      2152,      2153,      2114,      2113
      2249,      2153,      2190,      2116,      2114
      2250,      2125,      2478,      2477,      2115
      2251,      2190,      2191,      2117,      2116
      2252,      2191,      2192,      2118,      2117
      2253,      2192,      2193,      2119,      2118
      2254,      2193,      2194,      2120,      2119
      2255,      2194,      2195,      2121,      2120
      2256,      2195,      2196,      2122,      2121
      2257,      2196,      2197,      2123,      2122
      2258,      2197,      2198,      2124,      2123
      2259,      2198,      2237,      2125,      2124
      2260,      2237,      2479,      2478,      2125
      2261,      2372,      2371,      2127,      2126
      2262,      2371,      2526,      2525,      2127
      2263,      2525,      2524,      2128,      2127
      2264,      2524,      2523,      2129,      2128
      2265,      2523,      2522,      2130,      2129
      2266,      2522,      2484,      2131,      2130
      2267,      2484,      2483,      2132,      2131
      2268,      2483,      2482,      2133,      2132
      2269,      2482,      2481,      2134,      2133
      2270,      2481,      2480,      2135,      2134
      2271,      2480,      2475,      2136,      2135
      2272,      2475,      2474,      2137,      2136
      2273,      2474,      2473,      2138,      2137
      2274,      2473,      2472,      2139,      2138
      2275,      2472,      2471,      2140,      2139
      2276,      2471,      2470,      2141,      2140
      2277,      2470,      2469,      2142,      2141
      2278,      2469,      2468,      2143,      2142
      2279,      2468,      2467,      2144,      2143
      2280,      2467,      2466,      2145,      2144
      2281,      2466,      2465,      2146,      2145
      2282,      2465,      2464,      2147,      2146
      2283,      2464,      2463,      2148,      2147
      2284,      2463,      2462,      2149,      2148
      2285,      2462,      2461,      2150,      2149
      2286,      2461,      2460,      2151,      2150
      2287,      2460,      2459,      2152,      2151
      2288,      2459,      2458,      2153,      2152
      2289,      2458,      2457,      2190,      2153
      2290,      2299,      2298,      2199,      2154
      2291,      2199,      2200,      2155,      2154
      2292,      2200,      2201,      2156,      2155
      2293,      2201,      2202,      2157,      2156
      2294,      2202,      2203,      2158,      2157
      2295,      2203,      2204,      2159,      2158
      2296,      2204,      2205,      2160,      2159
      2297,      2205,      2206,      2161,      2160
      2298,      2206,      2207,      2162,      2161
      2299,      2207,      2208,      2163,      2162
      2300,      2208,      2209,      2164,      2163
      2301,      2209,      2210,      2165,      2164
      2302,      2210,      2211,      2166,      2165
      2303,      2211,      2212,      2167,      2166
      2304,      2212,      2213,      2168,      2167
      2305,      2213,      2214,      2169,      2168
      2306,      2214,      2215,      2170,      2169
      2307,      2215,      2216,      2171,      2170
      2308,      2216,      2217,      2172,      2171
      2309,      2217,      2218,      2173,      2172
      2310,      2218,      2219,      2174,      2173
      2311,      2219,      2220,      2175,      2174
      2312,      2220,      2221,      2176,      2175
      2313,      2221,      2222,      2177,      2176
      2314,      2222,      2223,      2178,      2177
      2315,      2223,      2224,      2179,      2178
      2316,      2224,      2225,      2180,      2179
      2317,      2225,      2226,      2181,      2180
      2318,      2226,      2227,      2182,      2181
      2319,      2227,      2228,      2183,      2182
      2320,      2228,      2229,      2184,      2183
      2321,      2229,      2230,      2185,      2184
      2322,      2230,      2231,      2186,      2185
      2323,      2231,      2232,      2187,      2186
      2324,      2232,      2234,      2188,      2187
      2325,      2234,      2235,      2189,      2188
      2326,      2235,      2236,      2233,      2189
      2327,      2457,      2456,      2191,      2190
      2328,      2456,      2455,      2192,      2191
      2329,      2455,      2454,      2193,      2192
      2330,      2454,      2453,      2194,      2193
      2331,      2453,      2452,      2195,      2194
      2332,      2452,      2451,      2196,      2195
      2333,      2451,      2450,      2197,      2196
      2334,      2450,      2449,      2198,      2197
      2335,      2449,      2448,      2237,      2198
      2336,      2298,      2528,      2527,      2199
      2337,      2527,      2521,      2200,      2199
      2338,      2521,      2520,      2201,      2200
      2339,      2520,      2519,      2202,      2201
      2340,      2519,      2518,      2203,      2202
      2341,      2518,      2517,      2204,      2203
      2342,      2517,      2516,      2205,      2204
      2343,      2516,      2515,      2206,      2205
      2344,      2515,      2514,      2207,      2206
      2345,      2514,      2513,      2208,      2207
      2346,      2513,      2512,      2209,      2208
      2347,      2512,      2511,      2210,      2209
      2348,      2511,      2510,      2211,      2210
      2349,      2510,      2509,      2212,      2211
      2350,      2509,      2508,      2213,      2212
      2351,      2508,      2507,      2214,      2213
      2352,      2507,      2506,      2215,      2214
      2353,      2506,      2505,      2216,      2215
      2354,      2505,      2504,      2217,      2216
      2355,      2504,      2503,      2218,      2217
      2356,      2503,      2502,      2219,      2218
      2357,      2502,      2501,      2220,      2219
      2358,      2501,      2500,      2221,      2220
      2359,      2500,      2499,      2222,      2221
      2360,      2499,      2498,      2223,      2222
      2361,      2498,      2497,      2224,      2223
      2362,      2497,      2496,      2225,      2224
      2363,      2496,      2495,      2226,      2225
      2364,      2495,      2494,      2227,      2226
      2365,      2494,      2493,      2228,      2227
      2366,      2493,      2492,      2229,      2228
      2367,      2492,      2491,      2230,      2229
      2368,      2491,      2490,      2231,      2230
      2369,      2490,      2489,      2232,      2231
      2370,      2489,      2488,      2234,      2232
      2371,      2236,      2447,      2446,      2233
      2372,      2488,      2487,      2235,      2234
      2373,      2487,      2486,      2236,      2235
      2374,      2486,      2485,      2447,      2236
      2375,      2448,      2529,      2479,      2237
      2376,      1267,      3313,      3314,      1266
      2377,      2238,      3312,      3313,      1267
      2378,      2239,      3311,      3312,      2238
      2379,      2240,      3310,      3311,      2239
      2380,      2241,      3309,      3310,      2240
      2381,      2242,      3308,      3309,      2241
      2382,      2243,      3307,      3308,      2242
      2383,       286,      3306,      3307,      2243
      2384,      2244,      3305,      3306,       286
      2385,      2245,      3304,      3305,      2244
      2386,      2246,      3303,      3304,      2245
      2387,      2247,      3302,      3303,      2246
      2388,      2248,      3377,      3302,      2247
      2389,      2249,      3376,      3377,      2248
      2390,      2250,      3375,      3376,      2249
      2391,      2251,      3374,      3375,      2250
      2392,       231,      3373,      3374,      2251
      2393,      2252,      3372,      3373,       231
      2394,      2253,      3371,      3372,      2252
      2395,      2254,      3370,      3371,      2253
      2396,      2255,      3369,      3370,      2254
      2397,      2256,      3368,      3369,      2255
      2398,      1758,      3367,      3368,      2256
      2399,      2257,      3366,      3367,      1758
      2400,      2258,      3365,      3366,      2257
      2401,      2259,      3364,      3365,      2258
      2402,      2260,      3363,      3364,      2259
      2403,      1740,      3362,      3363,      2260
      2404,      2261,      3361,      3362,      1740
      2405,      2262,      3360,      3361,      2261
      2406,      2263,      3359,      3360,      2262
      2407,      2264,      3358,      3359,      2263
      2408,      2265,      3357,      3358,      2264
      2409,      2266,      3356,      3357,      2265
      2410,      2267,      3355,      3356,      2266
      2411,      1739,      3354,      3355,      2267
      2412,      1738,      3353,      3354,      1739
      2413,      1737,      3352,      3353,      1738
      2414,      2268,      3351,      3352,      1737
      2415,      2269,      3350,      3351,      2268
      2416,      2270,      3349,      3350,      2269
      2417,      2271,      3348,      3349,      2270
      2418,      2272,      3347,      3348,      2271
      2419,      2273,      3346,      3347,      2272
      2420,      2274,      3345,      3346,      2273
      2421,      1835,      3344,      3345,      2274
      2422,      2275,      3343,      3344,      1835
      2423,      2276,      3342,      3343,      2275
      2424,      2277,      3341,      3342,      2276
      2425,      2278,      3340,      3341,      2277
      2426,      2279,      3339,      3340,      2278
      2427,      2280,      3338,      3339,      2279
      2428,      2281,      3337,      3338,      2280
      2429,      2282,      3336,      3337,      2281
      2430,      1793,      3335,      3336,      2282
      2431,      2283,      3334,      3335,      1793
      2432,      2284,      3333,      3334,      2283
      2433,      2285,      3332,      3333,      2284
      2434,      2286,      3331,      3332,      2285
      2435,      2287,      3330,      3331,      2286
      2436,      2288,      3329,      3330,      2287
      2437,      1780,      3328,      3329,      2288
      2438,      2289,      3327,      3328,      1780
      2439,      2290,      3326,      3327,      2289
      2440,       588,      3325,      3326,      2290
      2441,      1479,      3324,      3325,       588
      2442,      2291,      3323,      3324,      1479
      2443,      2292,      3322,      3323,      2291
      2444,      2293,      3321,      3322,      2292
      2445,      2294,      3320,      3321,      2293
      2446,      2295,      3319,      3320,      2294
      2447,      2296,      3318,      3319,      2295
      2448,      1480,      3317,      3318,      2296
      2449,      1481,      3316,      3317,      1480
      2450,      2297,      3315,      3316,      1481
      2451,      3314,      3315,      2297,      1266
      2452,      2298,      2651,      2650,      2528
      2453,      2299,      2652,      2651,      2298
      2454,      2300,      2653,      2652,      2299
      2455,      2301,      2654,      2653,      2300
      2456,      2302,      2655,      2654,      2301
      2457,      2303,      2656,      2655,      2302
      2458,      2304,      2657,      2656,      2303
      2459,      2305,      2658,      2657,      2304
      2460,      2306,      2659,      2658,      2305
      2461,      2307,      2660,      2659,      2306
      2462,      2308,      2661,      2660,      2307
      2463,      2309,      2662,      2661,      2308
      2464,      2310,      2663,      2662,      2309
      2465,      2311,      2664,      2663,      2310
      2466,      2312,      2665,      2664,      2311
      2467,      2313,      2666,      2665,      2312
      2468,      2314,      2667,      2666,      2313
      2469,      2315,      2668,      2667,      2314
      2470,      2316,      2669,      2668,      2315
      2471,      2317,      2670,      2669,      2316
      2472,      2318,      2671,      2670,      2317
      2473,      2319,      2672,      2671,      2318
      2474,      2320,      2673,      2672,      2319
      2475,      2321,      2674,      2673,      2320
      2476,      2322,      2675,      2674,      2321
      2477,      2323,      2676,      2675,      2322
      2478,      2324,      2677,      2676,      2323
      2479,      2325,      2678,      2677,      2324
      2480,      2326,      2679,      2678,      2325
      2481,      2327,      2680,      2679,      2326
      2482,      2328,      2681,      2680,      2327
      2483,      2329,      2682,      2681,      2328
      2484,      2330,      2683,      2682,      2329
      2485,      2331,      2684,      2683,      2330
      2486,      2332,      2685,      2684,      2331
      2487,      2333,      2686,      2685,      2332
      2488,      2334,      2687,      2686,      2333
      2489,      2335,      2688,      2687,      2334
      2490,      2336,      2689,      2688,      2335
      2491,      2337,      2690,      2689,      2336
      2492,      2338,      2691,      2690,      2337
      2493,      2339,      2692,      2691,      2338
      2494,      2340,      2693,      2692,      2339
      2495,      2341,      2694,      2693,      2340
      2496,      2342,      2695,      2694,      2341
      2497,      2343,      2696,      2695,      2342
      2498,      2344,      2697,      2696,      2343
      2499,      2345,      2698,      2697,      2344
      2500,      2346,      2699,      2698,      2345
      2501,      2347,      2700,      2699,      2346
      2502,      2348,      2701,      2700,      2347
      2503,      2349,      2702,      2701,      2348
      2504,      2350,      2703,      2702,      2349
      2505,      2351,      2704,      2703,      2350
      2506,      2352,      2705,      2704,      2351
      2507,      2353,      2706,      2705,      2352
      2508,      2354,      2707,      2706,      2353
      2509,      2355,      2708,      2707,      2354
      2510,      2356,      2709,      2708,      2355
      2511,      2357,      2710,      2709,      2356
      2512,      2358,      2711,      2710,      2357
      2513,      2359,      2712,      2711,      2358
      2514,      2360,      2713,      2712,      2359
      2515,      2361,      2714,      2713,      2360
      2516,      2362,      2715,      2714,      2361
      2517,      2363,      2716,      2715,      2362
      2518,      2364,      2717,      2716,      2363
      2519,      2365,      2718,      2717,      2364
      2520,      2366,      2719,      2718,      2365
      2521,      2367,      2720,      2719,      2366
      2522,      2368,      2721,      2720,      2367
      2523,      2369,      2722,      2721,      2368
      2524,      2370,      2723,      2722,      2369
      2525,      2476,      2724,      2723,      2370
      2526,      2371,      2531,      2530,      2526
      2527,      2372,      2532,      2531,      2371
      2528,      2373,      2533,      2532,      2372
      2529,      2374,      2534,      2533,      2373
      2530,      2375,      2535,      2534,      2374
      2531,      2376,      2536,      2535,      2375
      2532,      2377,      2537,      2536,      2376
      2533,      2378,      2538,      2537,      2377
      2534,      2379,      2539,      2538,      2378
      2535,      2380,      2540,      2539,      2379
      2536,      2381,      2541,      2540,      2380
      2537,      2382,      2542,      2541,      2381
      2538,      2383,      2543,      2542,      2382
      2539,      2384,      2544,      2543,      2383
      2540,      2385,      2545,      2544,      2384
      2541,      2386,      2546,      2545,      2385
      2542,      2387,      2547,      2546,      2386
      2543,      2388,      2548,      2547,      2387
      2544,      2389,      2549,      2548,      2388
      2545,      2390,      2550,      2549,      2389
      2546,      2391,      2551,      2550,      2390
      2547,      2392,      2552,      2551,      2391
      2548,      2393,      2553,      2552,      2392
      2549,      2394,      2554,      2553,      2393
      2550,      2395,      2555,      2554,      2394
      2551,      2396,      2556,      2555,      2395
      2552,      2397,      2557,      2556,      2396
      2553,      2398,      2558,      2557,      2397
      2554,      2399,      2559,      2558,      2398
      2555,      2400,      2560,      2559,      2399
      2556,      2401,      2561,      2560,      2400
      2557,      2402,      2562,      2561,      2401
      2558,      2403,      2563,      2562,      2402
      2559,      2404,      2564,      2563,      2403
      2560,      2405,      2565,      2564,      2404
      2561,      2406,      2566,      2565,      2405
      2562,      2407,      2567,      2566,      2406
      2563,      2408,      2568,      2567,      2407
      2564,      2409,      2569,      2568,      2408
      2565,      2410,      2570,      2569,      2409
      2566,      2411,      2571,      2570,      2410
      2567,      2412,      2572,      2571,      2411
      2568,      2413,      2573,      2572,      2412
      2569,      2414,      2574,      2573,      2413
      2570,      2415,      2575,      2574,      2414
      2571,      2416,      2576,      2575,      2415
      2572,      2417,      2577,      2576,      2416
      2573,      2418,      2578,      2577,      2417
      2574,      2419,      2579,      2578,      2418
      2575,      2420,      2580,      2579,      2419
      2576,      2421,      2581,      2580,      2420
      2577,      2422,      2582,      2581,      2421
      2578,      2423,      2583,      2582,      2422
      2579,      2424,      2584,      2583,      2423
      2580,      2425,      2585,      2584,      2424
      2581,      2426,      2586,      2585,      2425
      2582,      2427,      2587,      2586,      2426
      2583,      2428,      2588,      2587,      2427
      2584,      2429,      2589,      2588,      2428
      2585,      2430,      2590,      2589,      2429
      2586,      2431,      2591,      2590,      2430
      2587,      2432,      2592,      2591,      2431
      2588,      2433,      2593,      2592,      2432
      2589,      2434,      2594,      2593,      2433
      2590,      2435,      2595,      2594,      2434
      2591,      2436,      2596,      2595,      2435
      2592,      2437,      2597,      2596,      2436
      2593,      2438,      2598,      2597,      2437
      2594,      2439,      2599,      2598,      2438
      2595,      2440,      2600,      2599,      2439
      2596,      2441,      2601,      2600,      2440
      2597,      2442,      2602,      2601,      2441
      2598,      2443,      2603,      2602,      2442
      2599,      2444,      2604,      2603,      2443
      2600,      2445,      2605,      2604,      2444
      2601,      2446,      2606,      2605,      2445
      2602,      2447,      2607,      2606,      2446
      2603,      2485,      2608,      2607,      2447
      2604,      2448,      2731,      2730,      2529
      2605,      2449,      2732,      2731,      2448
      2606,      2450,      2733,      2732,      2449
      2607,      2451,      2734,      2733,      2450
      2608,      2452,      2735,      2734,      2451
      2609,      2453,      2736,      2735,      2452
      2610,      2454,      2737,      2736,      2453
      2611,      2455,      2738,      2737,      2454
      2612,      2456,      2739,      2738,      2455
      2613,      2457,      2740,      2739,      2456
      2614,      2458,      2741,      2740,      2457
      2615,      2459,      2742,      2741,      2458
      2616,      2460,      2743,      2742,      2459
      2617,      2461,      2744,      2743,      2460
      2618,      2462,      2745,      2744,      2461
      2619,      2463,      2746,      2745,      2462
      2620,      2464,      2747,      2746,      2463
      2621,      2465,      2748,      2747,      2464
      2622,      2466,      2749,      2748,      2465
      2623,      2467,      2750,      2749,      2466
      2624,      2468,      2751,      2750,      2467
      2625,      2469,      2752,      2751,      2468
      2626,      2470,      2753,      2752,      2469
      2627,      2471,      2754,      2753,      2470
      2628,      2472,      2755,      2754,      2471
      2629,      2473,      2756,      2755,      2472
      2630,      2474,      2757,      2756,      2473
      2631,      2475,      2758,      2757,      2474
      2632,      2480,      2759,      2758,      2475
      2633,      2477,      2725,      2724,      2476
      2634,      2478,      2726,      2725,      2477
      2635,      2479,      2727,      2726,      2478
      2636,      2529,      2728,      2727,      2479
      2637,      2481,      2760,      2759,      2480
      2638,      2482,      2761,      2760,      2481
      2639,      2483,      2762,      2761,      2482
      2640,      2484,      2763,      2762,      2483
      2641,      2522,      2764,      2763,      2484
      2642,      2485,      2610,      2609,      2608
      2643,      2486,      2611,      2610,      2485
      2644,      2487,      2612,      2611,      2486
      2645,      2488,      2613,      2612,      2487
      2646,      2489,      2614,      2613,      2488
      2647,      2490,      2615,      2614,      2489
      2648,      2491,      2616,      2615,      2490
      2649,      2492,      2617,      2616,      2491
      2650,      2493,      2618,      2617,      2492
      2651,      2494,      2619,      2618,      2493
      2652,      2495,      2620,      2619,      2494
      2653,      2496,      2621,      2620,      2495
      2654,      2497,      2622,      2621,      2496
      2655,      2498,      2623,      2622,      2497
      2656,      2499,      2624,      2623,      2498
      2657,      2500,      2625,      2624,      2499
      2658,      2501,      2626,      2625,      2500
      2659,      2502,      2627,      2626,      2501
      2660,      2503,      2628,      2627,      2502
      2661,      2504,      2629,      2628,      2503
      2662,      2505,      2630,      2629,      2504
      2663,      2506,      2631,      2630,      2505
      2664,      2507,      2632,      2631,      2506
      2665,      2508,      2633,      2632,      2507
      2666,      2509,      2634,      2633,      2508
      2667,      2510,      2635,      2634,      2509
      2668,      2511,      2636,      2635,      2510
      2669,      2512,      2637,      2636,      2511
      2670,      2513,      2638,      2637,      2512
      2671,      2514,      2639,      2638,      2513
      2672,      2515,      2640,      2639,      2514
      2673,      2516,      2641,      2640,      2515
      2674,      2517,      2642,      2641,      2516
      2675,      2518,      2643,      2642,      2517
      2676,      2519,      2644,      2643,      2518
      2677,      2520,      2645,      2644,      2519
      2678,      2521,      2646,      2645,      2520
      2679,      2527,      2647,      2646,      2521
      2680,      2523,      2765,      2764,      2522
      2681,      2524,      2766,      2765,      2523
      2682,      2525,      2767,      2766,      2524
      2683,      2526,      2768,      2767,      2525
      2684,      2530,      2769,      2768,      2526
      2685,      2528,      2648,      2647,      2527
      2686,      2650,      2649,      2648,      2528
      2687,      2730,      2729,      2728,      2529
      2688,      2771,      2770,      3368,      3367
      2689,      2770,      2772,      3369,      3368
      2690,      2774,      2771,      3367,      3366
      2691,      2772,      2773,      3370,      3369
      2692,      3366,      3365,      2775,      2774
      2693,      2773,      2776,      3371,      3370
      2694,      3365,      3364,      2777,      2775
      2695,      2776,      2778,      3372,      3371
      2696,      3364,      3363,      2779,      2777
      2697,      2782,      2780,      2770,      2771
      2698,      2780,      2781,      2772,      2770
      2699,      2778,      2784,      3373,      3372
      2700,      3363,      3362,      2786,      2779
      2701,      2781,      2783,      2773,      2772
      2702,      2785,      2782,      2771,      2774
      2703,      2783,      2788,      2776,      2773
      2704,      2774,      2775,      2787,      2785
      2705,      2775,      2777,      2789,      2787
      2706,      2784,      2790,      3374,      3373
      2707,      3362,      3361,      2792,      2786
      2708,      2788,      2791,      2778,      2776
      2709,      2777,      2779,      2793,      2789
      2710,      2791,      2797,      2784,      2778
      2711,      2781,      2780,      2794,      2795
      2712,      2780,      2782,      2796,      2794
      2713,      2779,      2786,      2799,      2793
      2714,      2795,      2798,      2783,      2781
      2715,      2790,      2803,      3375,      3374
      2716,      3361,      3360,      2804,      2792
      2717,      2800,      2796,      2782,      2785
      2718,      2798,      2801,      2788,      2783
      2719,      2785,      2787,      2802,      2800
      2720,      2787,      2789,      2805,      2802
      2721,      2797,      2806,      2790,      2784
      2722,      2786,      2792,      2807,      2799
      2723,      2791,      2788,      2801,      2808
      2724,      2789,      2793,      2809,      2805
      2725,      2803,      2815,      3376,      3375
      2726,      2816,      2804,      3360,      3359
      2727,      2797,      2791,      2808,      2811
      2728,      2806,      2818,      2803,      2790
      2729,      2793,      2799,      2814,      2809
      2730,      2792,      2804,      2820,      2807
      2731,      2794,      2796,      2812,      2810
      2732,      2795,      2794,      2810,      2813
      2733,      2813,      2817,      2798,      2795
      2734,      2819,      2812,      2796,      2800
      2735,      2817,      2822,      2801,      2798
      2736,      2806,      2797,      2811,      2824
      2737,      2821,      2819,      2800,      2802
      2738,      2799,      2807,      2825,      2814
      2739,      2823,      2821,      2802,      2805
      2740,      2808,      2801,      2822,      2826
      2741,      2827,      2823,      2805,      2809
      2742,      2815,      2828,      3377,      3376
      2743,      3359,      3358,      2829,      2816
      2744,      2818,      2831,      2815,      2803
      2745,      2832,      2820,      2804,      2816
      2746,      2818,      2806,      2824,      2837
      2747,      2811,      2808,      2826,      2833
      2748,      2807,      2820,      2839,      2825
      2749,      2836,      2827,      2809,      2814
      2750,      2835,      2830,      2810,      2812
      2751,      2830,      2834,      2813,      2810
      2752,      2834,      2838,      2817,      2813
      2753,      2840,      2835,      2812,      2819
      2754,      2824,      2811,      2833,      2843
      2755,      2838,      2842,      2822,      2817
      2756,      2841,      2840,      2819,      2821
      2757,      2814,      2825,      2845,      2836
      2758,      2844,      2841,      2821,      2823
      2759,      2831,      2848,      2828,      2815
      2760,      2816,      2829,      2849,      2832
      2761,      2842,      2846,      2826,      2822
      2762,      2837,      2850,      2831,      2818
      2763,      2851,      2839,      2820,      2832
      2764,      2847,      2844,      2823,      2827
      2765,      2828,      2858,      3302,      3377
      2766,      3358,      3357,      2859,      2829
      2767,      2837,      2824,      2843,      2856
      2768,      2860,      2845,      2825,      2839
      2769,      2846,      2854,      2833,      2826
      2770,      2855,      2847,      2827,      2836
      2771,      2830,      2835,      2853,      2852
      2772,      2834,      2830,      2852,      2857
      2773,      2857,      2861,      2838,      2834
      2774,      2862,      2853,      2835,      2840
      2775,      2854,      2866,      2843,      2833
      2776,      2861,      2864,      2842,      2838
      2777,      2863,      2862,      2840,      2841
      2778,      2836,      2845,      2867,      2855
      2779,      2848,      2831,      2850,      2868
      2780,      2832,      2849,      2869,      2851
      2781,      2865,      2863,      2841,      2844
      2782,      2848,      2874,      2858,      2828
      2783,      2829,      2859,      2875,      2849
      2784,      2856,      2872,      2850,      2837
      2785,      2873,      2860,      2839,      2851
      2786,      2864,      2870,      2846,      2842
      2787,      2871,      2865,      2844,      2847
      2788,      2866,      2876,      2856,      2843
      2789,      3357,      3356,      2880,      2859
      2790,      2858,      2881,      3303,      3302
      2791,      2879,      2867,      2845,      2860
      2792,      2870,      2877,      2854,      2846
      2793,      2878,      2871,      2847,      2855
      2794,      2852,      2853,      3235,      3234
      2795,      2857,      2852,      3234,      3233
      2796,      3236,      3235,      2853,      2862
      2797,      3233,      3232,      2861,      2857
      2798,      3237,      3236,      2862,      2863
      2799,      2868,      2850,      2872,      2884
      2800,      2885,      2873,      2851,      2869
      2801,      2874,      2848,      2868,      2886
      2802,      2849,      2875,      2887,      2869
      2803,      2877,      2882,      2866,      2854
      2804,      2855,      2867,      2883,      2878
      2805,      3232,      3231,      2864,      2861
      2806,      3238,      3237,      2863,      2865
      2807,      2876,      2888,      2872,      2856
      2808,      2889,      2879,      2860,      2873
      2809,      3231,      3230,      2870,      2864
      2810,      2859,      2880,      2890,      2875
      2811,      2874,      2891,      2881,      2858
      2812,      3239,      3238,      2865,      2871
      2813,      2882,      2892,      2876,      2866
      2814,      2893,      2883,      2867,      2879
      2815,      3230,      3229,      2877,      2870
      2816,      3240,      3239,      2871,      2878
      2817,      3356,      3355,      2898,      2880
      2818,      2881,      2899,      3304,      3303
      2819,      2886,      2868,      2884,      2896
      2820,      2897,      2885,      2869,      2887
      2821,      2888,      2894,      2884,      2872
      2822,      2895,      2889,      2873,      2885
      2823,      3229,      3228,      2882,      2877
      2824,      2878,      2883,      3241,      3240
      2825,      2875,      2890,      2902,      2887
      2826,      2886,      2903,      2891,      2874
      2827,      2892,      2900,      2888,      2876
      2828,      2901,      2893,      2879,      2889
      2829,      2880,      2898,      2904,      2890
      2830,      2891,      2905,      2899,      2881
      2831,      3228,      3227,      2892,      2882
      2832,      3242,      3241,      2883,      2893
      2833,      2894,      2906,      2896,      2884
      2834,      2907,      2895,      2885,      2897
      2835,      2894,      2888,      2900,      2908
      2836,      2909,      2901,      2889,      2895
      2837,      2910,      2897,      2887,      2902
      2838,      2896,      2911,      2903,      2886
      2839,      3227,      3226,      2900,      2892
      2840,      3243,      3242,      2893,      2901
      2841,      3355,      3354,      2914,      2898
      2842,      2899,      2915,      3305,      3304
      2843,      2890,      2904,      2912,      2902
      2844,      2903,      2913,      2905,      2891
      2845,      2906,      2894,      2908,      2916
      2846,      2917,      2909,      2895,      2907
      2847,      2906,      2919,      2911,      2896
      2848,      2918,      2907,      2897,      2910
      2849,      2908,      2900,      3226,      3301
      2850,      3244,      3243,      2901,      2909
      2851,      2898,      2914,      2922,      2904
      2852,      2905,      2923,      2915,      2899
      2853,      2920,      2910,      2902,      2912
      2854,      2911,      2921,      2913,      2903
      2855,      2904,      2922,      2926,      2912
      2856,      2913,      2927,      2923,      2905
      2857,      2916,      2908,      3301,      3300
      2858,      3245,      3244,      2909,      2917
      2859,      2916,      2925,      2919,      2906
      2860,      2924,      2917,      2907,      2918
      2861,      2928,      2918,      2910,      2920
      2862,      2919,      2929,      2921,      2911
      2863,      3354,      3353,      2930,      2914
      2864,      2915,      2931,      3306,      3305
      2865,      2912,      2926,      2932,      2920
      2866,      2921,      2933,      2927,      2913
      2867,      2914,      2930,      2936,      2922
      2868,      2923,      2937,      2931,      2915
      2869,      3300,      3299,      2925,      2916
      2870,      3246,      3245,      2917,      2924
      2871,      2934,      2924,      2918,      2928
      2872,      2925,      2935,      2929,      2919
      2873,      2920,      2932,      2938,      2928
      2874,      2929,      2939,      2933,      2921
      2875,      2922,      2936,      2940,      2926
      2876,      2937,      2923,      2927,      2941
      2877,      3247,      3246,      2924,      2934
      2878,      3299,      3298,      2935,      2925
      2879,      2945,      2930,      3353,      3352
      2880,      2931,      2946,      3307,      3306
      2881,      2944,      2932,      2926,      2940
      2882,      2928,      2938,      2942,      2934
      2883,      2935,      2943,      2939,      2929
      2884,      2941,      2927,      2933,      2947
      2885,      2948,      2936,      2930,      2945
      2886,      2937,      2950,      2946,      2931
      2887,      2949,      2938,      2932,      2944
      2888,      2939,      2951,      2947,      2933
      2889,      2934,      2942,      3248,      3247
      2890,      3298,      3297,      2943,      2935
      2891,      2952,      2940,      2936,      2948
      2892,      2950,      2937,      2941,      2953
      2893,      2954,      2942,      2938,      2949
      2894,      2951,      2939,      2943,      2955
      2895,      2956,      2944,      2940,      2952
      2896,      2953,      2941,      2947,      2957
      2897,      3352,      3351,      2959,      2945
      2898,      2946,      2961,      3308,      3307
      2899,      3249,      3248,      2942,      2954
      2900,      2955,      2943,      3297,      3296
      2901,      2958,      2949,      2944,      2956
      2902,      2951,      2960,      2957,      2947
      2903,      2945,      2959,      2962,      2948
      2904,      2950,      2964,      2961,      2946
      2905,      2963,      2954,      2949,      2958
      2906,      2960,      2951,      2955,      2965
      2907,      2948,      2962,      2966,      2952
      2908,      2953,      2967,      2964,      2950
      2909,      3250,      3249,      2954,      2963
      2910,      2968,      2956,      2952,      2966
      2911,      2965,      2955,      3296,      3295
      2912,      2957,      2969,      2967,      2953
      2913,      2970,      2958,      2956,      2968
      2914,      2960,      2971,      2969,      2957
      2915,      2972,      2963,      2958,      2970
      2916,      3351,      3350,      2974,      2959
      2917,      2961,      2975,      3309,      3308
      2918,      2965,      2973,      2971,      2960
      2919,      2959,      2974,      2976,      2962
      2920,      2964,      2977,      2975,      2961
      2921,      3251,      3250,      2963,      2972
      2922,      3295,      3294,      2973,      2965
      2923,      2962,      2976,      2978,      2966
      2924,      2967,      2979,      2977,      2964
      2925,      2980,      2968,      2966,      2978
      2926,      2969,      2981,      2979,      2967
      2927,      2982,      2970,      2968,      2980
      2928,      2971,      2983,      2981,      2969
      2929,      2984,      2972,      2970,      2982
      2930,      2973,      2985,      2983,      2971
      2931,      3252,      3251,      2972,      2984
      2932,      3294,      3293,      2985,      2973
      2933,      3350,      3349,      2986,      2974
      2934,      3310,      3309,      2975,      2987
      2935,      2974,      2986,      2988,      2976
      2936,      2987,      2975,      2977,      2989
      2937,      2976,      2988,      2990,      2978
      2938,      2989,      2977,      2979,      2991
      2939,      2992,      2980,      2978,      2990
      2940,      2981,      2993,      2991,      2979
      2941,      2994,      2982,      2980,      2992
      2942,      2983,      2995,      2993,      2981
      2943,      2996,      2984,      2982,      2994
      2944,      2985,      2997,      2995,      2983
      2945,      3253,      3252,      2984,      2996
      2946,      3293,      3292,      2997,      2985
      2947,      2999,      2996,      2994,      3001
      2948,      3001,      2994,      2992,      3003
      2949,      3254,      3253,      2996,      2999
      2950,      2986,      3009,      3007,      2988
      2951,      2988,      3007,      3005,      2990
      2952,      3311,      3310,      2987,      3008
      2953,      3003,      2992,      2990,      3005
      2954,      3349,      3348,      3009,      2986
      2955,      3008,      2987,      2989,      3006
      2956,      3292,      3291,      2998,      2997
      2957,      2997,      2998,      3000,      2995
      2958,      3006,      2989,      2991,      3004
      2959,      2993,      3002,      3004,      2991
      2960,      2995,      3000,      3002,      2993
      2961,      3291,      3290,      3010,      2998
      2962,      2999,      3011,      3255,      3254
      2963,      2998,      3010,      3012,      3000
      2964,      3001,      3013,      3011,      2999
      2965,      3000,      3012,      3014,      3002
      2966,      3003,      3015,      3013,      3001
      2967,      3002,      3014,      3016,      3004
      2968,      3005,      3017,      3015,      3003
      2969,      3018,      3006,      3004,      3016
      2970,      3007,      3019,      3017,      3005
      2971,      3020,      3008,      3006,      3018
      2972,      3009,      3021,      3019,      3007
      2973,      3312,      3311,      3008,      3020
      2974,      3348,      3347,      3021,      3009
      2975,      3290,      3289,      3022,      3010
      2976,      3256,      3255,      3011,      3023
      2977,      3010,      3022,      3024,      3012
      2978,      3023,      3011,      3013,      3025
      2979,      3012,      3024,      3026,      3014
      2980,      3025,      3013,      3015,      3027
      2981,      3014,      3026,      3028,      3016
      2982,      3027,      3015,      3017,      3029
      2983,      3032,      3018,      3016,      3028
      2984,      3019,      3033,      3029,      3017
      2985,      3289,      3288,      3030,      3022
      2986,      3257,      3256,      3023,      3031
      2987,      3034,      3020,      3018,      3032
      2988,      3021,      3035,      3033,      3019
      2989,      3022,      3030,      3036,      3024
      2990,      3313,      3312,      3020,      3034
      2991,      3347,      3346,      3035,      3021
      2992,      3031,      3023,      3025,      3037
      2993,      3024,      3036,      3038,      3026
      2994,      3037,      3025,      3027,      3039
      2995,      3026,      3038,      3042,      3028
      2996,      3288,      3287,      3040,      3030
      2997,      3039,      3027,      3029,      3043
      2998,      3258,      3257,      3031,      3041
      2999,      3046,      3032,      3028,      3042
      3000,      3043,      3029,      3033,      3047
      3001,      3030,      3040,      3044,      3036
      3002,      3041,      3031,      3037,      3045
      3003,      3048,      3034,      3032,      3046
      3004,      3047,      3033,      3035,      3049
      3005,      3036,      3044,      3050,      3038
      3006,      3045,      3037,      3039,      3051
      3007,      3287,      3286,      3052,      3040
      3008,      3259,      3258,      3041,      3053
      3009,      3314,      3313,      3034,      3048
      3010,      3049,      3035,      3346,      3345
      3011,      3038,      3050,      3054,      3042
      3012,      3051,      3039,      3043,      3055
      3013,      3040,      3052,      3056,      3044
      3014,      3053,      3041,      3045,      3057
      3015,      3058,      3046,      3042,      3054
      3016,      3047,      3059,      3055,      3043
      3017,      3286,      3285,      3060,      3052
      3018,      3260,      3259,      3053,      3061
      3019,      3044,      3056,      3062,      3050
      3020,      3057,      3045,      3051,      3063
      3021,      3064,      3048,      3046,      3058
      3022,      3049,      3065,      3059,      3047
      3023,      3050,      3062,      3068,      3054
      3024,      3052,      3060,      3066,      3056
      3025,      3061,      3053,      3057,      3067
      3026,      3063,      3051,      3055,      3069
      3027,      3315,      3314,      3048,      3064
      3028,      3345,      3344,      3065,      3049
      3029,      3285,      3284,      3071,      3060
      3030,      3261,      3260,      3061,      3070
      3031,      3072,      3058,      3054,      3068
      3032,      3059,      3073,      3069,      3055
      3033,      3056,      3066,      3074,      3062
      3034,      3067,      3057,      3063,      3075
      3035,      3060,      3071,      3076,      3066
      3036,      3070,      3061,      3067,      3077
      3037,      3284,      3283,      3078,      3071
      3038,      3070,      3079,      3262,      3261
      3039,      3080,      3064,      3058,      3072
      3040,      3065,      3081,      3073,      3059
      3041,      3062,      3074,      3082,      3068
      3042,      3075,      3063,      3069,      3083
      3043,      3316,      3315,      3064,      3080
      3044,      3344,      3343,      3081,      3065
      3045,      3066,      3076,      3084,      3074
      3046,      3077,      3067,      3075,      3085
      3047,      3071,      3078,      3088,      3076
      3048,      3077,      3089,      3079,      3070
      3049,      3086,      3078,      3283,      3282
      3050,      3263,      3262,      3079,      3087
      3051,      3090,      3072,      3068,      3082
      3052,      3073,      3091,      3083,      3069
      3053,      3074,      3084,      3092,      3082
      3054,      3085,      3075,      3083,      3093
      3055,      3096,      3080,      3072,      3090
      3056,      3081,      3097,      3091,      3073
      3057,      3282,      3281,      3095,      3086
      3058,      3264,      3263,      3087,      3094
      3059,      3076,      3088,      3098,      3084
      3060,      3085,      3099,      3089,      3077
      3061,      3100,      3088,      3078,      3086
      3062,      3087,      3079,      3089,      3101
      3063,      3082,      3092,      3104,      3090
      3064,      3091,      3105,      3093,      3083
      3065,      3317,      3316,      3080,      3096
      3066,      3343,      3342,      3097,      3081
      3067,      3265,      3264,      3094,      3103
      3068,      3281,      3280,      3102,      3095
      3069,      3084,      3098,      3108,      3092
      3070,      3093,      3109,      3099,      3085
      3071,      3086,      3095,      3106,      3100
      3072,      3094,      3087,      3101,      3107
      3073,      3110,      3098,      3088,      3100
      3074,      3101,      3089,      3099,      3111
      3075,      3280,      3279,      3112,      3102
      3076,      3266,      3265,      3103,      3113
      3077,      3090,      3104,      3114,      3096
      3078,      3097,      3115,      3105,      3091
      3079,      3095,      3102,      3116,      3106
      3080,      3103,      3094,      3107,      3117
      3081,      3120,      3104,      3092,      3108
      3082,      3105,      3121,      3109,      3093
      3083,      3279,      3278,      3118,      3112
      3084,      3267,      3266,      3113,      3119
      3085,      3100,      3106,      3122,      3110
      3086,      3107,      3101,      3111,      3123
      3087,      3126,      3108,      3098,      3110
      3088,      3111,      3099,      3109,      3127
      3089,      3096,      3114,      3318,      3317
      3090,      3342,      3341,      3115,      3097
      3091,      3278,      3277,      3124,      3118
      3092,      3268,      3267,      3119,      3125
      3093,      3102,      3112,      3128,      3116
      3094,      3113,      3103,      3117,      3129
      3095,      3132,      3114,      3104,      3120
      3096,      3115,      3133,      3121,      3105
      3097,      3277,      3276,      3130,      3124
      3098,      3125,      3131,      3269,      3268
      3099,      3106,      3116,      3134,      3122
      3100,      3117,      3107,      3123,      3135
      3101,      3146,      3120,      3108,      3126
      3102,      3121,      3147,      3127,      3109
      3103,      3136,      3130,      3276,      3275
      3104,      3270,      3269,      3131,      3137
      3105,      3110,      3122,      3142,      3126
      3106,      3112,      3118,      3138,      3128
      3107,      3119,      3113,      3129,      3139
      3108,      3123,      3111,      3127,      3143
      3109,      3275,      3274,      3140,      3136
      3110,      3271,      3270,      3137,      3141
      3111,      3274,      3273,      3145,      3140
      3112,      3272,      3271,      3141,      3144
      3113,      3273,      3272,      3144,      3145
      3114,      3118,      3124,      3148,      3138
      3115,      3125,      3119,      3139,      3149
      3116,      3319,      3318,      3114,      3132
      3117,      3341,      3340,      3133,      3115
      3118,      3116,      3128,      3150,      3134
      3119,      3129,      3117,      3135,      3151
      3120,      3122,      3134,      3154,      3142
      3121,      3135,      3123,      3143,      3155
      3122,      3158,      3132,      3120,      3146
      3123,      3133,      3159,      3147,      3121
      3124,      3124,      3130,      3152,      3148
      3125,      3149,      3153,      3131,      3125
      3126,      3156,      3146,      3126,      3142
      3127,      3143,      3127,      3147,      3157
      3128,      3128,      3138,      3162,      3150
      3129,      3139,      3129,      3151,      3163
      3130,      3160,      3152,      3130,      3136
      3131,      3137,      3131,      3153,      3161
      3132,      3136,      3140,      3164,      3160
      3133,      3141,      3137,      3161,      3165
      3134,      3140,      3145,      3166,      3164
      3135,      3144,      3141,      3165,      3167
      3136,      3145,      3144,      3167,      3166
      3137,      3134,      3150,      3170,      3154
      3138,      3151,      3135,      3155,      3171
      3139,      3138,      3148,      3168,      3162
      3140,      3149,      3139,      3163,      3169
      3141,      3320,      3319,      3132,      3158
      3142,      3340,      3339,      3159,      3133
      3143,      3172,      3156,      3142,      3154
      3144,      3157,      3173,      3155,      3143
      3145,      3174,      3158,      3146,      3156
      3146,      3157,      3147,      3159,      3175
      3147,      3148,      3152,      3176,      3168
      3148,      3169,      3177,      3153,      3149
      3149,      3150,      3162,      3178,      3170
      3150,      3163,      3151,      3171,      3179
      3151,      3180,      3176,      3152,      3160
      3152,      3161,      3153,      3177,      3181
      3153,      3160,      3164,      3182,      3180
      3154,      3165,      3161,      3181,      3183
      3155,      3188,      3172,      3154,      3170
      3156,      3173,      3189,      3171,      3155
      3157,      3162,      3168,      3186,      3178
      3158,      3169,      3163,      3179,      3187
      3159,      3164,      3166,      3184,      3182
      3160,      3167,      3165,      3183,      3185
      3161,      3190,      3174,      3156,      3172
      3162,      3175,      3191,      3173,      3157
      3163,      3321,      3320,      3158,      3174
      3164,      3175,      3159,      3339,      3338
      3165,      3166,      3167,      3185,      3184
      3166,      3168,      3176,      3192,      3186
      3167,      3187,      3193,      3177,      3169
      3168,      3194,      3188,      3170,      3178
      3169,      3189,      3195,      3179,      3171
      3170,      3196,      3192,      3176,      3180
      3171,      3181,      3177,      3193,      3197
      3172,      3200,      3190,      3172,      3188
      3173,      3191,      3201,      3189,      3173
      3174,      3322,      3321,      3174,      3190
      3175,      3338,      3337,      3191,      3175
      3176,      3180,      3182,      3198,      3196
      3177,      3183,      3181,      3197,      3199
      3178,      3178,      3186,      3204,      3194
      3179,      3195,      3205,      3187,      3179
      3180,      3182,      3184,      3202,      3198
      3181,      3185,      3183,      3199,      3203
      3182,      3184,      3185,      3203,      3202
      3183,      3206,      3204,      3186,      3192
      3184,      3205,      3207,      3193,      3187
      3185,      3208,      3200,      3188,      3194
      3186,      3201,      3209,      3195,      3189
      3187,      3323,      3322,      3190,      3200
      3188,      3337,      3336,      3201,      3191
      3189,      3210,      3206,      3192,      3196
      3190,      3207,      3211,      3197,      3193
      3191,      3194,      3204,      3214,      3208
      3192,      3209,      3215,      3205,      3195
      3193,      3212,      3210,      3196,      3198
      3194,      3199,      3197,      3211,      3213
      3195,      3217,      3212,      3198,      3202
      3196,      3213,      3216,      3203,      3199
      3197,      3216,      3217,      3202,      3203
      3198,      3324,      3323,      3200,      3208
      3199,      3336,      3335,      3209,      3201
      3200,      3218,      3214,      3204,      3206
      3201,      3215,      3219,      3207,      3205
      3202,      3220,      3218,      3206,      3210
      3203,      3219,      3221,      3211,      3207
      3204,      3208,      3214,      3325,      3324
      3205,      3335,      3334,      3215,      3209
      3206,      3222,      3220,      3210,      3212
      3207,      3213,      3211,      3221,      3223
      3208,      3225,      3222,      3212,      3217
      3209,      3223,      3224,      3216,      3213
      3210,      3224,      3225,      3217,      3216
      3211,      3326,      3325,      3214,      3218
      3212,      3334,      3333,      3219,      3215
      3213,      3327,      3326,      3218,      3220
      3214,      3333,      3332,      3221,      3219
      3215,      3328,      3327,      3220,      3222
      3216,      3223,      3221,      3332,      3331
      3217,      3329,      3328,      3222,      3225
      3218,      3331,      3330,      3224,      3223
      3219,      3330,      3329,      3225,      3224
*****
