**
**   Template:  Plane Stress Analyzer
**
*NODE
         1,  19.605263157895,  17.083333333333,  30.0          
         2,  18.815789473684,  17.083333333333,  30.0          
         3,  19.605263157895,  16.25          ,  30.0          
         4,  18.026315789474,  17.083333333333,  30.0          
         5,  18.815789473684,  16.25          ,  30.0          
         6,  19.605263157895,  15.416666666667,  30.0          
         7,  17.236842105263,  17.083333333333,  30.0          
         8,  18.026315789474,  16.25          ,  30.0          
         9,  18.815789473684,  15.416666666667,  30.0          
        10,  4.5832524175128,  29.609030247698,  30.0          
        11,  19.605263157895,  14.583333333333,  30.0          
        12,  16.447368421053,  17.083333333333,  30.0          
        13,  17.236842105263,  16.25          ,  30.0          
        14,  18.026315789474,  15.416666666667,  30.0          
        15,  4.5831673668067,  28.827094660909,  30.0          
        16,  18.815789473684,  14.583333333333,  30.0          
        17,  3.7498176264634,  29.608344746628,  30.0          
        18,  19.605263157895,  13.75          ,  30.0          
        19,  15.657894736842,  17.083333333333,  30.0          
        20,  16.447368421053,  16.25          ,  30.0          
        21,  17.236842105263,  15.416666666667,  30.0          
        22,  4.583163231921 ,  28.045161033026,  30.0          
        23,  18.026315789474,  14.583333333333,  30.0          
        24,  3.7496228546733,  28.825038184878,  30.0          
        25,  18.815789473684,  13.75          ,  30.0          
        26,  2.9164639282988,  29.607661344688,  30.0          
        27,  19.605263157895,  12.916666666667,  30.0          
        28,  14.868421052632,  17.083333333333,  30.0          
        29,  15.657894736842,  16.25          ,  30.0          
        30,  16.447368421053,  15.416666666667,  30.0          
        31,  4.583163231921 ,  27.263225446236,  30.0          
        32,  17.236842105263,  14.583333333333,  30.0          
        33,  3.7496104564199,  28.041733595627,  30.0          
        34,  18.026315789474,  13.75          ,  30.0          
        35,  2.9162446776166,  28.822984088381,  30.0          
        36,  18.815789473684,  12.916666666667,  30.0          
        37,  2.0831309484772,  29.606976038347,  30.0          
        38,  14.078947368421,  17.083333333333,  30.0          
        39,  14.868421052632,  16.25          ,  30.0          
        40,  15.657894736842,  15.416666666667,  30.0          
        41,  4.583163231921 ,  26.481289859447,  30.0          
        42,  16.447368421053,  14.583333333333,  30.0          
        43,  3.7496104564199,  27.258427033877,  30.0          
        44,  17.236842105263,  13.75          ,  30.0          
        45,  2.9162281653021,  28.038306859232,  30.0          
        46,  18.026315789474,  12.916666666667,  30.0          
        47,  2.0829120800989,  28.820928169262,  30.0          
        48,  1.249818493467 ,  29.606292714288,  30.0          
        49,  13.28947368421 ,  17.083333333333,  30.0          
        50,  14.078947368421,  16.25          ,  30.0          
        51,  14.868421052632,  15.416666666667,  30.0          
        52,  4.583163231921 ,  25.699354272657,  30.0          
        53,  15.657894736842,  14.583333333333,  30.0          
        54,  3.7496104564199,  26.475120472128,  30.0          
        55,  16.447368421053,  13.75          ,  30.0          
        56,  2.9162281653021,  27.253629602925,  30.0          
        57,  17.236842105263,  12.916666666667,  30.0          
        58,  2.0828955965767,  28.034880327288,  30.0          
        59,  1.2496246382537,  28.818874313449,  30.0          
        60,  0.416586264338 ,  29.605607600648,  30.0          
        61,  12.5           ,  17.083333333333,  30.0          
        62,  13.28947368421 ,  16.25          ,  30.0          
        63,  4.583163231921 ,  24.917418685868,  30.0          
        64,  14.078947368421,  15.416666666667,  30.0          
        65,  14.868421052632,  14.583333333333,  30.0          
        66,  3.7496104564199,  25.691813910379,  30.0          
        67,  15.657894736842,  13.75          ,  30.0          
        68,  2.9162281653021,  26.468952346618,  30.0          
        69,  16.447368421053,  12.916666666667,  30.0          
        70,  2.0828955965767,  27.248832458204,  30.0          
        71,  1.2496122895735,  28.031453997901,  30.0          
        72,  0.4165017479047,  28.816818945441,  30.0          
        73,  11.71052631579 ,  17.083333333333,  30.0          
        74,  12.5           ,  16.25          ,  30.0          
        75,  4.583163231921 ,  24.135483099078,  30.0          
        76,  13.28947368421 ,  15.416666666667,  30.0          
        77,  14.078947368421,  14.583333333333,  30.0          
        78,  3.7496104564199,  24.90850734863 ,  30.0          
        79,  14.868421052632,  13.75          ,  30.0          
        80,  2.9162281653021,  25.684275090311,  30.0          
        81,  15.657894736842,  12.916666666667,  30.0          
        82,  2.0828955965767,  26.462784589119,  30.0          
        83,  1.2496122895735,  27.244035597062,  30.0          
        84,  0.4164976338001,  28.028028361981,  30.0          
        85,  10.921052631579,  17.083333333333,  30.0          
        86,  11.71052631579 ,  16.25          ,  30.0          
        87,  4.583163231921 ,  23.353547512288,  30.0          
        88,  12.5           ,  15.416666666667,  30.0          
        89,  3.7496104564199,  24.12520078688 ,  30.0          
        90,  13.28947368421 ,  14.583333333333,  30.0          
        91,  14.078947368421,  13.75          ,  30.0          
        92,  2.9162281653021,  24.899597834004,  30.0          
        93,  14.868421052632,  12.916666666667,  30.0          
        94,  2.0828955965767,  25.676736720035,  30.0          
        95,  1.2496122895735,  26.456617196222,  30.0          
        96,  0.4164976338001,  27.239239706774,  30.0          
        97,  10.131578947368,  17.083333333333,  30.0          
        98,  10.921052631579,  16.25          ,  30.0          
        99,  4.583163231921 ,  22.571611925499,  30.0          
       100,  11.71052631579 ,  15.416666666667,  30.0          
       101,  3.7496104564199,  23.341894225131,  30.0          
       102,  12.5           ,  14.583333333333,  30.0          
       103,  13.28947368421 ,  13.75          ,  30.0          
       104,  2.9162281653021,  24.114920577697,  30.0          
       105,  14.078947368421,  12.916666666667,  30.0          
       106,  2.0828955965767,  24.89068885095 ,  30.0          
       107,  1.2496122895735,  25.669198795383,  30.0          
       108,  0.4164976338001,  26.450451051566,  30.0          
       109,  9.3421052631579,  17.083333333333,  30.0          
       110,  10.131578947368,  16.25          ,  30.0          
       111,  4.583163231921 ,  21.789676338709,  30.0          
       112,  10.921052631579,  15.416666666667,  30.0          
       113,  3.7496104564199,  22.558587663382,  30.0          
       114,  11.71052631579 ,  14.583333333333,  30.0          
       115,  12.5           ,  13.75          ,  30.0          
       116,  2.9162281653021,  23.33024332139 ,  30.0          
       117,  13.28947368421 ,  12.916666666667,  30.0          
       118,  2.0828955965767,  24.104640981866,  30.0          
       119,  1.2496122895735,  24.881780394543,  30.0          
       120,  0.4164976338001,  25.661662396358,  30.0          
       121,  8.5526315789474,  17.083333333333,  30.0          
       122,  9.3421052631579,  16.25          ,  30.0          
       123,  4.583163231921 ,  21.00774075192 ,  30.0          
       124,  10.131578947368,  15.416666666667,  30.0          
       125,  3.7496104564199,  21.775281101632,  30.0          
       126,  10.921052631579,  14.583333333333,  30.0          
       127,  2.9162281653021,  22.545566065083,  30.0          
       128,  11.71052631579 ,  13.75          ,  30.0          
       129,  12.5           ,  12.916666666667,  30.0          
       130,  2.0828955965767,  23.318593112781,  30.0          
       131,  1.2496122895735,  24.094361993704,  30.0          
       132,  0.4164976338001,  24.872873741151,  30.0          
       133,  7.7631578947368,  17.083333333333,  30.0          
       134,  4.5830908495174,  20.225193753209,  30.0          
       135,  8.5526315789474,  16.25          ,  30.0          
       136,  9.3421052631579,  15.416666666667,  30.0          
       137,  3.7496104564199,  20.991974539883,  30.0          
       138,  10.131578947368,  14.583333333333,  30.0          
       139,  2.9162281653021,  21.760888808776,  30.0          
       140,  10.921052631579,  13.75          ,  30.0          
       141,  11.71052631579 ,  12.916666666667,  30.0          
       142,  2.0828955965767,  22.532545243696,  30.0          
       143,  1.2496122895735,  23.306943592864,  30.0          
       144,  0.4164976338001,  24.084085085943,  30.0          
       145,  6.9736842105263,  17.083333333333,  30.0          
       146,  4.5829195084973,  19.441730660405,  30.0          
       147,  7.7631578947368,  16.25          ,  30.0          
       148,  8.5526315789474,  15.416666666667,  30.0          
       149,  3.74952605056  ,  20.207268390896,  30.0          
       150,  9.3421052631579,  14.583333333333,  30.0          
       151,  2.9162281653021,  20.976211552469,  30.0          
       152,  10.131578947368,  13.75          ,  30.0          
       153,  10.921052631579,  12.916666666667,  30.0          
       154,  2.0828955965767,  21.746497374612,  30.0          
       155,  1.2496122895735,  22.519525192025,  30.0          
       156,  0.4164976338001,  23.295296430736,  30.0          
       157,  6.182471584625 ,  17.083110416163,  30.0          
       158,  4.5827237697456,  18.65640770662 ,  30.0          
       159,  6.9736842105263,  16.25          ,  30.0          
       160,  7.7631578947368,  15.416666666667,  30.0          
       161,  3.7493023001879,  19.420504014554,  30.0          
       162,  8.5526315789474,  14.583333333333,  30.0          
       163,  2.9162513244838,  20.190018471488,  30.0          
       164,  9.3421052631579,  13.75          ,  30.0          
       165,  10.131578947368,  12.916666666667,  30.0          
       166,  2.0828955965767,  20.960449505527,  30.0          
       167,  1.2496122895735,  21.732106791185,  30.0          
       168,  0.4164976338001,  22.506507775528,  30.0          
       169,  5.3882207133147,  17.081611760222,  30.0          
       170,  4.5827827478539,  17.867558420072,  30.0          
       171,  6.1803848703485,  16.249665432815,  30.0          
       172,  6.9736842105263,  15.416666666667,  30.0          
       173,  3.7491039966407,  18.629791360987,  30.0          
       174,  7.7631578947368,  14.583333333333,  30.0          
       175,  2.9163147053433,  19.401633163841,  30.0          
       176,  8.5526315789474,  13.75          ,  30.0          
       177,  9.3421052631579,  12.916666666667,  30.0          
       178,  2.0829866664891,  20.17315172254 ,  30.0          
       179,  1.2496122895735,  20.944688390346,  30.0          
       180,  0.4164976338001,  21.717719120321,  30.0          
       181,  4.5772986325517,  17.060600563854,  30.0          
       182,  5.3811794243718,  16.24715404976 ,  30.0          
       183,  6.1799990706603,  15.416550105106,  30.0          
       184,  3.7494880515529,  17.832920605168,  30.0          
       185,  6.9736842105263,  14.583333333333,  30.0          
       186,  2.9164723536716,  18.609330732373,  30.0          
       187,  7.7631578947368,  13.75          ,  30.0          
       188,  2.08328219644  ,  19.384056346333,  30.0          
       189,  8.5526315789474,  12.916666666667,  30.0          
       190,  1.24972298209  ,  20.156479315994,  30.0          
       191,  0.4164976338001,  20.928930465113,  30.0          
       192,  4.5710144250465,  16.236632505634,  30.0          
       193,  5.380517721549 ,  15.415492990895,  30.0          
       194,  3.7494062774693,  17.030412581701,  30.0          
       195,  6.1799800671589,  14.583416429566,  30.0          
       196,  2.9169793302925,  17.812394183267,  30.0          
       197,  6.9736842105263,  13.75          ,  30.0          
       198,  7.7631578947368,  12.916666666667,  30.0          
       199,  2.0836889711023,  18.591828938968,  30.0          
       200,  1.2500631570839,  19.367142160514,  30.0          
       201,  0.4165524390421,  20.13987340094 ,  30.0          
       202,  4.5702096799494,  15.41189507656 ,  30.0          
       203,  5.3804439717987,  14.584188466342,  30.0          
       204,  3.7485877751662,  16.220982711002,  30.0          
       205,  6.1803423378143,  13.750307864371,  30.0          
       206,  2.9178648464488,  17.012143140718,  30.0          
       207,  6.9736842105263,  12.916666666667,  30.0          
       208,  2.0840650083228,  17.796272354937,  30.0          
       209,  1.2505202417759,  18.575852607371,  30.0          
       210,  0.4167128742967,  19.350435755452,  30.0          
       211,  4.5700883587535,  14.586837194088,  30.0          
       212,  3.7482738547662,  15.406616394327,  30.0          
       213,  5.3809712276199,  13.752398401819,  30.0          
       214,  2.918690354416 ,  16.208200200158,  30.0          
       215,  6.1824480555922,  12.916886523259,  30.0          
       216,  2.0844480165793,  16.998676145752,  30.0          
       217,  1.2508732527196,  17.782584581646,  30.0          
       218,  0.4169233974501,  18.560349035883,  30.0          
       219,  4.5706717947413,  13.761204592058,  30.0          
       220,  3.7481750736993,  14.59074643359 ,  30.0          
       221,  2.9191283727059,  15.401962263811,  30.0          
       222,  5.3880862663132,  12.918160636834,  30.0          
       223,  2.0848762461856,  16.199156346689,  30.0          
       224,  1.2510498793382,  16.988157694396,  30.0          
       225,  0.4170822709904,  17.769610672248,  30.0          
       226,  3.7483507985014,  13.774636891866,  30.0          
       227,  4.5770733377272,  12.93687253469 ,  30.0          
       228,  2.9191117972206,  14.594414925357,  30.0          
       229,  2.0852028447781,  15.398830703808,  30.0          
       230,  1.2511772392276,  16.192714323505,  30.0          
       231,  0.4171362513898,  16.978486766052,  30.0          
       232,  4.58283139885  ,  12.129654549137,  30.0          
       233,  3.7492726695387,  12.96399256154 ,  30.0          
       234,  2.9187007385762,  13.786268933078,  30.0          
       235,  2.0852702605001,  14.597674636819,  30.0          
       236,  1.2513203128922,  15.396964107282,  30.0          
       237,  0.4171497591044,  16.187024617819,  30.0          
       238,  4.5828529003337,  11.341336699594,  30.0          
       239,  3.7495943547884,  12.160473321806,  30.0          
       240,  2.9179458780307,  12.981119498903,  30.0          
       241,  2.0850859902287,  13.795767124039,  30.0          
       242,  1.2514241810354,  14.600721552171,  30.0          
       243,  0.4171893309038,  15.395466551448,  30.0          
       244,  4.5830683847779,  10.55697956644 ,  30.0          
       245,  3.7493282338401,  11.364940589327,  30.0          
       246,  2.9170602489246,  12.179995277025,  30.0          
       247,  2.0846669473627,  12.995319548936,  30.0          
       248,  1.2514477192159,  13.803987671129,  30.0          
       249,  0.4172414139598,  14.603745476711,  30.0          
       250,  4.583163231921 ,  9.77419483487  ,  30.0          
       251,  3.749509227679 ,  10.576541254473,  30.0          
       252,  2.9164821744936,  11.384745534471,  30.0          
       253,  2.0840499690107,  12.197158134501,  30.0          
       254,  1.2512594106166,  13.007989606098,  30.0          
       255,  0.4172808897871,  13.811861379754,  30.0          
       256,  4.583163231921 ,  8.9922592480804,  30.0          
       257,  3.7496104564199,  9.7913320218664,  30.0          
       258,  2.916274520288 ,  10.595127315658,  30.0          
       259,  2.0834265979658,  11.403141936948,  30.0          
       260,  1.2507818283229,  12.213241527116,  30.0          
       261,  0.4172271145416,  13.020219977044,  30.0          
       262,  4.583163231921 ,  8.2103236612908,  30.0          
       263,  3.7496104564199,  9.0080254601171,  30.0          
       264,  2.9162281653021,  9.8084657038384,  30.0          
       265,  2.0830203951654,  10.613232335596,  30.0          
       266,  1.2501863023693,  11.420960630728,  30.0          
       267,  0.4170291522984,  12.228993449601,  30.0          
       268,  4.583163231921 ,  7.4283880745012,  30.0          
       269,  3.7496104564199,  8.2247188983678,  30.0          
       270,  2.9162281653021,  9.0237884475313,  30.0          
       271,  2.0828955965767,  9.8255983635572,  30.0          
       272,  1.249752868991 ,  10.631139131794,  30.0          
       273,  0.4167665453906,  11.438582049045,  30.0          
       274,  4.583163231921 ,  6.6464524877116,  30.0          
       275,  3.7496104564199,  7.4414123366184,  30.0          
       276,  2.9162281653021,  8.2391111912242,  30.0          
       277,  2.0828955965767,  9.0395504944726,  30.0          
       278,  1.2496122895735,  9.842730010494 ,  30.0          
       279,  0.4165661512124,  10.648982292245,  30.0          
       280,  4.583163231921 ,  5.864516900922 ,  30.0          
       281,  3.7496104564199,  6.6581057748691,  30.0          
       282,  2.9162281653021,  7.4544339349172,  30.0          
       283,  2.0828955965767,  8.2535026253881,  30.0          
       284,  1.2496122895735,  9.0553116096544,  30.0          
       285,  0.4164976338001,  9.8598581900946,  30.0          
       286,  4.583163231921 ,  5.0825813141324,  30.0          
       287,  3.7496104564199,  5.8747992131198,  30.0          
       288,  2.9162281653021,  6.6697566786101,  30.0          
       289,  2.0828955965767,  7.4674547563035,  30.0          
       290,  1.2496122895735,  8.2678932088149,  30.0          
       291,  0.4164976338001,  9.071069534887 ,  30.0          
       292,  4.583163231921 ,  4.3006457273428,  30.0          
       293,  3.7496104564199,  5.0914926513705,  30.0          
       294,  2.9162281653021,  5.885079422303 ,  30.0          
       295,  2.0828955965767,  6.6814068872189,  30.0          
       296,  1.2496122895735,  7.4804748079754,  30.0          
       297,  0.4164976338001,  8.2822808796794,  30.0          
       298,  4.583163231921 ,  3.5187101405532,  30.0          
       299,  3.7496104564199,  4.3081860896212,  30.0          
       300,  2.9162281653021,  5.100402165996 ,  30.0          
       301,  2.0828955965767,  5.8953590181343,  30.0          
       302,  1.2496122895735,  6.6930564071359,  30.0          
       303,  0.4164976338001,  7.4934922244719,  30.0          
       304,  4.583163231921 ,  2.7367745537636,  30.0          
       305,  3.7496104564199,  3.5248795278719,  30.0          
       306,  2.9162281653021,  4.3157249096889,  30.0          
       307,  2.0828955965767,  5.1093111490498,  30.0          
       308,  1.2496122895735,  5.9056380062964,  30.0          
       309,  0.4164976338001,  6.7047035692643,  30.0          
       310,  4.583163231921 ,  1.954838966974 ,  30.0          
       311,  3.7496104564199,  2.7415729661226,  30.0          
       312,  2.9162281653021,  3.5310476533818,  30.0          
       313,  2.0828955965767,  4.3232632799652,  30.0          
       314,  1.2496122895735,  5.1182196054569,  30.0          
       315,  0.4164976338001,  5.9159149140567,  30.0          
       316,  4.5831673668067,  1.1729053390911,  30.0          
       317,  3.7496104564199,  1.9582664043733,  30.0          
       318,  2.9162281653021,  2.7463703970747,  30.0          
       319,  2.0828955965767,  3.5372154108806,  30.0          
       320,  1.2496122895735,  4.3308012046173,  30.0          
       321,  0.4164976338001,  5.1271262588492,  30.0          
       322,  4.5832524175128,  0.3909697523015,  30.0          
       323,  3.7496228546733,  1.1749618151217,  30.0          
       324,  2.9162281653021,  1.9616931407677,  30.0          
       325,  2.0828955965767,  2.751167541796 ,  30.0          
       326,  1.2496122895735,  3.5433828037778,  30.0          
       327,  0.4164976338001,  4.3383376036416,  30.0          
       328,  3.7498176264634,  0.3916552533724,  30.0          
       329,  2.9162446776165,  1.177015911619 ,  30.0          
       330,  2.0828955965767,  1.9651196727114,  30.0          
       331,  1.2496122895735,  2.7559644029383,  30.0          
       332,  0.4164976338001,  3.549548948434 ,  30.0          
       333,  2.9164639282988,  0.3923386553119,  30.0          
       334,  2.0829120800989,  1.1790718307379,  30.0          
       335,  1.2496122895735,  1.9685460020988,  30.0          
       336,  0.4164976338001,  2.7607602932265,  30.0          
       337,  2.0831309484772,  0.3930239616533,  30.0          
       338,  1.2496246382537,  1.181125686551 ,  30.0          
       339,  0.4164976338001,  1.9719716380189,  30.0          
       340,  1.249818493467 ,  0.3937072857115,  30.0          
       341,  0.4165017479047,  1.1831810545594,  30.0          
       342,  0.416586264338 ,  0.3943923993518,  30.0          
       343,  18.815789473684,  16.666666666667,  30.0          
       344,  19.21052631579 ,  16.25          ,  30.0          
       345,  18.026315789474,  16.666666666667,  30.0          
       346,  18.421052631579,  16.25          ,  30.0          
       347,  18.815789473684,  15.833333333333,  30.0          
       348,  19.21052631579 ,  15.416666666667,  30.0          
       349,  17.236842105263,  16.666666666667,  30.0          
       350,  17.631578947368,  16.25          ,  30.0          
       351,  18.026315789474,  15.833333333333,  30.0          
       352,  18.421052631579,  15.416666666667,  30.0          
       353,  18.815789473684,  15.0           ,  30.0          
       354,  19.21052631579 ,  14.583333333333,  30.0          
       355,  16.447368421053,  16.666666666667,  30.0          
       356,  16.842105263158,  16.25          ,  30.0          
       357,  17.236842105263,  15.833333333333,  30.0          
       358,  17.631578947368,  15.416666666667,  30.0          
       359,  18.026315789474,  15.0           ,  30.0          
       360,  4.1663347336133,  28.826064321818,  30.0          
       361,  18.421052631579,  14.583333333333,  30.0          
       362,  18.815789473684,  14.166666666667,  30.0          
       363,  3.7496352529268,  29.216689493255,  30.0          
       364,  19.21052631579 ,  13.75          ,  30.0          
       365,  15.657894736842,  16.666666666667,  30.0          
       366,  16.052631578947,  16.25          ,  30.0          
       367,  16.447368421053,  15.833333333333,  30.0          
       368,  16.842105263158,  15.416666666667,  30.0          
       369,  17.236842105263,  15.0           ,  30.0          
       370,  4.1663264638421,  28.043447066052,  30.0          
       371,  17.631578947368,  14.583333333333,  30.0          
       372,  18.026315789474,  14.166666666667,  30.0          
       373,  3.7496104564199,  28.433386876501,  30.0          
       374,  3.3329109757333,  28.824012047939,  30.0          
       375,  18.421052631579,  13.75          ,  30.0          
       376,  18.815789473684,  13.333333333333,  30.0          
       377,  2.916261189931 ,  29.215322689376,  30.0          
       378,  14.868421052632,  16.666666666667,  30.0          
       379,  15.263157894737,  16.25          ,  30.0          
       380,  15.657894736842,  15.833333333333,  30.0          
       381,  16.052631578947,  15.416666666667,  30.0          
       382,  16.447368421053,  15.0           ,  30.0          
       383,  4.1663264638421,  27.260825892473,  30.0          
       384,  16.842105263158,  14.583333333333,  30.0          
       385,  17.236842105263,  14.166666666667,  30.0          
       386,  3.7496104564199,  27.650080314752,  30.0          
       387,  3.3328944489976,  28.040020125202,  30.0          
       388,  17.631578947368,  13.75          ,  30.0          
       389,  18.026315789474,  13.333333333333,  30.0          
       390,  2.9162281653021,  28.430645487386,  30.0          
       391,  2.4995783794998,  28.821956128823,  30.0          
       392,  2.082928563621 ,  29.213952076693,  30.0          
       393,  14.078947368421,  16.666666666667,  30.0          
       394,  14.473684210526,  16.25          ,  30.0          
       395,  14.868421052632,  15.833333333333,  30.0          
       396,  15.263157894737,  15.416666666667,  30.0          
       397,  15.657894736842,  15.0           ,  30.0          
       398,  4.1663264638421,  26.478204718894,  30.0          
       399,  16.052631578947,  14.583333333333,  30.0          
       400,  16.447368421053,  14.166666666667,  30.0          
       401,  3.7496104564199,  26.866773753003,  30.0          
       402,  3.3328944489976,  27.256028175282,  30.0          
       403,  16.842105263158,  13.75          ,  30.0          
       404,  17.236842105263,  13.333333333333,  30.0          
       405,  2.9162281653021,  27.645968231079,  30.0          
       406,  2.4995618816066,  28.036593593263,  30.0          
       407,  2.0828955965767,  28.427904261831,  30.0          
       408,  1.666245780698 ,  28.819900209701,  30.0          
       409,  1.2496369869339,  29.212585428577,  30.0          
       410,  13.28947368421 ,  16.666666666667,  30.0          
       411,  13.684210526316,  16.25          ,  30.0          
       412,  14.078947368421,  15.833333333333,  30.0          
       413,  14.473684210526,  15.416666666667,  30.0          
       414,  14.868421052632,  15.0           ,  30.0          
       415,  4.1663264638421,  25.695583545314,  30.0          
       416,  15.263157894737,  14.583333333333,  30.0          
       417,  15.657894736842,  14.166666666667,  30.0          
       418,  3.7496104564199,  26.083467191253,  30.0          
       419,  3.3328944489976,  26.472036225363,  30.0          
       420,  16.052631578947,  13.75          ,  30.0          
       421,  16.447368421053,  13.333333333333,  30.0          
       422,  2.9162281653021,  26.861290974772,  30.0          
       423,  2.4995618816066,  27.251231030568,  30.0          
       424,  2.0828955965767,  27.641856392746,  30.0          
       425,  1.6662293115468,  28.033167061314,  30.0          
       426,  1.2496122895735,  28.425163198321,  30.0          
       427,  0.8330034958095,  28.817848417197,  30.0          
       428,  12.5           ,  16.666666666667,  30.0          
       429,  12.894736842105,  16.25          ,  30.0          
       430,  13.28947368421 ,  15.833333333333,  30.0          
       431,  4.1663264638421,  24.912962371735,  30.0          
       432,  13.684210526316,  15.416666666667,  30.0          
       433,  14.078947368421,  15.0           ,  30.0          
       434,  14.473684210526,  14.583333333333,  30.0          
       435,  14.868421052632,  14.166666666667,  30.0          
       436,  3.7496104564199,  25.300160629504,  30.0          
       437,  3.3328944489976,  25.688044275443,  30.0          
       438,  15.263157894737,  13.75          ,  30.0          
       439,  15.657894736842,  13.333333333333,  30.0          
       440,  2.9162281653021,  26.076613718465,  30.0          
       441,  2.4995618816066,  26.465868467874,  30.0          
       442,  2.0828955965767,  26.855808523662,  30.0          
       443,  1.6662293115468,  27.24643388584 ,  30.0          
       444,  1.2496122895735,  27.637744797481,  30.0          
       445,  0.8329952676002,  28.029740934488,  30.0          
       446,  11.71052631579 ,  16.666666666667,  30.0          
       447,  12.105263157895,  16.25          ,  30.0          
       448,  12.5           ,  15.833333333333,  30.0          
       449,  4.1663264638421,  24.130341198156,  30.0          
       450,  12.894736842105,  15.416666666667,  30.0          
       451,  13.28947368421 ,  15.0           ,  30.0          
       452,  13.684210526316,  14.583333333333,  30.0          
       453,  14.078947368421,  14.166666666667,  30.0          
       454,  3.7496104564199,  24.516854067755,  30.0          
       455,  3.3328944489976,  24.904052325524,  30.0          
       456,  14.473684210526,  13.75          ,  30.0          
       457,  14.868421052632,  13.333333333333,  30.0          
       458,  2.9162281653021,  25.291936462158,  30.0          
       459,  2.4995618816066,  25.680505905179,  30.0          
       460,  2.0828955965767,  26.069760654577,  30.0          
       461,  1.6662293115468,  26.459700710365,  30.0          
       462,  1.2496122895735,  26.850326396642,  30.0          
       463,  0.8329952676002,  27.241637308284,  30.0          
       464,  10.921052631579,  16.666666666667,  30.0          
       465,  11.315789473684,  16.25          ,  30.0          
       466,  11.71052631579 ,  15.833333333333,  30.0          
       467,  4.1663264638421,  23.347720024577,  30.0          
       468,  12.105263157895,  15.416666666667,  30.0          
       469,  12.5           ,  15.0           ,  30.0          
       470,  12.894736842105,  14.583333333333,  30.0          
       471,  13.28947368421 ,  14.166666666667,  30.0          
       472,  3.7496104564199,  23.733547506006,  30.0          
       473,  3.3328944489976,  24.120060375604,  30.0          
       474,  13.684210526316,  13.75          ,  30.0          
       475,  14.078947368421,  13.333333333333,  30.0          
       476,  2.9162281653021,  24.50725920585 ,  30.0          
       477,  2.4995618816066,  24.895143342484,  30.0          
       478,  2.0828955965767,  25.283712785492,  30.0          
       479,  1.6662293115468,  25.672967534891,  30.0          
       480,  1.2496122895735,  26.062907995802,  30.0          
       481,  0.8329952676002,  26.453533682079,  30.0          
       482,  10.131578947368,  16.666666666667,  30.0          
       483,  10.526315789474,  16.25          ,  30.0          
       484,  10.921052631579,  15.833333333333,  30.0          
       485,  4.1663264638421,  22.565098850998,  30.0          
       486,  11.315789473684,  15.416666666667,  30.0          
       487,  11.71052631579 ,  15.0           ,  30.0          
       488,  3.7496104564199,  22.950240944256,  30.0          
       489,  3.3328944489976,  23.336068425685,  30.0          
       490,  12.105263157895,  14.583333333333,  30.0          
       491,  12.5           ,  14.166666666667,  30.0          
       492,  12.894736842105,  13.75          ,  30.0          
       493,  13.28947368421 ,  13.333333333333,  30.0          
       494,  2.9162281653021,  23.722581949543,  30.0          
       495,  2.4995618816066,  24.10978077979 ,  30.0          
       496,  2.0828955965767,  24.497664916408,  30.0          
       497,  1.6662293115468,  24.886234359416,  30.0          
       498,  1.2496122895735,  25.275489594963,  30.0          
       499,  0.8329952676002,  25.665430055875,  30.0          
       500,  9.3421052631579,  16.666666666667,  30.0          
       501,  9.7368421052632,  16.25          ,  30.0          
       502,  10.131578947368,  15.833333333333,  30.0          
       503,  4.1663264638421,  21.782477677418,  30.0          
       504,  10.526315789474,  15.416666666667,  30.0          
       505,  10.921052631579,  15.0           ,  30.0          
       506,  3.7496104564199,  22.166934382507,  30.0          
       507,  3.3328944489976,  22.552076475766,  30.0          
       508,  11.315789473684,  14.583333333333,  30.0          
       509,  11.71052631579 ,  14.166666666667,  30.0          
       510,  12.105263157895,  13.75          ,  30.0          
       511,  12.5           ,  13.333333333333,  30.0          
       512,  2.9162281653021,  22.937904693236,  30.0          
       513,  2.4995618816066,  23.324418217095,  30.0          
       514,  2.0828955965767,  23.711617047323,  30.0          
       515,  1.6662293115468,  24.099501183942,  30.0          
       516,  1.2496122895735,  24.488071194123,  30.0          
       517,  0.8329952676002,  24.87732642967 ,  30.0          
       518,  8.5526315789474,  16.666666666667,  30.0          
       519,  8.9473684210526,  16.25          ,  30.0          
       520,  9.3421052631579,  15.833333333333,  30.0          
       521,  4.1663264638421,  20.999856503839,  30.0          
       522,  9.7368421052632,  15.416666666667,  30.0          
       523,  10.131578947368,  15.0           ,  30.0          
       524,  3.7496104564199,  21.383627820758,  30.0          
       525,  3.3328944489976,  21.768084525846,  30.0          
       526,  10.526315789474,  14.583333333333,  30.0          
       527,  10.921052631579,  14.166666666667,  30.0          
       528,  11.315789473684,  13.75          ,  30.0          
       529,  11.71052631579 ,  13.333333333333,  30.0          
       530,  2.9162281653021,  22.153227436929,  30.0          
       531,  2.4995618816066,  22.5390556544  ,  30.0          
       532,  2.0828955965767,  22.925569178239,  30.0          
       533,  1.6662293115468,  23.312768008467,  30.0          
       534,  1.2496122895735,  23.700652793284,  30.0          
       535,  0.8329952676002,  24.089222803466,  30.0          
       536,  7.7631578947368,  16.666666666667,  30.0          
       537,  4.1661816990348,  20.216012506419,  30.0          
       538,  8.1578947368421,  16.25          ,  30.0          
       539,  8.5526315789474,  15.833333333333,  30.0          
       540,  8.9473684210526,  15.416666666667,  30.0          
       541,  9.3421052631579,  15.0           ,  30.0          
       542,  3.7496104564199,  20.600321259008,  30.0          
       543,  3.3328944489976,  20.984092575927,  30.0          
       544,  9.7368421052632,  14.583333333333,  30.0          
       545,  10.131578947368,  14.166666666667,  30.0          
       546,  2.9162281653021,  21.368550180622,  30.0          
       547,  2.4995618816066,  21.753693091705,  30.0          
       548,  10.526315789474,  13.75          ,  30.0          
       549,  10.921052631579,  13.333333333333,  30.0          
       550,  2.0828955965767,  22.139521309154,  30.0          
       551,  1.6662293115468,  22.526034832993,  30.0          
       552,  1.2496122895735,  22.913234392444,  30.0          
       553,  0.8329952676002,  23.301119177261,  30.0          
       554,  6.9736842105263,  16.666666666667,  30.0          
       555,  4.1658390169947,  19.43033632081 ,  30.0          
       556,  7.3684210526316,  16.25          ,  30.0          
       557,  7.7631578947368,  15.833333333333,  30.0          
       558,  8.1578947368421,  15.416666666667,  30.0          
       559,  8.5526315789474,  15.0           ,  30.0          
       560,  3.7494416447001,  19.814215522783,  30.0          
       561,  3.3328704020851,  20.198524275373,  30.0          
       562,  8.9473684210526,  14.583333333333,  30.0          
       563,  9.3421052631579,  14.166666666667,  30.0          
       564,  2.9162281653021,  20.583872924315,  30.0          
       565,  2.4995618816066,  20.968330529011,  30.0          
       566,  9.7368421052632,  13.75          ,  30.0          
       567,  10.131578947368,  13.333333333333,  30.0          
       568,  2.0828955965767,  21.35347344007 ,  30.0          
       569,  1.6662293115468,  21.739301657518,  30.0          
       570,  1.2496122895735,  22.125815991605,  30.0          
       571,  0.8329952676002,  22.513015551056,  30.0          
       572,  6.1807326429341,  16.666220832326,  30.0          
       573,  6.5789473684211,  16.25          ,  30.0          
       574,  6.9736842105263,  15.833333333333,  30.0          
       575,  4.1654475394912,  18.640940413241,  30.0          
       576,  7.3684210526316,  15.416666666667,  30.0          
       577,  7.7631578947368,  15.0           ,  30.0          
       578,  3.7491629556758,  19.026792506326,  30.0          
       579,  3.3327655833812,  19.410671708299,  30.0          
       580,  8.1578947368421,  14.583333333333,  30.0          
       581,  8.5526315789474,  14.166666666667,  30.0          
       582,  2.9162744836656,  19.796164018661,  30.0          
       583,  2.4996322468826,  20.181512667604,  30.0          
       584,  8.9473684210526,  13.75          ,  30.0          
       585,  9.3421052631579,  13.333333333333,  30.0          
       586,  2.0828955965767,  20.567425570985,  30.0          
       587,  1.6662293115468,  20.952568482044,  30.0          
       588,  1.2496122895735,  21.338397590765,  30.0          
       589,  0.8329952676002,  21.724911924852,  30.0          
       590,  5.3817045845241,  16.663223520445,  30.0          
       591,  5.781822372276 ,  16.24933086563 ,  30.0          
       592,  6.1800370977629,  15.833110033304,  30.0          
       593,  4.1655654957078,  17.844491840144,  30.0          
       594,  6.5789473684211,  15.416666666667,  30.0          
       595,  6.9736842105263,  15.0           ,  30.0          
       596,  3.7490450376056,  18.232790215648,  30.0          
       597,  3.3327604537903,  18.618642308733,  30.0          
       598,  7.3684210526316,  14.583333333333,  30.0          
       599,  7.7631578947368,  14.166666666667,  30.0          
       600,  2.9163549270211,  19.00710230902 ,  30.0          
       601,  2.4998638273054,  19.392594619383,  30.0          
       602,  8.1578947368421,  13.75          ,  30.0          
       603,  8.5526315789474,  13.333333333333,  30.0          
       604,  2.0830777364015,  19.778877874094,  30.0          
       605,  1.6663410860956,  20.164790777476,  30.0          
       606,  1.2496122895735,  20.550979189926,  30.0          
       607,  0.8329952676002,  20.936808298647,  30.0          
       608,  4.9805364764676,  16.24497723389 ,  30.0          
       609,  5.3806542642195,  15.831084579075,  30.0          
       610,  4.5716587590059,  16.649052927889,  30.0          
       611,  4.1641516393028,  17.040865106257,  30.0          
       612,  5.7810507728996,  15.416433543545,  30.0          
       613,  6.1799610435578,  14.999990176908,  30.0          
       614,  3.7499310655001,  17.433050994688,  30.0          
       615,  3.333410607398 ,  17.821349370193,  30.0          
       616,  6.5789473684211,  14.583333333333,  30.0          
       617,  6.9736842105263,  14.166666666667,  30.0          
       618,  2.9165897803221,  18.211559155726,  30.0          
       619,  2.500184253553 ,  18.600019156013,  30.0          
       620,  7.3684210526316,  13.75          ,  30.0          
       621,  7.7631578947368,  13.333333333333,  30.0          
       622,  2.0834866564784,  18.989234818571,  30.0          
       623,  1.6667005655745,  19.375518073282,  30.0          
       624,  1.2498336746064,  19.761979442062,  30.0          
       625,  0.8331048780843,  20.148167854512,  30.0          
       626,  4.9799846701985,  15.414552438245,  30.0          
       627,  5.3803811788786,  14.999901402714,  30.0          
       628,  4.570370091087 ,  15.82421208338 ,  30.0          
       629,  4.1614923736253,  16.228287777379,  30.0          
       630,  3.7488814894384,  16.627774168714,  30.0          
       631,  3.3346609156357,  17.019960057145,  30.0          
       632,  5.7810127658967,  14.583499525799,  30.0          
       633,  6.17999909076  ,  14.166842682224,  30.0          
       634,  6.5789473684211,  13.75          ,  30.0          
       635,  6.9736842105263,  13.333333333333,  30.0          
       636,  2.9173688802629,  17.413229210807,  30.0          
       637,  2.500548053187 ,  17.80343899634 ,  30.0          
       638,  2.0838912857262,  18.194423059366,  30.0          
       639,  1.6671936886516,  18.583638721924,  30.0          
       640,  1.2502926395615,  18.972304878967,  30.0          
       641,  0.8334257485934,  19.358766247747,  30.0          
       642,  4.9798751777007,  14.584877406885,  30.0          
       643,  5.3805067647188,  14.168475529969,  30.0          
       644,  4.5700492688117,  14.99957806974 ,  30.0          
       645,  4.1604346897003,  15.409237714874,  30.0          
       646,  3.7482940608941,  15.814191253291,  30.0          
       647,  3.3356831767072,  16.213677644626,  30.0          
       648,  5.7817373072075,  13.750615728741,  30.0          
       649,  6.1806855848686,  13.333773046518,  30.0          
       650,  2.9183608126347,  16.611057070628,  30.0          
       651,  2.5010687772618,  17.00432622429 ,  30.0          
       652,  2.0842387309193,  17.398121650509,  30.0          
       653,  1.6675819634585,  17.789105713534,  30.0          
       654,  1.2507478439904,  18.179400335775,  30.0          
       655,  0.8338467949002,  18.568066492819,  30.0          
       656,  4.5701274486953,  14.174096318436,  30.0          
       657,  4.1603015398063,  14.58879698129 ,  30.0          
       658,  4.9802051480324,  13.754181074896,  30.0          
       659,  5.381435690521 ,  13.336321273668,  30.0          
       660,  3.7482536486384,  14.999041535363,  30.0          
       661,  3.3361130198322,  15.403995073779,  30.0          
       662,  2.9190198961974,  15.805343329689,  30.0          
       663,  2.5016975321249,  16.202722755691,  30.0          
       664,  2.0846573022392,  16.599230640996,  30.0          
       665,  1.6678272558967,  16.993026067214,  30.0          
       666,  1.2509986614489,  17.385768827517,  30.0          
       667,  0.8341645419808,  17.776063449758,  30.0          
       668,  4.1611384414502,  13.768228109219,  30.0          
       669,  4.5712161407872,  13.34831286568 ,  30.0          
       670,  3.7480964987602,  14.182451331816,  30.0          
       671,  3.3360486075923,  14.59269588589 ,  30.0          
       672,  2.9192368492143,  14.998581197933,  30.0          
       673,  2.5021437255795,  15.399929453842,  30.0          
       674,  2.085095190132 ,  15.799082052383,  30.0          
       675,  1.6680549602464,  16.195589937688,  30.0          
       676,  1.2511010972274,  16.590546561275,  30.0          
       677,  0.8342725027796,  16.983289321578,  30.0          
       678,  4.1639228855915,  12.954530175564,  30.0          
       679,  3.7486050982427,  13.366822451915,  30.0          
       680,  3.3355631555527,  13.781045674512,  30.0          
       681,  2.9189867452268,  14.190248652781,  30.0          
       682,  2.5021749868489,  14.596133964824,  30.0          
       683,  2.0853104994242,  14.998579355233,  30.0          
       684,  1.6682619639768,  15.397731953774,  30.0          
       685,  1.2512533812279,  15.794882085735,  30.0          
       686,  0.8342995182089,  16.189838709322,  30.0          
       687,  4.1656627976999,  12.149934098274,  30.0          
       688,  3.7499402408347,  12.561162671165,  30.0          
       689,  3.3346224534859,  12.973454947516,  30.0          
       690,  2.9184147319256,  13.382289213375,  30.0          
       691,  2.5018383215998,  13.791492191644,  30.0          
       692,  2.0852300215759,  14.196769918405,  30.0          
       693,  1.6683655341512,  14.599215308815,  30.0          
       694,  1.2513872445564,  14.999046128829,  30.0          
       695,  0.8343786618076,  15.39619626079 ,  30.0          
       696,  4.1657058006673,  11.354548399188,  30.0          
       697,  3.749248468742 ,  11.759783972448,  30.0          
       698,  3.3335259118769,  12.171012545339,  30.0          
       699,  2.9174770241359,  12.579949784431,  30.0          
       700,  2.5012693025756,  12.98878405029 ,  30.0          
       701,  2.0849419588815,  13.394764329673,  30.0          
       702,  1.6683336588576,  13.800042056435,  30.0          
       703,  1.2514611175143,  14.202396975514,  30.0          
       704,  0.8344828279195,  14.602227795528,  30.0          
       705,  4.1661367695557,  10.56708413288 ,  30.0          
       706,  3.7494079989382,  10.970097206205,  30.0          
       707,  3.3329506670129,  11.375332779465,  30.0          
       708,  2.9166434737133,  11.780040769619,  30.0          
       709,  2.5005945859723,  12.188978008711,  30.0          
       710,  2.0843919358439,  12.595874768199,  30.0          
       711,  1.6680645921498,  13.001855047582,  30.0          
       712,  1.2514343209174,  13.405578366745,  30.0          
       713,  0.8345617795741,  13.807933285824,  30.0          
       714,  4.1663264638421,  9.7827646697401,  30.0          
       715,  3.7496104564199,  10.182985302741,  30.0          
       716,  3.3328816858023,  10.585998376066,  30.0          
       717,  2.9163208752738,  10.989450299324,  30.0          
       718,  2.5000136819742,  11.394158289478,  30.0          
       719,  2.0837080021775,  11.798441500804,  30.0          
       720,  1.6675053520491,  12.205338260292,  30.0          
       721,  1.2510845003156,  12.610400845452,  30.0          
       722,  0.8344542290833,  13.014124164615,  30.0          
       723,  4.1663264638421,  9.0001434961609,  30.0          
       724,  3.7496104564199,  9.3996787409917,  30.0          
       725,  3.3328944489976,  9.7998993739926,  30.0          
       726,  2.9162281653021,  10.200804331992,  30.0          
       727,  2.4996673547736,  10.60425625525 ,  30.0          
       728,  2.083145193754 ,  11.007842373092,  30.0          
       729,  1.6668395139574,  11.412125584418,  30.0          
       730,  1.2504791563302,  11.81608220878 ,  30.0          
       731,  0.8340583045968,  12.22114479394 ,  30.0          
       732,  4.1663264638421,  8.2175223225817,  30.0          
       733,  3.7496104564199,  8.6163721792424,  30.0          
       734,  3.3328944489976,  9.0159074240732,  30.0          
       735,  2.9162281653021,  9.4161270756848,  30.0          
       736,  2.4995618816066,  9.8170320336841,  30.0          
       737,  2.0828955965767,  10.2186222981  ,  30.0          
       738,  1.6663734355571,  10.622208415941,  30.0          
       739,  1.2498934484084,  11.025839052675,  30.0          
       740,  0.8335330907812,  11.429795677037,  30.0          
       741,  4.1663264638421,  7.4349011490025,  30.0          
       742,  3.7496104564199,  7.8330656174931,  30.0          
       743,  3.3328944489976,  8.2319154741538,  30.0          
       744,  2.9162281653021,  8.6314498193778,  30.0          
       745,  2.4995618816066,  9.0316694709894,  30.0          
       746,  2.0828955965767,  9.4325744290149,  30.0          
       747,  1.6662293115468,  9.8341646934304,  30.0          
       748,  1.2496122895735,  10.236439210914,  30.0          
       749,  0.8331323024248,  10.640069847648,  30.0          
       750,  4.1663264638421,  6.6522799754233,  30.0          
       751,  3.7496104564199,  7.0497590557438,  30.0          
       752,  3.3328944489976,  7.4479235242344,  30.0          
       753,  2.9162281653021,  7.8467725630707,  30.0          
       754,  2.4995618816066,  8.2463069082946,  30.0          
       755,  2.0828955965767,  8.6465265599304,  30.0          
       756,  1.6662293115468,  9.0474315179559,  30.0          
       757,  1.2496122895735,  9.4490208100742,  30.0          
       758,  0.8329952676002,  9.8512953275576,  30.0          
       759,  4.1663264638421,  5.869658801844 ,  30.0          
       760,  3.7496104564199,  6.2664524939945,  30.0          
       761,  3.3328944489976,  6.663931574315 ,  30.0          
       762,  2.9162281653021,  7.0620953067636,  30.0          
       763,  2.4995618816066,  7.4609443455999,  30.0          
       764,  2.0828955965767,  7.8604786908458,  30.0          
       765,  1.6662293115468,  8.2606983424815,  30.0          
       766,  1.2496122895735,  8.6616024092347,  30.0          
       767,  0.8329952676002,  9.063191701353 ,  30.0          
       768,  4.1663264638421,  5.0870376282648,  30.0          
       769,  3.7496104564199,  5.4831459322452,  30.0          
       770,  3.3328944489976,  5.8799396243956,  30.0          
       771,  2.9162281653021,  6.2774180504566,  30.0          
       772,  2.4995618816066,  6.6755817829052,  30.0          
       773,  2.0828955965767,  7.0744308217612,  30.0          
       774,  1.6662293115468,  7.4739651670071,  30.0          
       775,  1.2496122895735,  7.8741840083952,  30.0          
       776,  0.8329952676002,  8.2750880751484,  30.0          
       777,  4.1663264638421,  4.3044164546856,  30.0          
       778,  3.7496104564199,  4.6998393704958,  30.0          
       779,  3.3328944489976,  5.0959476744762,  30.0          
       780,  2.9162281653021,  5.4927407941495,  30.0          
       781,  2.4995618816066,  5.8902192202104,  30.0          
       782,  2.0828955965767,  6.2883829526766,  30.0          
       783,  1.6662293115468,  6.6872319915326,  30.0          
       784,  1.2496122895735,  7.0867656075557,  30.0          
       785,  0.8329952676002,  7.4869844489438,  30.0          
       786,  4.1663264638421,  3.5217952811064,  30.0          
       787,  3.7496104564199,  3.9165328087466,  30.0          
       788,  3.3328944489976,  4.3119557245568,  30.0          
       789,  2.9162281653021,  4.7080635378424,  30.0          
       790,  2.4995618816066,  5.1048566575157,  30.0          
       791,  2.0828955965767,  5.502335083592 ,  30.0          
       792,  1.6662293115468,  5.9004988160582,  30.0          
       793,  1.2496122895735,  6.2993472067161,  30.0          
       794,  0.8329952676002,  6.6988808227392,  30.0          
       795,  4.1663264638421,  2.7391741075272,  30.0          
       796,  3.7496104564199,  3.1332262469972,  30.0          
       797,  3.3328944489976,  3.5279637746374,  30.0          
       798,  2.9162281653021,  3.9233862815354,  30.0          
       799,  2.4995618816066,  4.319494094821 ,  30.0          
       800,  2.0828955965767,  4.7162872145075,  30.0          
       801,  1.6662293115468,  5.1137656405838,  30.0          
       802,  1.2496122895735,  5.5119288058766,  30.0          
       803,  0.8329952676002,  5.9107771965345,  30.0          
       804,  4.1663264638421,  1.956552933948 ,  30.0          
       805,  3.7496104564199,  2.3499196852479,  30.0          
       806,  3.3328944489976,  2.7439718247179,  30.0          
       807,  2.9162281653021,  3.1387090252283,  30.0          
       808,  2.4995618816066,  3.5341315321263,  30.0          
       809,  2.0828955965767,  3.9302393454229,  30.0          
       810,  1.6662293115468,  4.3270324651094,  30.0          
       811,  1.2496122895735,  4.7245104050371,  30.0          
       812,  0.8329952676002,  5.1226735703299,  30.0          
       813,  4.1663347336133,  1.1739356781822,  30.0          
       814,  3.7496104564199,  1.5666131234986,  30.0          
       815,  3.3328944489976,  1.9599798747985,  30.0          
       816,  2.9162281653021,  2.3540317689212,  30.0          
       817,  2.4995618816066,  2.7487689694316,  30.0          
       818,  2.0828955965767,  3.1441914763383,  30.0          
       819,  1.6662293115468,  3.5402992896349,  30.0          
       820,  1.2496122895735,  3.9370920041976,  30.0          
       821,  0.8329952676002,  4.3345699441253,  30.0          
       822,  3.7496352529268,  0.7833105067448,  30.0          
       823,  3.3329109757333,  1.1759879520612,  30.0          
       824,  2.9162281653021,  1.5693545126141,  30.0          
       825,  2.4995618816066,  1.9634064067368,  30.0          
       826,  2.0828955965767,  2.3581436072537,  30.0          
       827,  1.6662293115468,  2.7535661141605,  30.0          
       828,  1.2496122895735,  3.1496736033581,  30.0          
       829,  0.8329952676002,  3.5464663179207,  30.0          
       830,  2.916261189931 ,  0.7846773106239,  30.0          
       831,  2.4995783794998,  1.1780438711768,  30.0          
       832,  2.0828955965767,  1.5720957381692,  30.0          
       833,  1.6662293115468,  1.9668329386861,  30.0          
       834,  1.2496122895735,  2.3622552025186,  30.0          
       835,  0.8329952676002,  2.7583626917161,  30.0          
       836,  2.082928563621 ,  0.7860479233067,  30.0          
       837,  1.666245780698 ,  1.1800997902991,  30.0          
       838,  1.2496122895735,  1.574836801679 ,  30.0          
       839,  0.8329952676002,  1.9702590655115,  30.0          
       840,  1.2496369869339,  0.7874145714229,  30.0          
       841,  0.8330034958095,  1.1821515828029,  30.0          
       842,  4.1665048350256,  0.391314504603 ,  30.0          
       843,  3.3331304179012,  0.3919960021418,  30.0          
       844,  3.75           ,  0.0            ,  30.0          
       845,  2.4997974386965,  0.392681308482 ,  30.0          
       846,  2.9166666666667,  0.0            ,  30.0          
       847,  1.6664644582579,  0.3933666148246,  30.0          
       848,  2.0833333333333,  0.0            ,  30.0          
       849,  0.833172528676 ,  0.3940479565983,  30.0          
       850,  1.25           ,  0.0            ,  30.0          
       851,  0.4166666666667,  0.0            ,  30.0          
       852,  0.4165058620093,  0.7887847987036,  30.0          
       853,  0.0            ,  0.3947368421053,  30.0          
       854,  0.4164976338001,  1.5775773104151,  30.0          
       855,  0.0            ,  1.1842105263158,  30.0          
       856,  0.4164976338001,  2.3663659656227,  30.0          
       857,  0.0            ,  1.9736842105263,  30.0          
       858,  0.4164976338001,  3.1551546208303,  30.0          
       859,  0.0            ,  2.7631578947368,  30.0          
       860,  0.4164976338001,  3.9439432760378,  30.0          
       861,  0.0            ,  3.5526315789474,  30.0          
       862,  0.4164976338001,  4.7327319312454,  30.0          
       863,  0.0            ,  4.3421052631579,  30.0          
       864,  0.4164976338001,  5.521520586453 ,  30.0          
       865,  0.0            ,  5.1315789473684,  30.0          
       866,  0.4164976338001,  6.3103092416605,  30.0          
       867,  0.0            ,  5.921052631579 ,  30.0          
       868,  0.4164976338001,  7.0990978968681,  30.0          
       869,  0.0            ,  6.7105263157895,  30.0          
       870,  0.4164976338001,  7.8878865520757,  30.0          
       871,  0.0            ,  7.5            ,  30.0          
       872,  0.4164976338001,  8.6766752072832,  30.0          
       873,  0.0            ,  8.2894736842105,  30.0          
       874,  0.4164976338001,  9.4654638624908,  30.0          
       875,  0.0            ,  9.078947368421 ,  30.0          
       876,  0.4164976338001,  10.254252517698,  30.0          
       877,  0.0            ,  9.8684210526316,  30.0          
       878,  0.4166346686246,  11.043712066791,  30.0          
       879,  0.0            ,  10.657894736842,  30.0          
       880,  0.4168984221566,  11.833452031298,  30.0          
       881,  0.0            ,  11.447368421053,  30.0          
       882,  0.4171598824402,  12.624534867904,  30.0          
       883,  0.0            ,  12.236842105263,  30.0          
       884,  0.4172943466431,  13.415905086184,  30.0          
       885,  0.0            ,  13.026315789474,  30.0          
       886,  0.417267432931 ,  14.207817673324,  30.0          
       887,  0.0            ,  13.815789473684,  30.0          
       888,  0.4172153949885,  14.999673280099,  30.0          
       889,  0.0            ,  14.605263157895,  30.0          
       890,  0.4171632668191,  15.791259822796,  30.0          
       891,  0.0            ,  15.394736842105,  30.0          
       892,  0.4171362513898,  16.582789412842,  30.0          
       893,  0.0            ,  16.184210526316,  30.0          
       894,  0.4171362513898,  17.374184119263,  30.0          
       895,  0.0            ,  16.973684210526,  30.0          
       896,  0.417028290591 ,  18.165037225232,  30.0          
       897,  0.0            ,  17.763157894737,  30.0          
       898,  0.4168185043092,  18.955660846534,  30.0          
       899,  0.0            ,  18.552631578947,  30.0          
       900,  0.4166072442842,  19.745210664371,  30.0          
       901,  0.0            ,  19.342105263158,  30.0          
       902,  0.4164976338001,  20.534536137509,  30.0          
       903,  0.0            ,  20.131578947368,  30.0          
       904,  0.4164976338001,  21.323324792717,  30.0          
       905,  0.0            ,  20.921052631579,  30.0          
       906,  0.4164976338001,  22.112113447924,  30.0          
       907,  0.0            ,  21.71052631579 ,  30.0          
       908,  0.4164976338001,  22.900902103132,  30.0          
       909,  0.0            ,  22.5           ,  30.0          
       910,  0.4164976338001,  23.68969075834 ,  30.0          
       911,  0.0            ,  23.28947368421 ,  30.0          
       912,  0.4164976338001,  24.478479413547,  30.0          
       913,  0.0            ,  24.078947368421,  30.0          
       914,  0.4164976338001,  25.267268068755,  30.0          
       915,  0.0            ,  24.868421052632,  30.0          
       916,  0.4164976338001,  26.056056723962,  30.0          
       917,  0.0            ,  25.657894736842,  30.0          
       918,  0.4164976338001,  26.84484537917 ,  30.0          
       919,  0.0            ,  26.447368421053,  30.0          
       920,  0.4164976338001,  27.633634034377,  30.0          
       921,  0.0            ,  27.236842105263,  30.0          
       922,  0.4164976338001,  28.422422689585,  30.0          
       923,  0.0            ,  28.026315789474,  30.0          
       924,  0.4165058620093,  29.211215201296,  30.0          
       925,  0.0            ,  28.815789473684,  30.0          
       926,  0.0            ,  29.605263157895,  30.0          
       927,  0.833172528676 ,  29.605952043402,  30.0          
       928,  0.4166666666667,  30.0           ,  30.0          
       929,  1.6664644582579,  29.606633385175,  30.0          
       930,  1.25           ,  30.0           ,  30.0          
       931,  2.4997974386965,  29.607318691518,  30.0          
       932,  2.0833333333333,  30.0           ,  30.0          
       933,  3.3331304179012,  29.608003997858,  30.0          
       934,  2.9166666666667,  30.0           ,  30.0          
       935,  4.1665048350256,  29.608685495397,  30.0          
       936,  3.75           ,  30.0           ,  30.0          
       937,  4.5833333333333,  30.0           ,  30.0          
       938,  4.5831715016923,  29.218060495397,  30.0          
       939,  5.0            ,  29.609375      ,  30.0          
       940,  4.583163231921 ,  28.436128826421,  30.0          
       941,  5.0            ,  28.828125      ,  30.0          
       942,  4.583163231921 ,  27.654193239631,  30.0          
       943,  5.0            ,  28.046875      ,  30.0          
       944,  4.583163231921 ,  26.872257652842,  30.0          
       945,  5.0            ,  27.265625      ,  30.0          
       946,  4.583163231921 ,  26.090322066052,  30.0          
       947,  5.0            ,  26.484375      ,  30.0          
       948,  4.583163231921 ,  25.308386479262,  30.0          
       949,  5.0            ,  25.703125      ,  30.0          
       950,  4.583163231921 ,  24.526450892473,  30.0          
       951,  5.0            ,  24.921875      ,  30.0          
       952,  4.583163231921 ,  23.744515305683,  30.0          
       953,  5.0            ,  24.140625      ,  30.0          
       954,  4.583163231921 ,  22.962579718894,  30.0          
       955,  5.0            ,  23.359375      ,  30.0          
       956,  4.583163231921 ,  22.180644132104,  30.0          
       957,  5.0            ,  22.578125      ,  30.0          
       958,  4.583163231921 ,  21.398708545314,  30.0          
       959,  5.0            ,  21.796875      ,  30.0          
       960,  4.583163231921 ,  20.616772958525,  30.0          
       961,  5.0            ,  21.015625      ,  30.0          
       962,  4.5830184671138,  19.833614547894,  30.0          
       963,  5.0            ,  20.234375      ,  30.0          
       964,  4.5828205498809,  19.049846772916,  30.0          
       965,  5.0            ,  19.453125      ,  30.0          
       966,  4.5826269896103,  18.262968640325,  30.0          
       967,  5.0            ,  18.671875      ,  30.0          
       968,  4.9904456258005,  17.080336021451,  30.0          
       969,  4.5829385060974,  17.472148199819,  30.0          
       970,  5.0            ,  17.890625      ,  30.0          
       971,  5.7859958008289,  17.082887498993,  30.0          
       972,  5.3947368421053,  17.5           ,  30.0          
       973,  6.5789473684211,  17.083333333333,  30.0          
       974,  6.1842105263158,  17.5           ,  30.0          
       975,  7.3684210526316,  17.083333333333,  30.0          
       976,  6.9736842105263,  17.5           ,  30.0          
       977,  8.1578947368421,  17.083333333333,  30.0          
       978,  7.7631578947368,  17.5           ,  30.0          
       979,  8.9473684210526,  17.083333333333,  30.0          
       980,  8.5526315789474,  17.5           ,  30.0          
       981,  9.7368421052632,  17.083333333333,  30.0          
       982,  9.3421052631579,  17.5           ,  30.0          
       983,  10.526315789474,  17.083333333333,  30.0          
       984,  10.131578947368,  17.5           ,  30.0          
       985,  11.315789473684,  17.083333333333,  30.0          
       986,  10.921052631579,  17.5           ,  30.0          
       987,  12.105263157895,  17.083333333333,  30.0          
       988,  11.71052631579 ,  17.5           ,  30.0          
       989,  12.894736842105,  17.083333333333,  30.0          
       990,  12.5           ,  17.5           ,  30.0          
       991,  13.684210526316,  17.083333333333,  30.0          
       992,  13.28947368421 ,  17.5           ,  30.0          
       993,  14.473684210526,  17.083333333333,  30.0          
       994,  14.078947368421,  17.5           ,  30.0          
       995,  15.263157894737,  17.083333333333,  30.0          
       996,  14.868421052632,  17.5           ,  30.0          
       997,  16.052631578947,  17.083333333333,  30.0          
       998,  15.657894736842,  17.5           ,  30.0          
       999,  16.842105263158,  17.083333333333,  30.0          
      1000,  16.447368421053,  17.5           ,  30.0          
      1001,  17.631578947368,  17.083333333333,  30.0          
      1002,  17.236842105263,  17.5           ,  30.0          
      1003,  18.421052631579,  17.083333333333,  30.0          
      1004,  18.026315789474,  17.5           ,  30.0          
      1005,  19.21052631579 ,  17.083333333333,  30.0          
      1006,  18.815789473684,  17.5           ,  30.0          
      1007,  19.605263157895,  17.5           ,  30.0          
      1008,  19.605263157895,  16.666666666667,  30.0          
      1009,  20.0           ,  17.083333333333,  30.0          
      1010,  19.605263157895,  15.833333333333,  30.0          
      1011,  20.0           ,  16.25          ,  30.0          
      1012,  19.605263157895,  15.0           ,  30.0          
      1013,  20.0           ,  15.416666666667,  30.0          
      1014,  19.605263157895,  14.166666666667,  30.0          
      1015,  20.0           ,  14.583333333333,  30.0          
      1016,  19.605263157895,  13.333333333333,  30.0          
      1017,  20.0           ,  13.75          ,  30.0          
      1018,  20.0           ,  12.916666666667,  30.0          
      1019,  19.21052631579 ,  12.916666666667,  30.0          
      1020,  19.605263157895,  12.5           ,  30.0          
      1021,  18.421052631579,  12.916666666667,  30.0          
      1022,  18.815789473684,  12.5           ,  30.0          
      1023,  17.631578947368,  12.916666666667,  30.0          
      1024,  18.026315789474,  12.5           ,  30.0          
      1025,  16.842105263158,  12.916666666667,  30.0          
      1026,  17.236842105263,  12.5           ,  30.0          
      1027,  16.052631578947,  12.916666666667,  30.0          
      1028,  16.447368421053,  12.5           ,  30.0          
      1029,  15.263157894737,  12.916666666667,  30.0          
      1030,  15.657894736842,  12.5           ,  30.0          
      1031,  14.473684210526,  12.916666666667,  30.0          
      1032,  14.868421052632,  12.5           ,  30.0          
      1033,  13.684210526316,  12.916666666667,  30.0          
      1034,  14.078947368421,  12.5           ,  30.0          
      1035,  12.894736842105,  12.916666666667,  30.0          
      1036,  13.28947368421 ,  12.5           ,  30.0          
      1037,  12.105263157895,  12.916666666667,  30.0          
      1038,  12.5           ,  12.5           ,  30.0          
      1039,  11.315789473684,  12.916666666667,  30.0          
      1040,  11.71052631579 ,  12.5           ,  30.0          
      1041,  10.526315789474,  12.916666666667,  30.0          
      1042,  10.921052631579,  12.5           ,  30.0          
      1043,  9.7368421052632,  12.916666666667,  30.0          
      1044,  10.131578947368,  12.5           ,  30.0          
      1045,  8.9473684210526,  12.916666666667,  30.0          
      1046,  9.3421052631579,  12.5           ,  30.0          
      1047,  8.1578947368421,  12.916666666667,  30.0          
      1048,  8.5526315789474,  12.5           ,  30.0          
      1049,  7.3684210526316,  12.916666666667,  30.0          
      1050,  7.7631578947368,  12.5           ,  30.0          
      1051,  6.5789473684211,  12.916666666667,  30.0          
      1052,  6.9736842105263,  12.5           ,  30.0          
      1053,  5.7859487427633,  12.917106379851,  30.0          
      1054,  6.1842105263158,  12.5           ,  30.0          
      1055,  4.990223789863 ,  12.919214893817,  30.0          
      1056,  4.5829305346672,  12.525432203701,  30.0          
      1057,  5.3947368421053,  12.5           ,  30.0          
      1058,  4.5827322630326,  11.733876894573,  30.0          
      1059,  5.0            ,  12.109375      ,  30.0          
      1060,  4.5829735376347,  10.948796504616,  30.0          
      1061,  5.0            ,  11.328125      ,  30.0          
      1062,  4.583163231921 ,  10.165162628265,  30.0          
      1063,  5.0            ,  10.546875      ,  30.0          
      1064,  4.583163231921 ,  9.3832270414752,  30.0          
      1065,  5.0            ,  9.765625       ,  30.0          
      1066,  4.583163231921 ,  8.6012914546856,  30.0          
      1067,  5.0            ,  8.984375       ,  30.0          
      1068,  4.583163231921 ,  7.819355867896 ,  30.0          
      1069,  5.0            ,  8.203125       ,  30.0          
      1070,  4.583163231921 ,  7.0374202811064,  30.0          
      1071,  5.0            ,  7.421875       ,  30.0          
      1072,  4.583163231921 ,  6.2554846943168,  30.0          
      1073,  5.0            ,  6.640625       ,  30.0          
      1074,  4.583163231921 ,  5.4735491075272,  30.0          
      1075,  5.0            ,  5.859375       ,  30.0          
      1076,  4.583163231921 ,  4.6916135207376,  30.0          
      1077,  5.0            ,  5.078125       ,  30.0          
      1078,  4.583163231921 ,  3.909677933948 ,  30.0          
      1079,  5.0            ,  4.296875       ,  30.0          
      1080,  4.583163231921 ,  3.1277423471584,  30.0          
      1081,  5.0            ,  3.515625       ,  30.0          
      1082,  4.583163231921 ,  2.3458067603688,  30.0          
      1083,  5.0            ,  2.734375       ,  30.0          
      1084,  4.583163231921 ,  1.5638711735792,  30.0          
      1085,  5.0            ,  1.953125       ,  30.0          
      1086,  4.5831715016923,  0.781939504603 ,  30.0          
      1087,  5.0            ,  1.171875       ,  30.0          
      1088,  4.5833333333333,  0.0            ,  30.0          
      1089,  5.0            ,  0.390625       ,  30.0          
      1090,  19.21052631579 ,  16.666666666667,  30.0          
      1091,  18.421052631579,  16.666666666667,  30.0          
      1092,  19.21052631579 ,  15.833333333333,  30.0          
      1093,  17.631578947368,  16.666666666667,  30.0          
      1094,  18.421052631579,  15.833333333333,  30.0          
      1095,  19.21052631579 ,  15.0           ,  30.0          
      1096,  16.842105263158,  16.666666666667,  30.0          
      1097,  17.631578947368,  15.833333333333,  30.0          
      1098,  18.421052631579,  15.0           ,  30.0          
      1099,  4.1663430033846,  29.217370990794,  30.0          
      1100,  19.21052631579 ,  14.166666666667,  30.0          
      1101,  16.052631578947,  16.666666666667,  30.0          
      1102,  16.842105263158,  15.833333333333,  30.0          
      1103,  17.631578947368,  15.0           ,  30.0          
      1104,  4.1663264638421,  28.434757652842,  30.0          
      1105,  18.421052631579,  14.166666666667,  30.0          
      1106,  3.332927502469 ,  29.216007995716,  30.0          
      1107,  19.21052631579 ,  13.333333333333,  30.0          
      1108,  15.263157894737,  16.666666666667,  30.0          
      1109,  16.052631578947,  15.833333333333,  30.0          
      1110,  16.842105263158,  15.0           ,  30.0          
      1111,  4.1663264638421,  27.652136479262,  30.0          
      1112,  17.631578947368,  14.166666666667,  30.0          
      1113,  3.3328944489976,  28.432016100161,  30.0          
      1114,  18.421052631579,  13.333333333333,  30.0          
      1115,  2.499594877393 ,  29.214637383036,  30.0          
      1116,  14.473684210526,  16.666666666667,  30.0          
      1117,  15.263157894737,  15.833333333333,  30.0          
      1118,  16.052631578947,  15.0           ,  30.0          
      1119,  4.1663264638421,  26.869515305683,  30.0          
      1120,  16.842105263158,  14.166666666667,  30.0          
      1121,  3.3328944489976,  27.648024150242,  30.0          
      1122,  17.631578947368,  13.333333333333,  30.0          
      1123,  2.4995618816066,  28.42927487461 ,  30.0          
      1124,  1.6662622498491,  29.213266770351,  30.0          
      1125,  13.684210526316,  16.666666666667,  30.0          
      1126,  14.473684210526,  15.833333333333,  30.0          
      1127,  15.263157894737,  15.0           ,  30.0          
      1128,  4.1663264638421,  26.086894132104,  30.0          
      1129,  16.052631578947,  14.166666666667,  30.0          
      1130,  3.3328944489976,  26.864032200322,  30.0          
      1131,  16.842105263158,  13.333333333333,  30.0          
      1132,  2.4995618816066,  27.643912311916,  30.0          
      1133,  1.6662293115468,  28.426533649051,  30.0          
      1134,  0.8330117240187,  29.211904086803,  30.0          
      1135,  12.894736842105,  16.666666666667,  30.0          
      1136,  13.684210526316,  15.833333333333,  30.0          
      1137,  14.473684210526,  15.0           ,  30.0          
      1138,  4.1663264638421,  25.304272958525,  30.0          
      1139,  15.263157894737,  14.166666666667,  30.0          
      1140,  3.3328944489976,  26.080040250403,  30.0          
      1141,  16.052631578947,  13.333333333333,  30.0          
      1142,  2.4995618816066,  26.858549749221,  30.0          
      1143,  1.6662293115468,  27.639800473577,  30.0          
      1144,  0.8329952676002,  28.423792747591,  30.0          
      1145,  12.105263157895,  16.666666666667,  30.0          
      1146,  12.894736842105,  15.833333333333,  30.0          
      1147,  4.1663264638421,  24.521651784946,  30.0          
      1148,  13.684210526316,  15.0           ,  30.0          
      1149,  14.473684210526,  14.166666666667,  30.0          
      1150,  3.3328944489976,  25.296048300484,  30.0          
      1151,  15.263157894737,  13.333333333333,  30.0          
      1152,  2.4995618816066,  26.073187186526,  30.0          
      1153,  1.6662293115468,  26.853067298102,  30.0          
      1154,  0.8329952676002,  27.635689121386,  30.0          
      1155,  11.315789473684,  16.666666666667,  30.0          
      1156,  12.105263157895,  15.833333333333,  30.0          
      1157,  4.1663264638421,  23.739030611366,  30.0          
      1158,  12.894736842105,  15.0           ,  30.0          
      1159,  13.684210526316,  14.166666666667,  30.0          
      1160,  3.3328944489976,  24.512056350564,  30.0          
      1161,  14.473684210526,  13.333333333333,  30.0          
      1162,  2.4995618816066,  25.287824623832,  30.0          
      1163,  1.6662293115468,  26.066334122628,  30.0          
      1164,  0.8329952676002,  26.847585495182,  30.0          
      1165,  10.526315789474,  16.666666666667,  30.0          
      1166,  11.315789473684,  15.833333333333,  30.0          
      1167,  4.1663264638421,  22.956409437787,  30.0          
      1168,  12.105263157895,  15.0           ,  30.0          
      1169,  12.894736842105,  14.166666666667,  30.0          
      1170,  3.3328944489976,  23.728064400645,  30.0          
      1171,  13.684210526316,  13.333333333333,  30.0          
      1172,  2.4995618816066,  24.502462061137,  30.0          
      1173,  1.6662293115468,  25.279600947153,  30.0          
      1174,  0.8329952676002,  26.059481868977,  30.0          
      1175,  9.7368421052632,  16.666666666667,  30.0          
      1176,  10.526315789474,  15.833333333333,  30.0          
      1177,  4.1663264638421,  22.173788264208,  30.0          
      1178,  11.315789473684,  15.0           ,  30.0          
      1179,  3.3328944489976,  22.944072450725,  30.0          
      1180,  12.105263157895,  14.166666666667,  30.0          
      1181,  12.894736842105,  13.333333333333,  30.0          
      1182,  2.4995618816066,  23.717099498442,  30.0          
      1183,  1.6662293115468,  24.492867771679,  30.0          
      1184,  0.8329952676002,  25.271378242772,  30.0          
      1185,  8.9473684210526,  16.666666666667,  30.0          
      1186,  9.7368421052632,  15.833333333333,  30.0          
      1187,  4.1663264638421,  21.391167090629,  30.0          
      1188,  10.526315789474,  15.0           ,  30.0          
      1189,  3.3328944489976,  22.160080500806,  30.0          
      1190,  11.315789473684,  14.166666666667,  30.0          
      1191,  12.105263157895,  13.333333333333,  30.0          
      1192,  2.4995618816066,  22.931736935748,  30.0          
      1193,  1.6662293115468,  23.706134596205,  30.0          
      1194,  0.8329952676002,  24.483274616568,  30.0          
      1195,  8.1578947368421,  16.666666666667,  30.0          
      1196,  8.9473684210526,  15.833333333333,  30.0          
      1197,  4.1663264638421,  20.60854591705 ,  30.0          
      1198,  9.7368421052632,  15.0           ,  30.0          
      1199,  3.3328944489976,  21.376088550886,  30.0          
      1200,  10.526315789474,  14.166666666667,  30.0          
      1201,  11.315789473684,  13.333333333333,  30.0          
      1202,  2.4995618816066,  22.146374373053,  30.0          
      1203,  1.6662293115468,  22.91940142073 ,  30.0          
      1204,  0.8329952676002,  23.695170990363,  30.0          
      1205,  7.3684210526316,  16.666666666667,  30.0          
      1206,  4.1660369342276,  19.823479095788,  30.0          
      1207,  8.1578947368421,  15.833333333333,  30.0          
      1208,  8.9473684210526,  15.0           ,  30.0          
      1209,  3.3328944489976,  20.592096600967,  30.0          
      1210,  9.7368421052632,  14.166666666667,  30.0          
      1211,  2.4995618816066,  21.361011810358,  30.0          
      1212,  10.526315789474,  13.333333333333,  30.0          
      1213,  1.6662293115468,  22.132668245256,  30.0          
      1214,  0.8329952676002,  22.907067364159,  30.0          
      1215,  6.5789473684211,  16.666666666667,  30.0          
      1216,  4.1656410997617,  19.037193545832,  30.0          
      1217,  7.3684210526316,  15.833333333333,  30.0          
      1218,  8.1578947368421,  15.0           ,  30.0          
      1219,  3.3328463551725,  19.804951949778,  30.0          
      1220,  8.9473684210526,  14.166666666667,  30.0          
      1221,  2.4995618816066,  20.575649247663,  30.0          
      1222,  9.7368421052632,  13.333333333333,  30.0          
      1223,  1.6662293115468,  21.345935069781,  30.0          
      1224,  0.8329952676002,  22.118963737954,  30.0          
      1225,  5.7825179174472,  16.665774997986,  30.0          
      1226,  6.5789473684211,  15.833333333333,  30.0          
      1227,  4.1652539792206,  18.24468728065 ,  30.0          
      1228,  7.3684210526316,  15.0           ,  30.0          
      1229,  3.3326848115899,  19.016391466819,  30.0          
      1230,  8.1578947368421,  14.166666666667,  30.0          
      1231,  2.4997026121586,  19.787376087544,  30.0          
      1232,  8.9473684210526,  13.333333333333,  30.0          
      1233,  1.6662293115468,  20.559201894307,  30.0          
      1234,  0.8329952676002,  21.330860111749,  30.0          
      1235,  4.980891251601 ,  16.660672042903,  30.0          
      1236,  5.7811268271047,  15.832886733274,  30.0          
      1237,  4.1658770121948,  17.444296399638,  30.0          
      1238,  6.5789473684211,  15.0           ,  30.0          
      1239,  3.3328360959906,  18.220893150647,  30.0          
      1240,  7.3684210526316,  14.166666666667,  30.0          
      1241,  2.5000250424523,  18.997813151222,  30.0          
      1242,  8.1578947368421,  13.333333333333,  30.0          
      1243,  1.6664528606445,  19.770379660645,  30.0          
      1244,  0.8329952676002,  20.542756485545,  30.0          
      1245,  4.9801817013343,  15.829282424877,  30.0          
      1246,  4.1624262664108,  16.637433812876,  30.0          
      1247,  5.7809747186945,  14.999980353817,  30.0          
      1248,  3.3339851188054,  17.421805589738,  30.0          
      1249,  6.5789473684211,  14.166666666667,  30.0          
      1250,  2.5003434646536,  18.202225160805,  30.0          
      1251,  7.3684210526316,  13.333333333333,  30.0          
      1252,  1.6669482705045,  18.98065648592 ,  30.0          
      1253,  0.8332144885683,  19.753579223478,  30.0          
      1254,  4.9797876390627,  14.999822451612,  30.0          
      1255,  4.1605584808398,  15.819141741882,  30.0          
      1256,  3.335336712466 ,  16.618114524552,  30.0          
      1257,  5.7810508130988,  14.167018697781,  30.0          
      1258,  6.5789473684211,  13.333333333333,  30.0          
      1259,  2.5007526417204,  17.404652831876,  30.0          
      1260,  1.6674391067988,  18.186620957927,  30.0          
      1261,  0.8336370086185,  18.963953272015,  30.0          
      1262,  4.9799627163388,  14.169932362158,  30.0          
      1263,  4.1603108985608,  14.999333687867,  30.0          
      1264,  3.3360296409483,  15.809240764699,  30.0          
      1265,  5.7824238013162,  13.334212759702,  30.0          
      1266,  2.5013849128034,  16.603999616704,  30.0          
      1267,  1.6677248201182,  17.391590469141,  30.0          
      1268,  0.8340565811819,  18.172179713623,  30.0          
      1269,  4.1602921810518,  14.178260274713,  30.0          
      1270,  4.9804475797259,  13.338429787635,  30.0          
      1271,  3.3361963987161,  14.99874938286 ,  30.0          
      1272,  2.5020101514465,  15.801445894678,  30.0          
      1273,  1.6679296916751,  16.594461665287,  30.0          
      1274,  0.8342725027796,  17.379947185894,  30.0          
      1275,  4.1619847018486,  13.358195943725,  30.0          
      1276,  3.3359008164685,  14.186642388919,  30.0          
      1277,  2.5022772997126,  14.998413013006,  30.0          
      1278,  1.6681802288176,  15.796718210088,  30.0          
      1279,  0.8342725027796,  16.586631457262,  30.0          
      1280,  4.1658610693345,  12.550864407402,  30.0          
      1281,  3.3352254946368,  13.375448960105,  30.0          
      1282,  2.5020726739852,  14.193854916642,  30.0          
      1283,  1.6683436991358,  14.99874569746 ,  30.0          
      1284,  0.8343265336381,  15.793045961382,  30.0          
      1285,  4.1654645260653,  11.749003789146,  30.0          
      1286,  3.334019412335 ,  12.571460934927,  30.0          
      1287,  2.5016039692143,  13.389129466646,  30.0          
      1288,  1.6683873691666,  14.199684920169,  30.0          
      1289,  0.834430789977 ,  14.999346560198,  30.0          
      1290,  4.1659470752694,  10.960093009231,  30.0          
      1291,  3.3330324114188,  11.770564155751,  30.0          
      1292,  2.5009346359368,  12.588438633934,  30.0          
      1293,  1.6682799485486,  13.4003991927  ,  30.0          
      1294,  0.834534865862 ,  14.205109030858,  30.0          
      1295,  4.1663264638421,  10.17407525653 ,  30.0          
      1296,  3.332868922607 ,  10.980101403179,  30.0          
      1297,  2.5002545360078,  11.789517383487,  30.0          
      1298,  1.6678492357509,  12.603310902463,  30.0          
      1299,  0.8345886932862,  13.41075754079 ,  30.0          
      1300,  4.1663264638421,  9.3914540829505,  30.0          
      1301,  3.3328944489976,  10.191895348952,  30.0          
      1302,  2.4997728279406,  10.998799195468,  30.0          
      1303,  1.6671614683472,  11.80736561812 ,  30.0          
      1304,  0.8343197648804,  12.61749078844 ,  30.0          
      1305,  4.1663264638421,  8.6088329093713,  30.0          
      1306,  3.3328944489976,  9.4079033990329,  30.0          
      1307,  2.4995618816066,  10.209713315031,  30.0          
      1308,  1.6665175595675,  11.016885550715,  30.0          
      1309,  0.8337968443132,  11.824798799439,  30.0          
      1310,  4.1663264638421,  7.8262117357921,  30.0          
      1311,  3.3328944489976,  8.6239114491135,  30.0          
      1312,  2.4995618816066,  9.4243507523367,  30.0          
      1313,  1.6662293115468,  10.227531281168,  30.0          
      1314,  0.8332693372493,  11.034792554635,  30.0          
      1315,  4.1663264638421,  7.0435905622129,  30.0          
      1316,  3.3328944489976,  7.8399194991941,  30.0          
      1317,  2.4995618816066,  8.638988189642 ,  30.0          
      1318,  1.6662293115468,  9.4407981056932,  30.0          
      1319,  0.8329952676002,  10.24534714066 ,  30.0          
      1320,  4.1663264638421,  6.2609693886337,  30.0          
      1321,  3.3328944489976,  7.0559275492747,  30.0          
      1322,  2.4995618816066,  7.8536256269473,  30.0          
      1323,  1.6662293115468,  8.6540649302187,  30.0          
      1324,  0.8329952676002,  9.4572435144553,  30.0          
      1325,  4.1663264638421,  5.4783482150544,  30.0          
      1326,  3.3328944489976,  6.2719355993553,  30.0          
      1327,  2.4995618816066,  7.0682630642525,  30.0          
      1328,  1.6662293115468,  7.8673317547443,  30.0          
      1329,  0.8329952676002,  8.6691398882506,  30.0          
      1330,  4.1663264638421,  4.6957270414752,  30.0          
      1331,  3.3328944489976,  5.4879436494359,  30.0          
      1332,  2.4995618816066,  6.2829005015578,  30.0          
      1333,  1.6662293115468,  7.0805985792699,  30.0          
      1334,  0.8329952676002,  7.881036262046 ,  30.0          
      1335,  4.1663264638421,  3.913105867896 ,  30.0          
      1336,  3.3328944489976,  4.7039516995165,  30.0          
      1337,  2.4995618816066,  5.4975379388631,  30.0          
      1338,  1.6662293115468,  6.2938654037954,  30.0          
      1339,  0.8329952676002,  7.0929326358414,  30.0          
      1340,  4.1663264638421,  3.1304846943168,  30.0          
      1341,  3.3328944489976,  3.9199597495971,  30.0          
      1342,  2.4995618816066,  4.7121753761684,  30.0          
      1343,  1.6662293115468,  5.507132228321 ,  30.0          
      1344,  0.8329952676002,  6.3048290096368,  30.0          
      1345,  4.1663264638421,  2.3478635207376,  30.0          
      1346,  3.3328944489976,  3.1359677996776,  30.0          
      1347,  2.4995618816066,  3.9268128134736,  30.0          
      1348,  1.6662293115468,  4.7203990528466,  30.0          
      1349,  0.8329952676002,  5.5167253834322,  30.0          
      1350,  4.1663264638421,  1.5652423471584,  30.0          
      1351,  3.3328944489976,  2.3519758497582,  30.0          
      1352,  2.4995618816066,  3.1414502507789,  30.0          
      1353,  1.6662293115468,  3.9336658773722,  30.0          
      1354,  0.8329952676002,  4.7286217572276,  30.0          
      1355,  4.1663430033846,  0.7826290092059,  30.0          
      1356,  3.3328944489976,  1.5679838998388,  30.0          
      1357,  2.4995618816066,  2.3560876880842,  30.0          
      1358,  1.6662293115468,  3.1469327018977,  30.0          
      1359,  0.8329952676002,  3.940518131023 ,  30.0          
      1360,  3.332927502469 ,  0.7839920042837,  30.0          
      1361,  2.4995618816066,  1.5707251253895,  30.0          
      1362,  1.6662293115468,  2.3601995264233,  30.0          
      1363,  0.8329952676002,  3.1524145048184,  30.0          
      1364,  2.499594877393 ,  0.7853626169641,  30.0          
      1365,  1.6662293115468,  1.5734663509489,  30.0          
      1366,  0.8329952676002,  2.3643108786138,  30.0          
      1367,  1.6662622498491,  0.7867332296493,  30.0          
      1368,  0.8329952676002,  1.5762072524092,  30.0          
      1369,  0.8330117240187,  0.7880959131966,  30.0          
      1370,  4.1666666666667,  0.0            ,  30.0          
      1371,  3.3333333333333,  0.0            ,  30.0          
      1372,  2.5            ,  0.0            ,  30.0          
      1373,  1.6666666666667,  0.0            ,  30.0          
      1374,  0.8333333333333,  0.0            ,  30.0          
      1375,  0.0            ,  0.0            ,  30.0          
      1376,  0.0            ,  0.7894736842105,  30.0          
      1377,  0.0            ,  1.578947368421 ,  30.0          
      1378,  0.0            ,  2.3684210526316,  30.0          
      1379,  0.0            ,  3.1578947368421,  30.0          
      1380,  0.0            ,  3.9473684210526,  30.0          
      1381,  0.0            ,  4.7368421052632,  30.0          
      1382,  0.0            ,  5.5263157894737,  30.0          
      1383,  0.0            ,  6.3157894736842,  30.0          
      1384,  0.0            ,  7.1052631578947,  30.0          
      1385,  0.0            ,  7.8947368421053,  30.0          
      1386,  0.0            ,  8.6842105263158,  30.0          
      1387,  0.0            ,  9.4736842105263,  30.0          
      1388,  0.0            ,  10.263157894737,  30.0          
      1389,  0.0            ,  11.052631578947,  30.0          
      1390,  0.0            ,  11.842105263158,  30.0          
      1391,  0.0            ,  12.631578947368,  30.0          
      1392,  0.0            ,  13.421052631579,  30.0          
      1393,  0.0            ,  14.21052631579 ,  30.0          
      1394,  0.0            ,  15.0           ,  30.0          
      1395,  0.0            ,  15.78947368421 ,  30.0          
      1396,  0.0            ,  16.578947368421,  30.0          
      1397,  0.0            ,  17.368421052632,  30.0          
      1398,  0.0            ,  18.157894736842,  30.0          
      1399,  0.0            ,  18.947368421053,  30.0          
      1400,  0.0            ,  19.736842105263,  30.0          
      1401,  0.0            ,  20.526315789474,  30.0          
      1402,  0.0            ,  21.315789473684,  30.0          
      1403,  0.0            ,  22.105263157895,  30.0          
      1404,  0.0            ,  22.894736842105,  30.0          
      1405,  0.0            ,  23.684210526316,  30.0          
      1406,  0.0            ,  24.473684210526,  30.0          
      1407,  0.0            ,  25.263157894737,  30.0          
      1408,  0.0            ,  26.052631578947,  30.0          
      1409,  0.0            ,  26.842105263158,  30.0          
      1410,  0.0            ,  27.631578947368,  30.0          
      1411,  0.0            ,  28.421052631579,  30.0          
      1412,  0.0            ,  29.21052631579 ,  30.0          
      1413,  0.0            ,  30.0           ,  30.0          
      1414,  0.8333333333333,  30.0           ,  30.0          
      1415,  1.6666666666667,  30.0           ,  30.0          
      1416,  2.5            ,  30.0           ,  30.0          
      1417,  3.3333333333333,  30.0           ,  30.0          
      1418,  4.1666666666667,  30.0           ,  30.0          
      1419,  5.0            ,  30.0           ,  30.0          
      1420,  5.0            ,  29.21875       ,  30.0          
      1421,  5.0            ,  28.4375        ,  30.0          
      1422,  5.0            ,  27.65625       ,  30.0          
      1423,  5.0            ,  26.875         ,  30.0          
      1424,  5.0            ,  26.09375       ,  30.0          
      1425,  5.0            ,  25.3125        ,  30.0          
      1426,  5.0            ,  24.53125       ,  30.0          
      1427,  5.0            ,  23.75          ,  30.0          
      1428,  5.0            ,  22.96875       ,  30.0          
      1429,  5.0            ,  22.1875        ,  30.0          
      1430,  5.0            ,  21.40625       ,  30.0          
      1431,  5.0            ,  20.625         ,  30.0          
      1432,  5.0            ,  19.84375       ,  30.0          
      1433,  5.0            ,  19.0625        ,  30.0          
      1434,  5.0            ,  18.28125       ,  30.0          
      1435,  5.0            ,  17.5           ,  30.0          
      1436,  5.7894736842105,  17.5           ,  30.0          
      1437,  6.578947368421 ,  17.5           ,  30.0          
      1438,  7.3684210526316,  17.5           ,  30.0          
      1439,  8.1578947368421,  17.5           ,  30.0          
      1440,  8.9473684210526,  17.5           ,  30.0          
      1441,  9.7368421052632,  17.5           ,  30.0          
      1442,  10.526315789474,  17.5           ,  30.0          
      1443,  11.315789473684,  17.5           ,  30.0          
      1444,  12.105263157895,  17.5           ,  30.0          
      1445,  12.894736842105,  17.5           ,  30.0          
      1446,  13.684210526316,  17.5           ,  30.0          
      1447,  14.473684210526,  17.5           ,  30.0          
      1448,  15.263157894737,  17.5           ,  30.0          
      1449,  16.052631578947,  17.5           ,  30.0          
      1450,  16.842105263158,  17.5           ,  30.0          
      1451,  17.631578947368,  17.5           ,  30.0          
      1452,  18.421052631579,  17.5           ,  30.0          
      1453,  19.21052631579 ,  17.5           ,  30.0          
      1454,  20.0           ,  17.5           ,  30.0          
      1455,  20.0           ,  16.666666666667,  30.0          
      1456,  20.0           ,  15.833333333333,  30.0          
      1457,  20.0           ,  15.0           ,  30.0          
      1458,  20.0           ,  14.166666666667,  30.0          
      1459,  20.0           ,  13.333333333333,  30.0          
      1460,  20.0           ,  12.5           ,  30.0          
      1461,  19.21052631579 ,  12.5           ,  30.0          
      1462,  18.421052631579,  12.5           ,  30.0          
      1463,  17.631578947368,  12.5           ,  30.0          
      1464,  16.842105263158,  12.5           ,  30.0          
      1465,  16.052631578947,  12.5           ,  30.0          
      1466,  15.263157894737,  12.5           ,  30.0          
      1467,  14.473684210526,  12.5           ,  30.0          
      1468,  13.684210526316,  12.5           ,  30.0          
      1469,  12.894736842105,  12.5           ,  30.0          
      1470,  12.105263157895,  12.5           ,  30.0          
      1471,  11.315789473684,  12.5           ,  30.0          
      1472,  10.526315789474,  12.5           ,  30.0          
      1473,  9.7368421052632,  12.5           ,  30.0          
      1474,  8.9473684210526,  12.5           ,  30.0          
      1475,  8.1578947368421,  12.5           ,  30.0          
      1476,  7.3684210526316,  12.5           ,  30.0          
      1477,  6.5789473684211,  12.5           ,  30.0          
      1478,  5.7894736842105,  12.5           ,  30.0          
      1479,  5.0            ,  12.5           ,  30.0          
      1480,  5.0            ,  11.71875       ,  30.0          
      1481,  5.0            ,  10.9375        ,  30.0          
      1482,  5.0            ,  10.15625       ,  30.0          
      1483,  5.0            ,  9.375          ,  30.0          
      1484,  5.0            ,  8.59375        ,  30.0          
      1485,  5.0            ,  7.8125         ,  30.0          
      1486,  5.0            ,  7.03125        ,  30.0          
      1487,  5.0            ,  6.25           ,  30.0          
      1488,  5.0            ,  5.46875        ,  30.0          
      1489,  5.0            ,  4.6875         ,  30.0          
      1490,  5.0            ,  3.90625        ,  30.0          
      1491,  5.0            ,  3.125          ,  30.0          
      1492,  5.0            ,  2.34375        ,  30.0          
      1493,  5.0            ,  1.5625         ,  30.0          
      1494,  5.0            ,  0.78125        ,  30.0          
      1495,  5.0            ,  0.0            ,  30.0          
      1496,  5.0946404862527,  19.84375000001 ,  30.0          
      1497,  5.1702482073967,  19.421655096553,  30.0          
      1498,  5.317039093681 ,  19.018341113712,  30.0          
      1499,  5.5319534076289,  18.64420537702 ,  30.0          
      1500,  5.8208275541355,  18.299734911456,  30.0          
      1501,  6.1767410212458,  18.005711987966,  30.0          
      1502,  6.5701263183638,  17.786785675885,  30.0          
      1503,  6.8900103580082,  17.670190981166,  30.0          
      1504,  7.368421052648 ,  17.581205430777,  30.0          
      1505,  5.7583980778439,  17.857105027244,  30.0          
      1506,  5.6367681030096,  18.109575234124,  30.0          
      1507,  5.3793093192099,  18.224442736538,  30.0          
      1508,  5.3845402147384,  17.879334464302,  30.0          
      1509,  5.3845402147384,  12.120665535698,  30.0          
      1510,  5.3793093192099,  11.775557263462,  30.0          
      1511,  5.6367681030097,  11.890424765876,  30.0          
      1512,  5.7583980778439,  12.142894972756,  30.0          
      1513,  7.368421052648 ,  12.418794569223,  30.0          
      1514,  6.8900103580082,  12.329809018834,  30.0          
      1515,  6.5701263183638,  12.213214324115,  30.0          
      1516,  6.1767410212458,  11.994288012034,  30.0          
      1517,  5.8208275541355,  11.700265088544,  30.0          
      1518,  5.5319534076289,  11.35579462298 ,  30.0          
      1519,  5.317039093681 ,  10.981658886288,  30.0          
      1520,  5.1702482073967,  10.578344903447,  30.0          
      1521,  5.0946404862527,  10.15624999999 ,  30.0          
      1522,  19.407894736842,  17.083333333333,  30.0          
      1523,  19.605263157895,  17.291666666667,  30.0          
      1524,  19.605263157895,  16.875         ,  30.0          
      1525,  19.802631578947,  17.083333333333,  30.0          
      1526,  18.815789473684,  16.875         ,  30.0          
      1527,  18.618421052632,  17.083333333333,  30.0          
      1528,  19.013157894737,  17.083333333333,  30.0          
      1529,  18.815789473684,  17.291666666667,  30.0          
      1530,  19.407894736842,  16.25          ,  30.0          
      1531,  19.605263157895,  16.458333333333,  30.0          
      1532,  19.605263157895,  16.041666666667,  30.0          
      1533,  19.802631578947,  16.25          ,  30.0          
      1534,  18.026315789474,  16.875         ,  30.0          
      1535,  17.828947368421,  17.083333333333,  30.0          
      1536,  18.223684210526,  17.083333333333,  30.0          
      1537,  18.026315789474,  17.291666666667,  30.0          
      1538,  18.815789473684,  16.458333333333,  30.0          
      1539,  19.013157894737,  16.25          ,  30.0          
      1540,  18.618421052632,  16.25          ,  30.0          
      1541,  18.815789473684,  16.041666666667,  30.0          
      1542,  19.407894736842,  15.416666666667,  30.0          
      1543,  19.605263157895,  15.625         ,  30.0          
      1544,  19.605263157895,  15.208333333333,  30.0          
      1545,  19.802631578947,  15.416666666667,  30.0          
      1546,  17.236842105263,  16.875         ,  30.0          
      1547,  17.03947368421 ,  17.083333333333,  30.0          
      1548,  17.434210526316,  17.083333333333,  30.0          
      1549,  17.236842105263,  17.291666666667,  30.0          
      1550,  18.026315789474,  16.458333333333,  30.0          
      1551,  18.223684210526,  16.25          ,  30.0          
      1552,  17.828947368421,  16.25          ,  30.0          
      1553,  18.026315789474,  16.041666666667,  30.0          
      1554,  18.815789473684,  15.625         ,  30.0          
      1555,  19.013157894737,  15.416666666667,  30.0          
      1556,  18.618421052632,  15.416666666667,  30.0          
      1557,  18.815789473684,  15.208333333333,  30.0          
      1558,  4.3748786262692,  29.608857871548,  30.0          
      1559,  4.5832928754231,  29.804515123849,  30.0          
      1560,  4.5832119596026,  29.413545371548,  30.0          
      1561,  4.7916262087564,  29.609202623849,  30.0          
      1562,  19.407894736842,  14.583333333333,  30.0          
      1563,  19.605263157895,  14.791666666667,  30.0          
      1564,  19.605263157895,  14.375         ,  30.0          
      1565,  19.802631578947,  14.583333333333,  30.0          
      1566,  16.447368421053,  16.875         ,  30.0          
      1567,  16.25          ,  17.083333333333,  30.0          
      1568,  16.644736842105,  17.083333333333,  30.0          
      1569,  16.447368421053,  17.291666666667,  30.0          
      1570,  17.236842105263,  16.458333333333,  30.0          
      1571,  17.434210526316,  16.25          ,  30.0          
      1572,  17.03947368421 ,  16.25          ,  30.0          
      1573,  17.236842105263,  16.041666666667,  30.0          
      1574,  18.026315789474,  15.625         ,  30.0          
      1575,  18.223684210526,  15.416666666667,  30.0          
      1576,  17.828947368421,  15.416666666667,  30.0          
      1577,  18.026315789474,  15.208333333333,  30.0          
      1578,  4.37475105021  ,  28.826579491363,  30.0          
      1579,  4.5831694342495,  29.022577578153,  30.0          
      1580,  4.5831652993639,  28.631611743665,  30.0          
      1581,  4.7915836834033,  28.827609830454,  30.0          
      1582,  18.815789473684,  14.791666666667,  30.0          
      1583,  19.013157894737,  14.583333333333,  30.0          
      1584,  18.618421052632,  14.583333333333,  30.0          
      1585,  18.815789473684,  14.375         ,  30.0          
      1586,  3.7497264396951,  29.412517119941,  30.0          
      1587,  3.5414740221823,  29.608174372243,  30.0          
      1588,  3.9581612307445,  29.608515121012,  30.0          
      1589,  3.7499088132317,  29.804172373314,  30.0          
      1590,  19.407894736842,  13.75          ,  30.0          
      1591,  19.605263157895,  13.958333333333,  30.0          
      1592,  19.605263157895,  13.541666666667,  30.0          
      1593,  19.802631578947,  13.75          ,  30.0          
      1594,  15.657894736842,  16.875         ,  30.0          
      1595,  15.46052631579 ,  17.083333333333,  30.0          
      1596,  15.855263157895,  17.083333333333,  30.0          
      1597,  15.657894736842,  17.291666666667,  30.0          
      1598,  16.447368421053,  16.458333333333,  30.0          
      1599,  16.644736842105,  16.25          ,  30.0          
      1600,  16.25          ,  16.25          ,  30.0          
      1601,  16.447368421053,  16.041666666667,  30.0          
      1602,  17.236842105263,  15.625         ,  30.0          
      1603,  17.434210526316,  15.416666666667,  30.0          
      1604,  17.03947368421 ,  15.416666666667,  30.0          
      1605,  17.236842105263,  15.208333333333,  30.0          
      1606,  4.3747448478816,  28.044304049539,  30.0          
      1607,  4.583163231921 ,  28.240644929723,  30.0          
      1608,  4.583163231921 ,  27.849677136329,  30.0          
      1609,  4.7915816159605,  28.046018016513,  30.0          
      1610,  18.026315789474,  14.791666666667,  30.0          
      1611,  18.223684210526,  14.583333333333,  30.0          
      1612,  17.828947368421,  14.583333333333,  30.0          
      1613,  18.026315789474,  14.375         ,  30.0          
      1614,  3.9579787941433,  28.825551253348,  30.0          
      1615,  3.7496290538   ,  29.020863839067,  30.0          
      1616,  3.7496166555466,  28.62921253069 ,  30.0          
      1617,  3.5412669152033,  28.824525116408,  30.0          
      1618,  18.815789473684,  13.958333333333,  30.0          
      1619,  19.013157894737,  13.75          ,  30.0          
      1620,  18.618421052632,  13.75          ,  30.0          
      1621,  18.815789473684,  13.541666666667,  30.0          
      1622,  2.9163625591149,  29.411492017032,  30.0          
      1623,  2.7081306834976,  29.607490018103,  30.0          
      1624,  3.1247971731   ,  29.607832671273,  30.0          
      1625,  2.9165652974827,  29.803830672344,  30.0          
      1626,  19.605263157895,  13.125         ,  30.0          
      1627,  19.802631578947,  12.916666666667,  30.0          
      1628,  19.407894736842,  12.916666666667,  30.0          
      1629,  19.605263157895,  12.708333333333,  30.0          
      1630,  14.868421052632,  16.875         ,  30.0          
      1631,  14.671052631579,  17.083333333333,  30.0          
      1632,  15.065789473684,  17.083333333333,  30.0          
      1633,  14.868421052632,  17.291666666667,  30.0          
      1634,  15.657894736842,  16.458333333333,  30.0          
      1635,  15.855263157895,  16.25          ,  30.0          
      1636,  15.46052631579 ,  16.25          ,  30.0          
      1637,  15.657894736842,  16.041666666667,  30.0          
      1638,  16.447368421053,  15.625         ,  30.0          
      1639,  16.644736842105,  15.416666666667,  30.0          
      1640,  16.25          ,  15.416666666667,  30.0          
      1641,  16.447368421053,  15.208333333333,  30.0          
      1642,  4.3747448478816,  27.262025669355,  30.0          
      1643,  4.583163231921 ,  27.458709342934,  30.0          
      1644,  4.583163231921 ,  27.067741549539,  30.0          
      1645,  4.7915816159605,  27.264425223118,  30.0          
      1646,  17.236842105263,  14.791666666667,  30.0          
      1647,  17.434210526316,  14.583333333333,  30.0          
      1648,  17.03947368421 ,  14.583333333333,  30.0          
      1649,  17.236842105263,  14.375         ,  30.0          
      1650,  3.957968460131 ,  28.042590330839,  30.0          
      1651,  3.7496104564199,  28.237560236064,  30.0          
      1652,  3.7496104564199,  27.845906955189,  30.0          
      1653,  3.5412524527088,  28.040876860414,  30.0          
      1654,  18.026315789474,  13.958333333333,  30.0          
      1655,  18.223684210526,  13.75          ,  30.0          
      1656,  17.828947368421,  13.75          ,  30.0          
      1657,  18.026315789474,  13.541666666667,  30.0          
      1658,  3.1245778266749,  28.82349806816 ,  30.0          
      1659,  2.9162529337738,  29.019153388878,  30.0          
      1660,  2.9162364214593,  28.626814787883,  30.0          
      1661,  2.7079115285582,  28.822470108602,  30.0          
      1662,  18.815789473684,  13.125         ,  30.0          
      1663,  19.013157894737,  12.916666666667,  30.0          
      1664,  18.618421052632,  12.916666666667,  30.0          
      1665,  18.815789473684,  12.708333333333,  30.0          
      1666,  2.0830297560491,  29.41046405752 ,  30.0          
      1667,  1.8747977033675,  29.606804711761,  30.0          
      1668,  2.2914641935868,  29.607147364932,  30.0          
      1669,  2.0832321409053,  29.803488019173,  30.0          
      1670,  14.078947368421,  16.875         ,  30.0          
      1671,  13.881578947368,  17.083333333333,  30.0          
      1672,  14.276315789474,  17.083333333333,  30.0          
      1673,  14.078947368421,  17.291666666667,  30.0          
      1674,  14.868421052632,  16.458333333333,  30.0          
      1675,  15.065789473684,  16.25          ,  30.0          
      1676,  14.671052631579,  16.25          ,  30.0          
      1677,  14.868421052632,  16.041666666667,  30.0          
      1678,  15.657894736842,  15.625         ,  30.0          
      1679,  15.855263157895,  15.416666666667,  30.0          
      1680,  15.46052631579 ,  15.416666666667,  30.0          
      1681,  15.657894736842,  15.208333333333,  30.0          
      1682,  4.3747448478816,  26.47974728917 ,  30.0          
      1683,  4.583163231921 ,  26.676773756144,  30.0          
      1684,  4.583163231921 ,  26.285805962749,  30.0          
      1685,  4.7915816159605,  26.482832429723,  30.0          
      1686,  16.447368421053,  14.791666666667,  30.0          
      1687,  16.644736842105,  14.583333333333,  30.0          
      1688,  16.25          ,  14.583333333333,  30.0          
      1689,  16.447368421053,  14.375         ,  30.0          
      1690,  3.957968460131 ,  27.259626463175,  30.0          
      1691,  3.7496104564199,  27.454253674315,  30.0          
      1692,  3.7496104564199,  27.06260039344 ,  30.0          
      1693,  3.5412524527088,  27.25722760458 ,  30.0          
      1694,  17.236842105263,  13.958333333333,  30.0          
      1695,  17.434210526316,  13.75          ,  30.0          
      1696,  17.03947368421 ,  13.75          ,  30.0          
      1697,  17.236842105263,  13.541666666667,  30.0          
      1698,  3.1245613071499,  28.039163492217,  30.0          
      1699,  2.9162281653021,  28.234476173309,  30.0          
      1700,  2.9162281653021,  27.842137545156,  30.0          
      1701,  2.7078950234544,  28.037450226248,  30.0          
      1702,  18.026315789474,  13.125         ,  30.0          
      1703,  18.223684210526,  12.916666666667,  30.0          
      1704,  17.828947368421,  12.916666666667,  30.0          
      1705,  18.026315789474,  12.708333333333,  30.0          
      1706,  2.2912452297993,  28.821442149043,  30.0          
      1707,  2.08292032186  ,  29.017440122978,  30.0          
      1708,  2.0829038383378,  28.624416215546,  30.0          
      1709,  1.8745789303984,  28.820414189482,  30.0          
      1710,  1.2497277402004,  29.409439071433,  30.0          
      1711,  1.0414955110715,  29.606122378845,  30.0          
      1712,  1.4581414758624,  29.606463049732,  30.0          
      1713,  1.2499092467335,  29.803146357144,  30.0          
      1714,  13.28947368421 ,  16.875         ,  30.0          
      1715,  13.092105263158,  17.083333333333,  30.0          
      1716,  13.486842105263,  17.083333333333,  30.0          
      1717,  13.28947368421 ,  17.291666666667,  30.0          
      1718,  14.078947368421,  16.458333333333,  30.0          
      1719,  14.276315789474,  16.25          ,  30.0          
      1720,  13.881578947368,  16.25          ,  30.0          
      1721,  14.078947368421,  16.041666666667,  30.0          
      1722,  14.868421052632,  15.625         ,  30.0          
      1723,  15.065789473684,  15.416666666667,  30.0          
      1724,  14.671052631579,  15.416666666667,  30.0          
      1725,  14.868421052632,  15.208333333333,  30.0          
      1726,  4.3747448478816,  25.697468908986,  30.0          
      1727,  4.583163231921 ,  25.894838169355,  30.0          
      1728,  4.583163231921 ,  25.50387037596 ,  30.0          
      1729,  4.7915816159605,  25.701239636329,  30.0          
      1730,  15.657894736842,  14.791666666667,  30.0          
      1731,  15.855263157895,  14.583333333333,  30.0          
      1732,  15.46052631579 ,  14.583333333333,  30.0          
      1733,  15.657894736842,  14.375         ,  30.0          
      1734,  3.957968460131 ,  26.476662595511,  30.0          
      1735,  3.7496104564199,  26.670947112565,  30.0          
      1736,  3.7496104564199,  26.279293831691,  30.0          
      1737,  3.5412524527088,  26.473578348745,  30.0          
      1738,  16.447368421053,  13.958333333333,  30.0          
      1739,  16.644736842105,  13.75          ,  30.0          
      1740,  16.25          ,  13.75          ,  30.0          
      1741,  16.447368421053,  13.541666666667,  30.0          
      1742,  3.1245613071499,  27.254828889104,  30.0          
      1743,  2.9162281653021,  27.449798917002,  30.0          
      1744,  2.9162281653021,  27.057460288848,  30.0          
      1745,  2.7078950234544,  27.252430316747,  30.0          
      1746,  17.236842105263,  13.125         ,  30.0          
      1747,  17.434210526316,  12.916666666667,  30.0          
      1748,  17.03947368421 ,  12.916666666667,  30.0          
      1749,  17.236842105263,  12.708333333333,  30.0          
      1750,  2.2912287390916,  28.035736960276,  30.0          
      1751,  2.0828955965767,  28.23139229456 ,  30.0          
      1752,  2.0828955965767,  27.838368360017,  30.0          
      1753,  1.8745624540617,  28.034023694301,  30.0          
      1754,  1.4579352094758,  28.819387261575,  30.0          
      1755,  1.2496308125938,  29.015729871013,  30.0          
      1756,  1.2496184639136,  28.622018755885,  30.0          
      1757,  1.0413140670316,  28.818361365323,  30.0          
      1758,  0.4165460631737,  29.408411400972,  30.0          
      1759,  0.208293132169 ,  29.605435379272,  30.0          
      1760,  0.624879396507 ,  29.605779822025,  30.0          
      1761,  0.4166264655023,  29.802803800324,  30.0          
      1762,  12.5           ,  16.875         ,  30.0          
      1763,  12.302631578947,  17.083333333333,  30.0          
      1764,  12.697368421053,  17.083333333333,  30.0          
      1765,  12.5           ,  17.291666666667,  30.0          
      1766,  13.28947368421 ,  16.458333333333,  30.0          
      1767,  13.486842105263,  16.25          ,  30.0          
      1768,  13.092105263158,  16.25          ,  30.0          
      1769,  13.28947368421 ,  16.041666666667,  30.0          
      1770,  4.3747448478816,  24.915190528801,  30.0          
      1771,  4.583163231921 ,  25.112902582565,  30.0          
      1772,  4.583163231921 ,  24.72193478917 ,  30.0          
      1773,  4.7915816159605,  24.919646842934,  30.0          
      1774,  14.078947368421,  15.625         ,  30.0          
      1775,  14.276315789474,  15.416666666667,  30.0          
      1776,  13.881578947368,  15.416666666667,  30.0          
      1777,  14.078947368421,  15.208333333333,  30.0          
      1778,  14.868421052632,  14.791666666667,  30.0          
      1779,  15.065789473684,  14.583333333333,  30.0          
      1780,  14.671052631579,  14.583333333333,  30.0          
      1781,  14.868421052632,  14.375         ,  30.0          
      1782,  3.957968460131 ,  25.693698727847,  30.0          
      1783,  3.7496104564199,  25.887640550816,  30.0          
      1784,  3.7496104564199,  25.495987269942,  30.0          
      1785,  3.5412524527088,  25.689929092911,  30.0          
      1786,  15.657894736842,  13.958333333333,  30.0          
      1787,  15.855263157895,  13.75          ,  30.0          
      1788,  15.46052631579 ,  13.75          ,  30.0          
      1789,  15.657894736842,  13.541666666667,  30.0          
      1790,  3.1245613071499,  26.47049428599 ,  30.0          
      1791,  2.9162281653021,  26.665121660695,  30.0          
      1792,  2.9162281653021,  26.272783032541,  30.0          
      1793,  2.7078950234544,  26.467410407246,  30.0          
      1794,  16.447368421053,  13.125         ,  30.0          
      1795,  16.644736842105,  12.916666666667,  30.0          
      1796,  16.25          ,  12.916666666667,  30.0          
      1797,  16.447368421053,  12.708333333333,  30.0          
      1798,  2.2912287390916,  27.250031744386,  30.0          
      1799,  2.0828955965767,  27.445344425475,  30.0          
      1800,  2.0828955965767,  27.052320490933,  30.0          
      1801,  1.8745624540617,  27.247633172022,  30.0          
      1802,  1.4579208005602,  28.032310529608,  30.0          
      1803,  1.2496122895735,  28.228308598111,  30.0          
      1804,  1.2496122895735,  27.834599397691,  30.0          
      1805,  1.0413037785869,  28.030597466195,  30.0          
      1806,  0.6247526218571,  28.817333681319,  30.0          
      1807,  0.4164996908524,  28.619620817513,  30.0          
      1808,  0.416503804957 ,  29.014017073368,  30.0          
      1809,  0.2082508739524,  28.816304209562,  30.0          
      1810,  11.71052631579 ,  16.875         ,  30.0          
      1811,  11.513157894737,  17.083333333333,  30.0          
      1812,  11.907894736842,  17.083333333333,  30.0          
      1813,  11.71052631579 ,  17.291666666667,  30.0          
      1814,  12.5           ,  16.458333333333,  30.0          
      1815,  12.697368421053,  16.25          ,  30.0          
      1816,  12.302631578947,  16.25          ,  30.0          
      1817,  12.5           ,  16.041666666667,  30.0          
      1818,  4.3747448478816,  24.132912148617,  30.0          
      1819,  4.583163231921 ,  24.330966995775,  30.0          
      1820,  4.583163231921 ,  23.939999202381,  30.0          
      1821,  4.7915816159605,  24.138054049539,  30.0          
      1822,  13.28947368421 ,  15.625         ,  30.0          
      1823,  13.486842105263,  15.416666666667,  30.0          
      1824,  13.092105263158,  15.416666666667,  30.0          
      1825,  13.28947368421 ,  15.208333333333,  30.0          
      1826,  14.078947368421,  14.791666666667,  30.0          
      1827,  14.276315789474,  14.583333333333,  30.0          
      1828,  13.881578947368,  14.583333333333,  30.0          
      1829,  14.078947368421,  14.375         ,  30.0          
      1830,  3.957968460131 ,  24.910734860182,  30.0          
      1831,  3.7496104564199,  25.104333989067,  30.0          
      1832,  3.7496104564199,  24.712680708192,  30.0          
      1833,  3.5412524527088,  24.906279837077,  30.0          
      1834,  14.868421052632,  13.958333333333,  30.0          
      1835,  15.065789473684,  13.75          ,  30.0          
      1836,  14.671052631579,  13.75          ,  30.0          
      1837,  14.868421052632,  13.541666666667,  30.0          
      1838,  3.1245613071499,  25.686159682877,  30.0          
      1839,  2.9162281653021,  25.880444404388,  30.0          
      1840,  2.9162281653021,  25.488105776234,  30.0          
      1841,  2.7078950234544,  25.682390497745,  30.0          
      1842,  15.657894736842,  13.125         ,  30.0          
      1843,  15.855263157895,  12.916666666667,  30.0          
      1844,  15.46052631579 ,  12.916666666667,  30.0          
      1845,  15.657894736842,  12.708333333333,  30.0          
      1846,  2.2912287390916,  26.464326528497,  30.0          
      1847,  2.0828955965767,  26.65929655639 ,  30.0          
      1848,  2.0828955965767,  26.266272621848,  30.0          
      1849,  1.8745624540617,  26.461242649742,  30.0          
      1850,  1.4579208005602,  27.245234741451,  30.0          
      1851,  1.2496122895735,  27.440890197272,  30.0          
      1852,  1.2496122895735,  27.047180996852,  30.0          
      1853,  1.0413037785869,  27.242836452673,  30.0          
      1854,  0.6247464507002,  28.028884648235,  30.0          
      1855,  0.4164976338001,  27.830831198179,  30.0          
      1856,  0.4164976338001,  28.225225525783,  30.0          
      1857,  0.2082488169001,  28.027172075727,  30.0          
      1858,  10.921052631579,  16.875         ,  30.0          
      1859,  10.723684210526,  17.083333333333,  30.0          
      1860,  11.118421052632,  17.083333333333,  30.0          
      1861,  10.921052631579,  17.291666666667,  30.0          
      1862,  11.71052631579 ,  16.458333333333,  30.0          
      1863,  11.907894736842,  16.25          ,  30.0          
      1864,  11.513157894737,  16.25          ,  30.0          
      1865,  11.71052631579 ,  16.041666666667,  30.0          
      1866,  4.3747448478816,  23.350633768433,  30.0          
      1867,  4.583163231921 ,  23.549031408986,  30.0          
      1868,  4.583163231921 ,  23.158063615591,  30.0          
      1869,  4.7915816159605,  23.356461256144,  30.0          
      1870,  12.5           ,  15.625         ,  30.0          
      1871,  12.697368421053,  15.416666666667,  30.0          
      1872,  12.302631578947,  15.416666666667,  30.0          
      1873,  12.5           ,  15.208333333333,  30.0          
      1874,  3.957968460131 ,  24.127770992518,  30.0          
      1875,  3.7496104564199,  24.321027427318,  30.0          
      1876,  3.7496104564199,  23.929374146443,  30.0          
      1877,  3.5412524527088,  24.122630581242,  30.0          
      1878,  13.28947368421 ,  14.791666666667,  30.0          
      1879,  13.486842105263,  14.583333333333,  30.0          
      1880,  13.092105263158,  14.583333333333,  30.0          
      1881,  13.28947368421 ,  14.375         ,  30.0          
      1882,  14.078947368421,  13.958333333333,  30.0          
      1883,  14.276315789474,  13.75          ,  30.0          
      1884,  13.881578947368,  13.75          ,  30.0          
      1885,  14.078947368421,  13.541666666667,  30.0          
      1886,  3.1245613071499,  24.901825079764,  30.0          
      1887,  2.9162281653021,  25.095767148081,  30.0          
      1888,  2.9162281653021,  24.703428519927,  30.0          
      1889,  2.7078950234544,  24.897370588244,  30.0          
      1890,  14.868421052632,  13.125         ,  30.0          
      1891,  15.065789473684,  12.916666666667,  30.0          
      1892,  14.671052631579,  12.916666666667,  30.0          
      1893,  14.868421052632,  12.708333333333,  30.0          
      1894,  2.2912287390916,  25.678621312607,  30.0          
      1895,  2.0828955965767,  25.873248687306,  30.0          
      1896,  2.0828955965767,  25.480224752764,  30.0          
      1897,  1.8745624540617,  25.674852127463,  30.0          
      1898,  1.4579208005602,  26.458158953294,  30.0          
      1899,  1.2496122895735,  26.653471796432,  30.0          
      1900,  1.2496122895735,  26.259762596012,  30.0          
      1901,  1.0413037785869,  26.455075439151,  30.0          
      1902,  0.6247464507002,  27.240438507529,  30.0          
      1903,  0.4164976338001,  27.042042542972,  30.0          
      1904,  0.4164976338001,  27.436436870575,  30.0          
      1905,  0.2082488169001,  27.238040906018,  30.0          
      1906,  10.131578947368,  16.875         ,  30.0          
      1907,  9.9342105263158,  17.083333333333,  30.0          
      1908,  10.328947368421,  17.083333333333,  30.0          
      1909,  10.131578947368,  17.291666666667,  30.0          
      1910,  10.921052631579,  16.458333333333,  30.0          
      1911,  11.118421052632,  16.25          ,  30.0          
      1912,  10.723684210526,  16.25          ,  30.0          
      1913,  10.921052631579,  16.041666666667,  30.0          
      1914,  4.3747448478816,  22.568355388248,  30.0          
      1915,  4.583163231921 ,  22.767095822196,  30.0          
      1916,  4.583163231921 ,  22.376128028801,  30.0          
      1917,  4.7915816159605,  22.574868462749,  30.0          
      1918,  11.71052631579 ,  15.625         ,  30.0          
      1919,  11.907894736842,  15.416666666667,  30.0          
      1920,  11.513157894737,  15.416666666667,  30.0          
      1921,  11.71052631579 ,  15.208333333333,  30.0          
      1922,  3.957968460131 ,  23.344807124854,  30.0          
      1923,  3.7496104564199,  23.537720865568,  30.0          
      1924,  3.7496104564199,  23.146067584694,  30.0          
      1925,  3.5412524527088,  23.338981325408,  30.0          
      1926,  12.5           ,  14.791666666667,  30.0          
      1927,  12.697368421053,  14.583333333333,  30.0          
      1928,  12.302631578947,  14.583333333333,  30.0          
      1929,  12.5           ,  14.375         ,  30.0          
      1930,  13.28947368421 ,  13.958333333333,  30.0          
      1931,  13.486842105263,  13.75          ,  30.0          
      1932,  13.092105263158,  13.75          ,  30.0          
      1933,  13.28947368421 ,  13.541666666667,  30.0          
      1934,  3.1245613071499,  24.117490476651,  30.0          
      1935,  2.9162281653021,  24.311089891774,  30.0          
      1936,  2.9162281653021,  23.91875126362 ,  30.0          
      1937,  2.7078950234544,  24.112350678743,  30.0          
      1938,  14.078947368421,  13.125         ,  30.0          
      1939,  14.276315789474,  12.916666666667,  30.0          
      1940,  13.881578947368,  12.916666666667,  30.0          
      1941,  14.078947368421,  12.708333333333,  30.0          
      1942,  2.2912287390916,  24.892916096717,  30.0          
      1943,  2.0828955965767,  25.087200818221,  30.0          
      1944,  2.0828955965767,  24.694176883679,  30.0          
      1945,  1.8745624540617,  24.888461605183,  30.0          
      1946,  1.4579208005602,  25.671083165137,  30.0          
      1947,  1.2496122895735,  25.866053395592,  30.0          
      1948,  1.2496122895735,  25.472344195173,  30.0          
      1949,  1.0413037785869,  25.667314425629,  30.0          
      1950,  0.6247464507002,  26.451992366823,  30.0          
      1951,  0.4164976338001,  26.253253887764,  30.0          
      1952,  0.4164976338001,  26.647648215368,  30.0          
      1953,  0.2082488169001,  26.448909736309,  30.0          
      1954,  9.3421052631579,  16.875         ,  30.0          
      1955,  9.1447368421053,  17.083333333333,  30.0          
      1956,  9.5394736842105,  17.083333333333,  30.0          
      1957,  9.3421052631579,  17.291666666667,  30.0          
      1958,  10.131578947368,  16.458333333333,  30.0          
      1959,  10.328947368421,  16.25          ,  30.0          
      1960,  9.9342105263158,  16.25          ,  30.0          
      1961,  10.131578947368,  16.041666666667,  30.0          
      1962,  4.3747448478816,  21.786077008064,  30.0          
      1963,  4.583163231921 ,  21.985160235407,  30.0          
      1964,  4.583163231921 ,  21.594192442012,  30.0          
      1965,  4.7915816159605,  21.793275669355,  30.0          
      1966,  10.921052631579,  15.625         ,  30.0          
      1967,  11.118421052632,  15.416666666667,  30.0          
      1968,  10.723684210526,  15.416666666667,  30.0          
      1969,  10.921052631579,  15.208333333333,  30.0          
      1970,  3.957968460131 ,  22.56184325719 ,  30.0          
      1971,  3.7496104564199,  22.754414303819,  30.0          
      1972,  3.7496104564199,  22.362761022944,  30.0          
      1973,  3.5412524527088,  22.555332069574,  30.0          
      1974,  11.71052631579 ,  14.791666666667,  30.0          
      1975,  11.907894736842,  14.583333333333,  30.0          
      1976,  11.513157894737,  14.583333333333,  30.0          
      1977,  11.71052631579 ,  14.375         ,  30.0          
      1978,  12.5           ,  13.958333333333,  30.0          
      1979,  12.697368421053,  13.75          ,  30.0          
      1980,  12.302631578947,  13.75          ,  30.0          
      1981,  12.5           ,  13.541666666667,  30.0          
      1982,  3.1245613071499,  23.333155873538,  30.0          
      1983,  2.9162281653021,  23.526412635467,  30.0          
      1984,  2.9162281653021,  23.134074007313,  30.0          
      1985,  2.7078950234544,  23.327330769242,  30.0          
      1986,  13.28947368421 ,  13.125         ,  30.0          
      1987,  13.486842105263,  12.916666666667,  30.0          
      1988,  13.092105263158,  12.916666666667,  30.0          
      1989,  13.28947368421 ,  12.708333333333,  30.0          
      1990,  2.2912287390916,  24.107210880828,  30.0          
      1991,  2.0828955965767,  24.301152949137,  30.0          
      1992,  2.0828955965767,  23.908129014594,  30.0          
      1993,  1.8745624540617,  24.102071082904,  30.0          
      1994,  1.4579208005602,  24.88400737698 ,  30.0          
      1995,  1.2496122895735,  25.078634994753,  30.0          
      1996,  1.2496122895735,  24.684925794333,  30.0          
      1997,  1.0413037785869,  24.879553412107,  30.0          
      1998,  0.6247464507002,  25.663546226116,  30.0          
      1999,  0.4164976338001,  25.464465232556,  30.0          
      2000,  0.4164976338001,  25.85885956016 ,  30.0          
      2001,  0.2082488169001,  25.6597785666  ,  30.0          
      2002,  8.5526315789474,  16.875         ,  30.0          
      2003,  8.3552631578948,  17.083333333333,  30.0          
      2004,  8.75           ,  17.083333333333,  30.0          
      2005,  8.5526315789474,  17.291666666667,  30.0          
      2006,  9.3421052631579,  16.458333333333,  30.0          
      2007,  9.5394736842105,  16.25          ,  30.0          
      2008,  9.1447368421053,  16.25          ,  30.0          
      2009,  9.3421052631579,  16.041666666667,  30.0          
      2010,  4.3747448478816,  21.003798627879,  30.0          
      2011,  4.583163231921 ,  21.203224648617,  30.0          
      2012,  4.583163231921 ,  20.812256855222,  30.0          
      2013,  4.7915816159605,  21.01168287596 ,  30.0          
      2014,  10.131578947368,  15.625         ,  30.0          
      2015,  10.328947368421,  15.416666666667,  30.0          
      2016,  9.9342105263158,  15.416666666667,  30.0          
      2017,  10.131578947368,  15.208333333333,  30.0          
      2018,  3.957968460131 ,  21.778879389525,  30.0          
      2019,  3.7496104564199,  21.97110774207 ,  30.0          
      2020,  3.7496104564199,  21.579454461195,  30.0          
      2021,  3.5412524527088,  21.771682813739,  30.0          
      2022,  10.921052631579,  14.791666666667,  30.0          
      2023,  11.118421052632,  14.583333333333,  30.0          
      2024,  10.723684210526,  14.583333333333,  30.0          
      2025,  10.921052631579,  14.375         ,  30.0          
      2026,  3.1245613071499,  22.548821270424,  30.0          
      2027,  2.9162281653021,  22.74173537916 ,  30.0          
      2028,  2.9162281653021,  22.349396751006,  30.0          
      2029,  2.7078950234544,  22.542310859742,  30.0          
      2030,  11.71052631579 ,  13.958333333333,  30.0          
      2031,  11.907894736842,  13.75          ,  30.0          
      2032,  11.513157894737,  13.75          ,  30.0          
      2033,  11.71052631579 ,  13.541666666667,  30.0          
      2034,  12.5           ,  13.125         ,  30.0          
      2035,  12.697368421053,  12.916666666667,  30.0          
      2036,  12.302631578947,  12.916666666667,  30.0          
      2037,  12.5           ,  12.708333333333,  30.0          
      2038,  2.2912287390916,  23.321505664938,  30.0          
      2039,  2.0828955965767,  23.515105080052,  30.0          
      2040,  2.0828955965767,  23.12208114551 ,  30.0          
      2041,  1.8745624540617,  23.315680560624,  30.0          
      2042,  1.4579208005602,  24.096931588823,  30.0          
      2043,  1.2496122895735,  24.291216593914,  30.0          
      2044,  1.2496122895735,  23.897507393494,  30.0          
      2045,  1.0413037785869,  24.091792398584,  30.0          
      2046,  0.6247464507002,  24.87510008541 ,  30.0          
      2047,  0.4164976338001,  24.675676577349,  30.0          
      2048,  0.4164976338001,  25.070070904953,  30.0          
      2049,  0.2082488169001,  24.870647396891,  30.0          
      2050,  7.7631578947368,  16.875         ,  30.0          
      2051,  7.5657894736842,  17.083333333333,  30.0          
      2052,  7.9605263157895,  17.083333333333,  30.0          
      2053,  7.7631578947368,  17.291666666667,  30.0          
      2054,  4.3746362742761,  20.220603129814,  30.0          
      2055,  4.5831270407192,  20.420983355867,  30.0          
      2056,  4.5830546583156,  20.029404150552,  30.0          
      2057,  4.7915454247587,  20.229784376605,  30.0          
      2058,  8.5526315789474,  16.458333333333,  30.0          
      2059,  8.75           ,  16.25          ,  30.0          
      2060,  8.3552631578948,  16.25          ,  30.0          
      2061,  8.5526315789474,  16.041666666667,  30.0          
      2062,  9.3421052631579,  15.625         ,  30.0          
      2063,  9.5394736842105,  15.416666666667,  30.0          
      2064,  9.1447368421053,  15.416666666667,  30.0          
      2065,  9.3421052631579,  15.208333333333,  30.0          
      2066,  3.957968460131 ,  20.995915521861,  30.0          
      2067,  3.7496104564199,  21.18780118032 ,  30.0          
      2068,  3.7496104564199,  20.796147899446,  30.0          
      2069,  3.5412524527088,  20.988033557905,  30.0          
      2070,  10.131578947368,  14.791666666667,  30.0          
      2071,  10.328947368421,  14.583333333333,  30.0          
      2072,  9.9342105263158,  14.583333333333,  30.0          
      2073,  10.131578947368,  14.375         ,  30.0          
      2074,  3.1245613071499,  21.764486667311,  30.0          
      2075,  2.9162281653021,  21.957058122852,  30.0          
      2076,  2.9162281653021,  21.564719494699,  30.0          
      2077,  2.7078950234544,  21.757290950241,  30.0          
      2078,  10.921052631579,  13.958333333333,  30.0          
      2079,  11.118421052632,  13.75          ,  30.0          
      2080,  10.723684210526,  13.75          ,  30.0          
      2081,  10.921052631579,  13.541666666667,  30.0          
      2082,  11.71052631579 ,  13.125         ,  30.0          
      2083,  11.907894736842,  12.916666666667,  30.0          
      2084,  11.513157894737,  12.916666666667,  30.0          
      2085,  11.71052631579 ,  12.708333333333,  30.0          
      2086,  2.2912287390916,  22.535800449048,  30.0          
      2087,  2.0828955965767,  22.729057210968,  30.0          
      2088,  2.0828955965767,  22.336033276425,  30.0          
      2089,  1.8745624540617,  22.529290038345,  30.0          
      2090,  1.4579208005602,  23.309855800666,  30.0          
      2091,  1.2496122895735,  23.503798193074,  30.0          
      2092,  1.2496122895735,  23.110088992654,  30.0          
      2093,  1.0413037785869,  23.304031385062,  30.0          
      2094,  0.6247464507002,  24.086653944704,  30.0          
      2095,  0.4164976338001,  23.886887922141,  30.0          
      2096,  0.4164976338001,  24.281282249745,  30.0          
      2097,  0.2082488169001,  24.081516227182,  30.0          
      2098,  6.9736842105263,  16.875         ,  30.0          
      2099,  6.7763157894737,  17.083333333333,  30.0          
      2100,  7.171052631579 ,  17.083333333333,  30.0          
      2101,  6.9736842105263,  17.291666666667,  30.0          
      2102,  4.374379262746 ,  19.436033490608,  30.0          
      2103,  4.5829689878056,  19.63767260415 ,  30.0          
      2104,  4.5828700291891,  19.245788716661,  30.0          
      2105,  4.7914597542487,  19.447427830202,  30.0          
      2106,  7.7631578947368,  16.458333333333,  30.0          
      2107,  7.9605263157895,  16.25          ,  30.0          
      2108,  7.5657894736842,  16.25          ,  30.0          
      2109,  7.7631578947368,  16.041666666667,  30.0          
      2110,  8.5526315789474,  15.625         ,  30.0          
      2111,  8.75           ,  15.416666666667,  30.0          
      2112,  8.3552631578948,  15.416666666667,  30.0          
      2113,  8.5526315789474,  15.208333333333,  30.0          
      2114,  3.9578538747974,  20.211640448657,  30.0          
      2115,  3.7495682534899,  20.403794824952,  30.0          
      2116,  3.74948384763  ,  20.010741956839,  30.0          
      2117,  3.5411982263225,  20.202896333134,  30.0          
      2118,  9.3421052631579,  14.791666666667,  30.0          
      2119,  9.5394736842105,  14.583333333333,  30.0          
      2120,  9.1447368421053,  14.583333333333,  30.0          
      2121,  9.3421052631579,  14.375         ,  30.0          
      2122,  3.1245613071499,  20.980152064198,  30.0          
      2123,  2.9162281653021,  21.172380866546,  30.0          
      2124,  2.9162281653021,  20.780042238392,  30.0          
      2125,  2.7078950234544,  20.97227104074 ,  30.0          
      2126,  10.131578947368,  13.958333333333,  30.0          
      2127,  10.328947368421,  13.75          ,  30.0          
      2128,  9.9342105263158,  13.75          ,  30.0          
      2129,  10.131578947368,  13.541666666667,  30.0          
      2130,  10.921052631579,  13.125         ,  30.0          
      2131,  11.118421052632,  12.916666666667,  30.0          
      2132,  10.723684210526,  12.916666666667,  30.0          
      2133,  10.921052631579,  12.708333333333,  30.0          
      2134,  2.2912287390916,  21.750095233159,  30.0          
      2135,  2.0828955965767,  21.943009341883,  30.0          
      2136,  2.0828955965767,  21.549985407341,  30.0          
      2137,  1.8745624540617,  21.742899516065,  30.0          
      2138,  1.4579208005602,  22.522780012509,  30.0          
      2139,  1.2496122895735,  22.716379792234,  30.0          
      2140,  1.2496122895735,  22.322670591815,  30.0          
      2141,  1.0413037785869,  22.51627037154 ,  30.0          
      2142,  0.6247464507002,  23.298207803998,  30.0          
      2143,  0.4164976338001,  23.098099266934,  30.0          
      2144,  0.4164976338001,  23.492493594538,  30.0          
      2145,  0.2082488169001,  23.292385057473,  30.0          
      2146,  6.1816021137796,  16.874665624245,  30.0          
      2147,  5.9842336927269,  17.082998957578,  30.0          
      2148,  6.380709476523 ,  17.083221874748,  30.0          
      2149,  6.1833410554704,  17.291555208082,  30.0          
      2150,  4.3740856546184,  18.648674059931,  30.0          
      2151,  4.5827721598132,  18.853127239768,  30.0          
      2152,  4.582675379678 ,  18.459688173473,  30.0          
      2153,  4.7913618848728,  18.66414135331 ,  30.0          
      2154,  6.9736842105263,  16.458333333333,  30.0          
      2155,  7.171052631579 ,  16.25          ,  30.0          
      2156,  6.7763157894737,  16.25          ,  30.0          
      2157,  6.9736842105263,  16.041666666667,  30.0          
      2158,  7.7631578947368,  15.625         ,  30.0          
      2159,  7.9605263157895,  15.416666666667,  30.0          
      2160,  7.5657894736842,  15.416666666667,  30.0          
      2161,  7.7631578947368,  15.208333333333,  30.0          
      2162,  3.9575706585913,  19.425420167682,  30.0          
      2163,  3.749371972444 ,  19.617359768669,  30.0          
      2164,  3.7492326279319,  19.22364826044 ,  30.0          
      2165,  3.5410339417846,  19.415587861426,  30.0          
      2166,  8.5526315789474,  14.791666666667,  30.0          
      2167,  8.75           ,  14.583333333333,  30.0          
      2168,  8.3552631578948,  14.583333333333,  30.0          
      2169,  8.5526315789474,  14.375         ,  30.0          
      2170,  3.1245608632845,  20.19427137343 ,  30.0          
      2171,  2.916239744893 ,  20.386945697902,  30.0          
      2172,  2.9162629040747,  19.993091245074,  30.0          
      2173,  2.7079417856832,  20.185765569546,  30.0          
      2174,  9.3421052631579,  13.958333333333,  30.0          
      2175,  9.5394736842105,  13.75          ,  30.0          
      2176,  9.1447368421053,  13.75          ,  30.0          
      2177,  9.3421052631579,  13.541666666667,  30.0          
      2178,  10.131578947368,  13.125         ,  30.0          
      2179,  10.328947368421,  12.916666666667,  30.0          
      2180,  9.9342105263158,  12.916666666667,  30.0          
      2181,  10.131578947368,  12.708333333333,  30.0          
      2182,  2.2912287390916,  20.964390017269,  30.0          
      2183,  2.0828955965767,  21.156961472798,  30.0          
      2184,  2.0828955965767,  20.763937538256,  30.0          
      2185,  1.8745624540617,  20.956508993786,  30.0          
      2186,  1.4579208005602,  21.735704224352,  30.0          
      2187,  1.2496122895735,  21.928961391395,  30.0          
      2188,  1.2496122895735,  21.535252190975,  30.0          
      2189,  1.0413037785869,  21.728509358018,  30.0          
      2190,  0.6247464507002,  22.509761663292,  30.0          
      2191,  0.4164976338001,  22.309310611726,  30.0          
      2192,  0.4164976338001,  22.70370493933 ,  30.0          
      2193,  0.2082488169001,  22.503253887764,  30.0          
      2194,  5.3849626489194,  16.872417640333,  30.0          
      2195,  5.1893331695576,  17.080973890837,  30.0          
      2196,  5.5871082570718,  17.082249629608,  30.0          
      2197,  5.39147877771  ,  17.290805880111,  30.0          
      2198,  4.3741741217808,  17.856025130108,  30.0          
      2199,  4.5827048687321,  18.065263530198,  30.0          
      2200,  4.5828606269756,  17.669853309945,  30.0          
      2201,  4.7913913739269,  17.879091710036,  30.0          
      2202,  6.1805587566413,  16.457943132571,  30.0          
      2203,  6.3796661193848,  16.249832716408,  30.0          
      2204,  5.9811036213122,  16.249498149222,  30.0          
      2205,  6.1802109840557,  16.041387733059,  30.0          
      2206,  6.9736842105263,  15.625         ,  30.0          
      2207,  7.171052631579 ,  15.416666666667,  30.0          
      2208,  6.7763157894737,  15.416666666667,  30.0          
      2209,  6.9736842105263,  15.208333333333,  30.0          
      2210,  3.957275768066 ,  18.635365887114,  30.0          
      2211,  3.7491334761583,  18.828291933656,  30.0          
      2212,  3.7490745171232,  18.431290788318,  30.0          
      2213,  3.5409322252155,  18.62421683486 ,  30.0          
      2214,  7.7631578947368,  14.791666666667,  30.0          
      2215,  7.9605263157895,  14.583333333333,  30.0          
      2216,  7.5657894736842,  14.583333333333,  30.0          
      2217,  7.7631578947368,  14.375         ,  30.0          
      2218,  3.1245401443623,  19.40615243607 ,  30.0          
      2219,  2.9162945945045,  19.598898591251,  30.0          
      2220,  2.9163348161822,  19.204367736431,  30.0          
      2221,  2.7080892663244,  19.397113891612,  30.0          
      2222,  8.5526315789474,  13.958333333333,  30.0          
      2223,  8.75           ,  13.75          ,  30.0          
      2224,  8.3552631578948,  13.75          ,  30.0          
      2225,  8.5526315789474,  13.541666666667,  30.0          
      2226,  9.3421052631579,  13.125         ,  30.0          
      2227,  9.5394736842105,  12.916666666667,  30.0          
      2228,  9.1447368421053,  12.916666666667,  30.0          
      2229,  9.3421052631579,  12.708333333333,  30.0          
      2230,  2.2913094566859,  20.177332195072,  30.0          
      2231,  2.0829411315329,  20.370288646762,  30.0          
      2232,  2.0830322014453,  19.976014798317,  30.0          
      2233,  1.8746638762924,  20.168971250008,  30.0          
      2234,  1.4579208005602,  20.948628436195,  30.0          
      2235,  1.2496122895735,  21.141542990555,  30.0          
      2236,  1.2496122895735,  20.747833790136,  30.0          
      2237,  1.0413037785869,  20.940748344496,  30.0          
      2238,  0.6247464507002,  21.721315522586,  30.0          
      2239,  0.4164976338001,  21.520521956519,  30.0          
      2240,  0.4164976338001,  21.914916284122,  30.0          
      2241,  0.2082488169001,  21.714122718055,  30.0          
      2242,  4.5744786957788,  16.854826745872,  30.0          
      2243,  4.3707251359273,  17.050732835055,  30.0          
      2244,  4.7838721291761,  17.070468292653,  30.0          
      2245,  4.5801185693246,  17.266374381836,  30.0          
      2246,  5.3814420044479,  16.455188785102,  30.0          
      2247,  5.5815008983239,  16.248242457695,  30.0          
      2248,  5.1808579504197,  16.246065641825,  30.0          
      2249,  5.3809168442956,  16.039119314418,  30.0          
      2250,  6.1800180842116,  15.624830069205,  30.0          
      2251,  6.3794732195407,  15.416608385886,  30.0          
      2252,  5.98052492178  ,  15.416491824326,  30.0          
      2253,  6.1799800571091,  15.208270141007,  30.0          
      2254,  3.9575267736303,  17.838706222656,  30.0          
      2255,  3.7492665445793,  18.032855410408,  30.0          
      2256,  3.7497095585265,  17.632985799928,  30.0          
      2257,  3.5414493294754,  17.82713498768 ,  30.0          
      2258,  6.9736842105263,  14.791666666667,  30.0          
      2259,  7.171052631579 ,  14.583333333333,  30.0          
      2260,  6.7763157894737,  14.583333333333,  30.0          
      2261,  6.9736842105263,  14.375         ,  30.0          
      2262,  3.1246164037309,  18.613986520553,  30.0          
      2263,  2.9164136403464,  18.808216520697,  30.0          
      2264,  2.9165310669969,  18.41044494405 ,  30.0          
      2265,  2.7083283036123,  18.604674944193,  30.0          
      2266,  7.7631578947368,  13.958333333333,  30.0          
      2267,  7.9605263157895,  13.75          ,  30.0          
      2268,  7.5657894736842,  13.75          ,  30.0          
      2269,  7.7631578947368,  13.541666666667,  30.0          
      2270,  2.2915730118727,  19.388325482858,  30.0          
      2271,  2.0831799664208,  19.581467110214,  30.0          
      2272,  2.0833844264592,  19.186645582452,  30.0          
      2273,  1.8749913810072,  19.379787209808,  30.0          
      2274,  8.5526315789474,  13.125         ,  30.0          
      2275,  8.75           ,  12.916666666667,  30.0          
      2276,  8.3552631578947,  12.916666666667,  30.0          
      2277,  8.5526315789474,  12.708333333333,  30.0          
      2278,  1.4580320340928,  20.160635046735,  30.0          
      2279,  1.2496676358317,  20.35372925296 ,  30.0          
      2280,  1.2497783283482,  19.959229379028,  30.0          
      2281,  1.0414139300871,  20.152323585253,  30.0          
      2282,  0.6247464507002,  20.93286938188 ,  30.0          
      2283,  0.4164976338001,  20.731733301311,  30.0          
      2284,  0.4164976338001,  21.126127628915,  30.0          
      2285,  0.2082488169001,  20.924991548346,  30.0          
      2286,  4.775775450757 ,  16.240804869762,  30.0          
      2287,  4.5713365920262,  16.442842716762,  30.0          
      2288,  4.5706922580668,  16.030422294507,  30.0          
      2289,  4.3662533993359,  16.232460141507,  30.0          
      2290,  5.3805859928843,  15.623288784985,  30.0          
      2291,  5.5807842472243,  15.41596326722 ,  30.0          
      2292,  5.1802511958738,  15.41502271457 ,  30.0          
      2293,  5.3804494502138,  15.207697196805,  30.0          
      2294,  3.9567789583861,  17.035638843979,  30.0          
      2295,  3.7496686714847,  17.231731788194,  30.0          
      2296,  3.7491438834538,  16.829093375207,  30.0          
      2297,  3.5420335965525,  17.025186319423,  30.0          
      2298,  6.1799705553583,  14.791703303237,  30.0          
      2299,  6.37946371779  ,  14.58337488145 ,  30.0          
      2300,  5.9804964165278,  14.583457977682,  30.0          
      2301,  6.1799895789594,  14.375129555895,  30.0          
      2302,  3.1251949688453,  17.81687177673 ,  30.0          
      2303,  2.9167845553073,  18.011976669496,  30.0          
      2304,  2.9171741052777,  17.612811697037,  30.0          
      2305,  2.7087636917398,  17.807916589804,  30.0          
      2306,  6.9736842105263,  13.958333333333,  30.0          
      2307,  7.171052631579 ,  13.75          ,  30.0          
      2308,  6.7763157894737,  13.75          ,  30.0          
      2309,  6.9736842105263,  13.541666666667,  30.0          
      2310,  7.7631578947368,  13.125         ,  30.0          
      2311,  7.9605263157895,  12.916666666667,  30.0          
      2312,  7.5657894736842,  12.916666666667,  30.0          
      2313,  7.7631578947368,  12.708333333333,  30.0          
      2314,  2.2919366123276,  18.595924047491,  30.0          
      2315,  2.0835878137904,  18.79053187877 ,  30.0          
      2316,  2.0837901284143,  18.393125999167,  30.0          
      2317,  1.875441329877 ,  18.587733830446,  30.0          
      2318,  1.4583818613292,  19.371330116898,  30.0          
      2319,  1.2499484158452,  19.564560801288,  30.0          
      2320,  1.2501778983227,  19.169723519741,  30.0          
      2321,  1.0417444528387,  19.362954204131,  30.0          
      2322,  0.6248286585632,  20.144020627726,  30.0          
      2323,  0.4165798416632,  19.942542032655,  30.0          
      2324,  0.4165250364211,  20.337204769225,  30.0          
      2325,  0.2082762195211,  20.135726174154,  30.0          
      2326,  4.7750971750739,  15.413223757402,  30.0          
      2327,  4.5702898855182,  15.61805357997 ,  30.0          
      2328,  4.5701294743806,  15.20573657315 ,  30.0          
      2329,  4.3653221848248,  15.410566395717,  30.0          
      2330,  5.3804125753387,  14.792044934528,  30.0          
      2331,  5.5807283688477,  14.58384399607 ,  30.0          
      2332,  5.1801595747497,  14.584532936613,  30.0          
      2333,  5.3804753682588,  14.376331998156,  30.0          
      2334,  3.9550400743958,  16.22463524419 ,  30.0          
      2335,  3.7487346323023,  16.424378439858,  30.0          
      2336,  3.7484409180302,  16.017586982146,  30.0          
      2337,  3.5421354759367,  16.217330177814,  30.0          
      2338,  6.1801707142871,  13.958575273297,  30.0          
      2339,  6.3796448531177,  13.750153932185,  30.0          
      2340,  5.9810398225109,  13.750461796556,  30.0          
      2341,  6.1805139613414,  13.542040455444,  30.0          
      2342,  3.1262628810422,  17.016051598931,  30.0          
      2343,  2.9176168633558,  17.212686175762,  30.0          
      2344,  2.9181128295417,  16.811600105673,  30.0          
      2345,  2.7094668118553,  17.008234682504,  30.0          
      2346,  6.9736842105263,  13.125         ,  30.0          
      2347,  7.171052631579 ,  12.916666666667,  30.0          
      2348,  6.7763157894737,  12.916666666667,  30.0          
      2349,  6.9736842105263,  12.708333333333,  30.0          
      2350,  2.2923065307549,  17.799855675639,  30.0          
      2351,  2.0839781470245,  17.995347707152,  30.0          
      2352,  2.084151869621 ,  17.597197002723,  30.0          
      2353,  1.8758234858906,  17.792689034236,  30.0          
      2354,  1.4588569652138,  18.579745664647,  30.0          
      2355,  1.2504064406687,  18.774078743169,  30.0          
      2356,  1.2506340428832,  18.377626471573,  30.0          
      2357,  1.0421835183381,  18.571959550095,  30.0          
      2358,  0.6250693114451,  19.3546010016  ,  30.0          
      2359,  0.416765689303 ,  19.153048300993,  30.0          
      2360,  0.4166600592904,  19.547823209912,  30.0          
      2361,  0.2083564371484,  19.346270509305,  30.0          
      2362,  4.7749817682271,  14.585857300486,  30.0          
      2363,  4.5700688137826,  14.793207631914,  30.0          
      2364,  4.5701079037244,  14.380466756262,  30.0          
      2365,  4.3651949492799,  14.587817087689,  30.0          
      2366,  3.9543542722333,  15.407927054601,  30.0          
      2367,  3.7482839578302,  15.610403823809,  30.0          
      2368,  3.7482637517023,  15.202828964845,  30.0          
      2369,  3.5421934372992,  15.405305734053,  30.0          
      2370,  5.3807389961694,  13.960436965894,  30.0          
      2371,  5.5813542674137,  13.75150706528 ,  30.0          
      2372,  5.1805881878261,  13.753289738358,  30.0          
      2373,  5.3812034590705,  13.544359837743,  30.0          
      2374,  3.1271867655616,  16.210938922392,  30.0          
      2375,  2.9185255835254,  16.409628635393,  30.0          
      2376,  2.9188551253067,  16.006771764924,  30.0          
      2377,  2.7101939432705,  16.205461477925,  30.0          
      2378,  6.1815668202304,  13.125329784888,  30.0          
      2379,  6.3806977120066,  12.916776594963,  30.0          
      2380,  5.9841983991778,  12.916996451555,  30.0          
      2381,  6.183329290954 ,  12.708443261629,  30.0          
      2382,  2.2927583969206,  17.001501185021,  30.0          
      2383,  2.0843433737493,  17.19839889813 ,  30.0          
      2384,  2.0845526594092,  16.798953393374,  30.0          
      2385,  1.876137636238 ,  16.995851106483,  30.0          
      2386,  1.4592276080891,  17.78584514759 ,  30.0          
      2387,  1.250810548355 ,  17.980992458711,  30.0          
      2388,  1.2509359570843,  17.584176704582,  30.0          
      2389,  1.0425188973502,  17.779324015702,  30.0          
      2390,  0.6253850961752,  18.564207764351,  30.0          
      2391,  0.4169758440205,  18.362693130558,  30.0          
      2392,  0.4168709508797,  18.758004941208,  30.0          
      2393,  0.208461698725 ,  18.556490307415,  30.0          
      2394,  4.5703996217183,  13.967650455247,  30.0          
      2395,  4.7754384713868,  13.757692833477,  30.0          
      2396,  4.3659051180957,  13.764716350638,  30.0          
      2397,  4.5709439677643,  13.554758728869,  30.0          
      2398,  3.9542383067528,  14.58977170744 ,  30.0          
      2399,  3.7482143611689,  14.794893984477,  30.0          
      2400,  3.7481357862297,  14.386598882703,  30.0          
      2401,  3.5421118406458,  14.59172115974 ,  30.0          
      2402,  3.127620696269 ,  15.402978668795,  30.0          
      2403,  2.9190741344516,  15.60365279675 ,  30.0          
      2404,  2.9191826109601,  15.200271730872,  30.0          
      2405,  2.7106360491427,  15.400945858826,  30.0          
      2406,  5.3847609784171,  13.127240955251,  30.0          
      2407,  5.5870175045382,  12.917633508342,  30.0          
      2408,  5.1891550280881,  12.918687765326,  30.0          
      2409,  5.3914115542092,  12.709080318417,  30.0          
      2410,  2.2932868891553,  16.20093955119 ,  30.0          
      2411,  2.0847667742124,  16.399193493842,  30.0          
      2412,  2.0849857181588,  15.999119199536,  30.0          
      2413,  1.876465603216 ,  16.197373142188,  30.0          
      2414,  1.4594385676174,  16.990591880805,  30.0          
      2415,  1.2510242703935,  17.186963260957,  30.0          
      2416,  1.2510754882828,  16.789352127835,  30.0          
      2417,  1.0426611910589,  16.985723507987,  30.0          
      2418,  0.6256234064856,  17.772837061003,  30.0          
      2419,  0.4171092611901,  17.571897395755,  30.0          
      2420,  0.4170552807907,  17.96732394874 ,  30.0          
      2421,  0.2085411354952,  17.766384283492,  30.0          
      2422,  3.9547446199758,  13.771432500542,  30.0          
      2423,  3.7482236486308,  13.978544111841,  30.0          
      2424,  3.7484779483721,  13.57072967189 ,  30.0          
      2425,  3.541956977027 ,  13.777841283189,  30.0          
      2426,  4.5741447392572,  13.142592700185,  30.0          
      2427,  4.3704981116594,  12.945701355127,  30.0          
      2428,  4.7836485637951,  12.928043714254,  30.0          
      2429,  4.5800019361972,  12.731152369196,  30.0          
      2430,  3.1275802024064,  14.593555405623,  30.0          
      2431,  2.9191743232175,  14.796498061645,  30.0          
      2432,  2.9190492712237,  14.392331789069,  30.0          
      2433,  2.7106433920348,  14.59527444509 ,  30.0          
      2434,  2.2936732851788,  15.399380078825,  30.0          
      2435,  2.0851490174551,  15.598956378096,  30.0          
      2436,  2.0852566721012,  15.19870502952 ,  30.0          
      2437,  1.8767324043774,  15.398281328791,  30.0          
      2438,  1.459616099737 ,  16.194152130596,  30.0          
      2439,  1.2511391682275,  16.39163044239 ,  30.0          
      2440,  1.2512153102278,  15.99379820462 ,  30.0          
      2441,  1.0427383787182,  16.191276516414,  30.0          
      2442,  0.6257043770847,  16.980888043815,  30.0          
      2443,  0.4171362513898,  16.780638089447,  30.0          
      2444,  0.4171362513898,  17.176335442657,  30.0          
      2445,  0.2085681256949,  16.976085488289,  30.0          
      2446,  4.3742470982749,  12.139794323706,  30.0          
      2447,  4.5828809667586,  12.327543376419,  30.0          
      2448,  4.5827818309413,  11.931765721855,  30.0          
      2449,  4.791415699425 ,  12.119514774568,  30.0          
      2450,  3.9565977775651,  12.959261368552,  30.0          
      2451,  3.7489388838907,  13.165407506727,  30.0          
      2452,  3.7496064551867,  12.762577616352,  30.0          
      2453,  3.5419475615123,  12.968723754528,  30.0          
      2454,  3.1271319470644,  13.783657303795,  30.0          
      2455,  2.9188437419015,  13.988258792929,  30.0          
      2456,  2.9185577352509,  13.584279073227,  30.0          
      2457,  2.710269530088 ,  13.788880562361,  30.0          
      2458,  2.2937226236745,  14.596904300822,  30.0          
      2459,  2.0852903799622,  14.798126996026,  30.0          
      2460,  2.085250141038 ,  14.397222277612,  30.0          
      2461,  1.8768178973256,  14.598444972817,  30.0          
      2462,  1.4597911384344,  15.397348030528,  30.0          
      2463,  1.25128684706  ,  15.595923096509,  30.0          
      2464,  1.2513537787243,  15.198005118056,  30.0          
      2465,  1.0428494873499,  15.396580184036,  30.0          
      2466,  0.6257246386567,  16.188431663571,  30.0          
      2467,  0.4171565129618,  15.989142220308,  30.0          
      2468,  0.4171430052471,  16.38490701533 ,  30.0          
      2469,  0.2085748795522,  16.185617572067,  30.0          
      2470,  4.3742793505005,  11.347942549391,  30.0          
      2471,  4.5827925816832,  11.537606797084,  30.0          
      2472,  4.5829132189842,  11.145066602105,  30.0          
      2473,  4.7914264501668,  11.334730849797,  30.0          
      2474,  3.9576285762441,  12.15520371004 ,  30.0          
      2475,  3.7497672978116,  12.360817996486,  30.0          
      2476,  3.7494214117652,  11.960128647127,  30.0          
      2477,  3.5415601333326,  12.165742933573,  30.0          
      2478,  3.1262841657583,  12.977287223209,  30.0          
      2479,  2.9181803049782,  13.181704356139,  30.0          
      2480,  2.9177114510833,  12.780534641667,  30.0          
      2481,  2.7096075903032,  12.984951774597,  30.0          
      2482,  2.2934621559142,  13.793629657842,  30.0          
      2483,  2.0851580059023,  13.996268521222,  30.0          
      2484,  2.0850139745551,  13.595265726856,  30.0          
      2485,  1.8767098245432,  13.797904590237,  30.0          
      2486,  1.4598948575933,  14.599968430493,  30.0          
      2487,  1.2514057127959,  14.7998838405  ,  30.0          
      2488,  1.2514426492748,  14.401559263842,  30.0          
      2489,  1.0429535044774,  14.60147467385 ,  30.0          
      2490,  0.6257839963557,  15.395831406119,  30.0          
      2491,  0.4172023629461,  15.197569915773,  30.0          
      2492,  0.4171762988614,  15.593363187122,  30.0          
      2493,  0.2085946654519,  15.395101696776,  30.0          
      2494,  4.3746025771668,  10.56203184966 ,  30.0          
      2495,  4.5830209612063,  10.752888035528,  30.0          
      2496,  4.5831158083495,  10.361071097352,  30.0          
      2497,  4.7915341923889,  10.55192728322 ,  30.0          
      2498,  3.9575170172537,  11.359744494258,  30.0          
      2499,  3.7492883512911,  11.562362280887,  30.0          
      2500,  3.7493681163892,  11.167518897766,  30.0          
      2501,  3.5411394504265,  11.370136684396,  30.0          
      2502,  3.1252930804007,  12.175503911182,  30.0          
      2503,  2.9172686365302,  12.379972530728,  30.0          
      2504,  2.9168518613189,  11.980018023322,  30.0          
      2505,  2.7088274174484,  12.184486642868,  30.0          
      2506,  2.2929681249691,  12.992051799613,  30.0          
      2507,  2.0848044531221,  13.195041939305,  30.0          
      2508,  2.0845294416033,  12.795597158567,  30.0          
      2509,  1.8763657697562,  12.998587298259,  30.0          
      2510,  1.4598906890368,  13.802014863782,  30.0          
      2511,  1.2514544183651,  14.003192323322,  30.0          
      2512,  1.2514410200667,  13.604783018937,  30.0          
      2513,  1.043004749395 ,  13.805960478477,  30.0          
      2514,  0.6258621209396,  14.60298663612 ,  30.0          
      2515,  0.4172544234454,  14.405781575018,  30.0          
      2516,  0.4172284044741,  14.801709378405,  30.0          
      2517,  0.2086207069799,  14.604504317303,  30.0          
      2518,  4.3747448478816,  9.7784797523051,  30.0          
      2519,  4.583163231921 ,  9.9696787315674,  30.0          
      2520,  4.583163231921 ,  9.5787109381726,  30.0          
      2521,  4.7915816159605,  9.769909917435 ,  30.0          
      2522,  3.9578229986174,  10.571812693677,  30.0          
      2523,  3.7494586133086,  10.773319230339,  30.0          
      2524,  3.7495598420494,  10.379763278607,  30.0          
      2525,  3.5411954567407,  10.58126981527 ,  30.0          
      2526,  3.1247164207532,  11.380039156968,  30.0          
      2527,  2.9165628241034,  11.582393152045,  30.0          
      2528,  2.9164015248837,  11.187097916898,  30.0          
      2529,  2.7082479282339,  11.389451911974,  30.0          
      2530,  2.2923222774915,  12.193068071606,  30.0          
      2531,  2.0842209524273,  12.39651645135 ,  30.0          
      2532,  2.0838789855941,  11.997799817652,  30.0          
      2533,  1.8757776605299,  12.201248197396,  30.0          
      2534,  1.4596620013832,  13.00492232684 ,  30.0          
      2535,  1.251346865767 ,  13.206783986422,  30.0          
      2536,  1.2511719554661,  12.809195225775,  30.0          
      2537,  1.0428568198499,  13.011056885357,  30.0          
      2538,  0.6259213346806,  13.809897332789,  30.0          
      2539,  0.4172876182151,  13.613883232969,  30.0          
      2540,  0.417274161359 ,  14.009839526539,  30.0          
      2541,  0.2086404448935,  13.813825426719,  30.0          
      2542,  4.3747448478816,  8.9962013721207,  30.0          
      2543,  4.583163231921 ,  9.1877431447778,  30.0          
      2544,  4.583163231921 ,  8.796775351383 ,  30.0          
      2545,  4.7915816159605,  8.9883171240402,  30.0          
      2546,  3.957968460131 ,  9.7870483458032,  30.0          
      2547,  3.7496104564199,  9.9871586623037,  30.0          
      2548,  3.7496104564199,  9.595505381429 ,  30.0          
      2549,  3.5412524527088,  9.7956156979295,  30.0          
      2550,  3.1245781030452,  10.590562845862,  30.0          
      2551,  2.9162976977809,  10.792288807491,  30.0          
      2552,  2.916251342795 ,  10.397965823825,  30.0          
      2553,  2.7079709375308,  10.599691785454,  30.0          
      2554,  2.29172013997  ,  11.398650113213,  30.0          
      2555,  2.0835673000717,  11.600791718876,  30.0          
      2556,  2.0832858958599,  11.20549215502 ,  30.0          
      2557,  1.8751330559616,  11.407633760683,  30.0          
      2558,  1.459143590186 ,  12.209289893704,  30.0          
      2559,  1.2509331643193,  12.411821186284,  30.0          
      2560,  1.2506304923266,  12.014661867948,  30.0          
      2561,  1.0424200664598,  12.217193160528,  30.0          
      2562,  0.6258406718125,  13.01717207083 ,  30.0          
      2563,  0.4171934984909,  12.822377422474,  30.0          
      2564,  0.4172607305924,  13.218062531614,  30.0          
      2565,  0.2086135572708,  13.023267883259,  30.0          
      2566,  4.3747448478816,  8.2139229919363,  30.0          
      2567,  4.583163231921 ,  8.4058075579882,  30.0          
      2568,  4.583163231921 ,  8.0148397645934,  30.0          
      2569,  4.7915816159605,  8.2067243306454,  30.0          
      2570,  3.957968460131 ,  9.004084478139 ,  30.0          
      2571,  3.7496104564199,  9.2038521005544,  30.0          
      2572,  3.7496104564199,  8.8121988196797,  30.0          
      2573,  3.5412524527088,  9.0119664420952,  30.0          
      2574,  3.1245613071499,  9.8041825389155,  30.0          
      2575,  2.9162281653021,  10.004635017915,  30.0          
      2576,  2.9162281653021,  9.6122963897616,  30.0          
      2577,  2.7078950234544,  9.8127488687612,  30.0          
      2578,  2.2913438749695,  10.608744295423,  30.0          
      2579,  2.0830827944597,  10.810537354344,  30.0          
      2580,  2.082957995871 ,  10.415927316848,  30.0          
      2581,  1.8746969153612,  10.617720375769,  30.0          
      2582,  1.4585129081633,  11.416543107573,  30.0          
      2583,  1.2503327293498,  11.618521419754,  30.0          
      2584,  1.2500398753888,  11.223399841701,  30.0          
      2585,  1.0418596965753,  11.425378153882,  30.0          
      2586,  0.6255437284476,  12.22506912177 ,  30.0          
      2587,  0.4169637872275,  12.03122274045 ,  30.0          
      2588,  0.4170945173693,  12.426764158753,  30.0          
      2589,  0.2085145761492,  12.232917777432,  30.0          
      2590,  4.3747448478816,  7.4316446117518,  30.0          
      2591,  4.583163231921 ,  7.6238719711986,  30.0          
      2592,  4.583163231921 ,  7.2329041778038,  30.0          
      2593,  4.7915816159605,  7.4251315372506,  30.0          
      2594,  3.957968460131 ,  8.2211206104747,  30.0          
      2595,  3.7496104564199,  8.4205455388051,  30.0          
      2596,  3.7496104564199,  8.0288922579304,  30.0          
      2597,  3.5412524527088,  8.2283171862608,  30.0          
      2598,  3.1245613071499,  9.0198479358023,  30.0          
      2599,  2.9162281653021,  9.2199577616081,  30.0          
      2600,  2.9162281653021,  8.8276191334545,  30.0          
      2601,  2.7078950234544,  9.0277289592603,  30.0          
      2602,  2.2912287390916,  9.8213151986206,  30.0          
      2603,  2.0828955965767,  10.022110330828,  30.0          
      2604,  2.0828955965767,  9.6290863962861,  30.0          
      2605,  1.8745624540617,  9.8298815284938,  30.0          
      2606,  1.458063152274 ,  10.626673773868,  30.0          
      2607,  1.2498231586997,  10.828489092235,  30.0          
      2608,  1.2496825792822,  10.433789171354,  30.0          
      2609,  1.0414425857079,  10.635604489721,  30.0          
      2610,  0.6251498180859,  11.434188863041,  30.0          
      2611,  0.4167006070076,  11.241147057918,  30.0          
      2612,  0.4168324837736,  11.636017040172,  30.0          
      2613,  0.2083832726953,  11.442975235049,  30.0          
      2614,  4.3747448478816,  6.6493662315674,  30.0          
      2615,  4.583163231921 ,  6.841936384409 ,  30.0          
      2616,  4.583163231921 ,  6.4509685910142,  30.0          
      2617,  4.7915816159605,  6.6435387438558,  30.0          
      2618,  3.957968460131 ,  7.4381567428104,  30.0          
      2619,  3.7496104564199,  7.6372389770558,  30.0          
      2620,  3.7496104564199,  7.2455856961811,  30.0          
      2621,  3.5412524527088,  7.4446679304264,  30.0          
      2622,  3.1245613071499,  8.235513332689 ,  30.0          
      2623,  2.9162281653021,  8.435280505301 ,  30.0          
      2624,  2.9162281653021,  8.0429418771474,  30.0          
      2625,  2.7078950234544,  8.2427090497594,  30.0          
      2626,  2.2912287390916,  9.035609982731 ,  30.0          
      2627,  2.0828955965767,  9.2360624617438,  30.0          
      2628,  2.0828955965767,  8.8430385272015,  30.0          
      2629,  1.8745624540617,  9.0434910062143,  30.0          
      2630,  1.4579208005602,  9.8384473519622,  30.0          
      2631,  1.2496122895735,  10.039584610704,  30.0          
      2632,  1.2496122895735,  9.6458754102841,  30.0          
      2633,  1.0413037785869,  9.8470126690258,  30.0          
      2634,  0.6248492268186,  10.644526069946,  30.0          
      2635,  0.4165318925062,  10.451617404972,  30.0          
      2636,  0.4166004099185,  10.846347179518,  30.0          
      2637,  0.2082830756062,  10.653438514544,  30.0          
      2638,  4.3747448478816,  5.867087851383 ,  30.0          
      2639,  4.583163231921 ,  6.0600007976194,  30.0          
      2640,  4.583163231921 ,  5.6690330042246,  30.0          
      2641,  4.7915816159605,  5.861945950461 ,  30.0          
      2642,  3.957968460131 ,  6.6551928751462,  30.0          
      2643,  3.7496104564199,  6.8539324153065,  30.0          
      2644,  3.7496104564199,  6.4622791344318,  30.0          
      2645,  3.5412524527088,  6.6610186745921,  30.0          
      2646,  3.1245613071499,  7.4511787295758,  30.0          
      2647,  2.9162281653021,  7.6506032489939,  30.0          
      2648,  2.9162281653021,  7.2582646208404,  30.0          
      2649,  2.7078950234544,  7.4576891402585,  30.0          
      2650,  2.2912287390916,  8.2499047668414,  30.0          
      2651,  2.0828955965767,  8.4500145926592,  30.0          
      2652,  2.0828955965767,  8.0569906581169,  30.0          
      2653,  1.8745624540617,  8.2571004839348,  30.0          
      2654,  1.4579208005602,  9.0513715638052,  30.0          
      2655,  1.2496122895735,  9.2521662098643,  30.0          
      2656,  1.2496122895735,  8.8584570094446,  30.0          
      2657,  1.0413037785869,  9.0592516555037,  30.0          
      2658,  0.6247464507002,  9.8555767588261,  30.0          
      2659,  0.4164976338001,  9.6626610262927,  30.0          
      2660,  0.4164976338001,  10.057055353896,  30.0          
      2661,  0.2082488169001,  9.8641396213631,  30.0          
      2662,  4.3747448478816,  5.0848094711986,  30.0          
      2663,  4.583163231921 ,  5.2780652108298,  30.0          
      2664,  4.583163231921 ,  4.887097417435 ,  30.0          
      2665,  4.7915816159605,  5.0803531570662,  30.0          
      2666,  3.957968460131 ,  5.8722290074819,  30.0          
      2667,  3.7496104564199,  6.0706258535572,  30.0          
      2668,  3.7496104564199,  5.6789725726825,  30.0          
      2669,  3.5412524527088,  5.8773694187577,  30.0          
      2670,  3.1245613071499,  6.6668441264625,  30.0          
      2671,  2.9162281653021,  6.8659259926868,  30.0          
      2672,  2.9162281653021,  6.4735873645333,  30.0          
      2673,  2.7078950234544,  6.6726692307576,  30.0          
      2674,  2.2912287390916,  7.4641995509517,  30.0          
      2675,  2.0828955965767,  7.6639667235746,  30.0          
      2676,  2.0828955965767,  7.2709427890324,  30.0          
      2677,  1.8745624540617,  7.4707099616553,  30.0          
      2678,  1.4579208005602,  8.2642957756482,  30.0          
      2679,  1.2496122895735,  8.4647478090248,  30.0          
      2680,  1.2496122895735,  8.071038608605 ,  30.0          
      2681,  1.0413037785869,  8.2714906419816,  30.0          
      2682,  0.6247464507002,  9.06713061812  ,  30.0          
      2683,  0.4164976338001,  8.8738723710851,  30.0          
      2684,  0.4164976338001,  9.2682666986889,  30.0          
      2685,  0.2082488169001,  9.075008451654 ,  30.0          
      2686,  4.3747448478816,  4.3025310910142,  30.0          
      2687,  4.583163231921 ,  4.4961296240402,  30.0          
      2688,  4.583163231921 ,  4.1051618306454,  30.0          
      2689,  4.7915816159605,  4.2987603636714,  30.0          
      2690,  3.957968460131 ,  5.0892651398177,  30.0          
      2691,  3.7496104564199,  5.2873192918078,  30.0          
      2692,  3.7496104564199,  4.8956660109332,  30.0          
      2693,  3.5412524527088,  5.0937201629233,  30.0          
      2694,  3.1245613071499,  5.8825095233493,  30.0          
      2695,  2.9162281653021,  6.0812487363798,  30.0          
      2696,  2.9162281653021,  5.6889101082262,  30.0          
      2697,  2.7078950234544,  5.8876493212567,  30.0          
      2698,  2.2912287390916,  6.678494335062 ,  30.0          
      2699,  2.0828955965767,  6.8779188544901,  30.0          
      2700,  2.0828955965767,  6.4848949199478,  30.0          
      2701,  1.8745624540617,  6.6843194393758,  30.0          
      2702,  1.4579208005602,  7.4772199874912,  30.0          
      2703,  1.2496122895735,  7.6773294081853,  30.0          
      2704,  1.2496122895735,  7.2836202077655,  30.0          
      2705,  1.0413037785869,  7.4837296284596,  30.0          
      2706,  0.6247464507002,  8.2786844774139,  30.0          
      2707,  0.4164976338001,  8.0850837158776,  30.0          
      2708,  0.4164976338001,  8.4794780434813,  30.0          
      2709,  0.2082488169001,  8.285877281945 ,  30.0          
      2710,  4.3747448478816,  3.5202527108298,  30.0          
      2711,  4.583163231921 ,  3.7141940372506,  30.0          
      2712,  4.583163231921 ,  3.3232262438558,  30.0          
      2713,  4.7915816159605,  3.5171675702766,  30.0          
      2714,  3.957968460131 ,  4.3063012721534,  30.0          
      2715,  3.7496104564199,  4.5040127300585,  30.0          
      2716,  3.7496104564199,  4.1123594491839,  30.0          
      2717,  3.5412524527088,  4.310070907089 ,  30.0          
      2718,  3.1245613071499,  5.0981749202361,  30.0          
      2719,  2.9162281653021,  5.2965714800727,  30.0          
      2720,  2.9162281653021,  4.9042328519192,  30.0          
      2721,  2.7078950234544,  5.1026294117558,  30.0          
      2722,  2.2912287390916,  5.8927891191724,  30.0          
      2723,  2.0828955965767,  6.0918709854055,  30.0          
      2724,  2.0828955965767,  5.6988470508632,  30.0          
      2725,  1.8745624540617,  5.8979289170963,  30.0          
      2726,  1.4579208005602,  6.6901441993343,  30.0          
      2727,  1.2496122895735,  6.8899110073458,  30.0          
      2728,  1.2496122895735,  6.496201806926 ,  30.0          
      2729,  1.0413037785869,  6.6959686149375,  30.0          
      2730,  0.6247464507002,  7.4902383367078,  30.0          
      2731,  0.4164976338001,  7.29629506067  ,  30.0          
      2732,  0.4164976338001,  7.6906893882738,  30.0          
      2733,  0.2082488169001,  7.4967461122359,  30.0          
      2734,  4.3747448478816,  2.7379743306454,  30.0          
      2735,  4.583163231921 ,  2.932258450461 ,  30.0          
      2736,  4.583163231921 ,  2.5412906570662,  30.0          
      2737,  4.7915816159605,  2.7355747768818,  30.0          
      2738,  3.957968460131 ,  3.5233374044892,  30.0          
      2739,  3.7496104564199,  3.7207061683092,  30.0          
      2740,  3.7496104564199,  3.3290528874346,  30.0          
      2741,  3.5412524527088,  3.5264216512546,  30.0          
      2742,  3.1245613071499,  4.3138403171228,  30.0          
      2743,  2.9162281653021,  4.5118942237656,  30.0          
      2744,  2.9162281653021,  4.1195555956121,  30.0          
      2745,  2.7078950234544,  4.3176095022549,  30.0          
      2746,  2.2912287390916,  5.1070839032827,  30.0          
      2747,  2.0828955965767,  5.3058231163209,  30.0          
      2748,  2.0828955965767,  4.9127991817786,  30.0          
      2749,  1.8745624540617,  5.1115383948168,  30.0          
      2750,  1.4579208005602,  5.9030684111773,  30.0          
      2751,  1.2496122895735,  6.1024926065063,  30.0          
      2752,  1.2496122895735,  5.7087834060865,  30.0          
      2753,  1.0413037785869,  5.9082076014155,  30.0          
      2754,  0.6247464507002,  6.7017921960017,  30.0          
      2755,  0.4164976338001,  6.5075064054624,  30.0          
      2756,  0.4164976338001,  6.9019007330662,  30.0          
      2757,  0.2082488169001,  6.7076149425269,  30.0          
      2758,  4.3747448478816,  1.955695950461 ,  30.0          
      2759,  4.583163231921 ,  2.1503228636714,  30.0          
      2760,  4.583163231921 ,  1.7593550702766,  30.0          
      2761,  4.7915816159605,  1.953981983487 ,  30.0          
      2762,  3.957968460131 ,  2.7403735368249,  30.0          
      2763,  3.7496104564199,  2.9373996065599,  30.0          
      2764,  3.7496104564199,  2.5457463256853,  30.0          
      2765,  3.5412524527088,  2.7427723954203,  30.0          
      2766,  3.1245613071499,  3.5295057140096,  30.0          
      2767,  2.9162281653021,  3.7272169674586,  30.0          
      2768,  2.9162281653021,  3.334878339305 ,  30.0          
      2769,  2.7078950234544,  3.532589592754 ,  30.0          
      2770,  2.2912287390916,  4.3213786873931,  30.0          
      2771,  2.0828955965767,  4.5197752472363,  30.0          
      2772,  2.0828955965767,  4.126751312694 ,  30.0          
      2773,  1.8745624540617,  4.3251478725373,  30.0          
      2774,  1.4579208005602,  5.1159926230203,  30.0          
      2775,  1.2496122895735,  5.3150742056667,  30.0          
      2776,  1.2496122895735,  4.921365005247 ,  30.0          
      2777,  1.0413037785869,  5.1204465878934,  30.0          
      2778,  0.6247464507002,  5.9133460552956,  30.0          
      2779,  0.4164976338001,  5.7187177502548,  30.0          
      2780,  0.4164976338001,  6.1131120778586,  30.0          
      2781,  0.2082488169001,  5.9184837728178,  30.0          
      2782,  4.37475105021  ,  1.1734205086366,  30.0          
      2783,  4.5831652993639,  1.3683882563352,  30.0          
      2784,  4.5831694342495,  0.977422421847 ,  30.0          
      2785,  4.7915836834033,  1.1723901695455,  30.0          
      2786,  3.957968460131 ,  1.9574096691606,  30.0          
      2787,  3.7496104564199,  2.1540930448106,  30.0          
      2788,  3.7496104564199,  1.762439763936 ,  30.0          
      2789,  3.5412524527088,  1.9591231395859,  30.0          
      2790,  3.1245613071499,  2.7451711108963,  30.0          
      2791,  2.9162281653021,  2.9425397111515,  30.0          
      2792,  2.9162281653021,  2.550201082998 ,  30.0          
      2793,  2.7078950234544,  2.7475696832532,  30.0          
      2794,  2.2912287390916,  3.5356734715034,  30.0          
      2795,  2.0828955965767,  3.7337273781518,  30.0          
      2796,  2.0828955965767,  3.3407034436095,  30.0          
      2797,  1.8745624540617,  3.5387573502578,  30.0          
      2798,  1.4579208005602,  4.3289168348634,  30.0          
      2799,  1.2496122895735,  4.5276558048272,  30.0          
      2800,  1.2496122895735,  4.1339466044075,  30.0          
      2801,  1.0413037785869,  4.3326855743713,  30.0          
      2802,  0.6247464507002,  5.1248999145896,  30.0          
      2803,  0.4164976338001,  4.9299290950473,  30.0          
      2804,  0.4164976338001,  5.3243234226511,  30.0          
      2805,  0.2082488169001,  5.1293526031088,  30.0          
      2806,  4.3748786262692,  0.3911421284522,  30.0          
      2807,  4.5832119596026,  0.5864546284522,  30.0          
      2808,  4.5832928754231,  0.1954848761507,  30.0          
      2809,  4.7916262087564,  0.3907973761507,  30.0          
      2810,  3.9579787941433,  1.1744487466519,  30.0          
      2811,  3.7496166555466,  1.3707874693102,  30.0          
      2812,  3.7496290538   ,  0.9791361609332,  30.0          
      2813,  3.5412669152033,  1.1754748835915,  30.0          
      2814,  3.1245613071499,  1.9608365077831,  30.0          
      2815,  2.9162281653021,  2.1578624548444,  30.0          
      2816,  2.9162281653021,  1.7655238266909,  30.0          
      2817,  2.7078950234544,  1.9625497737522,  30.0          
      2818,  2.2912287390916,  2.7499682556138,  30.0          
      2819,  2.0828955965767,  2.9476795090672,  30.0          
      2820,  2.0828955965767,  2.5546555745249,  30.0          
      2821,  1.8745624540617,  2.7523668279783,  30.0          
      2822,  1.4579208005602,  3.5418410467064,  30.0          
      2823,  1.2496122895735,  3.7402374039877,  30.0          
      2824,  1.2496122895735,  3.346528203568 ,  30.0          
      2825,  1.0413037785869,  3.5449245608493,  30.0          
      2826,  0.6247464507002,  4.3364537738835,  30.0          
      2827,  0.4164976338001,  4.1411404398397,  30.0          
      2828,  0.4164976338001,  4.5355347674435,  30.0          
      2829,  0.2082488169001,  4.3402214333998,  30.0          
      2830,  3.7497264396951,  0.5874828800586,  30.0          
      2831,  3.9581612307445,  0.3914848789877,  30.0          
      2832,  3.5414740221823,  0.3918256277571,  30.0          
      2833,  3.7499088132317,  0.1958276266862,  30.0          
      2834,  3.1245778266749,  1.1765019318401,  30.0          
      2835,  2.9162364214593,  1.3731852121166,  30.0          
      2836,  2.9162529337738,  0.9808466111214,  30.0          
      2837,  2.7079115285582,  1.1775298913979,  30.0          
      2838,  2.2912287390916,  1.9642630397241,  30.0          
      2839,  2.0828955965767,  2.1616316399826,  30.0          
      2840,  2.0828955965767,  1.7686077054403,  30.0          
      2841,  1.8745624540617,  1.9659763056988,  30.0          
      2842,  1.4579208005602,  2.7547652585494,  30.0          
      2843,  1.2496122895735,  2.9528190031482,  30.0          
      2844,  1.2496122895735,  2.5591098027284,  30.0          
      2845,  1.0413037785869,  2.7571635473272,  30.0          
      2846,  0.6247464507002,  3.5480076331774,  30.0          
      2847,  0.4164976338001,  3.3523517846322,  30.0          
      2848,  0.4164976338001,  3.7467461122359,  30.0          
      2849,  0.2082488169001,  3.5510902636907,  30.0          
      2850,  2.9163625591149,  0.5885079829679,  30.0          
      2851,  3.1247971731   ,  0.3921673287269,  30.0          
      2852,  2.7081306834976,  0.392509981897 ,  30.0          
      2853,  2.9165652974827,  0.196169327656 ,  30.0          
      2854,  2.2912452297993,  1.1785578509574,  30.0          
      2855,  2.0829038383378,  1.3755837844535,  30.0          
      2856,  2.08292032186  ,  0.9825598770223,  30.0          
      2857,  1.8745789303984,  1.1795858105185,  30.0          
      2858,  1.4579208005602,  1.9676894703924,  30.0          
      2859,  1.2496122895735,  2.1654006023087,  30.0          
      2860,  1.2496122895735,  1.7716914018889,  30.0          
      2861,  1.0413037785869,  1.9694025338052,  30.0          
      2862,  0.6247464507002,  2.7595614924713,  30.0          
      2863,  0.4164976338001,  2.5635631294246,  30.0          
      2864,  0.4164976338001,  2.9579574570284,  30.0          
      2865,  0.2082488169001,  2.7619590939817,  30.0          
      2866,  2.0830297560491,  0.58953594248  ,  30.0          
      2867,  2.2914641935868,  0.3928526350677,  30.0          
      2868,  1.8747977033676,  0.393195288239 ,  30.0          
      2869,  2.0832321409053,  0.1965119808267,  30.0          
      2870,  1.4579352094758,  1.180612738425 ,  30.0          
      2871,  1.2496184639136,  1.377981244115 ,  30.0          
      2872,  1.2496308125938,  0.984270128987 ,  30.0          
      2873,  1.0413140670316,  1.181638634677 ,  30.0          
      2874,  0.6247464507002,  1.9711153517652,  30.0          
      2875,  0.4164976338001,  1.774774474217 ,  30.0          
      2876,  0.4164976338001,  2.1691688018208,  30.0          
      2877,  0.2082488169001,  1.9728279242726,  30.0          
      2878,  1.2497277402004,  0.5905609285672,  30.0          
      2879,  1.4581414758624,  0.393536950268 ,  30.0          
      2880,  1.0414955110715,  0.3938776211549,  30.0          
      2881,  1.2499092467335,  0.1968536428557,  30.0          
      2882,  0.6247526218571,  1.1826663186811,  30.0          
      2883,  0.416503804957 ,  0.9859829266314,  30.0          
      2884,  0.4164996908524,  1.3803791824872,  30.0          
      2885,  0.2082508739524,  1.1836957904376,  30.0          
      2886,  0.624879396507 ,  0.394220177975 ,  30.0          
      2887,  0.4166264655023,  0.1971961996759,  30.0          
      2888,  0.4165460631737,  0.5915885990277,  30.0          
      2889,  0.208293132169 ,  0.3945646207285,  30.0          
      2890,  19.013157894737,  16.666666666667,  30.0          
      2891,  18.618421052632,  16.666666666667,  30.0          
      2892,  19.21052631579 ,  16.458333333333,  30.0          
      2893,  19.21052631579 ,  16.041666666667,  30.0          
      2894,  18.223684210526,  16.666666666667,  30.0          
      2895,  17.828947368421,  16.666666666667,  30.0          
      2896,  18.421052631579,  16.458333333333,  30.0          
      2897,  18.421052631579,  16.041666666667,  30.0          
      2898,  19.013157894737,  15.833333333333,  30.0          
      2899,  18.618421052632,  15.833333333333,  30.0          
      2900,  19.21052631579 ,  15.625         ,  30.0          
      2901,  19.21052631579 ,  15.208333333333,  30.0          
      2902,  17.434210526316,  16.666666666667,  30.0          
      2903,  17.03947368421 ,  16.666666666667,  30.0          
      2904,  17.631578947368,  16.458333333333,  30.0          
      2905,  17.631578947368,  16.041666666667,  30.0          
      2906,  18.223684210526,  15.833333333333,  30.0          
      2907,  17.828947368421,  15.833333333333,  30.0          
      2908,  18.421052631579,  15.625         ,  30.0          
      2909,  18.421052631579,  15.208333333333,  30.0          
      2910,  19.013157894737,  15.0           ,  30.0          
      2911,  18.618421052632,  15.0           ,  30.0          
      2912,  19.21052631579 ,  14.791666666667,  30.0          
      2913,  19.21052631579 ,  14.375         ,  30.0          
      2914,  16.644736842105,  16.666666666667,  30.0          
      2915,  16.25          ,  16.666666666667,  30.0          
      2916,  16.842105263158,  16.458333333333,  30.0          
      2917,  16.842105263158,  16.041666666667,  30.0          
      2918,  17.434210526316,  15.833333333333,  30.0          
      2919,  17.03947368421 ,  15.833333333333,  30.0          
      2920,  17.631578947368,  15.625         ,  30.0          
      2921,  17.631578947368,  15.208333333333,  30.0          
      2922,  18.223684210526,  15.0           ,  30.0          
      2923,  17.828947368421,  15.0           ,  30.0          
      2924,  4.166338868499 ,  29.021717656306,  30.0          
      2925,  4.1663305987277,  28.63041098733 ,  30.0          
      2926,  18.421052631579,  14.791666666667,  30.0          
      2927,  18.421052631579,  14.375         ,  30.0          
      2928,  19.013157894737,  14.166666666667,  30.0          
      2929,  18.618421052632,  14.166666666667,  30.0          
      2930,  3.9579891281557,  29.217030242025,  30.0          
      2931,  3.5412813776979,  29.216348744486,  30.0          
      2932,  19.21052631579 ,  13.958333333333,  30.0          
      2933,  19.21052631579 ,  13.541666666667,  30.0          
      2934,  15.855263157895,  16.666666666667,  30.0          
      2935,  15.46052631579 ,  16.666666666667,  30.0          
      2936,  16.052631578947,  16.458333333333,  30.0          
      2937,  16.052631578947,  16.041666666667,  30.0          
      2938,  16.644736842105,  15.833333333333,  30.0          
      2939,  16.25          ,  15.833333333333,  30.0          
      2940,  16.842105263158,  15.625         ,  30.0          
      2941,  16.842105263158,  15.208333333333,  30.0          
      2942,  17.434210526316,  15.0           ,  30.0          
      2943,  17.03947368421 ,  15.0           ,  30.0          
      2944,  4.1663264638421,  28.239102359447,  30.0          
      2945,  4.1663264638421,  27.847791772657,  30.0          
      2946,  17.631578947368,  14.791666666667,  30.0          
      2947,  17.631578947368,  14.375         ,  30.0          
      2948,  18.223684210526,  14.166666666667,  30.0          
      2949,  17.828947368421,  14.166666666667,  30.0          
      2950,  3.957968460131 ,  28.434072264672,  30.0          
      2951,  3.5412524527088,  28.432701488331,  30.0          
      2952,  3.3329192391012,  29.020010021828,  30.0          
      2953,  3.3329027123655,  28.62801407405 ,  30.0          
      2954,  18.421052631579,  13.958333333333,  30.0          
      2955,  18.421052631579,  13.541666666667,  30.0          
      2956,  19.013157894737,  13.333333333333,  30.0          
      2957,  18.618421052632,  13.333333333333,  30.0          
      2958,  3.1245943462   ,  29.215665342546,  30.0          
      2959,  2.707928033662 ,  29.214980036206,  30.0          
      2960,  15.065789473684,  16.666666666667,  30.0          
      2961,  14.671052631579,  16.666666666667,  30.0          
      2962,  15.263157894737,  16.458333333333,  30.0          
      2963,  15.263157894737,  16.041666666667,  30.0          
      2964,  15.855263157895,  15.833333333333,  30.0          
      2965,  15.46052631579 ,  15.833333333333,  30.0          
      2966,  16.052631578947,  15.625         ,  30.0          
      2967,  16.052631578947,  15.208333333333,  30.0          
      2968,  16.644736842105,  15.0           ,  30.0          
      2969,  16.25          ,  15.0           ,  30.0          
      2970,  4.1663264638421,  27.456481185868,  30.0          
      2971,  4.1663264638421,  27.065170599078,  30.0          
      2972,  16.842105263158,  14.791666666667,  30.0          
      2973,  16.842105263158,  14.375         ,  30.0          
      2974,  17.434210526316,  14.166666666667,  30.0          
      2975,  17.03947368421 ,  14.166666666667,  30.0          
      2976,  3.957968460131 ,  27.651108397007,  30.0          
      2977,  3.5412524527088,  27.649052232497,  30.0          
      2978,  3.3328944489976,  28.236018112681,  30.0          
      2979,  3.3328944489976,  27.844022137722,  30.0          
      2980,  17.631578947368,  13.958333333333,  30.0          
      2981,  17.631578947368,  13.541666666667,  30.0          
      2982,  18.223684210526,  13.333333333333,  30.0          
      2983,  17.828947368421,  13.333333333333,  30.0          
      2984,  3.1245613071499,  28.431330793774,  30.0          
      2985,  2.7078950234544,  28.429960180998,  30.0          
      2986,  2.4995866284464,  29.01829675593 ,  30.0          
      2987,  2.4995701305532,  28.625615501717,  30.0          
      2988,  2.291261720507 ,  29.214294729865,  30.0          
      2989,  1.8745954067351,  29.213609423522,  30.0          
      2990,  14.276315789474,  16.666666666667,  30.0          
      2991,  13.881578947368,  16.666666666667,  30.0          
      2992,  14.473684210526,  16.458333333333,  30.0          
      2993,  14.473684210526,  16.041666666667,  30.0          
      2994,  15.065789473684,  15.833333333333,  30.0          
      2995,  14.671052631579,  15.833333333333,  30.0          
      2996,  15.263157894737,  15.625         ,  30.0          
      2997,  15.263157894737,  15.208333333333,  30.0          
      2998,  15.855263157895,  15.0           ,  30.0          
      2999,  15.46052631579 ,  15.0           ,  30.0          
      3000,  4.1663264638421,  26.673860012288,  30.0          
      3001,  4.1663264638421,  26.282549425499,  30.0          
      3002,  16.052631578947,  14.791666666667,  30.0          
      3003,  16.052631578947,  14.375         ,  30.0          
      3004,  16.644736842105,  14.166666666667,  30.0          
      3005,  16.25          ,  14.166666666667,  30.0          
      3006,  3.957968460131 ,  26.868144529343,  30.0          
      3007,  3.5412524527088,  26.865402976662,  30.0          
      3008,  3.3328944489976,  27.452026162762,  30.0          
      3009,  3.3328944489976,  27.060030187802,  30.0          
      3010,  16.842105263158,  13.958333333333,  30.0          
      3011,  16.842105263158,  13.541666666667,  30.0          
      3012,  17.434210526316,  13.333333333333,  30.0          
      3013,  17.03947368421 ,  13.333333333333,  30.0          
      3014,  3.1245613071499,  27.64699619066 ,  30.0          
      3015,  2.7078950234544,  27.644940271497,  30.0          
      3016,  2.4995618816066,  28.232934233937,  30.0          
      3017,  2.4995618816066,  27.84025295259 ,  30.0          
      3018,  2.2912287390916,  28.428589568221,  30.0          
      3019,  1.8745624540617,  28.427218955441,  30.0          
      3020,  1.6662540152735,  29.016583490026,  30.0          
      3021,  1.6662375461224,  28.623216929376,  30.0          
      3022,  1.4579496183915,  29.212926099464,  30.0          
      3023,  1.0413243554763,  29.21224475769 ,  30.0          
      3024,  13.486842105263,  16.666666666667,  30.0          
      3025,  13.092105263158,  16.666666666667,  30.0          
      3026,  13.684210526316,  16.458333333333,  30.0          
      3027,  13.684210526316,  16.041666666667,  30.0          
      3028,  14.276315789474,  15.833333333333,  30.0          
      3029,  13.881578947368,  15.833333333333,  30.0          
      3030,  14.473684210526,  15.625         ,  30.0          
      3031,  14.473684210526,  15.208333333333,  30.0          
      3032,  15.065789473684,  15.0           ,  30.0          
      3033,  14.671052631579,  15.0           ,  30.0          
      3034,  4.1663264638421,  25.891238838709,  30.0          
      3035,  4.1663264638421,  25.49992825192 ,  30.0          
      3036,  15.263157894737,  14.791666666667,  30.0          
      3037,  15.263157894737,  14.375         ,  30.0          
      3038,  15.855263157895,  14.166666666667,  30.0          
      3039,  15.46052631579 ,  14.166666666667,  30.0          
      3040,  3.957968460131 ,  26.085180661679,  30.0          
      3041,  3.5412524527088,  26.081753720828,  30.0          
      3042,  3.3328944489976,  26.668034212842,  30.0          
      3043,  3.3328944489976,  26.276038237883,  30.0          
      3044,  16.052631578947,  13.958333333333,  30.0          
      3045,  16.052631578947,  13.541666666667,  30.0          
      3046,  16.644736842105,  13.333333333333,  30.0          
      3047,  16.25          ,  13.333333333333,  30.0          
      3048,  3.1245613071499,  26.862661587547,  30.0          
      3049,  2.7078950234544,  26.859920361996,  30.0          
      3050,  2.4995618816066,  27.447571671242,  30.0          
      3051,  2.4995618816066,  27.054890389895,  30.0          
      3052,  2.2912287390916,  27.642884352331,  30.0          
      3053,  1.8745624540617,  27.640828433162,  30.0          
      3054,  1.6662293115468,  28.229850355182,  30.0          
      3055,  1.6662293115468,  27.836483767445,  30.0          
      3056,  1.4579208005602,  28.425848423686,  30.0          
      3057,  1.0413037785869,  28.424477972956,  30.0          
      3058,  0.8330076099141,  29.014876252   ,  30.0          
      3059,  0.8329993817048,  28.620820582394,  30.0          
      3060,  12.697368421053,  16.666666666667,  30.0          
      3061,  12.302631578947,  16.666666666667,  30.0          
      3062,  12.894736842105,  16.458333333333,  30.0          
      3063,  12.894736842105,  16.041666666667,  30.0          
      3064,  13.486842105263,  15.833333333333,  30.0          
      3065,  13.092105263158,  15.833333333333,  30.0          
      3066,  4.1663264638421,  25.10861766513 ,  30.0          
      3067,  4.1663264638421,  24.71730707834 ,  30.0          
      3068,  13.684210526316,  15.625         ,  30.0          
      3069,  13.684210526316,  15.208333333333,  30.0          
      3070,  14.276315789474,  15.0           ,  30.0          
      3071,  13.881578947368,  15.0           ,  30.0          
      3072,  14.473684210526,  14.791666666667,  30.0          
      3073,  14.473684210526,  14.375         ,  30.0          
      3074,  15.065789473684,  14.166666666667,  30.0          
      3075,  14.671052631579,  14.166666666667,  30.0          
      3076,  3.957968460131 ,  25.302216794014,  30.0          
      3077,  3.5412524527088,  25.298104464994,  30.0          
      3078,  3.3328944489976,  25.884042262923,  30.0          
      3079,  3.3328944489976,  25.492046287963,  30.0          
      3080,  15.263157894737,  13.958333333333,  30.0          
      3081,  15.263157894737,  13.541666666667,  30.0          
      3082,  15.855263157895,  13.333333333333,  30.0          
      3083,  15.46052631579 ,  13.333333333333,  30.0          
      3084,  3.1245613071499,  26.078326984434,  30.0          
      3085,  2.7078950234544,  26.074900452496,  30.0          
      3086,  2.4995618816066,  26.662209108547,  30.0          
      3087,  2.4995618816066,  26.2695278272  ,  30.0          
      3088,  2.2912287390916,  26.857179136441,  30.0          
      3089,  1.8745624540617,  26.854437910882,  30.0          
      3090,  1.6662293115468,  27.443117179708,  30.0          
      3091,  1.6662293115468,  27.049750591971,  30.0          
      3092,  1.4579208005602,  27.638772635529,  30.0          
      3093,  1.0413037785869,  27.636716959434,  30.0          
      3094,  0.8329952676002,  28.22676684104 ,  30.0          
      3095,  0.8329952676002,  27.832715027937,  30.0          
      3096,  11.907894736842,  16.666666666667,  30.0          
      3097,  11.513157894737,  16.666666666667,  30.0          
      3098,  12.105263157895,  16.458333333333,  30.0          
      3099,  12.105263157895,  16.041666666667,  30.0          
      3100,  12.697368421053,  15.833333333333,  30.0          
      3101,  12.302631578947,  15.833333333333,  30.0          
      3102,  4.1663264638421,  24.325996491551,  30.0          
      3103,  4.1663264638421,  23.934685904761,  30.0          
      3104,  12.894736842105,  15.625         ,  30.0          
      3105,  12.894736842105,  15.208333333333,  30.0          
      3106,  13.486842105263,  15.0           ,  30.0          
      3107,  13.092105263158,  15.0           ,  30.0          
      3108,  13.684210526316,  14.791666666667,  30.0          
      3109,  13.684210526316,  14.375         ,  30.0          
      3110,  14.276315789474,  14.166666666667,  30.0          
      3111,  13.881578947368,  14.166666666667,  30.0          
      3112,  3.957968460131 ,  24.51925292635 ,  30.0          
      3113,  3.5412524527088,  24.51445520916 ,  30.0          
      3114,  3.3328944489976,  25.100050313004,  30.0          
      3115,  3.3328944489976,  24.708054338044,  30.0          
      3116,  14.473684210526,  13.958333333333,  30.0          
      3117,  14.473684210526,  13.541666666667,  30.0          
      3118,  15.065789473684,  13.333333333333,  30.0          
      3119,  14.671052631579,  13.333333333333,  30.0          
      3120,  3.1245613071499,  25.293992381321,  30.0          
      3121,  2.7078950234544,  25.289880542995,  30.0          
      3122,  2.4995618816066,  25.876846545853,  30.0          
      3123,  2.4995618816066,  25.484165264505,  30.0          
      3124,  2.2912287390916,  26.071473920552,  30.0          
      3125,  1.8745624540617,  26.068047388602,  30.0          
      3126,  1.6662293115468,  26.656384004234,  30.0          
      3127,  1.6662293115468,  26.263017416496,  30.0          
      3128,  1.4579208005602,  26.851696847372,  30.0          
      3129,  1.0413037785869,  26.848955945912,  30.0          
      3130,  0.8329952676002,  27.438663214835,  30.0          
      3131,  0.8329952676002,  27.044611401733,  30.0          
      3132,  11.118421052632,  16.666666666667,  30.0          
      3133,  10.723684210526,  16.666666666667,  30.0          
      3134,  11.315789473684,  16.458333333333,  30.0          
      3135,  11.315789473684,  16.041666666667,  30.0          
      3136,  11.907894736842,  15.833333333333,  30.0          
      3137,  11.513157894737,  15.833333333333,  30.0          
      3138,  4.1663264638421,  23.543375317972,  30.0          
      3139,  4.1663264638421,  23.152064731182,  30.0          
      3140,  12.105263157895,  15.625         ,  30.0          
      3141,  12.105263157895,  15.208333333333,  30.0          
      3142,  12.697368421053,  15.0           ,  30.0          
      3143,  12.302631578947,  15.0           ,  30.0          
      3144,  12.894736842105,  14.791666666667,  30.0          
      3145,  12.894736842105,  14.375         ,  30.0          
      3146,  13.486842105263,  14.166666666667,  30.0          
      3147,  13.092105263158,  14.166666666667,  30.0          
      3148,  3.957968460131 ,  23.736289058686,  30.0          
      3149,  3.5412524527088,  23.730805953325,  30.0          
      3150,  3.3328944489976,  24.316058363084,  30.0          
      3151,  3.3328944489976,  23.924062388125,  30.0          
      3152,  13.684210526316,  13.958333333333,  30.0          
      3153,  13.684210526316,  13.541666666667,  30.0          
      3154,  14.276315789474,  13.333333333333,  30.0          
      3155,  13.881578947368,  13.333333333333,  30.0          
      3156,  3.1245613071499,  24.509657778207,  30.0          
      3157,  2.7078950234544,  24.504860633494,  30.0          
      3158,  2.4995618816066,  25.091483983158,  30.0          
      3159,  2.4995618816066,  24.698802701811,  30.0          
      3160,  2.2912287390916,  25.285768704662,  30.0          
      3161,  1.8745624540617,  25.281656866323,  30.0          
      3162,  1.6662293115468,  25.869650828759,  30.0          
      3163,  1.6662293115468,  25.476284241022,  30.0          
      3164,  1.4579208005602,  26.064621059215,  30.0          
      3165,  1.0413037785869,  26.06119493239 ,  30.0          
      3166,  0.8329952676002,  26.65055958863 ,  30.0          
      3167,  0.8329952676002,  26.256507775528,  30.0          
      3168,  10.328947368421,  16.666666666667,  30.0          
      3169,  9.9342105263158,  16.666666666667,  30.0          
      3170,  10.526315789474,  16.458333333333,  30.0          
      3171,  10.526315789474,  16.041666666667,  30.0          
      3172,  11.118421052632,  15.833333333333,  30.0          
      3173,  10.723684210526,  15.833333333333,  30.0          
      3174,  4.1663264638421,  22.760754144392,  30.0          
      3175,  4.1663264638421,  22.369443557603,  30.0          
      3176,  11.315789473684,  15.625         ,  30.0          
      3177,  11.315789473684,  15.208333333333,  30.0          
      3178,  11.907894736842,  15.0           ,  30.0          
      3179,  11.513157894737,  15.0           ,  30.0          
      3180,  3.957968460131 ,  22.953325191022,  30.0          
      3181,  3.5412524527088,  22.947156697491,  30.0          
      3182,  3.3328944489976,  23.532066413165,  30.0          
      3183,  3.3328944489976,  23.140070438205,  30.0          
      3184,  12.105263157895,  14.791666666667,  30.0          
      3185,  12.105263157895,  14.375         ,  30.0          
      3186,  12.697368421053,  14.166666666667,  30.0          
      3187,  12.302631578947,  14.166666666667,  30.0          
      3188,  12.894736842105,  13.958333333333,  30.0          
      3189,  12.894736842105,  13.541666666667,  30.0          
      3190,  13.486842105263,  13.333333333333,  30.0          
      3191,  13.092105263158,  13.333333333333,  30.0          
      3192,  3.1245613071499,  23.725323175094,  30.0          
      3193,  2.7078950234544,  23.719840723993,  30.0          
      3194,  2.4995618816066,  24.306121420463,  30.0          
      3195,  2.4995618816066,  23.913440139116,  30.0          
      3196,  2.2912287390916,  24.500063488772,  30.0          
      3197,  1.8745624540617,  24.495266344044,  30.0          
      3198,  1.6662293115468,  25.082917653285,  30.0          
      3199,  1.6662293115468,  24.689551065548,  30.0          
      3200,  1.4579208005602,  25.277545271058,  30.0          
      3201,  1.0413037785869,  25.273433918868,  30.0          
      3202,  0.8329952676002,  25.862455962426,  30.0          
      3203,  0.8329952676002,  25.468404149324,  30.0          
      3204,  9.5394736842105,  16.666666666667,  30.0          
      3205,  9.1447368421053,  16.666666666667,  30.0          
      3206,  9.7368421052632,  16.458333333333,  30.0          
      3207,  9.7368421052632,  16.041666666667,  30.0          
      3208,  10.328947368421,  15.833333333333,  30.0          
      3209,  9.9342105263158,  15.833333333333,  30.0          
      3210,  4.1663264638421,  21.978132970813,  30.0          
      3211,  4.1663264638421,  21.586822384024,  30.0          
      3212,  10.526315789474,  15.625         ,  30.0          
      3213,  10.526315789474,  15.208333333333,  30.0          
      3214,  11.118421052632,  15.0           ,  30.0          
      3215,  10.723684210526,  15.0           ,  30.0          
      3216,  3.957968460131 ,  22.170361323357,  30.0          
      3217,  3.5412524527088,  22.163507441656,  30.0          
      3218,  3.3328944489976,  22.748074463245,  30.0          
      3219,  3.3328944489976,  22.356078488286,  30.0          
      3220,  11.315789473684,  14.791666666667,  30.0          
      3221,  11.315789473684,  14.375         ,  30.0          
      3222,  11.907894736842,  14.166666666667,  30.0          
      3223,  11.513157894737,  14.166666666667,  30.0          
      3224,  12.105263157895,  13.958333333333,  30.0          
      3225,  12.105263157895,  13.541666666667,  30.0          
      3226,  12.697368421053,  13.333333333333,  30.0          
      3227,  12.302631578947,  13.333333333333,  30.0          
      3228,  3.1245613071499,  22.940988571981,  30.0          
      3229,  2.7078950234544,  22.934820814492,  30.0          
      3230,  2.4995618816066,  23.520758857768,  30.0          
      3231,  2.4995618816066,  23.128077576421,  30.0          
      3232,  2.2912287390916,  23.714358272883,  30.0          
      3233,  1.8745624540617,  23.708875821764,  30.0          
      3234,  1.6662293115468,  24.29618447781 ,  30.0          
      3235,  1.6662293115468,  23.902817890073,  30.0          
      3236,  1.4579208005602,  24.490469482901,  30.0          
      3237,  1.0413037785869,  24.485672905346,  30.0          
      3238,  0.8329952676002,  25.074352336221,  30.0          
      3239,  0.8329952676002,  24.680300523119,  30.0          
      3240,  8.75           ,  16.666666666667,  30.0          
      3241,  8.3552631578948,  16.666666666667,  30.0          
      3242,  8.9473684210526,  16.458333333333,  30.0          
      3243,  8.9473684210526,  16.041666666667,  30.0          
      3244,  9.5394736842105,  15.833333333333,  30.0          
      3245,  9.1447368421053,  15.833333333333,  30.0          
      3246,  4.1663264638421,  21.195511797234,  30.0          
      3247,  4.1663264638421,  20.804201210444,  30.0          
      3248,  9.7368421052632,  15.625         ,  30.0          
      3249,  9.7368421052632,  15.208333333333,  30.0          
      3250,  10.328947368421,  15.0           ,  30.0          
      3251,  9.9342105263158,  15.0           ,  30.0          
      3252,  3.957968460131 ,  21.387397455693,  30.0          
      3253,  3.5412524527088,  21.379858185822,  30.0          
      3254,  3.3328944489976,  21.964082513326,  30.0          
      3255,  3.3328944489976,  21.572086538366,  30.0          
      3256,  10.526315789474,  14.791666666667,  30.0          
      3257,  10.526315789474,  14.375         ,  30.0          
      3258,  11.118421052632,  14.166666666667,  30.0          
      3259,  10.723684210526,  14.166666666667,  30.0          
      3260,  11.315789473684,  13.958333333333,  30.0          
      3261,  11.315789473684,  13.541666666667,  30.0          
      3262,  11.907894736842,  13.333333333333,  30.0          
      3263,  11.513157894737,  13.333333333333,  30.0          
      3264,  3.1245613071499,  22.156653968868,  30.0          
      3265,  2.7078950234544,  22.149800904991,  30.0          
      3266,  2.4995618816066,  22.735396295074,  30.0          
      3267,  2.4995618816066,  22.342715013726,  30.0          
      3268,  2.2912287390916,  22.928653056993,  30.0          
      3269,  1.8745624540617,  22.922485299484,  30.0          
      3270,  1.6662293115468,  23.509451302336,  30.0          
      3271,  1.6662293115468,  23.116084714599,  30.0          
      3272,  1.4579208005602,  23.703393694744,  30.0          
      3273,  1.0413037785869,  23.697911891824,  30.0          
      3274,  0.8329952676002,  24.286248710017,  30.0          
      3275,  0.8329952676002,  23.892196896914,  30.0          
      3276,  7.9605263157895,  16.666666666667,  30.0          
      3277,  7.5657894736842,  16.666666666667,  30.0          
      3278,  4.1662540814385,  20.412279211734,  30.0          
      3279,  4.1661093166312,  20.019745801103,  30.0          
      3280,  8.1578947368421,  16.458333333333,  30.0          
      3281,  8.1578947368421,  16.041666666667,  30.0          
      3282,  8.75           ,  15.833333333333,  30.0          
      3283,  8.3552631578948,  15.833333333333,  30.0          
      3284,  8.9473684210526,  15.625         ,  30.0          
      3285,  8.9473684210526,  15.208333333333,  30.0          
      3286,  9.5394736842105,  15.0           ,  30.0          
      3287,  9.1447368421053,  15.0           ,  30.0          
      3288,  3.957968460131 ,  20.604433588029,  30.0          
      3289,  3.5412524527088,  20.596208929988,  30.0          
      3290,  3.3328944489976,  21.180090563407,  30.0          
      3291,  3.3328944489976,  20.788094588447,  30.0          
      3292,  9.7368421052632,  14.791666666667,  30.0          
      3293,  9.7368421052632,  14.375         ,  30.0          
      3294,  10.328947368421,  14.166666666667,  30.0          
      3295,  9.9342105263158,  14.166666666667,  30.0          
      3296,  3.1245613071499,  21.372319365754,  30.0          
      3297,  2.7078950234544,  21.36478099549 ,  30.0          
      3298,  2.4995618816066,  21.950033732379,  30.0          
      3299,  2.4995618816066,  21.557352451032,  30.0          
      3300,  10.526315789474,  13.958333333333,  30.0          
      3301,  10.526315789474,  13.541666666667,  30.0          
      3302,  11.118421052632,  13.333333333333,  30.0          
      3303,  10.723684210526,  13.333333333333,  30.0          
      3304,  2.2912287390916,  22.142947841104,  30.0          
      3305,  1.8745624540617,  22.136094777205,  30.0          
      3306,  1.6662293115468,  22.722718126862,  30.0          
      3307,  1.6662293115468,  22.329351539124,  30.0          
      3308,  1.4579208005602,  22.916317906587,  30.0          
      3309,  1.0413037785869,  22.910150878301,  30.0          
      3310,  0.8329952676002,  23.498145083812,  30.0          
      3311,  0.8329952676002,  23.10409327071 ,  30.0          
      3312,  7.171052631579 ,  16.666666666667,  30.0          
      3313,  6.7763157894737,  16.666666666667,  30.0          
      3314,  4.1659379756111,  19.626907708299,  30.0          
      3315,  4.1657400583782,  19.233764933321,  30.0          
      3316,  7.3684210526316,  16.458333333333,  30.0          
      3317,  7.3684210526316,  16.041666666667,  30.0          
      3318,  7.9605263157895,  15.833333333333,  30.0          
      3319,  7.5657894736842,  15.833333333333,  30.0          
      3320,  8.1578947368421,  15.625         ,  30.0          
      3321,  8.1578947368421,  15.208333333333,  30.0          
      3322,  8.75           ,  15.0           ,  30.0          
      3323,  8.3552631578948,  15.0           ,  30.0          
      3324,  3.9577392894638,  19.818847309286,  30.0          
      3325,  3.5411439999363,  19.809583736281,  30.0          
      3326,  3.3328824255414,  20.39531043817 ,  30.0          
      3327,  3.3328583786288,  20.001738112575,  30.0          
      3328,  8.9473684210526,  14.791666666667,  30.0          
      3329,  8.9473684210526,  14.375         ,  30.0          
      3330,  9.5394736842105,  14.166666666667,  30.0          
      3331,  9.1447368421053,  14.166666666667,  30.0          
      3332,  3.1245613071499,  20.587984762641,  30.0          
      3333,  2.7078950234544,  20.579761085989,  30.0          
      3334,  2.4995618816066,  21.164671169684,  30.0          
      3335,  2.4995618816066,  20.771989888337,  30.0          
      3336,  9.7368421052632,  13.958333333333,  30.0          
      3337,  9.7368421052632,  13.541666666667,  30.0          
      3338,  10.328947368421,  13.333333333333,  30.0          
      3339,  9.9342105263158,  13.333333333333,  30.0          
      3340,  2.2912287390916,  21.357242625214,  30.0          
      3341,  1.8745624540617,  21.349704254926,  30.0          
      3342,  1.6662293115468,  21.935984951387,  30.0          
      3343,  1.6662293115468,  21.54261836365 ,  30.0          
      3344,  1.4579208005602,  22.12924211843 ,  30.0          
      3345,  1.0413037785869,  22.122389864779,  30.0          
      3346,  0.8329952676002,  22.710041457607,  30.0          
      3347,  0.8329952676002,  22.315989644505,  30.0          
      3348,  6.3798400056776,  16.666443749497,  30.0          
      3349,  5.9816252801907,  16.665997915156,  30.0          
      3350,  6.5789473684211,  16.458333333333,  30.0          
      3351,  6.5789473684211,  16.041666666667,  30.0          
      3352,  7.171052631579 ,  15.833333333333,  30.0          
      3353,  6.7763157894737,  15.833333333333,  30.0          
      3354,  4.1655443196265,  18.839066979537,  30.0          
      3355,  4.1653507593559,  18.442813846945,  30.0          
      3356,  7.3684210526316,  15.625         ,  30.0          
      3357,  7.3684210526316,  15.208333333333,  30.0          
      3358,  7.9605263157895,  15.0           ,  30.0          
      3359,  7.5657894736842,  15.0           ,  30.0          
      3360,  3.9574020277188,  19.031993026079,  30.0          
      3361,  3.5409238836329,  19.021591986572,  30.0          
      3362,  3.3328059692769,  19.607811829038,  30.0          
      3363,  3.3327251974856,  19.213531587559,  30.0          
      3364,  8.1578947368421,  14.791666666667,  30.0          
      3365,  8.1578947368421,  14.375         ,  30.0          
      3366,  8.75           ,  14.166666666667,  30.0          
      3367,  8.3552631578948,  14.166666666667,  30.0          
      3368,  3.124560419419 ,  19.80055798422 ,  30.0          
      3369,  2.7079885479121,  19.791770053102,  30.0          
      3370,  2.4995970642446,  20.378580957633,  30.0          
      3371,  2.4996674295206,  19.984444377574,  30.0          
      3372,  8.9473684210526,  13.958333333333,  30.0          
      3373,  8.9473684210526,  13.541666666667,  30.0          
      3374,  9.5394736842105,  13.333333333333,  30.0          
      3375,  9.1447368421053,  13.333333333333,  30.0          
      3376,  2.2912287390916,  20.571537409324,  30.0          
      3377,  1.8745624540617,  20.563313732646,  30.0          
      3378,  1.6662293115468,  21.149251775913,  30.0          
      3379,  1.6662293115468,  20.755885188176,  30.0          
      3380,  1.4579208005602,  21.342166330273,  30.0          
      3381,  1.0413037785869,  21.334628851257,  30.0          
      3382,  0.8329952676002,  21.921937831403,  30.0          
      3383,  0.8329952676002,  21.5278860183  ,  30.0          
      3384,  5.5821112509857,  16.664499259216,  30.0          
      3385,  5.1812979180625,  16.661947781674,  30.0          
      3386,  5.7821701448616,  16.457552931808,  30.0          
      3387,  5.7814745996903,  16.041108799452,  30.0          
      3388,  6.379492233092 ,  15.833221683318,  30.0          
      3389,  5.9805819624338,  15.832998383289,  30.0          
      3390,  4.1654097374642,  18.044589560397,  30.0          
      3391,  4.1657212539513,  17.644394119891,  30.0          
      3392,  6.5789473684211,  15.625         ,  30.0          
      3393,  6.5789473684211,  15.208333333333,  30.0          
      3394,  7.171052631579 ,  15.0           ,  30.0          
      3395,  6.7763157894737,  15.0           ,  30.0          
      3396,  3.9571495084131,  18.238738748149,  30.0          
      3397,  3.5409405667981,  18.226841683148,  30.0          
      3398,  3.3327226326901,  18.817516887776,  30.0          
      3399,  3.3327982748904,  18.41976772969 ,  30.0          
      3400,  7.3684210526316,  14.791666666667,  30.0          
      3401,  7.3684210526316,  14.375         ,  30.0          
      3402,  7.9605263157895,  14.166666666667,  30.0          
      3403,  7.5657894736842,  14.166666666667,  30.0          
      3404,  3.1245198693055,  19.01174688792 ,  30.0          
      3405,  2.7081899847367,  19.002457730121,  30.0          
      3406,  2.499783219732 ,  19.589985353463,  30.0          
      3407,  2.4999444348789,  19.195203885302,  30.0          
      3408,  8.1578947368421,  13.958333333333,  30.0          
      3409,  8.1578947368421,  13.541666666667,  30.0          
      3410,  8.75           ,  13.333333333333,  30.0          
      3411,  8.3552631578947,  13.333333333333,  30.0          
      3412,  2.2913901742801,  19.783126980819,  30.0          
      3413,  1.874765298523 ,  19.77462876737 ,  30.0          
      3414,  1.6662851988212,  20.361996335891,  30.0          
      3415,  1.66639697337  ,  19.96758521906 ,  30.0          
      3416,  1.4579208005602,  20.555090542116,  30.0          
      3417,  1.0413037785869,  20.546867837735,  30.0          
      3418,  0.8329952676002,  21.133834205198,  30.0          
      3419,  0.8329952676002,  20.739782392096,  30.0          
      3420,  4.9807138640343,  16.452824638396,  30.0          
      3421,  4.9803590889009,  16.037129829384,  30.0          
      3422,  5.5808905456621,  15.831985656174,  30.0          
      3423,  5.1804179827769,  15.830183501976,  30.0          
      3424,  4.7762750053034,  16.654862485396,  30.0          
      3425,  4.3670425127084,  16.643243370382,  30.0          
      3426,  4.1650143257489,  17.242580752947,  30.0          
      3427,  4.1632889528568,  16.839149459566,  30.0          
      3428,  5.7810888000022,  15.62466013841 ,  30.0          
      3429,  5.7810127457971,  15.208206948681,  30.0          
      3430,  6.3794542059894,  14.999995088454,  30.0          
      3431,  5.9804678811262,  14.999985265363,  30.0          
      3432,  3.9579040388475,  17.438673697163,  30.0          
      3433,  3.5419580921528,  17.427428292213,  30.0          
      3434,  3.3331233516943,  18.02112126042 ,  30.0          
      3435,  3.3336978631017,  17.621577479965,  30.0          
      3436,  6.5789473684211,  14.791666666667,  30.0          
      3437,  6.5789473684211,  14.375         ,  30.0          
      3438,  7.171052631579 ,  14.166666666667,  30.0          
      3439,  6.7763157894737,  14.166666666667,  30.0          
      3440,  3.1247129381564,  18.216226153187,  30.0          
      3441,  2.7084666224879,  18.206892158265,  30.0          
      3442,  2.5001046480026,  18.798916153618,  30.0          
      3443,  2.5002638591033,  18.401122158409,  30.0          
      3444,  7.3684210526316,  13.958333333333,  30.0          
      3445,  7.3684210526316,  13.541666666667,  30.0          
      3446,  7.9605263157895,  13.333333333333,  30.0          
      3447,  7.5657894736842,  13.333333333333,  30.0          
      3448,  2.2917558494653,  18.993523984896,  30.0          
      3449,  1.8752174634914,  18.984945652245,  30.0          
      3450,  1.6665767131095,  19.572948866964,  30.0          
      3451,  1.6668244180395,  19.178087279601,  30.0          
      3452,  1.4581432676254,  19.766179551353,  30.0          
      3453,  1.0415240815874,  19.75777933277 ,  30.0          
      3454,  0.8330500728423,  20.345462170028,  30.0          
      3455,  0.8331596833263,  19.950873538995,  30.0          
      3456,  4.9800831857664,  15.621917431561,  30.0          
      3457,  4.9798861546306,  15.207187444928,  30.0          
      3458,  5.5806779487866,  14.999940878266,  30.0          
      3459,  5.1800844089707,  14.999861927163,  30.0          
      3460,  4.7752758962106,  15.826747254128,  30.0          
      3461,  4.3654642859634,  15.821676912631,  30.0          
      3462,  4.1619593200181,  16.432860795127,  30.0          
      3463,  4.1610254272326,  16.02371475963 ,  30.0          
      3464,  3.9556538779246,  16.632603990795,  30.0          
      3465,  3.5421091009522,  16.622944346633,  30.0          
      3466,  3.3343230172205,  17.220882823441,  30.0          
      3467,  3.3349988140508,  16.819037290848,  30.0          
      3468,  5.7809937422956,  14.791739939808,  30.0          
      3469,  5.7810317894978,  14.37525911179 ,  30.0          
      3470,  6.3794732295905,  14.166754674445,  30.0          
      3471,  5.9805249519294,  14.166930690002,  30.0          
      3472,  6.5789473684211,  13.958333333333,  30.0          
      3473,  6.5789473684211,  13.541666666667,  30.0          
      3474,  7.171052631579 ,  13.333333333333,  30.0          
      3475,  6.7763157894737,  13.333333333333,  30.0          
      3476,  3.1256769995341,  17.417517400273,  30.0          
      3477,  2.7090607609916,  17.408941021342,  30.0          
      3478,  2.5004457589203,  18.002832078572,  30.0          
      3479,  2.5006503474537,  17.604045914108,  30.0          
      3480,  2.2921173751899,  18.198324110085,  30.0          
      3481,  1.8756651962625,  18.190522008647,  30.0          
      3482,  1.6670709795781,  18.782147603922,  30.0          
      3483,  1.6673163977252,  18.385129839925,  30.0          
      3484,  1.458620455033 ,  18.976480682444,  30.0          
      3485,  1.04196482409  ,  18.968129075491,  30.0          
      3486,  0.8333201185809,  19.556172735612,  30.0          
      3487,  0.8335313786059,  19.161359759881,  30.0          
      3488,  4.9798314083817,  14.792349929248,  30.0          
      3489,  4.9799189470198,  14.377404884521,  30.0          
      3490,  5.5807787889088,  14.167747113875,  30.0          
      3491,  5.1802347405288,  14.169203946064,  30.0          
      3492,  4.7749184539372,  14.999700260676,  30.0          
      3493,  4.3651800836862,  14.999455878803,  30.0          
      3494,  4.16049658527  ,  15.614189728378,  30.0          
      3495,  4.1603727941305,  15.204285701371,  30.0          
      3496,  3.9544262708669,  15.816666497586,  30.0          
      3497,  3.5421618509212,  15.811716008995,  30.0          
      3498,  3.3355099445866,  16.415896084589,  30.0          
      3499,  3.3358564088277,  16.011459204662,  30.0          
      3500,  5.7813940601532,  13.958817213261,  30.0          
      3501,  5.7820805542618,  13.542414244222,  30.0          
      3502,  6.3798164766448,  13.333553189925,  30.0          
      3503,  5.9815546930924,  13.33399290311 ,  30.0          
      3504,  3.1268487625503,  16.61458579759 ,  30.0          
      3505,  2.709872862719 ,  16.607528343666,  30.0          
      3506,  2.5009107094911,  17.204489528083,  30.0          
      3507,  2.5012268450326,  16.804162920497,  30.0          
      3508,  2.2924956863198,  17.401387241193,  30.0          
      3509,  1.8759817755188,  17.394856059825,  30.0          
      3510,  1.6675105351287,  17.987863335731,  30.0          
      3511,  1.6676533917884,  17.590348091338,  30.0          
      3512,  1.4590934753946,  18.183010646851,  30.0          
      3513,  1.0424022125862,  18.175790024699,  30.0          
      3514,  0.8337419017593,  18.766009882417,  30.0          
      3515,  0.8339516880411,  18.370123103221,  30.0          
      3516,  4.775045082517 ,  14.172014340297,  30.0          
      3517,  4.3652098148736,  14.176178296574,  30.0          
      3518,  4.1603062191835,  14.794065334579,  30.0          
      3519,  4.1602968604291,  14.383528628002,  30.0          
      3520,  4.9800839321856,  13.962056718527,  30.0          
      3521,  4.9803263638791,  13.546305431265,  30.0          
      3522,  5.5819297459186,  13.335267016685,  30.0          
      3523,  5.1809416351235,  13.337375530651,  30.0          
      3524,  3.9542822735996,  14.999187611615,  30.0          
      3525,  3.5422250236772,  14.998895459111,  30.0          
      3526,  3.3360713303903,  15.606617919239,  30.0          
      3527,  3.3361547092741,  15.20137222832 ,  30.0          
      3528,  3.1275247685729,  15.807292047194,  30.0          
      3529,  2.7105150238219,  15.803394612183,  30.0          
      3530,  2.5015412224641,  16.403361186198,  30.0          
      3531,  2.5018538417857,  16.002084325185,  30.0          
      3532,  2.2930211075213,  16.60161512885 ,  30.0          
      3533,  1.8762934969572,  16.596846153141,  30.0          
      3534,  1.6677760380074,  17.192308268178,  30.0          
      3535,  1.6678784737859,  16.793743866251,  30.0          
      3536,  1.4593617407836,  17.388679648329,  30.0          
      3537,  1.0426355821143,  17.382858006706,  30.0          
      3538,  0.8341105615814,  17.974121581691,  30.0          
      3539,  0.8342185223802,  17.578005317826,  30.0          
      3540,  4.160715311251 ,  13.973244191966,  30.0          
      3541,  4.1615615716494,  13.563212026472,  30.0          
      3542,  4.7758318602566,  13.343371326657,  30.0          
      3543,  4.3666004213179,  13.353254404702,  30.0          
      3544,  3.954194339906 ,  14.180355803265,  30.0          
      3545,  3.5419986576143,  14.184546860368,  30.0          
      3546,  3.3361225031542,  14.795722634374,  30.0          
      3547,  3.3359747120304,  14.389669137404,  30.0          
      3548,  3.1277166239652,  14.998665290396,  30.0          
      3549,  2.7107570744635,  14.998497105469,  30.0          
      3550,  2.502076938513 ,  15.60068767426 ,  30.0          
      3551,  2.5022105126461,  15.199171233424,  30.0          
      3552,  2.2935526707893,  15.800263973531,  30.0          
      3553,  1.8766377094748,  15.797900131236,  30.0          
      3554,  1.6679923259608,  16.395025801487,  30.0          
      3555,  1.668117594532 ,  15.996154073888,  30.0          
      3556,  1.4595153944513,  16.592504113281,  30.0          
      3557,  1.0426868000035,  16.588589009269,  30.0          
      3558,  0.8342725027796,  17.181618253736,  30.0          
      3559,  0.8342725027796,  16.78496038942 ,  30.0          
      3560,  4.16295379372  ,  13.156363059644,  30.0          
      3561,  4.164891977463 ,  12.752697291483,  30.0          
      3562,  3.9552949000456,  13.36250919782 ,  30.0          
      3563,  3.5419152964398,  13.37113570601 ,  30.0          
      3564,  3.3357319860106,  13.983844031716,  30.0          
      3565,  3.3353943250948,  13.578247317308,  30.0          
      3566,  3.1274437808477,  14.18844552085 ,  30.0          
      3567,  2.710529709606 ,  14.192051784711,  30.0          
      3568,  2.5022261432808,  14.797273488915,  30.0          
      3569,  2.502123830417 ,  14.394994440733,  30.0          
      3570,  2.2937938995684,  14.998496184119,  30.0          
      3571,  1.87682709928  ,  14.998662526347,  30.0          
      3572,  1.6682210963972,  15.597225081931,  30.0          
      3573,  1.6683028315563,  15.198238825617,  30.0          
      3574,  1.4597168050228,  15.795800147912,  30.0          
      3575,  1.042789957433 ,  15.793964023559,  30.0          
      3576,  0.8342860104942,  16.388235083292,  30.0          
      3577,  0.8343130259235,  15.991442335352,  30.0          
      3578,  4.1657619335172,  12.350399252838,  30.0          
      3579,  4.1655636618826,  11.94946894371 ,  30.0          
      3580,  3.9579006550846,  12.556013539284,  30.0          
      3581,  3.5419798265848,  12.566311803046,  30.0          
      3582,  3.3349239740614,  13.17445195381 ,  30.0          
      3583,  3.3343209329104,  12.772457941221,  30.0          
      3584,  3.1268201132812,  13.37886908674 ,  30.0          
      3585,  2.71000935057  ,  13.385709340011,  30.0          
      3586,  2.5019554977925,  13.992673554143,  30.0          
      3587,  2.501721145407 ,  13.590310829145,  30.0          
      3588,  2.2936513477805,  14.195312417524,  30.0          
      3589,  1.8768086953712,  14.198227419287,  30.0          
      3590,  1.6683546166435,  14.798980503138,  30.0          
      3591,  1.6683764516589,  14.399450114492,  30.0          
      3592,  1.4598654718462,  14.998895913145,  30.0          
      3593,  1.0429090172667,  14.999196344513,  30.0          
      3594,  0.8343525977228,  15.594621111086,  30.0          
      3595,  0.8344047258923,  15.197771410494,  30.0          
      3596,  4.1655851633663,  11.551776094167,  30.0          
      3597,  4.1658264379684,  11.15732070421 ,  30.0          
      3598,  3.9573564974037,  11.754393880797,  30.0          
      3599,  3.5411404400804,  11.765174064099,  30.0          
      3600,  3.3337726621059,  12.371236740133,  30.0          
      3601,  3.3332791616478,  11.970788350545,  30.0          
      3602,  3.1257482182354,  12.575705359679,  30.0          
      3603,  2.7092058300363,  12.584194209183,  30.0          
      3604,  2.501436635895 ,  13.188956758468,  30.0          
      3605,  2.5011019692562,  12.788611342112,  30.0          
      3606,  2.2932729640479,  13.39194689816 ,  30.0          
      3607,  1.8766109537151,  13.397581761187,  30.0          
      3608,  1.6683605140121,  13.999863488302,  30.0          
      3609,  1.6683068037031,  13.600220624568,  30.0          
      3610,  1.4599242433404,  14.201040947841,  30.0          
      3611,  1.0429979916882,  14.203753003186,  30.0          
      3612,  0.8344568089482,  14.800787177863,  30.0          
      3613,  0.8345088468908,  14.403668413193,  30.0          
      3614,  4.1660419224126,  10.763588571056,  30.0          
      3615,  4.1662316166989,  10.370579694705,  30.0          
      3616,  3.9576775371038,  10.965095107718,  30.0          
      3617,  3.5411384607726,  10.975099304692,  30.0          
      3618,  3.3329915392158,  11.572948467608,  30.0          
      3619,  3.33290979481  ,  11.177717091322,  30.0          
      3620,  3.124837942566 ,  11.775302462685,  30.0          
      3621,  2.7084490048606,  11.784779076553,  30.0          
      3622,  2.5007646109546,  12.388708321322,  30.0          
      3623,  2.5004245609901,  11.989247696099,  30.0          
      3624,  2.2926632858903,  12.592156701067,  30.0          
      3625,  1.8761205857974,  12.599592835331,  30.0          
      3626,  1.6681722703492,  13.201127120141,  30.0          
      3627,  1.6679569139504,  12.802582975022,  30.0          
      3628,  1.459857134733 ,  13.402988779723,  30.0          
      3629,  1.0430115071018,  13.408167953768,  30.0          
      3630,  0.8345483227181,  14.006521158341,  30.0          
      3631,  0.8345752364302,  13.609345413307,  30.0          
      3632,  4.1663264638421,  9.9784199631349,  30.0          
      3633,  4.1663264638421,  9.5871093763453,  30.0          
      3634,  3.957968460131 ,  10.178530279635,  30.0          
      3635,  3.5412524527088,  10.187440325847,  30.0          
      3636,  3.3328753042047,  10.783049889622,  30.0          
      3637,  3.3328880674   ,  10.388946862509,  30.0          
      3638,  3.1245948989404,  10.984775851252,  30.0          
      3639,  2.7080468516072,  10.994124747396,  30.0          
      3640,  2.500134108991 ,  11.591837836482,  30.0          
      3641,  2.4998932549574,  11.196478742473,  30.0          
      3642,  2.2919812690927,  11.793979442145,  30.0          
      3643,  1.8754347352624,  11.802903559462,  30.0          
      3644,  1.6676772939   ,  12.404324581377,  30.0          
      3645,  1.6673334101982,  12.006351939206,  30.0          
      3646,  1.4594668680333,  12.606855873957,  30.0          
      3647,  1.042702132598 ,  12.613945816946,  30.0          
      3648,  0.8345214611848,  13.212440852703,  30.0          
      3649,  0.8343869969818,  12.815807476528,  30.0          
      3650,  4.1663264638421,  9.1957987895557,  30.0          
      3651,  4.1663264638421,  8.8044882027661,  30.0          
      3652,  3.957968460131 ,  9.3955664119711,  30.0          
      3653,  3.5412524527088,  9.4037910700123,  30.0          
      3654,  3.3328944489976,  9.9958973614725,  30.0          
      3655,  3.3328944489976,  9.6039013865128,  30.0          
      3656,  3.1245613071499,  10.196349840472,  30.0          
      3657,  2.7078950234544,  10.205258823512,  30.0          
      3658,  2.4997200913571,  10.801527725359,  30.0          
      3659,  2.4996146181901,  10.406984785141,  30.0          
      3660,  2.2914590108473,  11.00332078428 ,  30.0          
      3661,  1.8748313766608,  11.012363961904,  30.0          
      3662,  1.6670004911523,  11.609745601269,  30.0          
      3663,  1.6666785367624,  11.214505567567,  30.0          
      3664,  1.4588203123387,  11.81172391345 ,  30.0          
      3665,  1.0421380003217,  11.820440504109,  30.0          
      3666,  0.8341890347386,  12.41931779119 ,  30.0          
      3667,  0.833927574455 ,  12.022971796689,  30.0          
      3668,  4.1663264638421,  8.4131776159765,  30.0          
      3669,  4.1663264638421,  8.0218670291869,  30.0          
      3670,  3.957968460131 ,  8.6126025443068,  30.0          
      3671,  3.5412524527088,  8.620141814178 ,  30.0          
      3672,  3.3328944489976,  9.2119054115531,  30.0          
      3673,  3.3328944489976,  8.8199094365934,  30.0          
      3674,  3.1245613071499,  9.4120152373589,  30.0          
      3675,  2.7078950234544,  9.4202389140108,  30.0          
      3676,  2.4995618816066,  10.013372674358,  30.0          
      3677,  2.4995618816066,  9.6206913930104,  30.0          
      3678,  2.2912287390916,  10.214167806566,  30.0          
      3679,  1.8745624540617,  10.223076789634,  30.0          
      3680,  1.6664454975623,  10.819546983328,  30.0          
      3681,  1.666301373552 ,  10.424869848554,  30.0          
      3682,  1.4582055039879,  11.021362301695,  30.0          
      3683,  1.0415813928288,  11.030315803655,  30.0          
      3684,  0.8336649675472,  11.627297238238,  30.0          
      3685,  0.8334012140153,  11.232294115836,  30.0          
      3686,  4.1663264638421,  7.6305564423973,  30.0          
      3687,  4.1663264638421,  7.2392458556077,  30.0          
      3688,  3.957968460131 ,  7.8296386766426,  30.0          
      3689,  3.5412524527088,  7.8364925583436,  30.0          
      3690,  3.3328944489976,  8.4279134616337,  30.0          
      3691,  3.3328944489976,  8.035917486674 ,  30.0          
      3692,  3.1245613071499,  8.6276806342456,  30.0          
      3693,  2.7078950234544,  8.6352190045099,  30.0          
      3694,  2.4995618816066,  9.228010111663 ,  30.0          
      3695,  2.4995618816066,  8.8353288303157,  30.0          
      3696,  2.2912287390916,  9.4284625906758,  30.0          
      3697,  1.8745624540617,  9.436686267354 ,  30.0          
      3698,  1.6662293115468,  10.030847987299,  30.0          
      3699,  1.6662293115468,  9.6374813995618,  30.0          
      3700,  1.4579208005602,  10.231985246041,  30.0          
      3701,  1.0413037785869,  10.240893175787,  30.0          
      3702,  0.833200819837 ,  10.837431201142,  30.0          
      3703,  0.8330637850125,  10.442708494154,  30.0          
      3704,  4.1663264638421,  6.8479352688181,  30.0          
      3705,  4.1663264638421,  6.4566246820285,  30.0          
      3706,  3.957968460131 ,  7.0466748089783,  30.0          
      3707,  3.5412524527088,  7.0528433025092,  30.0          
      3708,  3.3328944489976,  7.6439215117143,  30.0          
      3709,  3.3328944489976,  7.2519255367546,  30.0          
      3710,  3.1245613071499,  7.8433460311324,  30.0          
      3711,  2.7078950234544,  7.850199095009 ,  30.0          
      3712,  2.4995618816066,  8.4426475489683,  30.0          
      3713,  2.4995618816066,  8.0499662676209,  30.0          
      3714,  2.2912287390916,  8.6427573747862,  30.0          
      3715,  1.8745624540617,  8.6502957450745,  30.0          
      3716,  1.6662293115468,  9.2441148118246,  30.0          
      3717,  1.6662293115468,  8.8507482240873,  30.0          
      3718,  1.4579208005602,  9.4449094578837,  30.0          
      3719,  1.0413037785869,  9.4531321622647,  30.0          
      3720,  0.8329952676002,  10.048321234109,  30.0          
      3721,  0.8329952676002,  9.6542694210064,  30.0          
      3722,  4.1663264638421,  6.0653140952389,  30.0          
      3723,  4.1663264638421,  5.6740035084492,  30.0          
      3724,  3.957968460131 ,  6.2637109413141,  30.0          
      3725,  3.5412524527088,  6.2691940466749,  30.0          
      3726,  3.3328944489976,  6.8599295617948,  30.0          
      3727,  3.3328944489976,  6.4679335868352,  30.0          
      3728,  3.1245613071499,  7.0590114280192,  30.0          
      3729,  2.7078950234544,  7.0651791855081,  30.0          
      3730,  2.4995618816066,  7.6572849862736,  30.0          
      3731,  2.4995618816066,  7.2646037049262,  30.0          
      3732,  2.2912287390916,  7.8570521588965,  30.0          
      3733,  1.8745624540617,  7.863905222795 ,  30.0          
      3734,  1.6662293115468,  8.4573816363501,  30.0          
      3735,  1.6662293115468,  8.0640150486129,  30.0          
      3736,  1.4579208005602,  8.6578336697267,  30.0          
      3737,  1.0413037785869,  8.6653711487427,  30.0          
      3738,  0.8329952676002,  9.2602176079041,  30.0          
      3739,  0.8329952676002,  8.8661657948018,  30.0          
      3740,  4.1663264638421,  5.2826929216596,  30.0          
      3741,  4.1663264638421,  4.89138233487  ,  30.0          
      3742,  3.957968460131 ,  5.4807470736498,  30.0          
      3743,  3.5412524527088,  5.4855447908405,  30.0          
      3744,  3.3328944489976,  6.0759376118754,  30.0          
      3745,  3.3328944489976,  5.6839416369157,  30.0          
      3746,  3.1245613071499,  6.2746768249059,  30.0          
      3747,  2.7078950234544,  6.2801592760072,  30.0          
      3748,  2.4995618816066,  6.8719224235788,  30.0          
      3749,  2.4995618816066,  6.4792411422315,  30.0          
      3750,  2.2912287390916,  7.0713469430069,  30.0          
      3751,  1.8745624540617,  7.0775147005155,  30.0          
      3752,  1.6662293115468,  7.6706484608757,  30.0          
      3753,  1.6662293115468,  7.2772818731385,  30.0          
      3754,  1.4579208005602,  7.8707578815697,  30.0          
      3755,  1.0413037785869,  7.8776101352206,  30.0          
      3756,  0.8329952676002,  8.4721139816995,  30.0          
      3757,  0.8329952676002,  8.0780621685972,  30.0          
      3758,  4.1663264638421,  4.5000717480804,  30.0          
      3759,  4.1663264638421,  4.1087611612908,  30.0          
      3760,  3.957968460131 ,  4.6977832059856,  30.0          
      3761,  3.5412524527088,  4.7018955350062,  30.0          
      3762,  3.3328944489976,  5.291945661956 ,  30.0          
      3763,  3.3328944489976,  4.8999496869963,  30.0          
      3764,  3.1245613071499,  5.4903422217927,  30.0          
      3765,  2.7078950234544,  5.4951393665063,  30.0          
      3766,  2.4995618816066,  6.0865598608841,  30.0          
      3767,  2.4995618816066,  5.6938785795368,  30.0          
      3768,  2.2912287390916,  6.2856417271172,  30.0          
      3769,  1.8745624540617,  6.291124178236 ,  30.0          
      3770,  1.6662293115468,  6.8839152854013,  30.0          
      3771,  1.6662293115468,  6.490548697664 ,  30.0          
      3772,  1.4579208005602,  7.0836820934128,  30.0          
      3773,  1.0413037785869,  7.0898491216986,  30.0          
      3774,  0.8329952676002,  7.6840103554949,  30.0          
      3775,  0.8329952676002,  7.2899585423926,  30.0          
      3776,  4.1663264638421,  3.7174505745012,  30.0          
      3777,  4.1663264638421,  3.3261399877116,  30.0          
      3778,  3.957968460131 ,  3.9148193383213,  30.0          
      3779,  3.5412524527088,  3.9182462791718,  30.0          
      3780,  3.3328944489976,  4.5079537120366,  30.0          
      3781,  3.3328944489976,  4.1159577370769,  30.0          
      3782,  3.1245613071499,  4.7060076186794,  30.0          
      3783,  2.7078950234544,  4.7101194570054,  30.0          
      3784,  2.4995618816066,  5.3011972981894,  30.0          
      3785,  2.4995618816066,  4.908516016842 ,  30.0          
      3786,  2.2912287390916,  5.4999365112276,  30.0          
      3787,  1.8745624540617,  5.5047336559565,  30.0          
      3788,  1.6662293115468,  6.0971821099268,  30.0          
      3789,  1.6662293115468,  5.7038155221896,  30.0          
      3790,  1.4579208005602,  6.2966063052558,  30.0          
      3791,  1.0413037785869,  6.3020881081765,  30.0          
      3792,  0.8329952676002,  6.8959067292903,  30.0          
      3793,  0.8329952676002,  6.501854916188 ,  30.0          
      3794,  4.1663264638421,  2.934829400922 ,  30.0          
      3795,  4.1663264638421,  2.5435188141324,  30.0          
      3796,  3.957968460131 ,  3.131855470657 ,  30.0          
      3797,  3.5412524527088,  3.1345970233374,  30.0          
      3798,  3.3328944489976,  3.7239617621172,  30.0          
      3799,  3.3328944489976,  3.3319657871575,  30.0          
      3800,  3.1245613071499,  3.9216730155662,  30.0          
      3801,  2.7078950234544,  3.9250995475045,  30.0          
      3802,  2.4995618816066,  4.5158347354947,  30.0          
      3803,  2.4995618816066,  4.1231534541473,  30.0          
      3804,  2.2912287390916,  4.7142312953379,  30.0          
      3805,  1.8745624540617,  4.718343133677 ,  30.0          
      3806,  1.6662293115468,  5.3104489344524,  30.0          
      3807,  1.6662293115468,  4.9170823467152,  30.0          
      3808,  1.4579208005602,  5.5095305170988,  30.0          
      3809,  1.0413037785869,  5.5143270946544,  30.0          
      3810,  0.8329952676002,  6.1078031030857,  30.0          
      3811,  0.8329952676002,  5.7137512899834,  30.0          
      3812,  4.1663264638421,  2.1522082273428,  30.0          
      3813,  4.1663264638421,  1.7608976405532,  30.0          
      3814,  3.957968460131 ,  2.3488916029928,  30.0          
      3815,  3.5412524527088,  2.3509477675031,  30.0          
      3816,  3.3328944489976,  2.9399698121978,  30.0          
      3817,  3.3328944489976,  2.5479738372381,  30.0          
      3818,  3.1245613071499,  3.137338412453 ,  30.0          
      3819,  2.7078950234544,  3.1400796380036,  30.0          
      3820,  2.4995618816066,  3.7304721728   ,  30.0          
      3821,  2.4995618816066,  3.3377908914526,  30.0          
      3822,  2.2912287390916,  3.9285260794483,  30.0          
      3823,  1.8745624540617,  3.9319526113975,  30.0          
      3824,  1.6662293115468,  4.523715758978 ,  30.0          
      3825,  1.6662293115468,  4.1303491712408,  30.0          
      3826,  1.4579208005602,  4.7224547289418,  30.0          
      3827,  1.0413037785869,  4.7265660811324,  30.0          
      3828,  0.8329952676002,  5.3196994768811,  30.0          
      3829,  0.8329952676002,  4.9256476637788,  30.0          
      3830,  4.1663305987277,  1.3695890126703,  30.0          
      3831,  4.1663388684989,  0.978282343694 ,  30.0          
      3832,  3.957968460131 ,  1.5659277353285,  30.0          
      3833,  3.5412524527088,  1.5672985116687,  30.0          
      3834,  3.3328944489976,  2.1559778622784,  30.0          
      3835,  3.3328944489976,  1.7639818873187,  30.0          
      3836,  3.1245613071499,  2.3530038093397,  30.0          
      3837,  2.7078950234544,  2.3550597285027,  30.0          
      3838,  2.4995618816066,  2.9451096101052,  30.0          
      3839,  2.4995618816066,  2.5524283287579,  30.0          
      3840,  2.2912287390916,  3.1428208635586,  30.0          
      3841,  1.8745624540617,  3.145562089118 ,  30.0          
      3842,  1.6662293115468,  3.7369825835035,  30.0          
      3843,  1.6662293115468,  3.3436159957663,  30.0          
      3844,  1.4579208005602,  3.9353789407849,  30.0          
      3845,  1.0413037785869,  3.9388050676103,  30.0          
      3846,  0.8329952676002,  4.5315958506765,  30.0          
      3847,  0.8329952676002,  4.1375440375742,  30.0          
      3848,  3.9579891281557,  0.7829697579754,  30.0          
      3849,  3.5412813776979,  0.7836512555142,  30.0          
      3850,  3.3329027123655,  1.37198592595  ,  30.0          
      3851,  3.3329192391012,  0.9799899781725,  30.0          
      3852,  3.1245613071499,  1.5686692062265,  30.0          
      3853,  2.7078950234544,  1.5700398190018,  30.0          
      3854,  2.4995618816066,  2.1597470474105,  30.0          
      3855,  2.4995618816066,  1.7670657660631,  30.0          
      3856,  2.2912287390916,  2.357115647669 ,  30.0          
      3857,  1.8745624540617,  2.3591715668385,  30.0          
      3858,  1.6662293115468,  2.9502494080291,  30.0          
      3859,  1.6662293115468,  2.5568828202919,  30.0          
      3860,  1.4579208005602,  3.1483031526279,  30.0          
      3861,  1.0413037785869,  3.1510440540882,  30.0          
      3862,  0.8329952676002,  3.7434922244719,  30.0          
      3863,  0.8329952676002,  3.3494404113696,  30.0          
      3864,  3.1245943462   ,  0.7843346574538,  30.0          
      3865,  2.707928033662 ,  0.785019963794 ,  30.0          
      3866,  2.4995701305532,  1.3743844982831,  30.0          
      3867,  2.4995866284464,  0.9817032440704,  30.0          
      3868,  2.2912287390916,  1.5714104317793,  30.0          
      3869,  1.8745624540617,  1.572781044559 ,  30.0          
      3870,  1.6662293115468,  2.1635162325547,  30.0          
      3871,  1.6662293115468,  1.7701496448175,  30.0          
      3872,  1.4579208005602,  2.3612273644709,  30.0          
      3873,  1.0413037785869,  2.3632830405662,  30.0          
      3874,  0.8329952676002,  2.9553885982673,  30.0          
      3875,  0.8329952676002,  2.561336785165 ,  30.0          
      3876,  2.291261720507 ,  0.7857052701354,  30.0          
      3877,  1.8745954067351,  0.786390576478 ,  30.0          
      3878,  1.6662375461224,  1.376783070624 ,  30.0          
      3879,  1.6662540152735,  0.9834165099742,  30.0          
      3880,  1.4579208005602,  1.574151576314 ,  30.0          
      3881,  1.0413037785869,  1.5755220270441,  30.0          
      3882,  0.8329952676002,  2.1672849720627,  30.0          
      3883,  0.8329952676002,  1.7732331589604,  30.0          
      3884,  1.4579496183915,  0.7870739005361,  30.0          
      3885,  1.0413243554763,  0.7877552423098,  30.0          
      3886,  0.8329993817048,  1.3791794176061,  30.0          
      3887,  0.8330076099141,  0.9851237479998,  30.0          
      3888,  4.1664239192051,  0.5869717569044,  30.0          
      3889,  4.1665857508462,  0.1956572523015,  30.0          
      3890,  3.3330289601851,  0.5879940032128,  30.0          
      3891,  3.3332318756172,  0.1959980010709,  30.0          
      3892,  3.9583333333333,  0.0            ,  30.0          
      3893,  3.5416666666667,  0.0            ,  30.0          
      3894,  2.4996961580447,  0.5890219627231,  30.0          
      3895,  2.4998987193482,  0.196340654241 ,  30.0          
      3896,  3.125          ,  0.0            ,  30.0          
      3897,  2.7083333333333,  0.0            ,  30.0          
      3898,  1.6663633540535,  0.590049922237 ,  30.0          
      3899,  1.6665655624623,  0.1966833074123,  30.0          
      3900,  2.2916666666667,  0.0            ,  30.0          
      3901,  1.875          ,  0.0            ,  30.0          
      3902,  0.8330921263474,  0.5910719348974,  30.0          
      3903,  0.8332529310047,  0.1970239782992,  30.0          
      3904,  1.4583333333333,  0.0            ,  30.0          
      3905,  1.0416666666667,  0.0            ,  30.0          
      3906,  0.625          ,  0.0            ,  30.0          
      3907,  0.2083333333333,  0.0            ,  30.0          
      3908,  0.624758793014 ,  0.7884403559501,  30.0          
      3909,  0.2082529310047,  0.789129241457 ,  30.0          
      3910,  0.0            ,  0.1973684210526,  30.0          
      3911,  0.0            ,  0.5921052631579,  30.0          
      3912,  0.6247464507002,  1.5768922814122,  30.0          
      3913,  0.2082488169001,  1.5782623394181,  30.0          
      3914,  0.0            ,  0.9868421052632,  30.0          
      3915,  0.0            ,  1.3815789473684,  30.0          
      3916,  0.6247464507002,  2.3653384221183,  30.0          
      3917,  0.2082488169001,  2.3673935091271,  30.0          
      3918,  0.0            ,  1.7763157894737,  30.0          
      3919,  0.0            ,  2.171052631579 ,  30.0          
      3920,  0.6247464507002,  3.1537845628243,  30.0          
      3921,  0.2082488169001,  3.1565246788362,  30.0          
      3922,  0.0            ,  2.5657894736842,  30.0          
      3923,  0.0            ,  2.9605263157895,  30.0          
      3924,  0.6247464507002,  3.9422307035304,  30.0          
      3925,  0.2082488169001,  3.9456558485452,  30.0          
      3926,  0.0            ,  3.3552631578947,  30.0          
      3927,  0.0            ,  3.75           ,  30.0          
      3928,  0.6247464507002,  4.7306768442365,  30.0          
      3929,  0.2082488169001,  4.7347870182543,  30.0          
      3930,  0.0            ,  4.1447368421053,  30.0          
      3931,  0.0            ,  4.5394736842105,  30.0          
      3932,  0.6247464507002,  5.5191229849426,  30.0          
      3933,  0.2082488169001,  5.5239181879633,  30.0          
      3934,  0.0            ,  4.9342105263158,  30.0          
      3935,  0.0            ,  5.328947368421 ,  30.0          
      3936,  0.6247464507002,  6.3075691256487,  30.0          
      3937,  0.2082488169001,  6.3130493576724,  30.0          
      3938,  0.0            ,  5.7236842105263,  30.0          
      3939,  0.0            ,  6.1184210526316,  30.0          
      3940,  0.6247464507002,  7.0960152663548,  30.0          
      3941,  0.2082488169001,  7.1021805273814,  30.0          
      3942,  0.0            ,  6.5131578947368,  30.0          
      3943,  0.0            ,  6.9078947368421,  30.0          
      3944,  0.6247464507002,  7.8844614070608,  30.0          
      3945,  0.2082488169001,  7.8913116970905,  30.0          
      3946,  0.0            ,  7.3026315789474,  30.0          
      3947,  0.0            ,  7.6973684210526,  30.0          
      3948,  0.6247464507002,  8.6729075477669,  30.0          
      3949,  0.2082488169001,  8.6804428667995,  30.0          
      3950,  0.0            ,  8.0921052631579,  30.0          
      3951,  0.0            ,  8.4868421052632,  30.0          
      3952,  0.6247464507002,  9.461353688473 ,  30.0          
      3953,  0.2082488169001,  9.4695740365086,  30.0          
      3954,  0.0            ,  8.8815789473684,  30.0          
      3955,  0.0            ,  9.2763157894737,  30.0          
      3956,  0.6247464507002,  10.249799829179,  30.0          
      3957,  0.2082488169001,  10.258705206218,  30.0          
      3958,  0.0            ,  9.671052631579 ,  30.0          
      3959,  0.0            ,  10.065789473684,  30.0          
      3960,  0.624952002937 ,  11.039252310713,  30.0          
      3961,  0.2083173343123,  11.048171822869,  30.0          
      3962,  0.0            ,  10.46052631579 ,  30.0          
      3963,  0.0            ,  10.855263157895,  30.0          
      3964,  0.6253476332349,  11.829125415369,  30.0          
      3965,  0.2084492110783,  11.837778647228,  30.0          
      3966,  0.0            ,  11.25          ,  30.0          
      3967,  0.0            ,  11.644736842105,  30.0          
      3968,  0.6257398236603,  12.621012828172,  30.0          
      3969,  0.2085799412201,  12.628056907636,  30.0          
      3970,  0.0            ,  12.03947368421 ,  30.0          
      3971,  0.0            ,  12.434210526316,  30.0          
      3972,  0.6259415199647,  13.413331313487,  30.0          
      3973,  0.2086471733216,  13.418478858882,  30.0          
      3974,  0.0            ,  12.828947368421,  30.0          
      3975,  0.0            ,  13.223684210526,  30.0          
      3976,  0.6259011493965,  14.206463352091,  30.0          
      3977,  0.2086337164655,  14.209171994557,  30.0          
      3978,  0.0            ,  13.618421052632,  30.0          
      3979,  0.0            ,  14.013157894737,  30.0          
      3980,  0.6258230924828,  14.999509920148,  30.0          
      3981,  0.2086076974942,  14.999836640049,  30.0          
      3982,  0.0            ,  14.407894736842,  30.0          
      3983,  0.0            ,  14.802631578947,  30.0          
      3984,  0.6257449002286,  15.792152892089,  30.0          
      3985,  0.2085816334095,  15.790366753503,  30.0          
      3986,  0.0            ,  15.197368421053,  30.0          
      3987,  0.0            ,  15.592105263158,  30.0          
      3988,  0.6257043770847,  16.584710435052,  30.0          
      3989,  0.2085681256949,  16.580868390631,  30.0          
      3990,  0.0            ,  15.986842105263,  30.0          
      3991,  0.0            ,  16.381578947368,  30.0          
      3992,  0.6257043770847,  17.377065652578,  30.0          
      3993,  0.2085681256949,  17.371302585947,  30.0          
      3994,  0.0            ,  16.776315789474,  30.0          
      3995,  0.0            ,  17.171052631579,  30.0          
      3996,  0.6255424358865,  18.168608469428,  30.0          
      3997,  0.2085141452955,  18.161465981037,  30.0          
      3998,  0.0            ,  17.565789473684,  30.0          
      3999,  0.0            ,  17.96052631579 ,  30.0          
      4000,  0.6252277564638,  18.959807059274,  30.0          
      4001,  0.2084092521546,  18.951514633793,  30.0          
      4002,  0.0            ,  18.355263157895,  30.0          
      4003,  0.0            ,  18.75          ,  30.0          
      4004,  0.6249108664262,  19.749394943925,  30.0          
      4005,  0.2083036221421,  19.741026384817,  30.0          
      4006,  0.0            ,  19.144736842105,  30.0          
      4007,  0.0            ,  19.53947368421 ,  30.0          
      4008,  0.6247464507002,  20.538646311527,  30.0          
      4009,  0.2082488169001,  20.530425963491,  30.0          
      4010,  0.0            ,  19.934210526316,  30.0          
      4011,  0.0            ,  20.328947368421,  30.0          
      4012,  0.6247464507002,  21.327092452233,  30.0          
      4013,  0.2082488169001,  21.3195571332  ,  30.0          
      4014,  0.0            ,  20.723684210526,  30.0          
      4015,  0.0            ,  21.118421052632,  30.0          
      4016,  0.6247464507002,  22.115538592939,  30.0          
      4017,  0.2082488169001,  22.10868830291 ,  30.0          
      4018,  0.0            ,  21.513157894737,  30.0          
      4019,  0.0            ,  21.907894736842,  30.0          
      4020,  0.6247464507002,  22.903984733645,  30.0          
      4021,  0.2082488169001,  22.897819472619,  30.0          
      4022,  0.0            ,  22.302631578947,  30.0          
      4023,  0.0            ,  22.697368421053,  30.0          
      4024,  0.6247464507002,  23.692430874351,  30.0          
      4025,  0.2082488169001,  23.686950642328,  30.0          
      4026,  0.0            ,  23.092105263158,  30.0          
      4027,  0.0            ,  23.486842105263,  30.0          
      4028,  0.6247464507002,  24.480877015057,  30.0          
      4029,  0.2082488169001,  24.476081812037,  30.0          
      4030,  0.0            ,  23.881578947368,  30.0          
      4031,  0.0            ,  24.276315789474,  30.0          
      4032,  0.6247464507002,  25.269323155764,  30.0          
      4033,  0.2082488169001,  25.265212981746,  30.0          
      4034,  0.0            ,  24.671052631579,  30.0          
      4035,  0.0            ,  25.065789473684,  30.0          
      4036,  0.6247464507002,  26.05776929647 ,  30.0          
      4037,  0.2082488169001,  26.054344151455,  30.0          
      4038,  0.0            ,  25.46052631579 ,  30.0          
      4039,  0.0            ,  25.855263157895,  30.0          
      4040,  0.6247464507002,  26.846215437176,  30.0          
      4041,  0.2082488169001,  26.843475321164,  30.0          
      4042,  0.0            ,  26.25          ,  30.0          
      4043,  0.0            ,  26.644736842105,  30.0          
      4044,  0.6247464507002,  27.634661577882,  30.0          
      4045,  0.2082488169001,  27.632606490873,  30.0          
      4046,  0.0            ,  27.03947368421 ,  30.0          
      4047,  0.0            ,  27.434210526316,  30.0          
      4048,  0.6247464507002,  28.423107718588,  30.0          
      4049,  0.2082488169001,  28.421737660582,  30.0          
      4050,  0.0            ,  27.828947368421,  30.0          
      4051,  0.0            ,  28.223684210526,  30.0          
      4052,  0.624758793014 ,  29.21155964405 ,  30.0          
      4053,  0.2082529310047,  29.210870758543,  30.0          
      4054,  0.0            ,  28.618421052632,  30.0          
      4055,  0.0            ,  29.013157894737,  30.0          
      4056,  0.0            ,  29.407894736842,  30.0          
      4057,  0.0            ,  29.802631578947,  30.0          
      4058,  0.8330921263474,  29.408928065102,  30.0          
      4059,  0.8332529310047,  29.802976021701,  30.0          
      4060,  0.2083333333333,  30.0           ,  30.0          
      4061,  0.625          ,  30.0           ,  30.0          
      4062,  1.6663633540535,  29.409950077763,  30.0          
      4063,  1.6665655624623,  29.803316692588,  30.0          
      4064,  1.0416666666667,  30.0           ,  30.0          
      4065,  1.4583333333333,  30.0           ,  30.0          
      4066,  2.4996961580447,  29.410978037277,  30.0          
      4067,  2.4998987193482,  29.803659345759,  30.0          
      4068,  1.875          ,  30.0           ,  30.0          
      4069,  2.2916666666667,  30.0           ,  30.0          
      4070,  3.3330289601851,  29.412005996787,  30.0          
      4071,  3.3332318756172,  29.804001998929,  30.0          
      4072,  2.7083333333333,  30.0           ,  30.0          
      4073,  3.125          ,  30.0           ,  30.0          
      4074,  4.1664239192051,  29.413028243096,  30.0          
      4075,  4.1665857508462,  29.804342747698,  30.0          
      4076,  3.5416666666667,  30.0           ,  30.0          
      4077,  3.9583333333333,  30.0           ,  30.0          
      4078,  4.375          ,  30.0           ,  30.0          
      4079,  4.7916666666667,  30.0           ,  30.0          
      4080,  4.3747572525384,  29.217715743096,  30.0          
      4081,  4.7915857508462,  29.218405247698,  30.0          
      4082,  5.0            ,  29.8046875     ,  30.0          
      4083,  5.0            ,  29.4140625     ,  30.0          
      4084,  4.3747448478816,  28.435443239631,  30.0          
      4085,  4.7915816159605,  28.43681441321 ,  30.0          
      4086,  5.0            ,  29.0234375     ,  30.0          
      4087,  5.0            ,  28.6328125     ,  30.0          
      4088,  4.3747448478816,  27.653164859447,  30.0          
      4089,  4.7915816159605,  27.655221619816,  30.0          
      4090,  5.0            ,  28.2421875     ,  30.0          
      4091,  5.0            ,  27.8515625     ,  30.0          
      4092,  4.3747448478816,  26.870886479262,  30.0          
      4093,  4.7915816159605,  26.873628826421,  30.0          
      4094,  5.0            ,  27.4609375     ,  30.0          
      4095,  5.0            ,  27.0703125     ,  30.0          
      4096,  4.3747448478816,  26.088608099078,  30.0          
      4097,  4.7915816159605,  26.092036033026,  30.0          
      4098,  5.0            ,  26.6796875     ,  30.0          
      4099,  5.0            ,  26.2890625     ,  30.0          
      4100,  4.3747448478816,  25.306329718894,  30.0          
      4101,  4.7915816159605,  25.310443239631,  30.0          
      4102,  5.0            ,  25.8984375     ,  30.0          
      4103,  5.0            ,  25.5078125     ,  30.0          
      4104,  4.3747448478816,  24.524051338709,  30.0          
      4105,  4.7915816159605,  24.528850446236,  30.0          
      4106,  5.0            ,  25.1171875     ,  30.0          
      4107,  5.0            ,  24.7265625     ,  30.0          
      4108,  4.3747448478816,  23.741772958525,  30.0          
      4109,  4.7915816159605,  23.747257652842,  30.0          
      4110,  5.0            ,  24.3359375     ,  30.0          
      4111,  5.0            ,  23.9453125     ,  30.0          
      4112,  4.3747448478816,  22.95949457834 ,  30.0          
      4113,  4.7915816159605,  22.965664859447,  30.0          
      4114,  5.0            ,  23.5546875     ,  30.0          
      4115,  5.0            ,  23.1640625     ,  30.0          
      4116,  4.3747448478816,  22.177216198156,  30.0          
      4117,  4.7915816159605,  22.184072066052,  30.0          
      4118,  5.0            ,  22.7734375     ,  30.0          
      4119,  5.0            ,  22.3828125     ,  30.0          
      4120,  4.3747448478816,  21.394937817972,  30.0          
      4121,  4.7915816159605,  21.402479272657,  30.0          
      4122,  5.0            ,  21.9921875     ,  30.0          
      4123,  5.0            ,  21.6015625     ,  30.0          
      4124,  4.3747448478816,  20.612659437787,  30.0          
      4125,  4.7915816159605,  20.620886479262,  30.0          
      4126,  5.0            ,  21.2109375     ,  30.0          
      4127,  5.0            ,  20.8203125     ,  30.0          
      4128,  4.3745277006707,  19.828546821841,  30.0          
      4129,  4.7915092335569,  19.838682273947,  30.0          
      4130,  5.0            ,  20.4296875     ,  30.0          
      4131,  5.0            ,  20.0390625     ,  30.0          
      4132,  4.3742308248213,  19.043520159374,  30.0          
      4133,  4.7914102749404,  19.056173386458,  30.0          
      4134,  5.0            ,  19.6484375     ,  30.0          
      4135,  5.0            ,  19.2578125     ,  30.0          
      4136,  5.0851241036984,  19.437390048276,  30.0          
      4137,  4.3739404844155,  18.253827960487,  30.0          
      4138,  4.7913134948052,  18.272109320162,  30.0          
      4139,  5.0            ,  18.8671875     ,  30.0          
      4140,  5.0            ,  18.4765625     ,  30.0          
      4141,  5.2659767038145,  18.65804018851 ,  30.0          
      4142,  4.9856684387007,  16.870504032177,  30.0          
      4143,  4.9952228129002,  17.290168010726,  30.0          
      4144,  4.3744077591461,  17.458222299728,  30.0          
      4145,  4.7914692530487,  17.486074099909,  30.0          
      4146,  5.0            ,  18.0859375     ,  30.0          
      4147,  5.0            ,  17.6953125     ,  30.0          
      4148,  5.1922701073692,  17.884979732151,  30.0          
      4149,  5.784256859138 ,  16.87433124849 ,  30.0          
      4150,  5.7877347425197,  17.291443749497,  30.0          
      4151,  5.1973684210526,  17.5           ,  30.0          
      4152,  5.5921052631579,  17.5           ,  30.0          
      4153,  5.3896385284218,  17.689667232151,  30.0          
      4154,  6.5789473684211,  16.875         ,  30.0          
      4155,  6.5789473684211,  17.291666666667,  30.0          
      4156,  5.9868421052632,  17.5           ,  30.0          
      4157,  6.3815789473684,  17.5           ,  30.0          
      4158,  6.1804757737808,  17.752855993983,  30.0          
      4159,  7.3684210526316,  16.875         ,  30.0          
      4160,  7.3684210526316,  17.291666666667,  30.0          
      4161,  6.7763157894737,  17.5           ,  30.0          
      4162,  7.171052631579 ,  17.5           ,  30.0          
      4163,  6.9318472842673,  17.585095490583,  30.0          
      4164,  8.1578947368421,  16.875         ,  30.0          
      4165,  8.1578947368421,  17.291666666667,  30.0          
      4166,  7.5657894736842,  17.5           ,  30.0          
      4167,  7.9605263157895,  17.5           ,  30.0          
      4168,  8.9473684210526,  16.875         ,  30.0          
      4169,  8.9473684210526,  17.291666666667,  30.0          
      4170,  8.3552631578947,  17.5           ,  30.0          
      4171,  8.75           ,  17.5           ,  30.0          
      4172,  9.7368421052632,  16.875         ,  30.0          
      4173,  9.7368421052632,  17.291666666667,  30.0          
      4174,  9.1447368421053,  17.5           ,  30.0          
      4175,  9.5394736842105,  17.5           ,  30.0          
      4176,  10.526315789474,  16.875         ,  30.0          
      4177,  10.526315789474,  17.291666666667,  30.0          
      4178,  9.9342105263158,  17.5           ,  30.0          
      4179,  10.328947368421,  17.5           ,  30.0          
      4180,  11.315789473684,  16.875         ,  30.0          
      4181,  11.315789473684,  17.291666666667,  30.0          
      4182,  10.723684210526,  17.5           ,  30.0          
      4183,  11.118421052632,  17.5           ,  30.0          
      4184,  12.105263157895,  16.875         ,  30.0          
      4185,  12.105263157895,  17.291666666667,  30.0          
      4186,  11.513157894737,  17.5           ,  30.0          
      4187,  11.907894736842,  17.5           ,  30.0          
      4188,  12.894736842105,  16.875         ,  30.0          
      4189,  12.894736842105,  17.291666666667,  30.0          
      4190,  12.302631578947,  17.5           ,  30.0          
      4191,  12.697368421053,  17.5           ,  30.0          
      4192,  13.684210526316,  16.875         ,  30.0          
      4193,  13.684210526316,  17.291666666667,  30.0          
      4194,  13.092105263158,  17.5           ,  30.0          
      4195,  13.486842105263,  17.5           ,  30.0          
      4196,  14.473684210526,  16.875         ,  30.0          
      4197,  14.473684210526,  17.291666666667,  30.0          
      4198,  13.881578947368,  17.5           ,  30.0          
      4199,  14.276315789474,  17.5           ,  30.0          
      4200,  15.263157894737,  16.875         ,  30.0          
      4201,  15.263157894737,  17.291666666667,  30.0          
      4202,  14.671052631579,  17.5           ,  30.0          
      4203,  15.065789473684,  17.5           ,  30.0          
      4204,  16.052631578947,  16.875         ,  30.0          
      4205,  16.052631578947,  17.291666666667,  30.0          
      4206,  15.46052631579 ,  17.5           ,  30.0          
      4207,  15.855263157895,  17.5           ,  30.0          
      4208,  16.842105263158,  16.875         ,  30.0          
      4209,  16.842105263158,  17.291666666667,  30.0          
      4210,  16.25          ,  17.5           ,  30.0          
      4211,  16.644736842105,  17.5           ,  30.0          
      4212,  17.631578947368,  16.875         ,  30.0          
      4213,  17.631578947368,  17.291666666667,  30.0          
      4214,  17.03947368421 ,  17.5           ,  30.0          
      4215,  17.434210526316,  17.5           ,  30.0          
      4216,  18.421052631579,  16.875         ,  30.0          
      4217,  18.421052631579,  17.291666666667,  30.0          
      4218,  17.828947368421,  17.5           ,  30.0          
      4219,  18.223684210526,  17.5           ,  30.0          
      4220,  19.21052631579 ,  16.875         ,  30.0          
      4221,  19.21052631579 ,  17.291666666667,  30.0          
      4222,  18.618421052632,  17.5           ,  30.0          
      4223,  19.013157894737,  17.5           ,  30.0          
      4224,  19.407894736842,  17.5           ,  30.0          
      4225,  19.802631578947,  17.5           ,  30.0          
      4226,  19.407894736842,  16.666666666667,  30.0          
      4227,  19.802631578947,  16.666666666667,  30.0          
      4228,  20.0           ,  17.291666666667,  30.0          
      4229,  20.0           ,  16.875         ,  30.0          
      4230,  19.407894736842,  15.833333333333,  30.0          
      4231,  19.802631578947,  15.833333333333,  30.0          
      4232,  20.0           ,  16.458333333333,  30.0          
      4233,  20.0           ,  16.041666666667,  30.0          
      4234,  19.407894736842,  15.0           ,  30.0          
      4235,  19.802631578947,  15.0           ,  30.0          
      4236,  20.0           ,  15.625         ,  30.0          
      4237,  20.0           ,  15.208333333333,  30.0          
      4238,  19.407894736842,  14.166666666667,  30.0          
      4239,  19.802631578947,  14.166666666667,  30.0          
      4240,  20.0           ,  14.791666666667,  30.0          
      4241,  20.0           ,  14.375         ,  30.0          
      4242,  19.407894736842,  13.333333333333,  30.0          
      4243,  19.802631578947,  13.333333333333,  30.0          
      4244,  20.0           ,  13.958333333333,  30.0          
      4245,  20.0           ,  13.541666666667,  30.0          
      4246,  20.0           ,  13.125         ,  30.0          
      4247,  20.0           ,  12.708333333333,  30.0          
      4248,  19.21052631579 ,  13.125         ,  30.0          
      4249,  19.21052631579 ,  12.708333333333,  30.0          
      4250,  19.802631578947,  12.5           ,  30.0          
      4251,  19.407894736842,  12.5           ,  30.0          
      4252,  18.421052631579,  13.125         ,  30.0          
      4253,  18.421052631579,  12.708333333333,  30.0          
      4254,  19.013157894737,  12.5           ,  30.0          
      4255,  18.618421052632,  12.5           ,  30.0          
      4256,  17.631578947368,  13.125         ,  30.0          
      4257,  17.631578947368,  12.708333333333,  30.0          
      4258,  18.223684210526,  12.5           ,  30.0          
      4259,  17.828947368421,  12.5           ,  30.0          
      4260,  16.842105263158,  13.125         ,  30.0          
      4261,  16.842105263158,  12.708333333333,  30.0          
      4262,  17.434210526316,  12.5           ,  30.0          
      4263,  17.03947368421 ,  12.5           ,  30.0          
      4264,  16.052631578947,  13.125         ,  30.0          
      4265,  16.052631578947,  12.708333333333,  30.0          
      4266,  16.644736842105,  12.5           ,  30.0          
      4267,  16.25          ,  12.5           ,  30.0          
      4268,  15.263157894737,  13.125         ,  30.0          
      4269,  15.263157894737,  12.708333333333,  30.0          
      4270,  15.855263157895,  12.5           ,  30.0          
      4271,  15.46052631579 ,  12.5           ,  30.0          
      4272,  14.473684210526,  13.125         ,  30.0          
      4273,  14.473684210526,  12.708333333333,  30.0          
      4274,  15.065789473684,  12.5           ,  30.0          
      4275,  14.671052631579,  12.5           ,  30.0          
      4276,  13.684210526316,  13.125         ,  30.0          
      4277,  13.684210526316,  12.708333333333,  30.0          
      4278,  14.276315789474,  12.5           ,  30.0          
      4279,  13.881578947368,  12.5           ,  30.0          
      4280,  12.894736842105,  13.125         ,  30.0          
      4281,  12.894736842105,  12.708333333333,  30.0          
      4282,  13.486842105263,  12.5           ,  30.0          
      4283,  13.092105263158,  12.5           ,  30.0          
      4284,  12.105263157895,  13.125         ,  30.0          
      4285,  12.105263157895,  12.708333333333,  30.0          
      4286,  12.697368421053,  12.5           ,  30.0          
      4287,  12.302631578947,  12.5           ,  30.0          
      4288,  11.315789473684,  13.125         ,  30.0          
      4289,  11.315789473684,  12.708333333333,  30.0          
      4290,  11.907894736842,  12.5           ,  30.0          
      4291,  11.513157894737,  12.5           ,  30.0          
      4292,  10.526315789474,  13.125         ,  30.0          
      4293,  10.526315789474,  12.708333333333,  30.0          
      4294,  11.118421052632,  12.5           ,  30.0          
      4295,  10.723684210526,  12.5           ,  30.0          
      4296,  9.7368421052632,  13.125         ,  30.0          
      4297,  9.7368421052632,  12.708333333333,  30.0          
      4298,  10.328947368421,  12.5           ,  30.0          
      4299,  9.9342105263158,  12.5           ,  30.0          
      4300,  8.9473684210526,  13.125         ,  30.0          
      4301,  8.9473684210526,  12.708333333333,  30.0          
      4302,  9.5394736842105,  12.5           ,  30.0          
      4303,  9.1447368421053,  12.5           ,  30.0          
      4304,  8.1578947368421,  13.125         ,  30.0          
      4305,  8.1578947368421,  12.708333333333,  30.0          
      4306,  8.75           ,  12.5           ,  30.0          
      4307,  8.3552631578947,  12.5           ,  30.0          
      4308,  7.3684210526316,  13.125         ,  30.0          
      4309,  7.3684210526316,  12.708333333333,  30.0          
      4310,  7.9605263157895,  12.5           ,  30.0          
      4311,  7.5657894736842,  12.5           ,  30.0          
      4312,  6.5789473684211,  13.125         ,  30.0          
      4313,  6.5789473684211,  12.708333333333,  30.0          
      4314,  7.171052631579 ,  12.5           ,  30.0          
      4315,  6.7763157894737,  12.5           ,  30.0          
      4316,  6.9318472842673,  12.414904509417,  30.0          
      4317,  5.7841862720397,  13.125659569776,  30.0          
      4318,  5.7877112134869,  12.708553189925,  30.0          
      4319,  6.3815789473684,  12.5           ,  30.0          
      4320,  5.9868421052632,  12.5           ,  30.0          
      4321,  6.1804757737808,  12.247144006017,  30.0          
      4322,  4.9853356847944,  13.128822340726,  30.0          
      4323,  4.9951118949315,  12.709607446909,  30.0          
      4324,  4.3743958020009,  12.538148305552,  30.0          
      4325,  4.7914652673336,  12.512716101851,  30.0          
      4326,  5.5921052631579,  12.5           ,  30.0          
      4327,  5.1973684210526,  12.5           ,  30.0          
      4328,  5.3896385284218,  12.310332767849,  30.0          
      4329,  4.374098394549 ,  11.741440341859,  30.0          
      4330,  4.7913661315163,  11.726313447286,  30.0          
      4331,  5.0            ,  12.3046875     ,  30.0          
      4332,  5.0            ,  11.9140625     ,  30.0          
      4333,  5.1922701073692,  12.115020267849,  30.0          
      4334,  4.374460306452 ,  10.954444756924,  30.0          
      4335,  4.7914867688174,  10.943148252308,  30.0          
      4336,  5.0            ,  11.5234375     ,  30.0          
      4337,  5.0            ,  11.1328125     ,  30.0          
      4338,  5.2659767038145,  11.34195981149 ,  30.0          
      4339,  4.3747448478816,  10.169618942397,  30.0          
      4340,  4.7915816159605,  10.160706314132,  30.0          
      4341,  5.0            ,  10.7421875     ,  30.0          
      4342,  5.0            ,  10.3515625     ,  30.0          
      4343,  5.0851241036984,  10.562609951724,  30.0          
      4344,  4.3747448478816,  9.3873405622129,  30.0          
      4345,  4.7915816159605,  9.3791135207376,  30.0          
      4346,  5.0            ,  9.9609375      ,  30.0          
      4347,  5.0            ,  9.5703125      ,  30.0          
      4348,  4.3747448478816,  8.6050621820285,  30.0          
      4349,  4.7915816159605,  8.5975207273428,  30.0          
      4350,  5.0            ,  9.1796875      ,  30.0          
      4351,  5.0            ,  8.7890625      ,  30.0          
      4352,  4.3747448478816,  7.822783801844 ,  30.0          
      4353,  4.7915816159605,  7.815927933948 ,  30.0          
      4354,  5.0            ,  8.3984375      ,  30.0          
      4355,  5.0            ,  8.0078125      ,  30.0          
      4356,  4.3747448478816,  7.0405054216596,  30.0          
      4357,  4.7915816159605,  7.0343351405532,  30.0          
      4358,  5.0            ,  7.6171875      ,  30.0          
      4359,  5.0            ,  7.2265625      ,  30.0          
      4360,  4.3747448478816,  6.2582270414752,  30.0          
      4361,  4.7915816159605,  6.2527423471584,  30.0          
      4362,  5.0            ,  6.8359375      ,  30.0          
      4363,  5.0            ,  6.4453125      ,  30.0          
      4364,  4.3747448478816,  5.4759486612908,  30.0          
      4365,  4.7915816159605,  5.4711495537636,  30.0          
      4366,  5.0            ,  6.0546875      ,  30.0          
      4367,  5.0            ,  5.6640625      ,  30.0          
      4368,  4.3747448478816,  4.6936702811064,  30.0          
      4369,  4.7915816159605,  4.6895567603688,  30.0          
      4370,  5.0            ,  5.2734375      ,  30.0          
      4371,  5.0            ,  4.8828125      ,  30.0          
      4372,  4.3747448478816,  3.911391900922 ,  30.0          
      4373,  4.7915816159605,  3.907963966974 ,  30.0          
      4374,  5.0            ,  4.4921875      ,  30.0          
      4375,  5.0            ,  4.1015625      ,  30.0          
      4376,  4.3747448478816,  3.1291135207376,  30.0          
      4377,  4.7915816159605,  3.1263711735792,  30.0          
      4378,  5.0            ,  3.7109375      ,  30.0          
      4379,  5.0            ,  3.3203125      ,  30.0          
      4380,  4.3747448478816,  2.3468351405532,  30.0          
      4381,  4.7915816159605,  2.3447783801844,  30.0          
      4382,  5.0            ,  2.9296875      ,  30.0          
      4383,  5.0            ,  2.5390625      ,  30.0          
      4384,  4.3747448478816,  1.5645567603688,  30.0          
      4385,  4.7915816159605,  1.5631855867896,  30.0          
      4386,  5.0            ,  2.1484375      ,  30.0          
      4387,  5.0            ,  1.7578125      ,  30.0          
      4388,  4.3747572525384,  0.7822842569044,  30.0          
      4389,  4.7915857508462,  0.7815947523015,  30.0          
      4390,  5.0            ,  1.3671875      ,  30.0          
      4391,  5.0            ,  0.9765625      ,  30.0          
      4392,  4.375          ,  0.0            ,  30.0          
      4393,  4.7916666666667,  0.0            ,  30.0          
      4394,  5.0            ,  0.5859375      ,  30.0          
      4395,  5.0            ,  0.1953125      ,  30.0          
      4396,  5.0473202431264,  19.843750000005,  30.0          
      4397,  5.1585195468405,  19.040420556856,  30.0          
      4398,  5.189654659605 ,  18.252846368269,  30.0          
      4399,  5.7739358810272,  17.678552513622,  30.0          
      4400,  6.5745368433924,  17.643392837943,  30.0          
      4401,  7.3684210526398,  17.540602715388,  30.0          
      4402,  7.3684210526316,  12.459397284612,  30.0          
      4403,  6.5745368433924,  12.356607162057,  30.0          
      4404,  5.7739358810272,  12.321447486378,  30.0          
      4405,  5.189654659605 ,  11.747153631731,  30.0          
      4406,  5.1585195468405,  10.959579443144,  30.0          
      4407,  5.0473202431264,  10.15625       ,  30.0          
      4408,  5.1324443468247,  19.632702548282,  30.0          
      4409,  5.2436436505388,  19.219998105133,  30.0          
      4410,  5.424496250655 ,  18.831273245366,  30.0          
      4411,  5.6763904808822,  18.471970144238,  30.0          
      4412,  5.4556313634194,  18.434324056779,  30.0          
      4413,  5.9987842876906,  18.152723449711,  30.0          
      4414,  5.7287978285726,  18.20465507279 ,  30.0          
      4415,  6.3734336698048,  17.896248831926,  30.0          
      4416,  5.9675695495449,  17.931408507605,  30.0          
      4417,  6.730068338186 ,  17.728488328526,  30.0          
      4418,  7.1292157053281,  17.625698205972,  30.0          
      4419,  5.6975830904268,  17.983340130684,  30.0          
      4420,  5.5714691462912,  17.868219745773,  30.0          
      4421,  5.5080387111098,  18.167008985331,  30.0          
      4422,  5.3819247669742,  18.05188860042 ,  30.0          
      4423,  5.3819247669742,  11.94811139958 ,  30.0          
      4424,  5.5714691462912,  12.131780254227,  30.0          
      4425,  5.5080387111098,  11.832991014669,  30.0          
      4426,  5.4556313634194,  11.565675943221,  30.0          
      4427,  5.6975830904268,  12.016659869316,  30.0          
      4428,  5.7287978285726,  11.79534492721 ,  30.0          
      4429,  5.9675695495449,  12.068591492395,  30.0          
      4430,  7.1270454640351,  12.385969605712,  30.0          
      4431,  6.7280811796325,  12.276963551656,  30.0          
      4432,  6.3684956013466,  12.112624306754,  30.0          
      4433,  5.9919829270054,  11.855509567748,  30.0          
      4434,  5.668631672203 ,  11.534536421049,  30.0          
      4435,  5.416409746311 ,  11.173371874403,  30.0          
      4436,  5.2349725939457,  10.783157828091,  30.0          
      4437,  5.1233776539375,  10.368921522471,  30.0          
      4438,  0.2082730315868,  0.5918469310928,  30.0          
      4439,  0.2083132327512,  0.1972823103643,  30.0          
      4440,  0.6249396982535,  0.1971100889875,  30.0          
      4441,  0.6248190947605,  0.5913302669626,  30.0          
      4442,  0.2082498454262,  1.3809790649278,  30.0          
      4443,  0.2082519024785,  0.9864125159473,  30.0          
      4444,  0.6247557074356,  0.9855533373156,  30.0          
      4445,  0.6247495362786,  1.3797793000466,  30.0          
      4446,  1.0414099332739,  0.5908164317323,  30.0          
      4447,  1.0415810888691,  0.1969388105774,  30.0          
      4448,  1.4582374045979,  0.196768475134 ,  30.0          
      4449,  1.458045547127 ,  0.5903054254021,  30.0          
      4450,  0.6247464507002,  1.7740038165887,  30.0          
      4451,  0.6247464507002,  2.1682268869417,  30.0          
      4452,  0.2082488169001,  2.1701107166999,  30.0          
      4453,  0.2082488169001,  1.7755451318454,  30.0          
      4454,  1.0413089228092,  1.3785803308605,  30.0          
      4455,  1.041319211254 ,  0.9846969384934,  30.0          
      4456,  1.4579424139337,  0.9838433194806,  30.0          
      4457,  1.457928005018 ,  1.3773821573695,  30.0          
      4458,  1.8746965550513,  0.5897929323585,  30.0          
      4459,  1.8748988516838,  0.1965976441195,  30.0          
      4460,  2.2915654301268,  0.1964263175338,  30.0          
      4461,  2.2913629570469,  0.5892789526016,  30.0          
      4462,  0.6247464507002,  2.5624499572948,  30.0          
      4463,  0.6247464507002,  2.9566730276478,  30.0          
      4464,  0.2082488169001,  2.9592418864089,  30.0          
      4465,  0.2082488169001,  2.5646763015544,  30.0          
      4466,  1.4579208005602,  1.7709205233532,  30.0          
      4467,  1.4579208005602,  2.1644584174317,  30.0          
      4468,  1.0413037785869,  2.1663427871857,  30.0          
      4469,  1.0413037785869,  1.7724622804246,  30.0          
      4470,  1.8745706922301,  1.3761834275388,  30.0          
      4471,  1.8745871685668,  0.9829881934982,  30.0          
      4472,  2.2912534751532,  0.9821315605464,  30.0          
      4473,  2.2912369844455,  1.3749841413683,  30.0          
      4474,  2.7080293585798,  0.5887649728455,  30.0          
      4475,  2.7082320084155,  0.1962549909485,  30.0          
      4476,  3.12489858655  ,  0.1960836643634,  30.0          
      4477,  3.12469575965  ,  0.5882509930903,  30.0          
      4478,  0.2082488169001,  3.748373056118 ,  30.0          
      4479,  0.2082488169001,  3.3538074712634,  30.0          
      4480,  0.6247464507002,  3.3508960980009,  30.0          
      4481,  0.6247464507002,  3.7451191683539,  30.0          
      4482,  1.4579208005602,  2.5579963115102,  30.0          
      4483,  1.4579208005602,  2.9515342055886,  30.0          
      4484,  1.0413037785869,  2.9541038007077,  30.0          
      4485,  1.0413037785869,  2.5602232939467,  30.0          
      4486,  1.8745624540617,  2.1625739362686,  30.0          
      4487,  1.8745624540617,  1.7693786751289,  30.0          
      4488,  2.2912287390916,  1.7678367357517,  30.0          
      4489,  2.2912287390916,  2.1606893436966,  30.0          
      4490,  2.7079032760063,  1.3737848551998,  30.0          
      4491,  2.7079197811101,  0.981274927596 ,  30.0          
      4492,  3.1245860864374,  0.980418294647 ,  30.0          
      4493,  3.1245695669124,  1.3725855690333,  30.0          
      4494,  3.5413776999401,  0.5877384416357,  30.0          
      4495,  3.5415703444245,  0.1959128138786,  30.0          
      4496,  3.9582472820389,  0.1957424394938,  30.0          
      4497,  3.9580751794501,  0.5872273184815,  30.0          
      4498,  0.2082488169001,  4.537504225827 ,  30.0          
      4499,  0.2082488169001,  4.1429386409725,  30.0          
      4500,  0.6247464507002,  4.139342238707 ,  30.0          
      4501,  0.6247464507002,  4.53356530906  ,  30.0          
      4502,  1.0413037785869,  3.7418648142298,  30.0          
      4503,  1.0413037785869,  3.3479843074688,  30.0          
      4504,  1.4579208005602,  3.3450720996671,  30.0          
      4505,  1.4579208005602,  3.7386099937456,  30.0          
      4506,  1.8745624540617,  2.9489644585481,  30.0          
      4507,  1.8745624540617,  2.5557691974084,  30.0          
      4508,  2.2912287390916,  2.5535419516414,  30.0          
      4509,  2.2912287390916,  2.9463945595862,  30.0          
      4510,  3.1245613071499,  1.7647528570048,  30.0          
      4511,  3.1245613071499,  2.1569201585614,  30.0          
      4512,  2.7078950234544,  2.1588047511275,  30.0          
      4513,  2.7078950234544,  1.766294796377 ,  30.0          
      4514,  3.541259683956 ,  1.3713866976301,  30.0          
      4515,  3.5412741464506,  0.9795630695529,  30.0          
      4516,  3.9579839611495,  0.9787092523136,  30.0          
      4517,  3.9579736271371,  1.3701882409902,  30.0          
      4518,  4.3748179394038,  0.5867131926783,  30.0          
      4519,  4.3749393131346,  0.1955710642261,  30.0          
      4520,  4.7916464377115,  0.1953986880754,  30.0          
      4521,  4.7916059798013,  0.5861960642261,  30.0          
      4522,  0.2082488169001,  5.3266353955361,  30.0          
      4523,  0.2082488169001,  4.9320698106815,  30.0          
      4524,  0.6247464507002,  4.927788379413 ,  30.0          
      4525,  0.6247464507002,  5.3220114497661,  30.0          
      4526,  1.0413037785869,  4.5296258277518,  30.0          
      4527,  1.0413037785869,  4.1357453209908,  30.0          
      4528,  1.4579208005602,  4.1321478878241,  30.0          
      4529,  1.4579208005602,  4.5256857819026,  30.0          
      4530,  1.8745624540617,  3.7353549808276,  30.0          
      4531,  1.8745624540617,  3.3421597196879,  30.0          
      4532,  2.2912287390916,  3.339247167531 ,  30.0          
      4533,  2.2912287390916,  3.7320997754758,  30.0          
      4534,  3.1245613071499,  2.549087460118 ,  30.0          
      4535,  3.1245613071499,  2.9412547616746,  30.0          
      4536,  2.7078950234544,  2.9438246606284,  30.0          
      4537,  2.7078950234544,  2.5513147058779,  30.0          
      4538,  3.957968460131 ,  1.7616687022446,  30.0          
      4539,  3.957968460131 ,  2.1531506360767,  30.0          
      4540,  3.5412524527088,  2.1550354535445,  30.0          
      4541,  3.5412524527088,  1.7632108256273,  30.0          
      4542,  4.3747479490458,  1.3689886345027,  30.0          
      4543,  4.3747541513742,  0.9778523827705,  30.0          
      4544,  4.7915847171247,  0.9769924609235,  30.0          
      4545,  4.7915826496819,  1.3677878781676,  30.0          
      4546,  0.6247464507002,  5.7162345201191,  30.0          
      4547,  0.6247464507002,  6.1104575904722,  30.0          
      4548,  0.2082488169001,  6.1157665652451,  30.0          
      4549,  0.2082488169001,  5.7212009803906,  30.0          
      4550,  1.0413037785869,  5.3173868412739,  30.0          
      4551,  1.0413037785869,  4.9235063345129,  30.0          
      4552,  1.4579208005602,  4.9192236759811,  30.0          
      4553,  1.4579208005602,  5.3127615700596,  30.0          
      4554,  1.8745624540617,  4.5217455031071,  30.0          
      4555,  1.8745624540617,  4.1285502419674,  30.0          
      4556,  2.2912287390916,  4.1249523834207,  30.0          
      4557,  2.2912287390916,  4.5178049913655,  30.0          
      4558,  2.7078950234544,  3.7288445701293,  30.0          
      4559,  2.7078950234544,  3.3363346153788,  30.0          
      4560,  3.1245613071499,  3.3334220632313,  30.0          
      4561,  3.1245613071499,  3.7255893647879,  30.0          
      4562,  3.957968460131 ,  2.5446325699088,  30.0          
      4563,  3.957968460131 ,  2.936114503741 ,  30.0          
      4564,  3.5412524527088,  2.9386847093788,  30.0          
      4565,  3.5412524527088,  2.5468600814617,  30.0          
      4566,  4.3747448478816,  2.1512655455071,  30.0          
      4567,  4.3747448478816,  1.7601263554149,  30.0          
      4568,  4.7915816159605,  1.7585837851383,  30.0          
      4569,  4.7915816159605,  2.1493801818357,  30.0          
      4570,  0.6247464507002,  6.5046806608252,  30.0          
      4571,  0.6247464507002,  6.8989037311782,  30.0          
      4572,  0.2082488169001,  6.9048977349542,  30.0          
      4573,  0.2082488169001,  6.5103321500996,  30.0          
      4574,  1.4579208005602,  5.7062994641381,  30.0          
      4575,  1.4579208005602,  6.0998373582165,  30.0          
      4576,  1.0413037785869,  6.105147854796 ,  30.0          
      4577,  1.0413037785869,  5.7112673480349,  30.0          
      4578,  1.8745624540617,  5.3081360253866,  30.0          
      4579,  1.8745624540617,  4.9149407642469,  30.0          
      4580,  2.2912287390916,  4.9106575993103,  30.0          
      4581,  2.2912287390916,  5.3035102072552,  30.0          
      4582,  2.7078950234544,  4.5138644796302,  30.0          
      4583,  2.7078950234544,  4.1213545248797,  30.0          
      4584,  3.1245613071499,  4.1177566663445,  30.0          
      4585,  3.1245613071499,  4.5099239679011,  30.0          
      4586,  3.5412524527088,  3.7223339652132,  30.0          
      4587,  3.5412524527088,  3.330509337296 ,  30.0          
      4588,  3.957968460131 ,  3.3275964375731,  30.0          
      4589,  3.957968460131 ,  3.7190783714052,  30.0          
      4590,  4.3747448478816,  2.9335439256915,  30.0          
      4591,  4.3747448478816,  2.5424047355993,  30.0          
      4592,  4.7915816159605,  2.5401765785331,  30.0          
      4593,  4.7915816159605,  2.9309729752305,  30.0          
      4594,  0.2082488169001,  7.6940289046632,  30.0          
      4595,  0.2082488169001,  7.2994633198087,  30.0          
      4596,  0.6247464507002,  7.2931268015313,  30.0          
      4597,  0.6247464507002,  7.6873498718843,  30.0          
      4598,  1.4579208005602,  6.493375252295 ,  30.0          
      4599,  1.4579208005602,  6.8869131463735,  30.0          
      4600,  1.0413037785869,  6.892908868318 ,  30.0          
      4601,  1.0413037785869,  6.499028361557 ,  30.0          
      4602,  1.8745624540617,  6.0945265476662,  30.0          
      4603,  1.8745624540617,  5.7013312865264,  30.0          
      4604,  2.2912287390916,  5.6963628152   ,  30.0          
      4605,  2.2912287390916,  6.0892154231448,  30.0          
      4606,  2.7078950234544,  5.2988843891311,  30.0          
      4607,  2.7078950234544,  4.9063744343806,  30.0          
      4608,  3.1245613071499,  4.9020912694578,  30.0          
      4609,  3.1245613071499,  5.2942585710144,  30.0          
      4610,  3.5412524527088,  4.5059832210476,  30.0          
      4611,  3.5412524527088,  4.1141585931304,  30.0          
      4612,  3.957968460131 ,  4.1105603052374,  30.0          
      4613,  3.957968460131 ,  4.5020422390695,  30.0          
      4614,  4.3747448478816,  3.7158223058759,  30.0          
      4615,  4.3747448478816,  3.3246831157837,  30.0          
      4616,  4.7915816159605,  3.3217693719279,  30.0          
      4617,  4.7915816159605,  3.7125657686253,  30.0          
      4618,  0.2082488169001,  8.4831600743722,  30.0          
      4619,  0.2082488169001,  8.0885944895177,  30.0          
      4620,  0.6247464507002,  8.0815729422374,  30.0          
      4621,  0.6247464507002,  8.4757960125904,  30.0          
      4622,  1.0413037785869,  7.6806698818401,  30.0          
      4623,  1.0413037785869,  7.2867893750791,  30.0          
      4624,  1.4579208005602,  7.280451040452 ,  30.0          
      4625,  1.4579208005602,  7.6739889345305,  30.0          
      4626,  1.8745624540617,  6.8809170699457,  30.0          
      4627,  1.8745624540617,  6.4877218088059,  30.0          
      4628,  2.2912287390916,  6.4820680310896,  30.0          
      4629,  2.2912287390916,  6.8749206390344,  30.0          
      4630,  3.1245613071499,  5.686425872571 ,  30.0          
      4631,  3.1245613071499,  6.0785931741276,  30.0          
      4632,  2.7078950234544,  6.083904298632 ,  30.0          
      4633,  2.7078950234544,  5.6913943438815,  30.0          
      4634,  3.5412524527088,  5.2896324768819,  30.0          
      4635,  3.5412524527088,  4.8978078489648,  30.0          
      4636,  3.957968460131 ,  4.8935241729016,  30.0          
      4637,  3.957968460131 ,  5.2850061067337,  30.0          
      4638,  4.3747448478816,  4.4981006860603,  30.0          
      4639,  4.3747448478816,  4.1069614959681,  30.0          
      4640,  4.7915816159605,  4.1033621653227,  30.0          
      4641,  4.7915816159605,  4.4941585620201,  30.0          
      4642,  0.2082488169001,  9.2722912440813,  30.0          
      4643,  0.2082488169001,  8.8777256592268,  30.0          
      4644,  0.6247464507002,  8.8700190829435,  30.0          
      4645,  0.6247464507002,  9.2642421532965,  30.0          
      4646,  1.0413037785869,  8.4684308953622,  30.0          
      4647,  1.0413037785869,  8.0745503886011,  30.0          
      4648,  1.4579208005602,  8.067526828609 ,  30.0          
      4649,  1.4579208005602,  8.4610647226875,  30.0          
      4650,  1.8745624540617,  7.6673075922252,  30.0          
      4651,  1.8745624540617,  7.2741123310854,  30.0          
      4652,  2.2912287390916,  7.2677732469793,  30.0          
      4653,  2.2912287390916,  7.6606258549241,  30.0          
      4654,  3.1245613071499,  6.4707604756842,  30.0          
      4655,  3.1245613071499,  6.8629277772408,  30.0          
      4656,  2.7078950234544,  6.8689242081328,  30.0          
      4657,  2.7078950234544,  6.4764142533824,  30.0          
      4658,  3.957968460131 ,  5.6764880405659,  30.0          
      4659,  3.957968460131 ,  6.067969974398 ,  30.0          
      4660,  3.5412524527088,  6.0732817327163,  30.0          
      4661,  3.5412524527088,  5.6814571047991,  30.0          
      4662,  4.3747448478816,  5.2803790662447,  30.0          
      4663,  4.3747448478816,  4.8892398761525,  30.0          
      4664,  4.7915816159605,  4.8849549587175,  30.0          
      4665,  4.7915816159605,  5.2757513554149,  30.0          
      4666,  0.6247464507002,  9.6584652236496,  30.0          
      4667,  0.6247464507002,  10.052688294003,  30.0          
      4668,  0.2082488169001,  10.06142241379 ,  30.0          
      4669,  0.2082488169001,  9.6668568289358,  30.0          
      4670,  1.0413037785869,  9.2561919088842,  30.0          
      4671,  1.0413037785869,  8.8623114021232,  30.0          
      4672,  1.4579208005602,  8.854602616766 ,  30.0          
      4673,  1.4579208005602,  9.2481405108444,  30.0          
      4674,  1.8745624540617,  8.4536981145047,  30.0          
      4675,  1.8745624540617,  8.0605028533649,  30.0          
      4676,  2.2912287390916,  8.0534784628689,  30.0          
      4677,  2.2912287390916,  8.4463310708138,  30.0          
      4678,  2.7078950234544,  7.6539441176338,  30.0          
      4679,  2.7078950234544,  7.2614341628833,  30.0          
      4680,  3.1245613071499,  7.2550950787975,  30.0          
      4681,  3.1245613071499,  7.6472623803541,  30.0          
      4682,  3.957968460131 ,  6.4594519082301,  30.0          
      4683,  3.957968460131 ,  6.8509338420623,  30.0          
      4684,  3.5412524527088,  6.8569309885506,  30.0          
      4685,  3.5412524527088,  6.4651063606335,  30.0          
      4686,  4.3747448478816,  6.0626574464291,  30.0          
      4687,  4.3747448478816,  5.6715182563369,  30.0          
      4688,  4.7915816159605,  5.6665477521123,  30.0          
      4689,  4.7915816159605,  6.0573441488097,  30.0          
      4690,  0.6247978387594,  10.447162949563,  30.0          
      4691,  0.6249006148778,  10.84188919033 ,  30.0          
      4692,  0.2083002049593,  10.850805168706,  30.0          
      4693,  0.2082659462531,  10.45607186038 ,  30.0          
      4694,  1.4579208005602,  9.6416784049229,  30.0          
      4695,  1.4579208005602,  10.035216299001,  30.0          
      4696,  1.0413037785869,  10.043952922406,  30.0          
      4697,  1.0413037785869,  9.6500724156452,  30.0          
      4698,  1.8745624540617,  9.2400886367842,  30.0          
      4699,  1.8745624540617,  8.8468933756444,  30.0          
      4700,  2.2912287390916,  8.8391836787586,  30.0          
      4701,  2.2912287390916,  9.2320362867034,  30.0          
      4702,  2.7078950234544,  8.4389640271346,  30.0          
      4703,  2.7078950234544,  8.0464540723842,  30.0          
      4704,  3.1245613071499,  8.0394296819107,  30.0          
      4705,  3.1245613071499,  8.4315969834673,  30.0          
      4706,  3.5412524527088,  7.640580244385 ,  30.0          
      4707,  3.5412524527088,  7.2487556164678,  30.0          
      4708,  3.957968460131 ,  7.2424157758944,  30.0          
      4709,  3.957968460131 ,  7.6338977097265,  30.0          
      4710,  4.3747448478816,  6.8449358266136,  30.0          
      4711,  4.3747448478816,  6.4537966365213,  30.0          
      4712,  4.7915816159605,  6.4481405455071,  30.0          
      4713,  4.7915816159605,  6.8389369422045,  30.0          
      4714,  0.2084162418868,  11.640376941138,  30.0          
      4715,  0.2083503035038,  11.245573528959,  30.0          
      4716,  0.6250509105115,  11.236720586877,  30.0          
      4717,  0.6252487256604,  11.631657139205,  30.0          
      4718,  1.4579919764171,  10.429329509954,  30.0          
      4719,  1.458134328131 ,  10.824018037782,  30.0          
      4720,  1.0415119892684,  10.832960146688,  30.0          
      4721,  1.0413731821474,  10.438248832754,  30.0          
      4722,  1.8745624540617,  10.026479159064,  30.0          
      4723,  1.8745624540617,  9.6332838979239,  30.0          
      4724,  2.2912287390916,  9.6248888946482,  30.0          
      4725,  2.2912287390916,  10.017741502593,  30.0          
      4726,  2.7078950234544,  9.2239839366355,  30.0          
      4727,  2.7078950234544,  8.8314739818851,  30.0          
      4728,  3.1245613071499,  8.823764285024 ,  30.0          
      4729,  3.1245613071499,  9.2159315865806,  30.0          
      4730,  3.5412524527088,  8.4242295002194,  30.0          
      4731,  3.5412524527088,  8.0324048723022,  30.0          
      4732,  3.957968460131 ,  8.0253796435586,  30.0          
      4733,  3.957968460131 ,  8.4168615773908,  30.0          
      4734,  4.3747448478816,  7.627214206798 ,  30.0          
      4735,  4.3747448478816,  7.2360750167058,  30.0          
      4736,  4.7915816159605,  7.2297333389019,  30.0          
      4737,  4.7915816159605,  7.6205297355993,  30.0          
      4738,  0.2085472586846,  12.430487342534,  30.0          
      4739,  0.2084818936137,  12.03534821233 ,  30.0          
      4740,  0.6254456808412,  12.02709726857 ,  30.0          
      4741,  0.6256417760539,  12.423040974971,  30.0          
      4742,  1.0419988484485,  11.622909328996,  30.0          
      4743,  1.0417205447021,  11.227846978769,  30.0          
      4744,  1.4583592060756,  11.218952704634,  30.0          
      4745,  1.458666610251 ,  11.614133510511,  30.0          
      4746,  1.874764146011 ,  10.815042168836,  30.0          
      4747,  1.8746296847115,  10.420398582701,  30.0          
      4748,  2.2912863070306,  10.411456050994,  30.0          
      4749,  2.2914014429084,  10.806032539852,  30.0          
      4750,  3.1245613071499,  9.6080988881372,  30.0          
      4751,  3.1245613071499,  10.000266189694,  30.0          
      4752,  2.7078950234544,  10.009003846136,  30.0          
      4753,  2.7078950234544,  9.616493891386 ,  30.0          
      4754,  3.5412524527088,  9.2078787560537,  30.0          
      4755,  3.5412524527088,  8.8160541281366,  30.0          
      4756,  3.957968460131 ,  8.8083435112229,  30.0          
      4757,  3.957968460131 ,  9.199825445055 ,  30.0          
      4758,  4.3747448478816,  8.4094925869824,  30.0          
      4759,  4.3747448478816,  8.0183533968902,  30.0          
      4760,  4.7915816159605,  8.0113261322967,  30.0          
      4761,  4.7915816159605,  8.4021225289941,  30.0          
      4762,  0.2086303652962,  13.22087337107 ,  30.0          
      4763,  0.2085967492454,  12.825662395448,  30.0          
      4764,  0.6257902477364,  12.819092449501,  30.0          
      4765,  0.6258910958886,  13.215251692158,  30.0          
      4766,  1.0425610995289,  12.415569488737,  30.0          
      4767,  1.0422790333908,  12.018816832318,  30.0          
      4768,  1.4589819512624,  12.010506903577,  30.0          
      4769,  1.4593052291096,  12.40807288383 ,  30.0          
      4770,  1.875283895612 ,  11.605268660072,  30.0          
      4771,  1.8749822163112,  11.209998861293,  30.0          
      4772,  2.2915895754087,  11.200985448746,  30.0          
      4773,  2.2918507045313,  11.596314777679,  30.0          
      4774,  3.1245697050975,  10.393456343167,  30.0          
      4775,  3.1245865009928,  10.787669348557,  30.0          
      4776,  2.708008894569 ,  10.796908266425,  30.0          
      4777,  2.7079329804926,  10.402475304483,  30.0          
      4778,  3.957968460131 ,  9.5913073788872,  30.0          
      4779,  3.957968460131 ,  9.9827893127193,  30.0          
      4780,  3.5412524527088,  9.9915280118881,  30.0          
      4781,  3.5412524527088,  9.5997033839709,  30.0          
      4782,  4.3747448478816,  9.1917709671668,  30.0          
      4783,  4.3747448478816,  8.8006317770746,  30.0          
      4784,  4.7915816159605,  8.7929189256915,  30.0          
      4785,  4.7915816159605,  9.1837153223889,  30.0          
      4786,  0.2086370806795,  14.011498710638,  30.0          
      4787,  0.2086438091076,  13.6161521428  ,  30.0          
      4788,  0.6259314273226,  13.611614323138,  30.0          
      4789,  0.6259112420386,  14.00818034244 ,  30.0          
      4790,  1.0429341634759,  13.209612419562,  30.0          
      4791,  1.042779476224 ,  12.812501351151,  30.0          
      4792,  1.4595644347082,  12.805889100398,  30.0          
      4793,  1.4597595680581,  13.203955553281,  30.0          
      4794,  1.8759491231636,  12.400420516364,  30.0          
      4795,  1.8756061978961,  12.002075878429,  30.0          
      4796,  2.2921517732921,  11.993523756876,  30.0          
      4797,  2.2924927816909,  12.392612386336,  30.0          
      4798,  2.7083484665472,  11.587115494264,  30.0          
      4799,  2.7081473899206,  11.191788329685,  30.0          
      4800,  3.1246556598468,  11.18240750411 ,  30.0          
      4801,  3.1247771816596,  11.577670809826,  30.0          
      4802,  3.9578957293742,  10.375171486656,  30.0          
      4803,  3.9577502678606,  10.768453900698,  30.0          
      4804,  3.5411669587566,  10.778184559981,  30.0          
      4805,  3.5412239547247,  10.384355070558,  30.0          
      4806,  4.3747448478816,  9.9740493473512,  30.0          
      4807,  4.3747448478816,  9.582910157259 ,  30.0          
      4808,  4.7915816159605,  9.5745117190863,  30.0          
      4809,  4.7915816159605,  9.9653081157837,  30.0          
      4810,  0.2086142022371,  14.802170478676,  30.0          
      4811,  0.2086272117227,  14.40683815593 ,  30.0          
      4812,  0.6258816351681,  14.404724994105,  30.0          
      4813,  0.6258426067112,  14.801248278134,  30.0          
      4814,  1.0430013705416,  14.004856740831,  30.0          
      4815,  1.0430081282484,  13.607064216122,  30.0          
      4816,  1.4598739118849,  13.602501821752,  30.0          
      4817,  1.4599074661886,  14.001527905812,  30.0          
      4818,  1.8764883617356,  13.198084529723,  30.0          
      4819,  1.8762431777768,  12.799090066795,  30.0          
      4820,  2.2928157054297,  12.79210425034 ,  30.0          
      4821,  2.2931205445085,  13.191999348886,  30.0          
      4822,  2.7090166237424,  12.384340426025,  30.0          
      4823,  2.7086382111545,  11.98463285971 ,  30.0          
      4824,  3.1250655114834,  11.975403186933,  30.0          
      4825,  3.1255206493181,  12.37560463543 ,  30.0          
      4826,  3.5411399452534,  11.567655374248,  30.0          
      4827,  3.5411389555996,  11.172617994544,  30.0          
      4828,  3.9575972771788,  11.162419800988,  30.0          
      4829,  3.9574367573287,  11.557069187527,  30.0          
      4830,  4.3745314418094,  10.758238303292,  30.0          
      4831,  4.3746737125242,  10.365825396029,  30.0          
      4832,  4.7915579041747,  10.356316798676,  30.0          
      4833,  4.7915104806032,  10.747537767764,  30.0          
      4834,  0.2085881494307,  15.59273422514 ,  30.0          
      4835,  0.2086011814731,  15.197469168413,  30.0          
      4836,  0.6258035444192,  15.197670663134,  30.0          
      4837,  0.6257644482921,  15.593992149104,  30.0          
      4838,  1.0429312608721,  14.800335509182,  30.0          
      4839,  1.0429757480828,  14.402613838518,  30.0          
      4840,  1.4599095504669,  14.400504689167,  30.0          
      4841,  1.4598801647197,  14.799432171819,  30.0          
      4842,  1.8767592599572,  13.998066004762,  30.0          
      4843,  1.8766603891291,  13.597743175712,  30.0          
      4844,  2.2933675599811,  13.592788278001,  30.0          
      4845,  2.2935567518474,  13.994471037683,  30.0          
      4846,  2.7098084704366,  13.185330557304,  30.0          
      4847,  2.7094067101697,  12.78457299189 ,  30.0          
      4848,  3.1260161919969,  12.776496291444,  30.0          
      4849,  3.1265521395198,  13.178078154975,  30.0          
      4850,  3.5417699799587,  12.366027368309,  30.0          
      4851,  3.5413502867065,  11.965458498836,  30.0          
      4852,  3.9574925368239,  11.954798795418,  30.0          
      4853,  3.9577646156644,  12.355608624662,  30.0          
      4854,  4.3741888725247,  11.544691445625,  30.0          
      4855,  4.3743698284763,  11.151193653157,  30.0          
      4856,  4.7914566094921,  11.138939551052,  30.0          
      4857,  4.7913962908416,  11.530522148542,  30.0          
      4858,  0.2085715026236,  16.383242981349,  30.0          
      4859,  0.2085782564809,  15.987992162785,  30.0          
      4860,  0.6257347694426,  15.99029227783 ,  30.0          
      4861,  0.6257145078707,  16.386571049311,  30.0          
      4862,  1.0428197223914,  15.595272103797,  30.0          
      4863,  1.0428792523083,  15.197888264275,  30.0          
      4864,  1.4598283051403,  15.198121971836,  30.0          
      4865,  1.4597539717286,  15.59657408922 ,  30.0          
      4866,  1.8768224983028,  14.798553749582,  30.0          
      4867,  1.8768132963484,  14.398336196052,  30.0          
      4868,  2.2936869857275,  14.396108359172,  30.0          
      4869,  2.2937582616214,  14.79770024247 ,  30.0          
      4870,  2.710399619847 ,  13.990466173536,  30.0          
      4871,  2.710139440329 ,  13.587294951186,  30.0          
      4872,  3.1269760301728,  13.581263195268,  30.0          
      4873,  3.1272878639561,  13.986051412322,  30.0          
      4874,  3.541931428976 ,  13.169929730269,  30.0          
      4875,  3.5419636940486,  12.767517778787,  30.0          
      4876,  3.9572492163249,  12.757637453918,  30.0          
      4877,  3.9559463388054,  13.160885283186,  30.0          
      4878,  4.3743214501379,  12.338971314629,  30.0          
      4879,  4.374172746412 ,  11.940617332782,  30.0          
      4880,  4.7913909154706,  11.922914110927,  30.0          
      4881,  4.7914404833793,  12.31611543821 ,  30.0          
      4882,  0.6257043770847,  16.782799239434,  30.0          
      4883,  0.6257043770847,  17.178976848197,  30.0          
      4884,  0.2085681256949,  17.173694037118,  30.0          
      4885,  0.2085681256949,  16.77847693946 ,  30.0          
      4886,  1.0427125893609,  16.389932762841,  30.0          
      4887,  1.0427641680756,  15.992620269986,  30.0          
      4888,  1.4596664523799,  15.994976139254,  30.0          
      4889,  1.4595657470941,  16.393328121939,  30.0          
      4890,  1.8766850569262,  15.598090730014,  30.0          
      4891,  1.8767797518288,  15.198471927569,  30.0          
      4892,  2.2937335923736,  15.198938131472,  30.0          
      4893,  2.293612977984 ,  15.599822026178,  30.0          
      4894,  2.7107002332491,  14.79688577528 ,  30.0          
      4895,  2.7105865508204,  14.393663114901,  30.0          
      4896,  3.1275119916271,  14.391000463236,  30.0          
      4897,  3.1276484131858,  14.79611034801 ,  30.0          
      4898,  4.3685492664886,  13.149477879915,  30.0          
      4899,  4.3724469568301,  12.74192483034 ,  30.0          
      4900,  4.7875569155644,  12.720379908052,  30.0          
      4901,  4.7797402120258,  13.135707520456,  30.0          
      4902,  3.5419778173207,  13.981194071778,  30.0          
      4903,  3.5419361367334,  13.574488494599,  30.0          
      4904,  3.9550197600107,  13.566970849181,  30.0          
      4905,  3.9544694799409,  13.975894151904,  30.0          
      4906,  0.6256638917852,  17.57495135679 ,  30.0          
      4907,  0.625582921186 ,  17.970722765215,  30.0          
      4908,  0.2085276403953,  17.963925132265,  30.0          
      4909,  0.208554630595 ,  17.56884343472 ,  30.0          
      4910,  1.4594769810343,  16.791547997043,  30.0          
      4911,  1.4594001542005,  17.189635764567,  30.0          
      4912,  1.0426483865866,  17.184290757346,  30.0          
      4913,  1.0426739955312,  16.787156258628,  30.0          
      4914,  1.8763795500866,  16.397109647665,  30.0          
      4915,  1.8765516563454,  15.997636636712,  30.0          
      4916,  2.2934197799723,  16.00060176236 ,  30.0          
      4917,  2.2931539983383,  16.40127734002 ,  30.0          
      4918,  5.1932617245703,  12.709343882663,  30.0          
      4919,  5.5895613838481,  12.708816754171,  30.0          
      4920,  5.5844736252284,  13.126450262514,  30.0          
      4921,  5.1850483316058,  13.128031647988,  30.0          
      4922,  2.7105755364823,  15.602170235505,  30.0          
      4923,  2.7106965618031,  15.199721482148,  30.0          
      4924,  3.1276686601171,  15.200821979596,  30.0          
      4925,  3.127572732421 ,  15.605135357994,  30.0          
      4926,  3.5421684321615,  14.795308309426,  30.0          
      4927,  3.5420552491301,  14.388134010054,  30.0          
      4928,  3.9542163233294,  14.385063755352,  30.0          
      4929,  3.9542602901762,  14.794479659528,  30.0          
      4930,  4.3655574664846,  13.970447323606,  30.0          
      4931,  4.3662527697068,  13.55898537767 ,  30.0          
      4932,  4.7756351658217,  13.550532080067,  30.0          
      4933,  4.7752417769519,  13.964853586887,  30.0          
      4934,  0.2084354754398,  18.754002470604,  30.0          
      4935,  0.2084879220103,  18.358978144226,  30.0          
      4936,  0.6254637660308,  18.366408116889,  30.0          
      4937,  0.6253064263195,  18.762007411813,  30.0          
      4938,  1.4592946744363,  17.58726239796 ,  30.0          
      4939,  1.4591605417419,  17.984427897221,  30.0          
      4940,  1.0424605549682,  17.977557020201,  30.0          
      4941,  1.0425772397322,  17.581091011204,  30.0          
      4942,  1.8760597058784,  17.195353583154,  30.0          
      4943,  1.8762155665976,  16.796348629812,  30.0          
      4944,  2.2928897522209,  16.801558156936,  30.0          
      4945,  2.2926270416202,  17.201444213107,  30.0          
      4946,  5.9855202522205,  12.708498225777,  30.0          
      4947,  6.3811383296875,  12.708388297481,  30.0          
      4948,  6.3802570943257,  13.125164892444,  30.0          
      4949,  5.9828765461351,  13.125494677332,  30.0          
      4950,  2.7100334029947,  16.406494910795,  30.0          
      4951,  2.7103544835462,  16.004428045054,  30.0          
      4952,  3.1273557670672,  16.009115484793,  30.0          
      4953,  3.127017764056 ,  16.412762359991,  30.0          
      4954,  5.1807649114748,  13.545332634504,  30.0          
      4955,  5.5816420066662,  13.543387040982,  30.0          
      4956,  5.5810665281613,  13.959627089578,  30.0          
      4957,  5.1804114641775,  13.96124684221 ,  30.0          
      4958,  3.5421776441102,  15.608510871524,  30.0          
      4959,  3.5422092304882,  15.202100596582,  30.0          
      4960,  3.9543182729164,  15.203557333108,  30.0          
      4961,  3.9543902715501,  15.612296776094,  30.0          
      4962,  4.3651875164831,  14.793636483246,  30.0          
      4963,  4.3652023820767,  14.381997692132,  30.0          
      4964,  4.7750134253721,  14.378935820392,  30.0          
      4965,  4.7749501110822,  14.792778780581,  30.0          
      4966,  0.2083300296452,  19.543648447061,  30.0          
      4967,  0.2083828446515,  19.148892571549,  30.0          
      4968,  0.6251485339544,  19.157204030437,  30.0          
      4969,  0.6249900889357,  19.551997972762,  30.0          
      4970,  1.042074171214 ,  18.770044312793,  30.0          
      4971,  1.0422928654621,  18.373874787397,  30.0          
      4972,  1.4589752203042,  18.381378155749,  30.0          
      4973,  1.4587387101234,  18.778113173546,  30.0          
      4974,  1.8757443410766,  17.991605521441,  30.0          
      4975,  1.8759026307047,  17.59377254703 ,  30.0          
      4976,  2.2924011085374,  17.600621458416,  30.0          
      4977,  2.2922119529724,  17.999089892862,  30.0          
      4978,  6.7763157894737,  12.708333333333,  30.0          
      4979,  7.171052631579 ,  12.708333333333,  30.0          
      4980,  7.171052631579 ,  13.125         ,  30.0          
      4981,  6.7763157894737,  13.125         ,  30.0          
      4982,  3.1265558217963,  16.81531869826 ,  30.0          
      4983,  3.1259699402882,  17.216784499602,  30.0          
      4984,  2.7092637864235,  17.208587851923,  30.0          
      4985,  2.7096698372872,  16.807881513085,  30.0          
      4986,  5.9812972578016,  13.542227349833,  30.0          
      4987,  6.3797306648812,  13.541853561055,  30.0          
      4988,  6.3795590413541,  13.958454303315,  30.0          
      4989,  5.9807823872202,  13.958696243279,  30.0          
      4990,  3.5421222884444,  16.420137262223,  30.0          
      4991,  3.5421486634289,  16.014523093404,  30.0          
      4992,  3.9547331726314,  16.020650870888,  30.0          
      4993,  3.9553469761602,  16.428619617493,  30.0          
      4994,  5.1801971576393,  14.376868441338,  30.0          
      4995,  5.5807535788783,  14.375795554973,  30.0          
      4996,  5.5807031588172,  14.791892437168,  30.0          
      4997,  5.1801219918602,  14.792197431888,  30.0          
      4998,  4.3653932353941,  15.616121654174,  30.0          
      4999,  4.3652511342555,  15.20501113726 ,  30.0          
      5000,  4.7750078145056,  15.206462009039,  30.0          
      5001,  4.7751865356423,  15.619985505765,  30.0          
      5002,  0.2082625182106,  20.333076068823,  30.0          
      5003,  0.2082899208316,  19.938376279486,  30.0          
      5004,  0.6248697624947,  19.946707785825,  30.0          
      5005,  0.6247875546317,  20.341333469626,  30.0          
      5006,  1.041634267213 ,  19.56036676845 ,  30.0          
      5007,  1.0418546384643,  19.165541639811,  30.0          
      5008,  1.4585011581811,  19.173905399671,  30.0          
      5009,  1.4582625644773,  19.568754834126,  30.0          
      5010,  1.8753293966842,  18.786339741346,  30.0          
      5011,  1.8755532630698,  18.389127919546,  30.0          
      5012,  2.2920269937588,  18.397124078788,  30.0          
      5013,  2.2918462308965,  18.794724016194,  30.0          
      5014,  7.5657894736842,  12.708333333333,  30.0          
      5015,  7.9605263157895,  12.708333333333,  30.0          
      5016,  7.9605263157895,  13.125         ,  30.0          
      5017,  7.5657894736842,  13.125         ,  30.0          
      5018,  6.7763157894737,  13.541666666667,  30.0          
      5019,  7.171052631579 ,  13.541666666667,  30.0          
      5020,  7.171052631579 ,  13.958333333333,  30.0          
      5021,  6.7763157894737,  13.958333333333,  30.0          
      5022,  3.1254359841897,  17.617194588501,  30.0          
      5023,  3.1249539535008,  18.016548964958,  30.0          
      5024,  2.7086151571138,  18.007404374034,  30.0          
      5025,  2.7089122263657,  17.608428805573,  30.0          
      5026,  5.9805106842286,  14.375194333842,  30.0          
      5027,  6.3794684736902,  14.375064777948,  30.0          
      5028,  6.3794589618897,  14.791684984952,  30.0          
      5029,  5.980482148827 ,  14.791721621523,  30.0          
      5030,  3.9562164181553,  16.834121417387,  30.0          
      5031,  3.9573414986168,  17.237156270571,  30.0          
      5032,  3.5419958443526,  17.226307305818,  30.0          
      5033,  3.5420713487523,  16.824065333028,  30.0          
      5034,  5.1801678024222,  15.207442320866,  30.0          
      5035,  5.5807310980055,  15.207952072743,  30.0          
      5036,  5.5808373964432,  15.623974461697,  30.0          
      5037,  5.1803345893253,  15.622603108273,  30.0          
      5038,  4.3666479560221,  16.437851755944,  30.0          
      5039,  4.3658588426497,  16.027068527069,  30.0          
      5040,  4.7755256734838,  16.033776061945,  30.0          
      5041,  4.7760252280302,  16.447833677579,  30.0          
      5042,  0.6247464507002,  20.735757846704,  30.0          
      5043,  0.6247464507002,  21.129980917056,  30.0          
      5044,  0.2082488169001,  21.122274340773,  30.0          
      5045,  0.2082488169001,  20.727708755919,  30.0          
      5046,  1.041358854337 ,  20.349595711494,  30.0          
      5047,  1.0414690058372,  19.955051459011,  30.0          
      5048,  1.4580876508591,  19.963407299044,  30.0          
      5049,  1.4579764173265,  20.357862794426,  30.0          
      5050,  8.3552631578947,  12.708333333333,  30.0          
      5051,  8.75           ,  12.708333333333,  30.0          
      5052,  8.75           ,  13.125         ,  30.0          
      5053,  8.3552631578947,  13.125         ,  30.0          
      5054,  1.8748783397651,  19.577207988589,  30.0          
      5055,  1.8751044222493,  19.182366431026,  30.0          
      5056,  2.291664430669 ,  19.190924733877,  30.0          
      5057,  2.2914815930764,  19.585726231838,  30.0          
      5058,  7.5657894736842,  13.541666666667,  30.0          
      5059,  7.9605263157895,  13.541666666667,  30.0          
      5060,  7.9605263157895,  13.958333333333,  30.0          
      5061,  7.5657894736842,  13.958333333333,  30.0          
      5062,  2.7082591441745,  18.803566337157,  30.0          
      5063,  2.7083974630501,  18.405783551229,  30.0          
      5064,  3.1246646709437,  18.41510633687 ,  30.0          
      5065,  3.1245681365182,  18.812866704236,  30.0          
      5066,  6.7763157894737,  14.375         ,  30.0          
      5067,  7.171052631579 ,  14.375         ,  30.0          
      5068,  7.171052631579 ,  14.791666666667,  30.0          
      5069,  6.7763157894737,  14.791666666667,  30.0          
      5070,  3.9577154062389,  17.638689959909,  30.0          
      5071,  3.9573381410217,  18.038722485402,  30.0          
      5072,  3.5411949481368,  18.026988335414,  30.0          
      5073,  3.5417037108141,  17.627281639947,  30.0          
      5074,  5.9804964014531,  15.208238544844,  30.0          
      5075,  6.3794637127651,  15.20830173717 ,  30.0          
      5076,  6.3794827263163,  15.624915034602,  30.0          
      5077,  5.9805534421069,  15.624745103807,  30.0          
      5078,  5.1806379665983,  16.038124571901,  30.0          
      5079,  5.581195721993 ,  16.040114056935,  30.0          
      5080,  5.5818060746548,  16.456370858455,  30.0          
      5081,  5.1810779342411,  16.454006711749,  30.0          
      5082,  4.3725664475367,  17.254477567392,  30.0          
      5083,  4.3688838243178,  16.846988102719,  30.0          
      5084,  4.7800735672398,  16.862665389024,  30.0          
      5085,  4.7876706911124,  17.278271196281,  30.0          
      5086,  0.6247464507002,  21.52420398741 ,  30.0          
      5087,  0.6247464507002,  21.918427057763,  30.0          
      5088,  0.2082488169001,  21.911405510482,  30.0          
      5089,  0.2082488169001,  21.516839925628,  30.0          
      5090,  1.4579208005602,  20.751859489156,  30.0          
      5091,  1.4579208005602,  21.145397383234,  30.0          
      5092,  1.0413037785869,  21.137688597877,  30.0          
      5093,  1.0413037785869,  20.743808091116,  30.0          
      5094,  1.874613165177 ,  20.366142491327,  30.0          
      5095,  1.8747145874077,  19.971800008689,  30.0          
      5096,  2.291349815483 ,  19.980229587945,  30.0          
      5097,  2.2912690978888,  20.374434802198,  30.0          
      5098,  9.5394736842105,  13.125         ,  30.0          
      5099,  9.1447368421053,  13.125         ,  30.0          
      5100,  9.1447368421053,  12.708333333333,  30.0          
      5101,  9.5394736842105,  12.708333333333,  30.0          
      5102,  8.3552631578948,  13.541666666667,  30.0          
      5103,  8.75           ,  13.541666666667,  30.0          
      5104,  8.75           ,  13.958333333333,  30.0          
      5105,  8.3552631578948,  13.958333333333,  30.0          
      5106,  2.7080389071182,  19.594441972357,  30.0          
      5107,  2.7081396255305,  19.199785810866,  30.0          
      5108,  3.1245300068339,  19.208949661995,  30.0          
      5109,  3.1245502818907,  19.603355210145,  30.0          
      5110,  7.5657894736842,  14.375         ,  30.0          
      5111,  7.9605263157895,  14.375         ,  30.0          
      5112,  7.9605263157895,  14.791666666667,  30.0          
      5113,  7.5657894736842,  14.791666666667,  30.0          
      5114,  3.5409280544242,  18.822904410716,  30.0          
      5115,  3.5409363960068,  18.425529259004,  30.0          
      5116,  3.9572126382396,  18.437052317632,  30.0          
      5117,  3.9573388978924,  18.833679456597,  30.0          
      5118,  6.7763157894737,  15.208333333333,  30.0          
      5119,  7.171052631579 ,  15.208333333333,  30.0          
      5120,  7.171052631579 ,  15.625         ,  30.0          
      5121,  6.7763157894737,  15.625         ,  30.0          
      5122,  5.980842791873 ,  16.041248266256,  30.0          
      5123,  6.3795791762384,  16.041527199863,  30.0          
      5124,  6.3797530625312,  16.458138232952,  30.0          
      5125,  5.9813644507515,  16.45774803219 ,  30.0          
      5126,  4.3740573030981,  18.054926545298,  30.0          
      5127,  4.3742909404635,  17.657123714918,  30.0          
      5128,  4.7914303134878,  17.682582904973,  30.0          
      5129,  4.791352434366 ,  18.075600515099,  30.0          
      5130,  5.1853155438101,  16.871460836255,  30.0          
      5131,  5.5846097540287,  16.873374444412,  30.0          
      5132,  5.5896067601148,  17.291124814804,  30.0          
      5133,  5.1933507953051,  17.290486945418,  30.0          
      5134,  0.2082488169001,  22.700536680191,  30.0          
      5135,  0.2082488169001,  22.305971095337,  30.0          
      5136,  0.6247464507002,  22.312650128116,  30.0          
      5137,  0.6247464507002,  22.706873198469,  30.0          
      5138,  1.4579208005602,  21.538935277312,  30.0          
      5139,  1.4579208005602,  21.932473171391,  30.0          
      5140,  1.0413037785869,  21.925449611399,  30.0          
      5141,  1.0413037785869,  21.531569104638,  30.0          
      5142,  1.8745624540617,  21.153106624356,  30.0          
      5143,  1.8745624540617,  20.759911363216,  30.0          
      5144,  2.2912287390916,  20.767963713297,  30.0          
      5145,  2.2912287390916,  21.160816321241,  30.0          
      5146,  10.328947368421,  13.125         ,  30.0          
      5147,  9.9342105263158,  13.125         ,  30.0          
      5148,  9.9342105263158,  12.708333333333,  30.0          
      5149,  10.328947368421,  12.708333333333,  30.0          
      5150,  9.5394736842105,  13.958333333333,  30.0          
      5151,  9.1447368421053,  13.958333333333,  30.0          
      5152,  9.1447368421053,  13.541666666667,  30.0          
      5153,  9.5394736842105,  13.541666666667,  30.0          
      5154,  2.7079184045688,  20.382763327768,  30.0          
      5155,  2.7079651667977,  19.988767811324,  30.0          
      5156,  3.1245606413518,  19.997414678825,  30.0          
      5157,  3.1245610852172,  20.391128068036,  30.0          
      5158,  8.3552631578948,  14.375         ,  30.0          
      5159,  8.75           ,  14.375         ,  30.0          
      5160,  8.75           ,  14.791666666667,  30.0          
      5161,  8.3552631578948,  14.791666666667,  30.0          
      5162,  3.5410889708604,  19.612585798854,  30.0          
      5163,  3.5409789127087,  19.218589924   ,  30.0          
      5164,  3.957486343155 ,  19.228706596881,  30.0          
      5165,  3.9576549740276,  19.622133738484,  30.0          
      5166,  7.5657894736842,  15.208333333333,  30.0          
      5167,  7.9605263157895,  15.208333333333,  30.0          
      5168,  7.9605263157895,  15.625         ,  30.0          
      5169,  7.5657894736842,  15.625         ,  30.0          
      5170,  6.7763157894737,  16.041666666667,  30.0          
      5171,  7.171052631579 ,  16.041666666667,  30.0          
      5172,  7.171052631579 ,  16.458333333333,  30.0          
      5173,  6.7763157894737,  16.458333333333,  30.0          
      5174,  4.3741582397198,  18.846097109653,  30.0          
      5175,  4.3740130695169,  18.451251010209,  30.0          
      5176,  4.791337689839 ,  18.468125336736,  30.0          
      5177,  4.7913860799066,  18.860157369884,  30.0          
      5178,  5.9829294864588,  16.874498436367,  30.0          
      5179,  6.3802747411003,  16.874832812122,  30.0          
      5180,  6.3811442119457,  17.291610937374,  30.0          
      5181,  5.985537898995 ,  17.291499478789,  30.0          
      5182,  0.2082488169001,  23.4896678499  ,  30.0          
      5183,  0.2082488169001,  23.095102265046,  30.0          
      5184,  0.6247464507002,  23.101096268822,  30.0          
      5185,  0.6247464507002,  23.495319339175,  30.0          
      5186,  1.0413037785869,  22.713210624921,  30.0          
      5187,  1.0413037785869,  22.31933011816 ,  30.0          
      5188,  1.4579208005602,  22.32601106547 ,  30.0          
      5189,  1.4579208005602,  22.719548959548,  30.0          
      5190,  1.8745624540617,  21.939497146635,  30.0          
      5191,  1.8745624540617,  21.546301885495,  30.0          
      5192,  2.2912287390916,  21.553668929186,  30.0          
      5193,  2.2912287390916,  21.946521537131,  30.0          
      5194,  10.723684210526,  12.708333333333,  30.0          
      5195,  11.118421052632,  12.708333333333,  30.0          
      5196,  11.118421052632,  13.125         ,  30.0          
      5197,  10.723684210526,  13.125         ,  30.0          
      5198,  10.328947368421,  13.958333333333,  30.0          
      5199,  9.9342105263158,  13.958333333333,  30.0          
      5200,  9.9342105263158,  13.541666666667,  30.0          
      5201,  10.328947368421,  13.541666666667,  30.0          
      5202,  3.1245613071499,  20.784068413419,  30.0          
      5203,  3.1245613071499,  21.176235714976,  30.0          
      5204,  2.7078950234544,  21.168526018115,  30.0          
      5205,  2.7078950234544,  20.776016063364,  30.0          
      5206,  9.1447368421053,  14.375         ,  30.0          
      5207,  9.5394736842105,  14.375         ,  30.0          
      5208,  9.5394736842105,  14.791666666667,  30.0          
      5209,  9.1447368421053,  14.791666666667,  30.0          
      5210,  3.5412253395156,  20.399552631561,  30.0          
      5211,  3.5411711131294,  20.006240034707,  30.0          
      5212,  3.9577965821306,  20.015243878971,  30.0          
      5213,  3.9579111674642,  20.408037018343,  30.0          
      5214,  8.3552631578948,  15.208333333333,  30.0          
      5215,  8.75           ,  15.208333333333,  30.0          
      5216,  8.75           ,  15.625         ,  30.0          
      5217,  8.3552631578948,  15.625         ,  30.0          
      5218,  7.5657894736842,  16.041666666667,  30.0          
      5219,  7.9605263157895,  16.041666666667,  30.0          
      5220,  7.9605263157895,  16.458333333333,  30.0          
      5221,  7.5657894736842,  16.458333333333,  30.0          
      5222,  4.3744534817083,  19.632290156224,  30.0          
      5223,  4.3743050437836,  19.239776824991,  30.0          
      5224,  4.7914350145946,  19.25180060833 ,  30.0          
      5225,  4.7914844939028,  19.643055052075,  30.0          
      5226,  6.7763157894737,  16.875         ,  30.0          
      5227,  7.171052631579 ,  16.875         ,  30.0          
      5228,  7.171052631579 ,  17.291666666667,  30.0          
      5229,  6.7763157894737,  17.291666666667,  30.0          
      5230,  0.2082488169001,  24.278799019609,  30.0          
      5231,  0.2082488169001,  23.884233434755,  30.0          
      5232,  0.6247464507002,  23.889542409528,  30.0          
      5233,  0.6247464507002,  24.283765479881,  30.0          
      5234,  1.0413037785869,  23.500971638443,  30.0          
      5235,  1.0413037785869,  23.107091131682,  30.0          
      5236,  1.4579208005602,  23.113086853626,  30.0          
      5237,  1.4579208005602,  23.506624747705,  30.0          
      5238,  1.8745624540617,  22.725887668915,  30.0          
      5239,  1.8745624540617,  22.332692407775,  30.0          
      5240,  2.2912287390916,  22.339374145076,  30.0          
      5241,  2.2912287390916,  22.732226753021,  30.0          
      5242,  11.513157894737,  12.708333333333,  30.0          
      5243,  11.907894736842,  12.708333333333,  30.0          
      5244,  11.907894736842,  13.125         ,  30.0          
      5245,  11.513157894737,  13.125         ,  30.0          
      5246,  10.723684210526,  13.541666666667,  30.0          
      5247,  11.118421052632,  13.541666666667,  30.0          
      5248,  11.118421052632,  13.958333333333,  30.0          
      5249,  10.723684210526,  13.958333333333,  30.0          
      5250,  3.1245613071499,  21.568403016533,  30.0          
      5251,  3.1245613071499,  21.960570318089,  30.0          
      5252,  2.7078950234544,  21.953545927616,  30.0          
      5253,  2.7078950234544,  21.561035972865,  30.0          
      5254,  9.9342105263158,  14.375         ,  30.0          
      5255,  10.328947368421,  14.375         ,  30.0          
      5256,  10.328947368421,  14.791666666667,  30.0          
      5257,  9.9342105263158,  14.791666666667,  30.0          
      5258,  3.957968460131 ,  20.800174554945,  30.0          
      5259,  3.957968460131 ,  21.191656488777,  30.0          
      5260,  3.5412524527088,  21.183945871863,  30.0          
      5261,  3.5412524527088,  20.792121243946,  30.0          
      5262,  9.5394736842105,  15.625         ,  30.0          
      5263,  9.1447368421053,  15.625         ,  30.0          
      5264,  9.1447368421053,  15.208333333333,  30.0          
      5265,  9.5394736842105,  15.208333333333,  30.0          
      5266,  8.3552631578948,  16.041666666667,  30.0          
      5267,  8.75           ,  16.041666666667,  30.0          
      5268,  8.75           ,  16.458333333333,  30.0          
      5269,  8.3552631578948,  16.458333333333,  30.0          
      5270,  4.3746905610788,  20.416631283801,  30.0          
      5271,  4.3745819874734,  20.024574975828,  30.0          
      5272,  4.7915273291578,  20.034233325276,  30.0          
      5273,  4.7915635203596,  20.425335427934,  30.0          
      5274,  7.5657894736842,  16.875         ,  30.0          
      5275,  7.9605263157895,  16.875         ,  30.0          
      5276,  7.9605263157895,  17.291666666667,  30.0          
      5277,  7.5657894736842,  17.291666666667,  30.0          
      5278,  0.6247464507002,  24.677988550234,  30.0          
      5279,  0.6247464507002,  25.072211620587,  30.0          
      5280,  0.2082488169001,  25.067930189318,  30.0          
      5281,  0.2082488169001,  24.673364604464,  30.0          
      5282,  1.0413037785869,  24.288732651965,  30.0          
      5283,  1.0413037785869,  23.894852145204,  30.0          
      5284,  1.4579208005602,  23.900162641784,  30.0          
      5285,  1.4579208005602,  24.293700535862,  30.0          
      5286,  1.8745624540617,  23.512278191194,  30.0          
      5287,  1.8745624540617,  23.119082930054,  30.0          
      5288,  2.2912287390916,  23.125079360966,  30.0          
      5289,  2.2912287390916,  23.51793196891 ,  30.0          
      5290,  12.302631578947,  12.708333333333,  30.0          
      5291,  12.697368421053,  12.708333333333,  30.0          
      5292,  12.697368421053,  13.125         ,  30.0          
      5293,  12.302631578947,  13.125         ,  30.0          
      5294,  11.513157894737,  13.541666666667,  30.0          
      5295,  11.907894736842,  13.541666666667,  30.0          
      5296,  11.907894736842,  13.958333333333,  30.0          
      5297,  11.513157894737,  13.958333333333,  30.0          
      5298,  2.7078950234544,  22.738565837117,  30.0          
      5299,  2.7078950234544,  22.346055882366,  30.0          
      5300,  3.1245613071499,  22.352737619646,  30.0          
      5301,  3.1245613071499,  22.744904921202,  30.0          
      5302,  10.723684210526,  14.375         ,  30.0          
      5303,  11.118421052632,  14.375         ,  30.0          
      5304,  11.118421052632,  14.791666666667,  30.0          
      5305,  10.723684210526,  14.791666666667,  30.0          
      5306,  3.957968460131 ,  21.583138422609,  30.0          
      5307,  3.957968460131 ,  21.974620356441,  30.0          
      5308,  3.5412524527088,  21.967595127698,  30.0          
      5309,  3.5412524527088,  21.575770499781,  30.0          
      5310,  10.328947368421,  15.625         ,  30.0          
      5311,  9.9342105263158,  15.625         ,  30.0          
      5312,  9.9342105263158,  15.208333333333,  30.0          
      5313,  10.328947368421,  15.208333333333,  30.0          
      5314,  4.3747448478816,  21.199368222925,  30.0          
      5315,  4.3747448478816,  20.808229032833,  30.0          
      5316,  4.7915816159605,  20.816284677611,  30.0          
      5317,  4.7915816159605,  21.207081074308,  30.0          
      5318,  9.5394736842105,  16.458333333333,  30.0          
      5319,  9.1447368421053,  16.458333333333,  30.0          
      5320,  9.1447368421053,  16.041666666667,  30.0          
      5321,  9.5394736842105,  16.041666666667,  30.0          
      5322,  8.3552631578948,  16.875         ,  30.0          
      5323,  8.75           ,  16.875         ,  30.0          
      5324,  8.75           ,  17.291666666667,  30.0          
      5325,  8.3552631578948,  17.291666666667,  30.0          
      5326,  0.6247464507002,  25.46643469094 ,  30.0          
      5327,  0.6247464507002,  25.860657761293,  30.0          
      5328,  0.2082488169001,  25.857061359028,  30.0          
      5329,  0.2082488169001,  25.462495774173,  30.0          
      5330,  1.4579208005602,  24.68723842994 ,  30.0          
      5331,  1.4579208005602,  25.080776324019,  30.0          
      5332,  1.0413037785869,  25.076493665487,  30.0          
      5333,  1.0413037785869,  24.682613158726,  30.0          
      5334,  1.8745624540617,  24.298668713474,  30.0          
      5335,  1.8745624540617,  23.905473452334,  30.0          
      5336,  2.2912287390916,  23.910784576855,  30.0          
      5337,  2.2912287390916,  24.3036371848  ,  30.0          
      5338,  13.486842105263,  13.125         ,  30.0          
      5339,  13.092105263158,  13.125         ,  30.0          
      5340,  13.092105263158,  12.708333333333,  30.0          
      5341,  13.486842105263,  12.708333333333,  30.0          
      5342,  2.7078950234544,  23.523585746618,  30.0          
      5343,  2.7078950234544,  23.131075791867,  30.0          
      5344,  3.1245613071499,  23.137072222759,  30.0          
      5345,  3.1245613071499,  23.529239524316,  30.0          
      5346,  12.302631578947,  13.541666666667,  30.0          
      5347,  12.697368421053,  13.541666666667,  30.0          
      5348,  12.697368421053,  13.958333333333,  30.0          
      5349,  12.302631578947,  13.958333333333,  30.0          
      5350,  11.513157894737,  14.375         ,  30.0          
      5351,  11.907894736842,  14.375         ,  30.0          
      5352,  11.907894736842,  14.791666666667,  30.0          
      5353,  11.513157894737,  14.791666666667,  30.0          
      5354,  3.5412524527088,  22.751244383532,  30.0          
      5355,  3.5412524527088,  22.359419755615,  30.0          
      5356,  3.957968460131 ,  22.366102290274,  30.0          
      5357,  3.957968460131 ,  22.757584224106,  30.0          
      5358,  10.723684210526,  15.208333333333,  30.0          
      5359,  11.118421052632,  15.208333333333,  30.0          
      5360,  11.118421052632,  15.625         ,  30.0          
      5361,  10.723684210526,  15.625         ,  30.0          
      5362,  4.3747448478816,  21.98164660311 ,  30.0          
      5363,  4.3747448478816,  21.590507413018,  30.0          
      5364,  4.7915816159605,  21.597877471006,  30.0          
      5365,  4.7915816159605,  21.988673867703,  30.0          
      5366,  10.328947368421,  16.458333333333,  30.0          
      5367,  9.9342105263158,  16.458333333333,  30.0          
      5368,  9.9342105263158,  16.041666666667,  30.0          
      5369,  10.328947368421,  16.041666666667,  30.0          
      5370,  9.1447368421053,  16.875         ,  30.0          
      5371,  9.5394736842105,  16.875         ,  30.0          
      5372,  9.5394736842105,  17.291666666667,  30.0          
      5373,  9.1447368421053,  17.291666666667,  30.0          
      5374,  0.2082488169001,  26.646192528736,  30.0          
      5375,  0.2082488169001,  26.251626943882,  30.0          
      5376,  0.6247464507002,  26.254880831646,  30.0          
      5377,  0.6247464507002,  26.649103901999,  30.0          
      5378,  1.4579208005602,  25.474314218097,  30.0          
      5379,  1.4579208005602,  25.867852112176,  30.0          
      5380,  1.0413037785869,  25.864254679009,  30.0          
      5381,  1.0413037785869,  25.470374172248,  30.0          
      5382,  1.8745624540617,  25.085059235753,  30.0          
      5383,  1.8745624540617,  24.691863974613,  30.0          
      5384,  2.2912287390916,  24.696489792745,  30.0          
      5385,  2.2912287390916,  25.08934240069 ,  30.0          
      5386,  14.276315789474,  13.125         ,  30.0          
      5387,  13.881578947368,  13.125         ,  30.0          
      5388,  13.881578947368,  12.708333333333,  30.0          
      5389,  14.276315789474,  12.708333333333,  30.0          
      5390,  2.7078950234544,  24.308605656118,  30.0          
      5391,  2.7078950234544,  23.916095701368,  30.0          
      5392,  3.1245613071499,  23.921406825872,  30.0          
      5393,  3.1245613071499,  24.313574127429,  30.0          
      5394,  13.486842105263,  13.958333333333,  30.0          
      5395,  13.092105263158,  13.958333333333,  30.0          
      5396,  13.092105263158,  13.541666666667,  30.0          
      5397,  13.486842105263,  13.541666666667,  30.0          
      5398,  12.302631578947,  14.375         ,  30.0          
      5399,  12.697368421053,  14.375         ,  30.0          
      5400,  12.697368421053,  14.791666666667,  30.0          
      5401,  12.302631578947,  14.791666666667,  30.0          
      5402,  3.5412524527088,  23.534893639366,  30.0          
      5403,  3.5412524527088,  23.143069011449,  30.0          
      5404,  3.957968460131 ,  23.149066157938,  30.0          
      5405,  3.957968460131 ,  23.54054809177 ,  30.0          
      5406,  11.513157894737,  15.208333333333,  30.0          
      5407,  11.907894736842,  15.208333333333,  30.0          
      5408,  11.907894736842,  15.625         ,  30.0          
      5409,  11.513157894737,  15.625         ,  30.0          
      5410,  4.3747448478816,  22.763924983294,  30.0          
      5411,  4.3747448478816,  22.372785793202,  30.0          
      5412,  4.7915816159605,  22.379470264401,  30.0          
      5413,  4.7915816159605,  22.770266661098,  30.0          
      5414,  10.723684210526,  16.041666666667,  30.0          
      5415,  11.118421052632,  16.041666666667,  30.0          
      5416,  11.118421052632,  16.458333333333,  30.0          
      5417,  10.723684210526,  16.458333333333,  30.0          
      5418,  9.9342105263158,  16.875         ,  30.0          
      5419,  10.328947368421,  16.875         ,  30.0          
      5420,  10.328947368421,  17.291666666667,  30.0          
      5421,  9.9342105263158,  17.291666666667,  30.0          
      5422,  0.2082488169001,  27.435323698446,  30.0          
      5423,  0.2082488169001,  27.040758113591,  30.0          
      5424,  0.6247464507002,  27.043326972352,  30.0          
      5425,  0.6247464507002,  27.437550042705,  30.0          
      5426,  1.0413037785869,  26.652015692531,  30.0          
      5427,  1.0413037785869,  26.25813518577 ,  30.0          
      5428,  1.4579208005602,  26.261390006254,  30.0          
      5429,  1.4579208005602,  26.654927900333,  30.0          
      5430,  1.8745624540617,  25.871449758033,  30.0          
      5431,  1.8745624540617,  25.478254496893,  30.0          
      5432,  2.2912287390916,  25.482195008634,  30.0          
      5433,  2.2912287390916,  25.875047616579,  30.0          
      5434,  14.671052631579,  12.708333333333,  30.0          
      5435,  15.065789473684,  12.708333333333,  30.0          
      5436,  15.065789473684,  13.125         ,  30.0          
      5437,  14.671052631579,  13.125         ,  30.0          
      5438,  3.1245613071499,  24.705741428986,  30.0          
      5439,  3.1245613071499,  25.097908730542,  30.0          
      5440,  2.7078950234544,  25.093625565619,  30.0          
      5441,  2.7078950234544,  24.701115610869,  30.0          
      5442,  14.276315789474,  13.958333333333,  30.0          
      5443,  13.881578947368,  13.958333333333,  30.0          
      5444,  13.881578947368,  13.541666666667,  30.0          
      5445,  14.276315789474,  13.541666666667,  30.0          
      5446,  13.092105263158,  14.375         ,  30.0          
      5447,  13.486842105263,  14.375         ,  30.0          
      5448,  13.486842105263,  14.791666666667,  30.0          
      5449,  13.092105263158,  14.791666666667,  30.0          
      5450,  3.5412524527088,  24.318542895201,  30.0          
      5451,  3.5412524527088,  23.926718267284,  30.0          
      5452,  3.957968460131 ,  23.932030025602,  30.0          
      5453,  3.957968460131 ,  24.323511959434,  30.0          
      5454,  12.302631578947,  15.208333333333,  30.0          
      5455,  12.697368421053,  15.208333333333,  30.0          
      5456,  12.697368421053,  15.625         ,  30.0          
      5457,  12.302631578947,  15.625         ,  30.0          
      5458,  4.3747448478816,  23.546203363479,  30.0          
      5459,  4.3747448478816,  23.155064173386,  30.0          
      5460,  4.7915816159605,  23.161063057796,  30.0          
      5461,  4.7915816159605,  23.551859454493,  30.0          
      5462,  11.513157894737,  16.041666666667,  30.0          
      5463,  11.907894736842,  16.041666666667,  30.0          
      5464,  11.907894736842,  16.458333333333,  30.0          
      5465,  11.513157894737,  16.458333333333,  30.0          
      5466,  10.723684210526,  16.875         ,  30.0          
      5467,  11.118421052632,  16.875         ,  30.0          
      5468,  11.118421052632,  17.291666666667,  30.0          
      5469,  10.723684210526,  17.291666666667,  30.0          
      5470,  0.2082488169001,  28.224454868155,  30.0          
      5471,  0.2082488169001,  27.8298892833  ,  30.0          
      5472,  0.6247464507002,  27.831773113058,  30.0          
      5473,  0.6247464507002,  28.225996183411,  30.0          
      5474,  1.0413037785869,  27.439776706053,  30.0          
      5475,  1.0413037785869,  27.045896199292,  30.0          
      5476,  1.4579208005602,  27.048465794411,  30.0          
      5477,  1.4579208005602,  27.44200368849 ,  30.0          
      5478,  1.8745624540617,  26.657840280312,  30.0          
      5479,  1.8745624540617,  26.264645019172,  30.0          
      5480,  2.2912287390916,  26.267900224524,  30.0          
      5481,  2.2912287390916,  26.660752832469,  30.0          
      5482,  15.46052631579 ,  12.708333333333,  30.0          
      5483,  15.855263157895,  12.708333333333,  30.0          
      5484,  15.855263157895,  13.125         ,  30.0          
      5485,  15.46052631579 ,  13.125         ,  30.0          
      5486,  3.1245613071499,  25.490076032099,  30.0          
      5487,  3.1245613071499,  25.882243333656,  30.0          
      5488,  2.7078950234544,  25.87864547512 ,  30.0          
      5489,  2.7078950234544,  25.48613552037 ,  30.0          
      5490,  14.671052631579,  13.541666666667,  30.0          
      5491,  15.065789473684,  13.541666666667,  30.0          
      5492,  15.065789473684,  13.958333333333,  30.0          
      5493,  14.671052631579,  13.958333333333,  30.0          
      5494,  3.957968460131 ,  24.714993893266,  30.0          
      5495,  3.957968460131 ,  25.106475827098,  30.0          
      5496,  3.5412524527088,  25.102192151035,  30.0          
      5497,  3.5412524527088,  24.710367523118,  30.0          
      5498,  13.881578947368,  14.375         ,  30.0          
      5499,  14.276315789474,  14.375         ,  30.0          
      5500,  14.276315789474,  14.791666666667,  30.0          
      5501,  13.881578947368,  14.791666666667,  30.0          
      5502,  13.486842105263,  15.625         ,  30.0          
      5503,  13.092105263158,  15.625         ,  30.0          
      5504,  13.092105263158,  15.208333333333,  30.0          
      5505,  13.486842105263,  15.208333333333,  30.0          
      5506,  4.3747448478816,  24.328481743663,  30.0          
      5507,  4.3747448478816,  23.937342553571,  30.0          
      5508,  4.7915816159605,  23.94265585119 ,  30.0          
      5509,  4.7915816159605,  24.333452247888,  30.0          
      5510,  12.302631578947,  16.041666666667,  30.0          
      5511,  12.697368421053,  16.041666666667,  30.0          
      5512,  12.697368421053,  16.458333333333,  30.0          
      5513,  12.302631578947,  16.458333333333,  30.0          
      5514,  11.513157894737,  16.875         ,  30.0          
      5515,  11.907894736842,  16.875         ,  30.0          
      5516,  11.907894736842,  17.291666666667,  30.0          
      5517,  11.513157894737,  17.291666666667,  30.0          
      5518,  0.2082519024785,  29.013587484053,  30.0          
      5519,  0.2082498454262,  28.619020935072,  30.0          
      5520,  0.6247495362786,  28.620220699953,  30.0          
      5521,  0.6247557074356,  29.014446662684,  30.0          
      5522,  1.0413037785869,  28.227537719575,  30.0          
      5523,  1.0413037785869,  27.833657212814,  30.0          
      5524,  1.4579208005602,  27.835541582568,  30.0          
      5525,  1.4579208005602,  28.229079476647,  30.0          
      5526,  1.8745624540617,  27.444230802592,  30.0          
      5527,  1.8745624540617,  27.051035541452,  30.0          
      5528,  2.2912287390916,  27.053605440414,  30.0          
      5529,  2.2912287390916,  27.446458048359,  30.0          
      5530,  16.25          ,  12.708333333333,  30.0          
      5531,  16.644736842105,  12.708333333333,  30.0          
      5532,  16.644736842105,  13.125         ,  30.0          
      5533,  16.25          ,  13.125         ,  30.0          
      5534,  2.7078950234544,  26.663665384621,  30.0          
      5535,  2.7078950234544,  26.271155429871,  30.0          
      5536,  3.1245613071499,  26.274410635212,  30.0          
      5537,  3.1245613071499,  26.666577936769,  30.0          
      5538,  15.46052631579 ,  13.541666666667,  30.0          
      5539,  15.855263157895,  13.541666666667,  30.0          
      5540,  15.855263157895,  13.958333333333,  30.0          
      5541,  15.46052631579 ,  13.958333333333,  30.0          
      5542,  3.957968460131 ,  25.49795776093 ,  30.0          
      5543,  3.957968460131 ,  25.889439694763,  30.0          
      5544,  3.5412524527088,  25.88584140687 ,  30.0          
      5545,  3.5412524527088,  25.494016778952,  30.0          
      5546,  14.671052631579,  14.375         ,  30.0          
      5547,  15.065789473684,  14.375         ,  30.0          
      5548,  15.065789473684,  14.791666666667,  30.0          
      5549,  14.671052631579,  14.791666666667,  30.0          
      5550,  14.276315789474,  15.625         ,  30.0          
      5551,  13.881578947368,  15.625         ,  30.0          
      5552,  13.881578947368,  15.208333333333,  30.0          
      5553,  14.276315789474,  15.208333333333,  30.0          
      5554,  4.3747448478816,  25.110760123848,  30.0          
      5555,  4.3747448478816,  24.719620933755,  30.0          
      5556,  4.7915816159605,  24.724248644585,  30.0          
      5557,  4.7915816159605,  25.115045041282,  30.0          
      5558,  13.486842105263,  16.458333333333,  30.0          
      5559,  13.092105263158,  16.458333333333,  30.0          
      5560,  13.092105263158,  16.041666666667,  30.0          
      5561,  13.486842105263,  16.041666666667,  30.0          
      5562,  12.302631578947,  16.875         ,  30.0          
      5563,  12.697368421053,  16.875         ,  30.0          
      5564,  12.697368421053,  17.291666666667,  30.0          
      5565,  12.302631578947,  17.291666666667,  30.0          
      5566,  0.2083132327512,  29.802717689636,  30.0          
      5567,  0.2082730315868,  29.408153068907,  30.0          
      5568,  0.6248190947605,  29.408669733037,  30.0          
      5569,  0.6249396982535,  29.802889911012,  30.0          
      5570,  1.0413192112539,  29.015303061507,  30.0          
      5571,  1.0413089228092,  28.62141966914 ,  30.0          
      5572,  1.457928005018 ,  28.62261784263 ,  30.0          
      5573,  1.4579424139337,  29.016156680519,  30.0          
      5574,  1.8745624540617,  28.230621324871,  30.0          
      5575,  1.8745624540617,  27.837426063731,  30.0          
      5576,  2.2912287390916,  27.839310656304,  30.0          
      5577,  2.2912287390916,  28.232163264248,  30.0          
      5578,  17.434210526316,  13.125         ,  30.0          
      5579,  17.03947368421 ,  13.125         ,  30.0          
      5580,  17.03947368421 ,  12.708333333333,  30.0          
      5581,  17.434210526316,  12.708333333333,  30.0          
      5582,  2.7078950234544,  27.448685294122,  30.0          
      5583,  2.7078950234544,  27.056175339372,  30.0          
      5584,  3.1245613071499,  27.058745238325,  30.0          
      5585,  3.1245613071499,  27.450912539882,  30.0          
      5586,  16.25          ,  13.541666666667,  30.0          
      5587,  16.644736842105,  13.541666666667,  30.0          
      5588,  16.644736842105,  13.958333333333,  30.0          
      5589,  16.25          ,  13.958333333333,  30.0          
      5590,  3.5412524527088,  26.669490662704,  30.0          
      5591,  3.5412524527088,  26.277666034787,  30.0          
      5592,  3.957968460131 ,  26.280921628595,  30.0          
      5593,  3.957968460131 ,  26.672403562427,  30.0          
      5594,  15.46052631579 ,  14.375         ,  30.0          
      5595,  15.855263157895,  14.375         ,  30.0          
      5596,  15.855263157895,  14.791666666667,  30.0          
      5597,  15.46052631579 ,  14.791666666667,  30.0          
      5598,  4.3747448478816,  25.893038504032,  30.0          
      5599,  4.3747448478816,  25.50189931394 ,  30.0          
      5600,  4.7915816159605,  25.50584143798 ,  30.0          
      5601,  4.7915816159605,  25.896637834677,  30.0          
      5602,  14.671052631579,  15.208333333333,  30.0          
      5603,  15.065789473684,  15.208333333333,  30.0          
      5604,  15.065789473684,  15.625         ,  30.0          
      5605,  14.671052631579,  15.625         ,  30.0          
      5606,  14.276315789474,  16.458333333333,  30.0          
      5607,  13.881578947368,  16.458333333333,  30.0          
      5608,  13.881578947368,  16.041666666667,  30.0          
      5609,  14.276315789474,  16.041666666667,  30.0          
      5610,  13.092105263158,  16.875         ,  30.0          
      5611,  13.486842105263,  16.875         ,  30.0          
      5612,  13.486842105263,  17.291666666667,  30.0          
      5613,  13.092105263158,  17.291666666667,  30.0          
      5614,  1.0415810888691,  29.803061189423,  30.0          
      5615,  1.0414099332739,  29.409183568268,  30.0          
      5616,  1.458045547127 ,  29.409694574598,  30.0          
      5617,  1.4582374045979,  29.803231524866,  30.0          
      5618,  1.8745871685667,  29.017011806502,  30.0          
      5619,  1.8745706922301,  28.623816572461,  30.0          
      5620,  2.2912369844455,  28.625015858632,  30.0          
      5621,  2.2912534751532,  29.017868439454,  30.0          
      5622,  18.223684210526,  13.125         ,  30.0          
      5623,  17.828947368421,  13.125         ,  30.0          
      5624,  17.828947368421,  12.708333333333,  30.0          
      5625,  18.223684210526,  12.708333333333,  30.0          
      5626,  2.7078950234544,  28.233705203623,  30.0          
      5627,  2.7078950234544,  27.841195248872,  30.0          
      5628,  3.1245613071499,  27.843079841439,  30.0          
      5629,  3.1245613071499,  28.235247142995,  30.0          
      5630,  17.434210526316,  13.958333333333,  30.0          
      5631,  17.03947368421 ,  13.958333333333,  30.0          
      5632,  17.03947368421 ,  13.541666666667,  30.0          
      5633,  17.434210526316,  13.541666666667,  30.0          
      5634,  3.5412524527088,  27.453139918538,  30.0          
      5635,  3.5412524527088,  27.061315290621,  30.0          
      5636,  3.957968460131 ,  27.063885496259,  30.0          
      5637,  3.957968460131 ,  27.455367430091,  30.0          
      5638,  16.25          ,  14.375         ,  30.0          
      5639,  16.644736842105,  14.375         ,  30.0          
      5640,  16.644736842105,  14.791666666667,  30.0          
      5641,  16.25          ,  14.791666666667,  30.0          
      5642,  4.3747448478816,  26.675316884216,  30.0          
      5643,  4.3747448478816,  26.284177694124,  30.0          
      5644,  4.7915816159605,  26.287434231375,  30.0          
      5645,  4.7915816159605,  26.678230628072,  30.0          
      5646,  15.46052631579 ,  15.208333333333,  30.0          
      5647,  15.855263157895,  15.208333333333,  30.0          
      5648,  15.855263157895,  15.625         ,  30.0          
      5649,  15.46052631579 ,  15.625         ,  30.0          
      5650,  14.671052631579,  16.041666666667,  30.0          
      5651,  15.065789473684,  16.041666666667,  30.0          
      5652,  15.065789473684,  16.458333333333,  30.0          
      5653,  14.671052631579,  16.458333333333,  30.0          
      5654,  13.881578947368,  16.875         ,  30.0          
      5655,  14.276315789474,  16.875         ,  30.0          
      5656,  14.276315789474,  17.291666666667,  30.0          
      5657,  13.881578947368,  17.291666666667,  30.0          
      5658,  1.8748988516838,  29.80340235588 ,  30.0          
      5659,  1.8746965550513,  29.410207067642,  30.0          
      5660,  2.2913629570469,  29.410721047398,  30.0          
      5661,  2.2915654301268,  29.803573682466,  30.0          
      5662,  18.618421052632,  12.708333333333,  30.0          
      5663,  19.013157894737,  12.708333333333,  30.0          
      5664,  19.013157894737,  13.125         ,  30.0          
      5665,  18.618421052632,  13.125         ,  30.0          
      5666,  2.7079197811101,  29.018725072404,  30.0          
      5667,  2.7079032760063,  28.6262151448  ,  30.0          
      5668,  3.1245695669124,  28.627414430967,  30.0          
      5669,  3.1245860864374,  29.019581705353,  30.0          
      5670,  18.223684210526,  13.958333333333,  30.0          
      5671,  17.828947368421,  13.958333333333,  30.0          
      5672,  17.828947368421,  13.541666666667,  30.0          
      5673,  18.223684210526,  13.541666666667,  30.0          
      5674,  3.5412524527088,  28.236789174373,  30.0          
      5675,  3.5412524527088,  27.844964546456,  30.0          
      5676,  3.957968460131 ,  27.846849363923,  30.0          
      5677,  3.957968460131 ,  28.238331297755,  30.0          
      5678,  17.03947368421 ,  14.375         ,  30.0          
      5679,  17.434210526316,  14.375         ,  30.0          
      5680,  17.434210526316,  14.791666666667,  30.0          
      5681,  17.03947368421 ,  14.791666666667,  30.0          
      5682,  4.3747448478816,  27.457595264401,  30.0          
      5683,  4.3747448478816,  27.066456074308,  30.0          
      5684,  4.7915816159605,  27.06902702477 ,  30.0          
      5685,  4.7915816159605,  27.459823421467,  30.0          
      5686,  16.25          ,  15.208333333333,  30.0          
      5687,  16.644736842105,  15.208333333333,  30.0          
      5688,  16.644736842105,  15.625         ,  30.0          
      5689,  16.25          ,  15.625         ,  30.0          
      5690,  15.46052631579 ,  16.041666666667,  30.0          
      5691,  15.855263157895,  16.041666666667,  30.0          
      5692,  15.855263157895,  16.458333333333,  30.0          
      5693,  15.46052631579 ,  16.458333333333,  30.0          
      5694,  14.671052631579,  16.875         ,  30.0          
      5695,  15.065789473684,  16.875         ,  30.0          
      5696,  15.065789473684,  17.291666666667,  30.0          
      5697,  14.671052631579,  17.291666666667,  30.0          
      5698,  19.407894736842,  12.708333333333,  30.0          
      5699,  19.802631578947,  12.708333333333,  30.0          
      5700,  19.802631578947,  13.125         ,  30.0          
      5701,  19.407894736842,  13.125         ,  30.0          
      5702,  2.7082320084155,  29.803745009052,  30.0          
      5703,  2.7080293585798,  29.411235027154,  30.0          
      5704,  3.12469575965  ,  29.41174900691 ,  30.0          
      5705,  3.12489858655  ,  29.803916335637,  30.0          
      5706,  18.618421052632,  13.541666666667,  30.0          
      5707,  19.013157894737,  13.541666666667,  30.0          
      5708,  19.013157894737,  13.958333333333,  30.0          
      5709,  18.618421052632,  13.958333333333,  30.0          
      5710,  3.5412741464506,  29.020436930447,  30.0          
      5711,  3.541259683956 ,  28.62861330237 ,  30.0          
      5712,  3.9579736271371,  28.62981175901 ,  30.0          
      5713,  3.9579839611495,  29.021290747686,  30.0          
      5714,  17.828947368421,  14.375         ,  30.0          
      5715,  18.223684210526,  14.375         ,  30.0          
      5716,  18.223684210526,  14.791666666667,  30.0          
      5717,  17.828947368421,  14.791666666667,  30.0          
      5718,  4.3747448478816,  28.239873644585,  30.0          
      5719,  4.3747448478816,  27.848734454493,  30.0          
      5720,  4.7915816159605,  27.850619818164,  30.0          
      5721,  4.7915816159605,  28.241416214862,  30.0          
      5722,  17.434210526316,  15.625         ,  30.0          
      5723,  17.03947368421 ,  15.625         ,  30.0          
      5724,  17.03947368421 ,  15.208333333333,  30.0          
      5725,  17.434210526316,  15.208333333333,  30.0          
      5726,  16.25          ,  16.041666666667,  30.0          
      5727,  16.644736842105,  16.041666666667,  30.0          
      5728,  16.644736842105,  16.458333333333,  30.0          
      5729,  16.25          ,  16.458333333333,  30.0          
      5730,  15.46052631579 ,  16.875         ,  30.0          
      5731,  15.855263157895,  16.875         ,  30.0          
      5732,  15.855263157895,  17.291666666667,  30.0          
      5733,  15.46052631579 ,  17.291666666667,  30.0          
      5734,  19.407894736842,  13.541666666667,  30.0          
      5735,  19.802631578947,  13.541666666667,  30.0          
      5736,  19.802631578947,  13.958333333333,  30.0          
      5737,  19.407894736842,  13.958333333333,  30.0          
      5738,  3.5415703444245,  29.804087186121,  30.0          
      5739,  3.5413776999401,  29.412261558364,  30.0          
      5740,  3.9580751794501,  29.412772681518,  30.0          
      5741,  3.9582472820389,  29.804257560506,  30.0          
      5742,  18.618421052632,  14.375         ,  30.0          
      5743,  19.013157894737,  14.375         ,  30.0          
      5744,  19.013157894737,  14.791666666667,  30.0          
      5745,  18.618421052632,  14.791666666667,  30.0          
      5746,  4.3747541513742,  29.022147617229,  30.0          
      5747,  4.3747479490458,  28.631011365497,  30.0          
      5748,  4.7915826496819,  28.632212121832,  30.0          
      5749,  4.7915847171247,  29.023007539076,  30.0          
      5750,  18.223684210526,  15.625         ,  30.0          
      5751,  17.828947368421,  15.625         ,  30.0          
      5752,  17.828947368421,  15.208333333333,  30.0          
      5753,  18.223684210526,  15.208333333333,  30.0          
      5754,  17.434210526316,  16.458333333333,  30.0          
      5755,  17.03947368421 ,  16.458333333333,  30.0          
      5756,  17.03947368421 ,  16.041666666667,  30.0          
      5757,  17.434210526316,  16.041666666667,  30.0          
      5758,  16.25          ,  16.875         ,  30.0          
      5759,  16.644736842105,  16.875         ,  30.0          
      5760,  16.644736842105,  17.291666666667,  30.0          
      5761,  16.25          ,  17.291666666667,  30.0          
      5762,  19.407894736842,  14.375         ,  30.0          
      5763,  19.802631578947,  14.375         ,  30.0          
      5764,  19.802631578947,  14.791666666667,  30.0          
      5765,  19.407894736842,  14.791666666667,  30.0          
      5766,  4.3749393131346,  29.804428935774,  30.0          
      5767,  4.3748179394038,  29.413286807322,  30.0          
      5768,  4.7916059798013,  29.413803935774,  30.0          
      5769,  4.7916464377115,  29.804601311925,  30.0          
      5770,  18.618421052632,  15.208333333333,  30.0          
      5771,  19.013157894737,  15.208333333333,  30.0          
      5772,  19.013157894737,  15.625         ,  30.0          
      5773,  18.618421052632,  15.625         ,  30.0          
      5774,  18.223684210526,  16.458333333333,  30.0          
      5775,  17.828947368421,  16.458333333333,  30.0          
      5776,  17.828947368421,  16.041666666667,  30.0          
      5777,  18.223684210526,  16.041666666667,  30.0          
      5778,  17.03947368421 ,  16.875         ,  30.0          
      5779,  17.434210526316,  16.875         ,  30.0          
      5780,  17.434210526316,  17.291666666667,  30.0          
      5781,  17.03947368421 ,  17.291666666667,  30.0          
      5782,  19.407894736842,  15.208333333333,  30.0          
      5783,  19.802631578947,  15.208333333333,  30.0          
      5784,  19.802631578947,  15.625         ,  30.0          
      5785,  19.407894736842,  15.625         ,  30.0          
      5786,  18.618421052632,  16.041666666667,  30.0          
      5787,  19.013157894737,  16.041666666667,  30.0          
      5788,  19.013157894737,  16.458333333333,  30.0          
      5789,  18.618421052632,  16.458333333333,  30.0          
      5790,  17.828947368421,  16.875         ,  30.0          
      5791,  18.223684210526,  16.875         ,  30.0          
      5792,  18.223684210526,  17.291666666667,  30.0          
      5793,  17.828947368421,  17.291666666667,  30.0          
      5794,  19.407894736842,  16.041666666667,  30.0          
      5795,  19.802631578947,  16.041666666667,  30.0          
      5796,  19.802631578947,  16.458333333333,  30.0          
      5797,  19.407894736842,  16.458333333333,  30.0          
      5798,  18.618421052632,  16.875         ,  30.0          
      5799,  19.013157894737,  16.875         ,  30.0          
      5800,  19.013157894737,  17.291666666667,  30.0          
      5801,  18.618421052632,  17.291666666667,  30.0          
      5802,  19.407894736842,  16.875         ,  30.0          
      5803,  19.802631578947,  16.875         ,  30.0          
      5804,  19.802631578947,  17.291666666667,  30.0          
      5805,  19.407894736842,  17.291666666667,  30.0          
      5806,  6.7531920638298,  17.614244164263,  30.0          
      5807,  5.1218218252694,  19.238905302566,  30.0          
      5808,  6.3775063085866,  17.698124415963,  30.0          
      5809,  5.977205827404 ,  17.715704253802,  30.0          
      5810,  5.8481836890587,  18.068031790197,  30.0          
      5811,  5.2122481253275,  18.849230372683,  30.0          
      5812,  5.2278156817097,  18.455443278389,  30.0          
      5813,  5.592214595996 ,  18.319489564784,  30.0          
      5814,  5.1909623834871,  18.06891305021 ,  30.0          
      5815,  5.5817872047245,  17.684109872886,  30.0          
      5816,  5.1948192642109,  17.692489866076,  30.0          
      5817,  5.5397539287005,  18.017614365552,  30.0          
      5818,  7.1501341684535,  17.562849102986,  30.0          
      5819,  5.0662221734124,  19.640570024141,  30.0          
      5820,  5.0662221734124,  10.359429975859,  30.0          
      5821,  7.1501341684535,  12.437150897014,  30.0          
      5822,  5.5397539287005,  11.982385634448,  30.0          
      5823,  5.1948192642109,  12.307510133924,  30.0          
      5824,  5.5817872047245,  12.315890127114,  30.0          
      5825,  5.1909623834871,  11.93108694979 ,  30.0          
      5826,  5.592214595996 ,  11.680510435216,  30.0          
      5827,  5.2278156817097,  11.544556721611,  30.0          
      5828,  5.2122481253275,  11.150769627317,  30.0          
      5829,  5.8481836890587,  11.931968209803,  30.0          
      5830,  5.977205827404 ,  12.284295746198,  30.0          
      5831,  6.3775063085866,  12.301875584037,  30.0          
      5832,  5.1218218252694,  10.761094697434,  30.0          
      5833,  6.7531920638298,  12.385755835737,  30.0          
*ELEMENT,TYPE=S4
      6980,      4403,      5833,      4315,      1477
      6979,      5833,      4316,      1052,      4315
      6978,      4431,      1514,      4316,      5833
      6977,      1515,      4431,      5833,      4403
      6976,      4406,      5832,      4436,      1519
      6975,      5832,      4343,      1520,      4436
      6974,      4341,      1063,      4343,      5832
      6973,      1481,      4341,      5832,      4406
      6972,      4432,      5831,      4321,      1516
      6971,      5831,      4319,      1054,      4321
      6970,      4403,      1477,      4319,      5831
      6969,      1515,      4403,      5831,      4432
      6968,      4429,      5830,      4404,      1512
      6967,      5830,      4320,      1478,      4404
      6966,      4321,      1054,      4320,      5830
      6965,      1516,      4321,      5830,      4429
      6964,      4428,      5829,      4427,      1511
      6963,      5829,      4429,      1512,      4427
      6962,      4433,      1516,      4429,      5829
      6961,      1517,      4433,      5829,      4428
      6960,      4338,      5828,      4435,      1518
      6959,      5828,      4406,      1519,      4435
      6958,      4337,      1481,      4406,      5828
      6957,      1061,      4337,      5828,      4338
      6956,      4405,      5827,      4426,      1510
      6955,      5827,      4338,      1518,      4426
      6954,      4336,      1061,      4338,      5827
      6953,      1480,      4336,      5827,      4405
      6952,      4425,      5826,      4428,      1511
      6951,      5826,      4434,      1517,      4428
      6950,      4426,      1518,      4434,      5826
      6949,      1510,      4426,      5826,      4425
      6948,      4333,      5825,      4423,      1509
      6947,      5825,      4405,      1510,      4423
      6946,      4332,      1480,      4405,      5825
      6945,      1059,      4332,      5825,      4333
      6944,      4424,      5824,      4328,      1509
      6943,      5824,      4326,      1057,      4328
      6942,      4404,      1478,      4326,      5824
      6941,      1512,      4404,      5824,      4424
      6940,      4328,      5823,      4333,      1509
      6939,      5823,      4331,      1059,      4333
      6938,      4327,      1479,      4331,      5823
      6937,      1057,      4327,      5823,      4328
      6936,      4427,      5822,      4425,      1511
      6935,      5822,      4423,      1510,      4425
      6934,      4424,      1509,      4423,      5822
      6933,      1512,      4424,      5822,      4427
      6932,      4402,      5821,      4430,      1513
      6931,      5821,      4316,      1514,      4430
      6930,      4314,      1052,      4316,      5821
      6929,      1476,      4314,      5821,      4402
      6928,      4407,      5820,      4342,      1482
      6927,      5820,      4343,      1063,      4342
      6926,      4437,      1520,      4343,      5820
      1446,      3883,       839,      2874,      4450
      1445,      1368,      3883,      4450,      3912
      1444,      3884,      4449,      3898,      1367
      1443,      4449,      2879,       847,      3898
      1442,      2878,       340,      2879,      4449
      1441,       840,      2878,      4449,      3884
      1440,      2879,      4448,      3899,       847
      1439,      4448,      3904,      1373,      3899
      1438,      2881,       850,      3904,      4448
      1437,       340,      2881,      4448,      2879
      1436,      2880,      4447,      2881,       340
      1435,      4447,      3905,       850,      2881
      1434,      3903,      1374,      3905,      4447
      1433,       849,      3903,      4447,      2880
      1432,      3885,      4446,      2878,       840
      1431,      4446,      2880,       340,      2878
      1430,      3902,       849,      2880,      4446
      1429,      1369,      3902,      4446,      3885
      1428,      3912,      4445,      3886,      1368
      1427,      4445,      2882,       841,      3886
      1426,      2884,       341,      2882,      4445
      1425,       854,      2884,      4445,      3912
      1424,      2882,      4444,      3887,       841
      6925,      1521,      4437,      5820,      4407
      1423,      4444,      3908,      1369,      3887
      1422,      2883,       852,      3908,      4444
      1421,       341,      2883,      4444,      2882
      1420,      2885,      4443,      2883,       341
      1419,      4443,      3909,       852,      2883
      1418,      3914,      1376,      3909,      4443
      1417,       855,      3914,      4443,      2885
      1416,      3913,      4442,      2884,       854
      1415,      4442,      2885,       341,      2884
      1414,      3915,       855,      2885,      4442
      1413,      1377,      3915,      4442,      3913
      1412,      3908,      4441,      3902,      1369
      1411,      4441,      2886,       849,      3902
      1410,      2888,       342,      2886,      4441
      1409,       852,      2888,      4441,      3908
      1408,      2886,      4440,      3903,       849
      1407,      4440,      3906,      1374,      3903
      1406,      2887,       851,      3906,      4440
      1405,       342,      2887,      4440,      2886
      1404,      2889,      4439,      2887,       342
      1403,      4439,      3907,       851,      2887
      1402,      3910,      1375,      3907,      4439
      1401,       853,      3910,      4439,      2889
      6924,      4408,      5819,      4136,      1497
      6923,      5819,      4134,       965,      4136
      6922,      4396,      1432,      4134,      5819
      6921,      1496,      4396,      5819,      4408
      6920,      4162,      5818,      4163,       976
      6919,      5818,      4418,      1503,      4163
      6918,      4401,      1504,      4418,      5818
      6917,      1438,      4401,      5818,      4162
      6916,      4420,      5817,      4422,      1508
      6915,      5817,      4421,      1507,      4422
      6914,      4419,      1506,      4421,      5817
      6913,      1505,      4419,      5817,      4420
      6912,      4151,      5816,      4147,      1435
      6911,      5816,      4148,       970,      4147
      6910,      4153,      1508,      4148,      5816
      6909,       972,      4153,      5816,      4151
      6908,      4399,      5815,      4152,      1436
      6907,      5815,      4153,       972,      4152
      6906,      4420,      1508,      4153,      5815
      6905,      1505,      4420,      5815,      4399
      6904,      4146,      5814,      4398,      1434
      6903,      5814,      4422,      1507,      4398
      6902,      4148,      1508,      4422,      5814
      6901,       970,      4148,      5814,      4146
      6900,      4412,      5813,      4411,      1499
      6899,      5813,      4414,      1500,      4411
      6898,      4421,      1506,      4414,      5813
      6897,      1507,      4421,      5813,      4412
      6896,      4140,      5812,      4141,       967
      6895,      5812,      4412,      1499,      4141
      6894,      4398,      1507,      4412,      5812
      6893,      1434,      4398,      5812,      4140
      6892,      4139,      5811,      4397,      1433
      6891,      5811,      4410,      1498,      4397
      6890,      4141,      1499,      4410,      5811
      6889,       967,      4141,      5811,      4139
      6888,      4413,      5810,      4416,      1501
      6887,      5810,      4419,      1505,      4416
      6886,      4414,      1506,      4419,      5810
      6885,      1500,      4414,      5810,      4413
      6884,      4158,      5809,      4156,       974
      6883,      5809,      4399,      1436,      4156
      6882,      4416,      1505,      4399,      5809
      6881,      1501,      4416,      5809,      4158
      6880,      4400,      5808,      4157,      1437
      6879,      5808,      4158,       974,      4157
      6878,      4415,      1501,      4158,      5808
      6877,      1502,      4415,      5808,      4400
      6876,      4135,      5807,      4136,       965
      6875,      5807,      4409,      1497,      4136
      6874,      4397,      1498,      4409,      5807
      6873,      1433,      4397,      5807,      4135
      6872,      4417,      5806,      4163,      1503
      6871,      5806,      4161,       976,      4163
      6870,      4400,      1437,      4161,      5806
      6869,      1502,      4400,      5806,      4417
      6868,      4221,      5805,      4224,      1453
      6867,      5805,      1523,      1007,      4224
      6866,      1522,         1,      1523,      5805
      6865,      1005,      1522,      5805,      4221
      6864,      1523,      5804,      4225,      1007
      6863,      5804,      4228,      1454,      4225
      6862,      1525,      1009,      4228,      5804
      6861,         1,      1525,      5804,      1523
      6860,      1524,      5803,      1525,         1
      6859,      5803,      4229,      1009,      1525
      6858,      4227,      1455,      4229,      5803
      6857,      1008,      4227,      5803,      1524
      6856,      4220,      5802,      1522,      1005
      6855,      5802,      1524,         1,      1522
      6854,      4226,      1008,      1524,      5802
      6853,      1090,      4226,      5802,      4220
      6852,      4217,      5801,      4222,      1452
      6851,      5801,      1529,      1006,      4222
      6850,      1527,         2,      1529,      5801
      6849,      1003,      1527,      5801,      4217
      6848,      1529,      5800,      4223,      1006
      6847,      5800,      4221,      1453,      4223
      6846,      1528,      1005,      4221,      5800
      6845,         2,      1528,      5800,      1529
      6844,      1526,      5799,      1528,         2
      6843,      5799,      4220,      1005,      1528
      6842,      2890,      1090,      4220,      5799
      6841,       343,      2890,      5799,      1526
      6840,      4216,      5798,      1527,      1003
      6839,      5798,      1526,         2,      1527
      6838,      2891,       343,      1526,      5798
      6837,      1091,      2891,      5798,      4216
      6836,      2892,      5797,      4226,      1090
      6835,      5797,      1531,      1008,      4226
      6834,      1530,         3,      1531,      5797
      6833,       344,      1530,      5797,      2892
      6832,      1531,      5796,      4227,      1008
      6831,      5796,      4232,      1455,      4227
      6830,      1533,      1011,      4232,      5796
      6829,         3,      1533,      5796,      1531
      6828,      1532,      5795,      1533,         3
      6827,      5795,      4233,      1011,      1533
      6826,      4231,      1456,      4233,      5795
      6825,      1010,      4231,      5795,      1532
      6824,      2893,      5794,      1530,       344
      6823,      5794,      1532,         3,      1530
      6822,      4230,      1010,      1532,      5794
      6821,      1092,      4230,      5794,      2893
      6820,      4213,      5793,      4218,      1451
      6819,      5793,      1537,      1004,      4218
      6818,      1535,         4,      1537,      5793
      6817,      1001,      1535,      5793,      4213
      6816,      1537,      5792,      4219,      1004
      6815,      5792,      4217,      1452,      4219
      6814,      1536,      1003,      4217,      5792
      6813,         4,      1536,      5792,      1537
      6812,      1534,      5791,      1536,         4
      6811,      5791,      4216,      1003,      1536
      6810,      2894,      1091,      4216,      5791
      6809,       345,      2894,      5791,      1534
      6808,      4212,      5790,      1535,      1001
      6807,      5790,      1534,         4,      1535
      6806,      2895,       345,      1534,      5790
      6805,      1093,      2895,      5790,      4212
      6804,      2896,      5789,      2891,      1091
      6803,      5789,      1538,       343,      2891
      6802,      1540,         5,      1538,      5789
      6801,       346,      1540,      5789,      2896
      6800,      1538,      5788,      2890,       343
      6799,      5788,      2892,      1090,      2890
      6798,      1539,       344,      2892,      5788
      6797,         5,      1539,      5788,      1538
      6796,      1541,      5787,      1539,         5
      6795,      5787,      2893,       344,      1539
      6794,      2898,      1092,      2893,      5787
      6793,       347,      2898,      5787,      1541
      6792,      2897,      5786,      1540,       346
      6791,      5786,      1541,         5,      1540
      6790,      2899,       347,      1541,      5786
      6789,      1094,      2899,      5786,      2897
      6788,      2900,      5785,      4230,      1092
      6787,      5785,      1543,      1010,      4230
      6786,      1542,         6,      1543,      5785
      6785,       348,      1542,      5785,      2900
      6784,      1543,      5784,      4231,      1010
      6783,      5784,      4236,      1456,      4231
      6782,      1545,      1013,      4236,      5784
      6781,         6,      1545,      5784,      1543
      6780,      1544,      5783,      1545,         6
      6779,      5783,      4237,      1013,      1545
      6778,      4235,      1457,      4237,      5783
      6777,      1012,      4235,      5783,      1544
      6776,      2901,      5782,      1542,       348
      6775,      5782,      1544,         6,      1542
      6774,      4234,      1012,      1544,      5782
      6773,      1095,      4234,      5782,      2901
      6772,      4209,      5781,      4214,      1450
      6771,      5781,      1549,      1002,      4214
      6770,      1547,         7,      1549,      5781
      6769,       999,      1547,      5781,      4209
      6768,      1549,      5780,      4215,      1002
      6767,      5780,      4213,      1451,      4215
      6766,      1548,      1001,      4213,      5780
      6765,         7,      1548,      5780,      1549
      6764,      1546,      5779,      1548,         7
      6763,      5779,      4212,      1001,      1548
      6762,      2902,      1093,      4212,      5779
      6761,       349,      2902,      5779,      1546
      6760,      4208,      5778,      1547,       999
      6759,      5778,      1546,         7,      1547
      6758,      2903,       349,      1546,      5778
      6757,      1096,      2903,      5778,      4208
      6756,      2897,      5777,      2906,      1094
      6755,      5777,      1553,       351,      2906
      6754,      1551,         8,      1553,      5777
      6753,       346,      1551,      5777,      2897
      6752,      1553,      5776,      2907,       351
      6751,      5776,      2905,      1097,      2907
      6750,      1552,       350,      2905,      5776
      6749,         8,      1552,      5776,      1553
      6748,      1550,      5775,      1552,         8
      6747,      5775,      2904,       350,      1552
      6746,      2895,      1093,      2904,      5775
      6745,       345,      2895,      5775,      1550
      6744,      2896,      5774,      1551,       346
      6743,      5774,      1550,         8,      1551
      6742,      2894,       345,      1550,      5774
      6741,      1091,      2894,      5774,      2896
      6740,      2908,      5773,      2899,      1094
      6739,      5773,      1554,       347,      2899
      6738,      1556,         9,      1554,      5773
      6737,       352,      1556,      5773,      2908
      6736,      1554,      5772,      2898,       347
      6735,      5772,      2900,      1092,      2898
      6734,      1555,       348,      2900,      5772
      6733,         9,      1555,      5772,      1554
      6732,      1557,      5771,      1555,         9
      6731,      5771,      2901,       348,      1555
      6730,      2910,      1095,      2901,      5771
      6729,       353,      2910,      5771,      1557
      6728,      2909,      5770,      1556,       352
      6727,      5770,      1557,         9,      1556
      6726,      2911,       353,      1557,      5770
      6725,      1098,      2911,      5770,      2909
      6724,      4079,      5769,      4082,      1419
      6723,      5769,      1561,       939,      4082
      6722,      1559,        10,      1561,      5769
      6721,       937,      1559,      5769,      4079
      6720,      1561,      5768,      4083,       939
      6719,      5768,      4081,      1420,      4083
      6718,      1560,       938,      4081,      5768
      6717,        10,      1560,      5768,      1561
      6716,      1558,      5767,      1560,        10
      6715,      5767,      4080,       938,      1560
      6714,      4074,      1099,      4080,      5767
      6713,       935,      4074,      5767,      1558
      6712,      4078,      5766,      1559,       937
      6711,      5766,      1558,        10,      1559
      6710,      4075,       935,      1558,      5766
      6709,      1418,      4075,      5766,      4078
      6708,      2912,      5765,      4234,      1095
      6707,      5765,      1563,      1012,      4234
      6706,      1562,        11,      1563,      5765
      6705,       354,      1562,      5765,      2912
      6704,      1563,      5764,      4235,      1012
      6703,      5764,      4240,      1457,      4235
      6702,      1565,      1015,      4240,      5764
      6701,        11,      1565,      5764,      1563
      6700,      1564,      5763,      1565,        11
      6699,      5763,      4241,      1015,      1565
      6698,      4239,      1458,      4241,      5763
      6697,      1014,      4239,      5763,      1564
      6696,      2913,      5762,      1562,       354
      6695,      5762,      1564,        11,      1562
      6694,      4238,      1014,      1564,      5762
      6693,      1100,      4238,      5762,      2913
      6692,      4205,      5761,      4210,      1449
      6691,      5761,      1569,      1000,      4210
      6690,      1567,        12,      1569,      5761
      6689,       997,      1567,      5761,      4205
      6688,      1569,      5760,      4211,      1000
      6687,      5760,      4209,      1450,      4211
      6686,      1568,       999,      4209,      5760
      6685,        12,      1568,      5760,      1569
      6684,      1566,      5759,      1568,        12
      6683,      5759,      4208,       999,      1568
      6682,      2914,      1096,      4208,      5759
      6681,       355,      2914,      5759,      1566
      6680,      4204,      5758,      1567,       997
      6679,      5758,      1566,        12,      1567
      6678,      2915,       355,      1566,      5758
      6677,      1101,      2915,      5758,      4204
      6676,      2905,      5757,      2918,      1097
      6675,      5757,      1573,       357,      2918
      6674,      1571,        13,      1573,      5757
      6673,       350,      1571,      5757,      2905
      6672,      1573,      5756,      2919,       357
      6671,      5756,      2917,      1102,      2919
      6670,      1572,       356,      2917,      5756
      6669,        13,      1572,      5756,      1573
      6668,      1570,      5755,      1572,        13
      6667,      5755,      2916,       356,      1572
      6666,      2903,      1096,      2916,      5755
      6665,       349,      2903,      5755,      1570
      6664,      2904,      5754,      1571,       350
      6663,      5754,      1570,        13,      1571
      6662,      2902,       349,      1570,      5754
      6661,      1093,      2902,      5754,      2904
      6660,      2909,      5753,      2922,      1098
      6659,      5753,      1577,       359,      2922
      6658,      1575,        14,      1577,      5753
      6657,       352,      1575,      5753,      2909
      6656,      1577,      5752,      2923,       359
      6655,      5752,      2921,      1103,      2923
      6654,      1576,       358,      2921,      5752
      6653,        14,      1576,      5752,      1577
      6652,      1574,      5751,      1576,        14
      6651,      5751,      2920,       358,      1576
      6650,      2907,      1097,      2920,      5751
      6649,       351,      2907,      5751,      1574
      6648,      2908,      5750,      1575,       352
      6647,      5750,      1574,        14,      1575
      6646,      2906,       351,      1574,      5750
      6645,      1094,      2906,      5750,      2908
      6644,      4081,      5749,      4086,      1420
      6643,      5749,      1581,       941,      4086
      6642,      1579,        15,      1581,      5749
      6641,       938,      1579,      5749,      4081
      6640,      1581,      5748,      4087,       941
      6639,      5748,      4085,      1421,      4087
      6638,      1580,       940,      4085,      5748
      6637,        15,      1580,      5748,      1581
      6636,      1578,      5747,      1580,        15
      6635,      5747,      4084,       940,      1580
      6634,      2925,      1104,      4084,      5747
      6633,       360,      2925,      5747,      1578
      6632,      4080,      5746,      1579,       938
      6631,      5746,      1578,        15,      1579
      6630,      2924,       360,      1578,      5746
      6629,      1099,      2924,      5746,      4080
      6628,      2926,      5745,      2911,      1098
      6627,      5745,      1582,       353,      2911
      6626,      1584,        16,      1582,      5745
      6625,       361,      1584,      5745,      2926
      6624,      1582,      5744,      2910,       353
      6623,      5744,      2912,      1095,      2910
      6622,      1583,       354,      2912,      5744
      6621,        16,      1583,      5744,      1582
      6620,      1585,      5743,      1583,        16
      6619,      5743,      2913,       354,      1583
      6618,      2928,      1100,      2913,      5743
      6617,       362,      2928,      5743,      1585
      6616,      2927,      5742,      1584,       361
      6615,      5742,      1585,        16,      1584
      6614,      2929,       362,      1585,      5742
      6613,      1105,      2929,      5742,      2927
      6612,      4077,      5741,      4075,      1418
      6611,      5741,      1588,       935,      4075
      6610,      1589,        17,      1588,      5741
      6609,       936,      1589,      5741,      4077
      6608,      1588,      5740,      4074,       935
      6607,      5740,      2930,      1099,      4074
      6606,      1586,       363,      2930,      5740
      6605,        17,      1586,      5740,      1588
      6604,      1587,      5739,      1586,        17
      6603,      5739,      2931,       363,      1586
      6602,      4070,      1106,      2931,      5739
      6601,       933,      4070,      5739,      1587
      6600,      4076,      5738,      1589,       936
      6599,      5738,      1587,        17,      1589
      6598,      4071,       933,      1587,      5738
      6597,      1417,      4071,      5738,      4076
      6596,      2932,      5737,      4238,      1100
      6595,      5737,      1591,      1014,      4238
      6594,      1590,        18,      1591,      5737
      6593,       364,      1590,      5737,      2932
      6592,      1591,      5736,      4239,      1014
      6591,      5736,      4244,      1458,      4239
      6590,      1593,      1017,      4244,      5736
      6589,        18,      1593,      5736,      1591
      6588,      1592,      5735,      1593,        18
      6587,      5735,      4245,      1017,      1593
      6586,      4243,      1459,      4245,      5735
      6585,      1016,      4243,      5735,      1592
      6584,      2933,      5734,      1590,       364
      6583,      5734,      1592,        18,      1590
      6582,      4242,      1016,      1592,      5734
      6581,      1107,      4242,      5734,      2933
      6580,      4201,      5733,      4206,      1448
      6579,      5733,      1597,       998,      4206
      6578,      1595,        19,      1597,      5733
      6577,       995,      1595,      5733,      4201
      6576,      1597,      5732,      4207,       998
      6575,      5732,      4205,      1449,      4207
      6574,      1596,       997,      4205,      5732
      6573,        19,      1596,      5732,      1597
      6572,      1594,      5731,      1596,        19
      6571,      5731,      4204,       997,      1596
      6570,      2934,      1101,      4204,      5731
      6569,       365,      2934,      5731,      1594
      6568,      4200,      5730,      1595,       995
      6567,      5730,      1594,        19,      1595
      6566,      2935,       365,      1594,      5730
      6565,      1108,      2935,      5730,      4200
      6564,      2936,      5729,      2915,      1101
      6563,      5729,      1598,       355,      2915
      6562,      1600,        20,      1598,      5729
      6561,       366,      1600,      5729,      2936
      6560,      1598,      5728,      2914,       355
      6559,      5728,      2916,      1096,      2914
      6558,      1599,       356,      2916,      5728
      6557,        20,      1599,      5728,      1598
      6556,      1601,      5727,      1599,        20
      6555,      5727,      2917,       356,      1599
      6554,      2938,      1102,      2917,      5727
      6553,       367,      2938,      5727,      1601
      6552,      2937,      5726,      1600,       366
      6551,      5726,      1601,        20,      1600
      6550,      2939,       367,      1601,      5726
      6549,      1109,      2939,      5726,      2937
      6548,      2921,      5725,      2942,      1103
      6547,      5725,      1605,       369,      2942
      6546,      1603,        21,      1605,      5725
      6545,       358,      1603,      5725,      2921
      6544,      1605,      5724,      2943,       369
      6543,      5724,      2941,      1110,      2943
      6542,      1604,       368,      2941,      5724
      6541,        21,      1604,      5724,      1605
      6540,      1602,      5723,      1604,        21
      6539,      5723,      2940,       368,      1604
      6538,      2919,      1102,      2940,      5723
      6537,       357,      2919,      5723,      1602
      6536,      2920,      5722,      1603,       358
      6535,      5722,      1602,        21,      1603
      6534,      2918,       357,      1602,      5722
      6533,      1097,      2918,      5722,      2920
      6532,      4085,      5721,      4090,      1421
      6531,      5721,      1609,       943,      4090
      6530,      1607,        22,      1609,      5721
      6529,       940,      1607,      5721,      4085
      6528,      1609,      5720,      4091,       943
      6527,      5720,      4089,      1422,      4091
      6526,      1608,       942,      4089,      5720
      6525,        22,      1608,      5720,      1609
      6524,      1606,      5719,      1608,        22
      6523,      5719,      4088,       942,      1608
      6522,      2945,      1111,      4088,      5719
      6521,       370,      2945,      5719,      1606
      6520,      4084,      5718,      1607,       940
      6519,      5718,      1606,        22,      1607
      6518,      2944,       370,      1606,      5718
      6517,      1104,      2944,      5718,      4084
      6516,      2946,      5717,      2923,      1103
      6515,      5717,      1610,       359,      2923
      6514,      1612,        23,      1610,      5717
      6513,       371,      1612,      5717,      2946
      6512,      1610,      5716,      2922,       359
      6511,      5716,      2926,      1098,      2922
      6510,      1611,       361,      2926,      5716
      6509,        23,      1611,      5716,      1610
      6508,      1613,      5715,      1611,        23
      6507,      5715,      2927,       361,      1611
      6506,      2948,      1105,      2927,      5715
      6505,       372,      2948,      5715,      1613
      6504,      2947,      5714,      1612,       371
      6503,      5714,      1613,        23,      1612
      6502,      2949,       372,      1613,      5714
      6501,      1112,      2949,      5714,      2947
      6500,      2930,      5713,      2924,      1099
      6499,      5713,      1614,       360,      2924
      6498,      1615,        24,      1614,      5713
      6497,       363,      1615,      5713,      2930
      6496,      1614,      5712,      2925,       360
      6495,      5712,      2950,      1104,      2925
      6494,      1616,       373,      2950,      5712
      6493,        24,      1616,      5712,      1614
      6492,      1617,      5711,      1616,        24
      6491,      5711,      2951,       373,      1616
      6490,      2953,      1113,      2951,      5711
      6489,       374,      2953,      5711,      1617
      6488,      2931,      5710,      1615,       363
      6487,      5710,      1617,        24,      1615
      6486,      2952,       374,      1617,      5710
      6485,      1106,      2952,      5710,      2931
      6484,      2954,      5709,      2929,      1105
      6483,      5709,      1618,       362,      2929
      6482,      1620,        25,      1618,      5709
      6481,       375,      1620,      5709,      2954
      6480,      1618,      5708,      2928,       362
      6479,      5708,      2932,      1100,      2928
      6478,      1619,       364,      2932,      5708
      6477,        25,      1619,      5708,      1618
      6476,      1621,      5707,      1619,        25
      6475,      5707,      2933,       364,      1619
      6474,      2956,      1107,      2933,      5707
      6473,       376,      2956,      5707,      1621
      6472,      2955,      5706,      1620,       375
      6471,      5706,      1621,        25,      1620
      6470,      2957,       376,      1621,      5706
      6469,      1114,      2957,      5706,      2955
      6468,      4073,      5705,      4071,      1417
      6467,      5705,      1624,       933,      4071
      6466,      1625,        26,      1624,      5705
      6465,       934,      1625,      5705,      4073
      6464,      1624,      5704,      4070,       933
      6463,      5704,      2958,      1106,      4070
      6462,      1622,       377,      2958,      5704
      6461,        26,      1622,      5704,      1624
      6460,      1623,      5703,      1622,        26
      6459,      5703,      2959,       377,      1622
      6458,      4066,      1115,      2959,      5703
      6457,       931,      4066,      5703,      1623
      6456,      4072,      5702,      1625,       934
      6455,      5702,      1623,        26,      1625
      6454,      4067,       931,      1623,      5702
      6453,      1416,      4067,      5702,      4072
      6452,      4248,      5701,      4242,      1107
      6451,      5701,      1626,      1016,      4242
      6450,      1628,        27,      1626,      5701
      6449,      1019,      1628,      5701,      4248
      6448,      1626,      5700,      4243,      1016
      6447,      5700,      4246,      1459,      4243
      6446,      1627,      1018,      4246,      5700
      6445,        27,      1627,      5700,      1626
      6444,      1629,      5699,      1627,        27
      6443,      5699,      4247,      1018,      1627
      6442,      4250,      1460,      4247,      5699
      6441,      1020,      4250,      5699,      1629
      6440,      4249,      5698,      1628,      1019
      6439,      5698,      1629,        27,      1628
      6438,      4251,      1020,      1629,      5698
      6437,      1461,      4251,      5698,      4249
      6436,      4197,      5697,      4202,      1447
      6435,      5697,      1633,       996,      4202
      6434,      1631,        28,      1633,      5697
      6433,       993,      1631,      5697,      4197
      6432,      1633,      5696,      4203,       996
      6431,      5696,      4201,      1448,      4203
      6430,      1632,       995,      4201,      5696
      6429,        28,      1632,      5696,      1633
      6428,      1630,      5695,      1632,        28
      6427,      5695,      4200,       995,      1632
      6426,      2960,      1108,      4200,      5695
      6425,       378,      2960,      5695,      1630
      6424,      4196,      5694,      1631,       993
      6423,      5694,      1630,        28,      1631
      6422,      2961,       378,      1630,      5694
      6421,      1116,      2961,      5694,      4196
      6420,      2962,      5693,      2935,      1108
      6419,      5693,      1634,       365,      2935
      6418,      1636,        29,      1634,      5693
      6417,       379,      1636,      5693,      2962
      6416,      1634,      5692,      2934,       365
      6415,      5692,      2936,      1101,      2934
      6414,      1635,       366,      2936,      5692
      6413,        29,      1635,      5692,      1634
      6412,      1637,      5691,      1635,        29
      6411,      5691,      2937,       366,      1635
      6410,      2964,      1109,      2937,      5691
      6409,       380,      2964,      5691,      1637
      6408,      2963,      5690,      1636,       379
      6407,      5690,      1637,        29,      1636
      6406,      2965,       380,      1637,      5690
      6405,      1117,      2965,      5690,      2963
      6404,      2966,      5689,      2939,      1109
      6403,      5689,      1638,       367,      2939
      6402,      1640,        30,      1638,      5689
      6401,       381,      1640,      5689,      2966
      6400,      1638,      5688,      2938,       367
      6399,      5688,      2940,      1102,      2938
      6398,      1639,       368,      2940,      5688
      6397,        30,      1639,      5688,      1638
      6396,      1641,      5687,      1639,        30
      6395,      5687,      2941,       368,      1639
      6394,      2968,      1110,      2941,      5687
      6393,       382,      2968,      5687,      1641
      6392,      2967,      5686,      1640,       381
      6391,      5686,      1641,        30,      1640
      6390,      2969,       382,      1641,      5686
      6389,      1118,      2969,      5686,      2967
      6388,      4089,      5685,      4094,      1422
      6387,      5685,      1645,       945,      4094
      6386,      1643,        31,      1645,      5685
      6385,       942,      1643,      5685,      4089
      6384,      1645,      5684,      4095,       945
      6383,      5684,      4093,      1423,      4095
      6382,      1644,       944,      4093,      5684
      6381,        31,      1644,      5684,      1645
      6380,      1642,      5683,      1644,        31
      6379,      5683,      4092,       944,      1644
      6378,      2971,      1119,      4092,      5683
      6377,       383,      2971,      5683,      1642
      6376,      4088,      5682,      1643,       942
      6375,      5682,      1642,        31,      1643
      6374,      2970,       383,      1642,      5682
      6373,      1111,      2970,      5682,      4088
      6372,      2972,      5681,      2943,      1110
      6371,      5681,      1646,       369,      2943
      6370,      1648,        32,      1646,      5681
      6369,       384,      1648,      5681,      2972
      6368,      1646,      5680,      2942,       369
      6367,      5680,      2946,      1103,      2942
      6366,      1647,       371,      2946,      5680
      6365,        32,      1647,      5680,      1646
      6364,      1649,      5679,      1647,        32
      6363,      5679,      2947,       371,      1647
      6362,      2974,      1112,      2947,      5679
      6361,       385,      2974,      5679,      1649
      6360,      2973,      5678,      1648,       384
      6359,      5678,      1649,        32,      1648
      6358,      2975,       385,      1649,      5678
      6357,      1120,      2975,      5678,      2973
      6356,      2950,      5677,      2944,      1104
      6355,      5677,      1650,       370,      2944
      6354,      1651,        33,      1650,      5677
      6353,       373,      1651,      5677,      2950
      6352,      1650,      5676,      2945,       370
      6351,      5676,      2976,      1111,      2945
      6350,      1652,       386,      2976,      5676
      6349,        33,      1652,      5676,      1650
      6348,      1653,      5675,      1652,        33
      6347,      5675,      2977,       386,      1652
      6346,      2979,      1121,      2977,      5675
      6345,       387,      2979,      5675,      1653
      6344,      2951,      5674,      1651,       373
      6343,      5674,      1653,        33,      1651
      6342,      2978,       387,      1653,      5674
      6341,      1113,      2978,      5674,      2951
      6340,      2955,      5673,      2982,      1114
      6339,      5673,      1657,       389,      2982
      6338,      1655,        34,      1657,      5673
      6337,       375,      1655,      5673,      2955
      6336,      1657,      5672,      2983,       389
      6335,      5672,      2981,      1122,      2983
      6334,      1656,       388,      2981,      5672
      6333,        34,      1656,      5672,      1657
      6332,      1654,      5671,      1656,        34
      6331,      5671,      2980,       388,      1656
      6330,      2949,      1112,      2980,      5671
      6329,       372,      2949,      5671,      1654
      6328,      2954,      5670,      1655,       375
      6327,      5670,      1654,        34,      1655
      6326,      2948,       372,      1654,      5670
      6325,      1105,      2948,      5670,      2954
      6324,      2958,      5669,      2952,      1106
      6323,      5669,      1658,       374,      2952
      6322,      1659,        35,      1658,      5669
      6321,       377,      1659,      5669,      2958
      6320,      1658,      5668,      2953,       374
      6319,      5668,      2984,      1113,      2953
      6318,      1660,       390,      2984,      5668
      6317,        35,      1660,      5668,      1658
      6316,      1661,      5667,      1660,        35
      6315,      5667,      2985,       390,      1660
      6314,      2987,      1123,      2985,      5667
      6313,       391,      2987,      5667,      1661
      6312,      2959,      5666,      1659,       377
      6311,      5666,      1661,        35,      1659
      6310,      2986,       391,      1661,      5666
      6309,      1115,      2986,      5666,      2959
      6308,      4252,      5665,      2957,      1114
      6307,      5665,      1662,       376,      2957
      6306,      1664,        36,      1662,      5665
      6305,      1021,      1664,      5665,      4252
      6304,      1662,      5664,      2956,       376
      6303,      5664,      4248,      1107,      2956
      6302,      1663,      1019,      4248,      5664
      6301,        36,      1663,      5664,      1662
      6300,      1665,      5663,      1663,        36
      6299,      5663,      4249,      1019,      1663
      6298,      4254,      1461,      4249,      5663
      6297,      1022,      4254,      5663,      1665
      6296,      4253,      5662,      1664,      1021
      6295,      5662,      1665,        36,      1664
      6294,      4255,      1022,      1665,      5662
      6293,      1462,      4255,      5662,      4253
      6292,      4069,      5661,      4067,      1416
      6291,      5661,      1668,       931,      4067
      6290,      1669,        37,      1668,      5661
      6289,       932,      1669,      5661,      4069
      6288,      1668,      5660,      4066,       931
      6287,      5660,      2988,      1115,      4066
      6286,      1666,       392,      2988,      5660
      6285,        37,      1666,      5660,      1668
      6284,      1667,      5659,      1666,        37
      6283,      5659,      2989,       392,      1666
      6282,      4062,      1124,      2989,      5659
      6281,       929,      4062,      5659,      1667
      6280,      4068,      5658,      1669,       932
      6279,      5658,      1667,        37,      1669
      6278,      4063,       929,      1667,      5658
      6277,      1415,      4063,      5658,      4068
      6276,      4193,      5657,      4198,      1446
      6275,      5657,      1673,       994,      4198
      6274,      1671,        38,      1673,      5657
      6273,       991,      1671,      5657,      4193
      6272,      1673,      5656,      4199,       994
      6271,      5656,      4197,      1447,      4199
      6270,      1672,       993,      4197,      5656
      6269,        38,      1672,      5656,      1673
      6268,      1670,      5655,      1672,        38
      6267,      5655,      4196,       993,      1672
      6266,      2990,      1116,      4196,      5655
      6265,       393,      2990,      5655,      1670
      6264,      4192,      5654,      1671,       991
      6263,      5654,      1670,        38,      1671
      6262,      2991,       393,      1670,      5654
      6261,      1125,      2991,      5654,      4192
      6260,      2992,      5653,      2961,      1116
      6259,      5653,      1674,       378,      2961
      6258,      1676,        39,      1674,      5653
      6257,       394,      1676,      5653,      2992
      6256,      1674,      5652,      2960,       378
      6255,      5652,      2962,      1108,      2960
      6254,      1675,       379,      2962,      5652
      6253,        39,      1675,      5652,      1674
      6252,      1677,      5651,      1675,        39
      6251,      5651,      2963,       379,      1675
      6250,      2994,      1117,      2963,      5651
      6249,       395,      2994,      5651,      1677
      6248,      2993,      5650,      1676,       394
      6247,      5650,      1677,        39,      1676
      6246,      2995,       395,      1677,      5650
      6245,      1126,      2995,      5650,      2993
      6244,      2996,      5649,      2965,      1117
      6243,      5649,      1678,       380,      2965
      6242,      1680,        40,      1678,      5649
      6241,       396,      1680,      5649,      2996
      6240,      1678,      5648,      2964,       380
      6239,      5648,      2966,      1109,      2964
      6238,      1679,       381,      2966,      5648
      6237,        40,      1679,      5648,      1678
      6236,      1681,      5647,      1679,        40
      6235,      5647,      2967,       381,      1679
      6234,      2998,      1118,      2967,      5647
      6233,       397,      2998,      5647,      1681
      6232,      2997,      5646,      1680,       396
      6231,      5646,      1681,        40,      1680
      6230,      2999,       397,      1681,      5646
      6229,      1127,      2999,      5646,      2997
      6228,      4093,      5645,      4098,      1423
      6227,      5645,      1685,       947,      4098
      6226,      1683,        41,      1685,      5645
      6225,       944,      1683,      5645,      4093
      6224,      1685,      5644,      4099,       947
      6223,      5644,      4097,      1424,      4099
      6222,      1684,       946,      4097,      5644
      6221,        41,      1684,      5644,      1685
      6220,      1682,      5643,      1684,        41
      6219,      5643,      4096,       946,      1684
      6218,      3001,      1128,      4096,      5643
      6217,       398,      3001,      5643,      1682
      6216,      4092,      5642,      1683,       944
      6215,      5642,      1682,        41,      1683
      6214,      3000,       398,      1682,      5642
      6213,      1119,      3000,      5642,      4092
      6212,      3002,      5641,      2969,      1118
      6211,      5641,      1686,       382,      2969
      6210,      1688,        42,      1686,      5641
      6209,       399,      1688,      5641,      3002
      6208,      1686,      5640,      2968,       382
      6207,      5640,      2972,      1110,      2968
      6206,      1687,       384,      2972,      5640
      6205,        42,      1687,      5640,      1686
      6204,      1689,      5639,      1687,        42
      6203,      5639,      2973,       384,      1687
      6202,      3004,      1120,      2973,      5639
      6201,       400,      3004,      5639,      1689
      6200,      3003,      5638,      1688,       399
      6199,      5638,      1689,        42,      1688
      6198,      3005,       400,      1689,      5638
      6197,      1129,      3005,      5638,      3003
      6196,      2976,      5637,      2970,      1111
      6195,      5637,      1690,       383,      2970
      6194,      1691,        43,      1690,      5637
      6193,       386,      1691,      5637,      2976
      6192,      1690,      5636,      2971,       383
      6191,      5636,      3006,      1119,      2971
      6190,      1692,       401,      3006,      5636
      6189,        43,      1692,      5636,      1690
      6188,      1693,      5635,      1692,        43
      6187,      5635,      3007,       401,      1692
      6186,      3009,      1130,      3007,      5635
      6185,       402,      3009,      5635,      1693
      6184,      2977,      5634,      1691,       386
      6183,      5634,      1693,        43,      1691
      6182,      3008,       402,      1693,      5634
      6181,      1121,      3008,      5634,      2977
      6180,      2981,      5633,      3012,      1122
      6179,      5633,      1697,       404,      3012
      6178,      1695,        44,      1697,      5633
      6177,       388,      1695,      5633,      2981
      6176,      1697,      5632,      3013,       404
      6175,      5632,      3011,      1131,      3013
      6174,      1696,       403,      3011,      5632
      6173,        44,      1696,      5632,      1697
      6172,      1694,      5631,      1696,        44
      6171,      5631,      3010,       403,      1696
      6170,      2975,      1120,      3010,      5631
      6169,       385,      2975,      5631,      1694
      6168,      2980,      5630,      1695,       388
      6167,      5630,      1694,        44,      1695
      6166,      2974,       385,      1694,      5630
      6165,      1112,      2974,      5630,      2980
      6164,      2984,      5629,      2978,      1113
      6163,      5629,      1698,       387,      2978
      6162,      1699,        45,      1698,      5629
      6161,       390,      1699,      5629,      2984
      6160,      1698,      5628,      2979,       387
      6159,      5628,      3014,      1121,      2979
      6158,      1700,       405,      3014,      5628
      6157,        45,      1700,      5628,      1698
      6156,      1701,      5627,      1700,        45
      6155,      5627,      3015,       405,      1700
      6154,      3017,      1132,      3015,      5627
      6153,       406,      3017,      5627,      1701
      6152,      2985,      5626,      1699,       390
      6151,      5626,      1701,        45,      1699
      6150,      3016,       406,      1701,      5626
      6149,      1123,      3016,      5626,      2985
      6148,      4253,      5625,      4258,      1462
      6147,      5625,      1705,      1024,      4258
      6146,      1703,        46,      1705,      5625
      6145,      1021,      1703,      5625,      4253
      6144,      1705,      5624,      4259,      1024
      6143,      5624,      4257,      1463,      4259
      6142,      1704,      1023,      4257,      5624
      6141,        46,      1704,      5624,      1705
      6140,      1702,      5623,      1704,        46
      6139,      5623,      4256,      1023,      1704
      6138,      2983,      1122,      4256,      5623
      6137,       389,      2983,      5623,      1702
      6136,      4252,      5622,      1703,      1021
      6135,      5622,      1702,        46,      1703
      6134,      2982,       389,      1702,      5622
      6133,      1114,      2982,      5622,      4252
      6132,      2988,      5621,      2986,      1115
      6131,      5621,      1706,       391,      2986
      6130,      1707,        47,      1706,      5621
      6129,       392,      1707,      5621,      2988
      6128,      1706,      5620,      2987,       391
      6127,      5620,      3018,      1123,      2987
      6126,      1708,       407,      3018,      5620
      6125,        47,      1708,      5620,      1706
      6124,      1709,      5619,      1708,        47
      6123,      5619,      3019,       407,      1708
      6122,      3021,      1133,      3019,      5619
      6121,       408,      3021,      5619,      1709
      6120,      2989,      5618,      1707,       392
      6119,      5618,      1709,        47,      1707
      6118,      3020,       408,      1709,      5618
      6117,      1124,      3020,      5618,      2989
      6116,      4065,      5617,      4063,      1415
      6115,      5617,      1712,       929,      4063
      6114,      1713,        48,      1712,      5617
      6113,       930,      1713,      5617,      4065
      6112,      1712,      5616,      4062,       929
      6111,      5616,      3022,      1124,      4062
      6110,      1710,       409,      3022,      5616
      6109,        48,      1710,      5616,      1712
      6108,      1711,      5615,      1710,        48
      6107,      5615,      3023,       409,      1710
      6106,      4058,      1134,      3023,      5615
      6105,       927,      4058,      5615,      1711
      6104,      4064,      5614,      1713,       930
      6103,      5614,      1711,        48,      1713
      6102,      4059,       927,      1711,      5614
      6101,      1414,      4059,      5614,      4064
      6100,      4189,      5613,      4194,      1445
      6099,      5613,      1717,       992,      4194
      6098,      1715,        49,      1717,      5613
      6097,       989,      1715,      5613,      4189
      6096,      1717,      5612,      4195,       992
      6095,      5612,      4193,      1446,      4195
      6094,      1716,       991,      4193,      5612
      6093,        49,      1716,      5612,      1717
      6092,      1714,      5611,      1716,        49
      6091,      5611,      4192,       991,      1716
      6090,      3024,      1125,      4192,      5611
      6089,       410,      3024,      5611,      1714
      6088,      4188,      5610,      1715,       989
      6087,      5610,      1714,        49,      1715
      6086,      3025,       410,      1714,      5610
      6085,      1135,      3025,      5610,      4188
      6084,      2993,      5609,      3028,      1126
      6083,      5609,      1721,       412,      3028
      6082,      1719,        50,      1721,      5609
      6081,       394,      1719,      5609,      2993
      6080,      1721,      5608,      3029,       412
      6079,      5608,      3027,      1136,      3029
      6078,      1720,       411,      3027,      5608
      6077,        50,      1720,      5608,      1721
      6076,      1718,      5607,      1720,        50
      6075,      5607,      3026,       411,      1720
      6074,      2991,      1125,      3026,      5607
      6073,       393,      2991,      5607,      1718
      6072,      2992,      5606,      1719,       394
      6071,      5606,      1718,        50,      1719
      6070,      2990,       393,      1718,      5606
      6069,      1116,      2990,      5606,      2992
      6068,      3030,      5605,      2995,      1126
      6067,      5605,      1722,       395,      2995
      6066,      1724,        51,      1722,      5605
      6065,       413,      1724,      5605,      3030
      6064,      1722,      5604,      2994,       395
      6063,      5604,      2996,      1117,      2994
      6062,      1723,       396,      2996,      5604
      6061,        51,      1723,      5604,      1722
      6060,      1725,      5603,      1723,        51
      6059,      5603,      2997,       396,      1723
      6058,      3032,      1127,      2997,      5603
      6057,       414,      3032,      5603,      1725
      6056,      3031,      5602,      1724,       413
      6055,      5602,      1725,        51,      1724
      6054,      3033,       414,      1725,      5602
      6053,      1137,      3033,      5602,      3031
      6052,      4097,      5601,      4102,      1424
      6051,      5601,      1729,       949,      4102
      6050,      1727,        52,      1729,      5601
      6049,       946,      1727,      5601,      4097
      6048,      1729,      5600,      4103,       949
      6047,      5600,      4101,      1425,      4103
      6046,      1728,       948,      4101,      5600
      6045,        52,      1728,      5600,      1729
      6044,      1726,      5599,      1728,        52
      6043,      5599,      4100,       948,      1728
      6042,      3035,      1138,      4100,      5599
      6041,       415,      3035,      5599,      1726
      6040,      4096,      5598,      1727,       946
      6039,      5598,      1726,        52,      1727
      6038,      3034,       415,      1726,      5598
      6037,      1128,      3034,      5598,      4096
      6036,      3036,      5597,      2999,      1127
      6035,      5597,      1730,       397,      2999
      6034,      1732,        53,      1730,      5597
      6033,       416,      1732,      5597,      3036
      6032,      1730,      5596,      2998,       397
      6031,      5596,      3002,      1118,      2998
      6030,      1731,       399,      3002,      5596
      6029,        53,      1731,      5596,      1730
      6028,      1733,      5595,      1731,        53
      6027,      5595,      3003,       399,      1731
      6026,      3038,      1129,      3003,      5595
      6025,       417,      3038,      5595,      1733
      6024,      3037,      5594,      1732,       416
      6023,      5594,      1733,        53,      1732
      6022,      3039,       417,      1733,      5594
      6021,      1139,      3039,      5594,      3037
      6020,      3006,      5593,      3000,      1119
      6019,      5593,      1734,       398,      3000
      6018,      1735,        54,      1734,      5593
      6017,       401,      1735,      5593,      3006
      6016,      1734,      5592,      3001,       398
      6015,      5592,      3040,      1128,      3001
      6014,      1736,       418,      3040,      5592
      6013,        54,      1736,      5592,      1734
      6012,      1737,      5591,      1736,        54
      6011,      5591,      3041,       418,      1736
      6010,      3043,      1140,      3041,      5591
      6009,       419,      3043,      5591,      1737
      6008,      3007,      5590,      1735,       401
      6007,      5590,      1737,        54,      1735
      6006,      3042,       419,      1737,      5590
      6005,      1130,      3042,      5590,      3007
      6004,      3044,      5589,      3005,      1129
      6003,      5589,      1738,       400,      3005
      6002,      1740,        55,      1738,      5589
      6001,       420,      1740,      5589,      3044
      6000,      1738,      5588,      3004,       400
      5999,      5588,      3010,      1120,      3004
      5998,      1739,       403,      3010,      5588
      5997,        55,      1739,      5588,      1738
      5996,      1741,      5587,      1739,        55
      5995,      5587,      3011,       403,      1739
      5994,      3046,      1131,      3011,      5587
      5993,       421,      3046,      5587,      1741
      5992,      3045,      5586,      1740,       420
      5991,      5586,      1741,        55,      1740
      5990,      3047,       421,      1741,      5586
      5989,      1141,      3047,      5586,      3045
      5988,      3014,      5585,      3008,      1121
      5987,      5585,      1742,       402,      3008
      5986,      1743,        56,      1742,      5585
      5985,       405,      1743,      5585,      3014
      5984,      1742,      5584,      3009,       402
      5983,      5584,      3048,      1130,      3009
      5982,      1744,       422,      3048,      5584
      5981,        56,      1744,      5584,      1742
      5980,      1745,      5583,      1744,        56
      5979,      5583,      3049,       422,      1744
      5978,      3051,      1142,      3049,      5583
      5977,       423,      3051,      5583,      1745
      5976,      3015,      5582,      1743,       405
      5975,      5582,      1745,        56,      1743
      5974,      3050,       423,      1745,      5582
      5973,      1132,      3050,      5582,      3015
      5972,      4257,      5581,      4262,      1463
      5971,      5581,      1749,      1026,      4262
      5970,      1747,        57,      1749,      5581
      5969,      1023,      1747,      5581,      4257
      5968,      1749,      5580,      4263,      1026
      5967,      5580,      4261,      1464,      4263
      5966,      1748,      1025,      4261,      5580
      5965,        57,      1748,      5580,      1749
      5964,      1746,      5579,      1748,        57
      5963,      5579,      4260,      1025,      1748
      5962,      3013,      1131,      4260,      5579
      5961,       404,      3013,      5579,      1746
      5960,      4256,      5578,      1747,      1023
      5959,      5578,      1746,        57,      1747
      5958,      3012,       404,      1746,      5578
      5957,      1122,      3012,      5578,      4256
      5956,      3018,      5577,      3016,      1123
      5955,      5577,      1750,       406,      3016
      5954,      1751,        58,      1750,      5577
      5953,       407,      1751,      5577,      3018
      5952,      1750,      5576,      3017,       406
      5951,      5576,      3052,      1132,      3017
      5950,      1752,       424,      3052,      5576
      5949,        58,      1752,      5576,      1750
      5948,      1753,      5575,      1752,        58
      5947,      5575,      3053,       424,      1752
      5946,      3055,      1143,      3053,      5575
      5945,       425,      3055,      5575,      1753
      5944,      3019,      5574,      1751,       407
      5943,      5574,      1753,        58,      1751
      5942,      3054,       425,      1753,      5574
      5941,      1133,      3054,      5574,      3019
      5940,      3022,      5573,      3020,      1124
      5939,      5573,      1754,       408,      3020
      5938,      1755,        59,      1754,      5573
      5937,       409,      1755,      5573,      3022
      5936,      1754,      5572,      3021,       408
      5935,      5572,      3056,      1133,      3021
      5934,      1756,       426,      3056,      5572
      5933,        59,      1756,      5572,      1754
      5932,      1757,      5571,      1756,        59
      5931,      5571,      3057,       426,      1756
      5930,      3059,      1144,      3057,      5571
      5929,       427,      3059,      5571,      1757
      5928,      3023,      5570,      1755,       409
      5927,      5570,      1757,        59,      1755
      5926,      3058,       427,      1757,      5570
      5925,      1134,      3058,      5570,      3023
      5924,      4061,      5569,      4059,      1414
      5923,      5569,      1760,       927,      4059
      5922,      1761,        60,      1760,      5569
      5921,       928,      1761,      5569,      4061
      5920,      1760,      5568,      4058,       927
      5919,      5568,      4052,      1134,      4058
      5918,      1758,       924,      4052,      5568
      5917,        60,      1758,      5568,      1760
      5916,      1759,      5567,      1758,        60
      5915,      5567,      4053,       924,      1758
      5914,      4056,      1412,      4053,      5567
      5913,       926,      4056,      5567,      1759
      5912,      4060,      5566,      1761,       928
      5911,      5566,      1759,        60,      1761
      5910,      4057,       926,      1759,      5566
      5909,      1413,      4057,      5566,      4060
      5908,      4185,      5565,      4190,      1444
      5907,      5565,      1765,       990,      4190
      5906,      1763,        61,      1765,      5565
      5905,       987,      1763,      5565,      4185
      5904,      1765,      5564,      4191,       990
      5903,      5564,      4189,      1445,      4191
      5902,      1764,       989,      4189,      5564
      5901,        61,      1764,      5564,      1765
      5900,      1762,      5563,      1764,        61
      5899,      5563,      4188,       989,      1764
      5898,      3060,      1135,      4188,      5563
      5897,       428,      3060,      5563,      1762
      5896,      4184,      5562,      1763,       987
      5895,      5562,      1762,        61,      1763
      5894,      3061,       428,      1762,      5562
      5893,      1145,      3061,      5562,      4184
      5892,      3027,      5561,      3064,      1136
      5891,      5561,      1769,       430,      3064
      5890,      1767,        62,      1769,      5561
      5889,       411,      1767,      5561,      3027
      5888,      1769,      5560,      3065,       430
      5887,      5560,      3063,      1146,      3065
      5886,      1768,       429,      3063,      5560
      5885,        62,      1768,      5560,      1769
      5884,      1766,      5559,      1768,        62
      5883,      5559,      3062,       429,      1768
      5882,      3025,      1135,      3062,      5559
      5881,       410,      3025,      5559,      1766
      5880,      3026,      5558,      1767,       411
      5879,      5558,      1766,        62,      1767
      5878,      3024,       410,      1766,      5558
      5877,      1125,      3024,      5558,      3026
      5876,      4101,      5557,      4106,      1425
      5875,      5557,      1773,       951,      4106
      5874,      1771,        63,      1773,      5557
      5873,       948,      1771,      5557,      4101
      5872,      1773,      5556,      4107,       951
      5871,      5556,      4105,      1426,      4107
      5870,      1772,       950,      4105,      5556
      5869,        63,      1772,      5556,      1773
      5868,      1770,      5555,      1772,        63
      5867,      5555,      4104,       950,      1772
      5866,      3067,      1147,      4104,      5555
      5865,       431,      3067,      5555,      1770
      5864,      4100,      5554,      1771,       948
      5863,      5554,      1770,        63,      1771
      5862,      3066,       431,      1770,      5554
      5861,      1138,      3066,      5554,      4100
      5860,      3031,      5553,      3070,      1137
      5859,      5553,      1777,       433,      3070
      5858,      1775,        64,      1777,      5553
      5857,       413,      1775,      5553,      3031
      5856,      1777,      5552,      3071,       433
      5855,      5552,      3069,      1148,      3071
      5854,      1776,       432,      3069,      5552
      5853,        64,      1776,      5552,      1777
      5852,      1774,      5551,      1776,        64
      5851,      5551,      3068,       432,      1776
      5850,      3029,      1136,      3068,      5551
      5849,       412,      3029,      5551,      1774
      5848,      3030,      5550,      1775,       413
      5847,      5550,      1774,        64,      1775
      5846,      3028,       412,      1774,      5550
      5845,      1126,      3028,      5550,      3030
      5844,      3072,      5549,      3033,      1137
      5843,      5549,      1778,       414,      3033
      5842,      1780,        65,      1778,      5549
      5841,       434,      1780,      5549,      3072
      5840,      1778,      5548,      3032,       414
      5839,      5548,      3036,      1127,      3032
      5838,      1779,       416,      3036,      5548
      5837,        65,      1779,      5548,      1778
      5836,      1781,      5547,      1779,        65
      5835,      5547,      3037,       416,      1779
      5834,      3074,      1139,      3037,      5547
      5833,       435,      3074,      5547,      1781
      5832,      3073,      5546,      1780,       434
      5831,      5546,      1781,        65,      1780
      5830,      3075,       435,      1781,      5546
      5829,      1149,      3075,      5546,      3073
      5828,      3077,      5545,      3079,      1150
      5827,      5545,      1785,       437,      3079
      5826,      1784,        66,      1785,      5545
      5825,       436,      1784,      5545,      3077
      5824,      1785,      5544,      3078,       437
      5823,      5544,      3041,      1140,      3078
      5822,      1783,       418,      3041,      5544
      5821,        66,      1783,      5544,      1785
      5820,      1782,      5543,      1783,        66
      5819,      5543,      3040,       418,      1783
      5818,      3034,      1128,      3040,      5543
      5817,       415,      3034,      5543,      1782
      5816,      3076,      5542,      1784,       436
      5815,      5542,      1782,        66,      1784
      5814,      3035,       415,      1782,      5542
      5813,      1138,      3035,      5542,      3076
      5812,      3080,      5541,      3039,      1139
      5811,      5541,      1786,       417,      3039
      5810,      1788,        67,      1786,      5541
      5809,       438,      1788,      5541,      3080
      5808,      1786,      5540,      3038,       417
      5807,      5540,      3044,      1129,      3038
      5806,      1787,       420,      3044,      5540
      5805,        67,      1787,      5540,      1786
      5804,      1789,      5539,      1787,        67
      5803,      5539,      3045,       420,      1787
      5802,      3082,      1141,      3045,      5539
      5801,       439,      3082,      5539,      1789
      5800,      3081,      5538,      1788,       438
      5799,      5538,      1789,        67,      1788
      5798,      3083,       439,      1789,      5538
      5797,      1151,      3083,      5538,      3081
      5796,      3048,      5537,      3042,      1130
      5795,      5537,      1790,       419,      3042
      5794,      1791,        68,      1790,      5537
      5793,       422,      1791,      5537,      3048
      5792,      1790,      5536,      3043,       419
      5791,      5536,      3084,      1140,      3043
      5790,      1792,       440,      3084,      5536
      5789,        68,      1792,      5536,      1790
      5788,      1793,      5535,      1792,        68
      5787,      5535,      3085,       440,      1792
      5786,      3087,      1152,      3085,      5535
      5785,       441,      3087,      5535,      1793
      5784,      3049,      5534,      1791,       422
      5783,      5534,      1793,        68,      1791
      5782,      3086,       441,      1793,      5534
      5781,      1142,      3086,      5534,      3049
      5780,      4264,      5533,      3047,      1141
      5779,      5533,      1794,       421,      3047
      5778,      1796,        69,      1794,      5533
      5777,      1027,      1796,      5533,      4264
      5776,      1794,      5532,      3046,       421
      5775,      5532,      4260,      1131,      3046
      5774,      1795,      1025,      4260,      5532
      5773,        69,      1795,      5532,      1794
      5772,      1797,      5531,      1795,        69
      5771,      5531,      4261,      1025,      1795
      5770,      4266,      1464,      4261,      5531
      5769,      1028,      4266,      5531,      1797
      5768,      4265,      5530,      1796,      1027
      5767,      5530,      1797,        69,      1796
      5766,      4267,      1028,      1797,      5530
      5765,      1465,      4267,      5530,      4265
      5764,      3052,      5529,      3050,      1132
      5763,      5529,      1798,       423,      3050
      5762,      1799,        70,      1798,      5529
      5761,       424,      1799,      5529,      3052
      5760,      1798,      5528,      3051,       423
      5759,      5528,      3088,      1142,      3051
      5758,      1800,       442,      3088,      5528
      5757,        70,      1800,      5528,      1798
      5756,      1801,      5527,      1800,        70
      5755,      5527,      3089,       442,      1800
      5754,      3091,      1153,      3089,      5527
      5753,       443,      3091,      5527,      1801
      5752,      3053,      5526,      1799,       424
      5751,      5526,      1801,        70,      1799
      5750,      3090,       443,      1801,      5526
      5749,      1143,      3090,      5526,      3053
      5748,      3056,      5525,      3054,      1133
      5747,      5525,      1802,       425,      3054
      5746,      1803,        71,      1802,      5525
      5745,       426,      1803,      5525,      3056
      5744,      1802,      5524,      3055,       425
      5743,      5524,      3092,      1143,      3055
      5742,      1804,       444,      3092,      5524
      5741,        71,      1804,      5524,      1802
      5740,      1805,      5523,      1804,        71
      5739,      5523,      3093,       444,      1804
      5738,      3095,      1154,      3093,      5523
      5737,       445,      3095,      5523,      1805
      5736,      3057,      5522,      1803,       426
      5735,      5522,      1805,        71,      1803
      5734,      3094,       445,      1805,      5522
      5733,      1144,      3094,      5522,      3057
      5732,      4052,      5521,      3058,      1134
      5731,      5521,      1806,       427,      3058
      5730,      1808,        72,      1806,      5521
      5729,       924,      1808,      5521,      4052
      5728,      1806,      5520,      3059,       427
      5727,      5520,      4048,      1144,      3059
      5726,      1807,       922,      4048,      5520
      5725,        72,      1807,      5520,      1806
      5724,      1809,      5519,      1807,        72
      5723,      5519,      4049,       922,      1807
      5722,      4054,      1411,      4049,      5519
      5721,       925,      4054,      5519,      1809
      5720,      4053,      5518,      1808,       924
      5719,      5518,      1809,        72,      1808
      5718,      4055,       925,      1809,      5518
      5717,      1412,      4055,      5518,      4053
      5716,      4181,      5517,      4186,      1443
      5715,      5517,      1813,       988,      4186
      5714,      1811,        73,      1813,      5517
      5713,       985,      1811,      5517,      4181
      5712,      1813,      5516,      4187,       988
      5711,      5516,      4185,      1444,      4187
      5710,      1812,       987,      4185,      5516
      5709,        73,      1812,      5516,      1813
      5708,      1810,      5515,      1812,        73
      5707,      5515,      4184,       987,      1812
      5706,      3096,      1145,      4184,      5515
      5705,       446,      3096,      5515,      1810
      5704,      4180,      5514,      1811,       985
      5703,      5514,      1810,        73,      1811
      5702,      3097,       446,      1810,      5514
      5701,      1155,      3097,      5514,      4180
      5700,      3098,      5513,      3061,      1145
      5699,      5513,      1814,       428,      3061
      5698,      1816,        74,      1814,      5513
      5697,       447,      1816,      5513,      3098
      5696,      1814,      5512,      3060,       428
      5695,      5512,      3062,      1135,      3060
      5694,      1815,       429,      3062,      5512
      5693,        74,      1815,      5512,      1814
      5692,      1817,      5511,      1815,        74
      5691,      5511,      3063,       429,      1815
      5690,      3100,      1146,      3063,      5511
      5689,       448,      3100,      5511,      1817
      5688,      3099,      5510,      1816,       447
      5687,      5510,      1817,        74,      1816
      5686,      3101,       448,      1817,      5510
      5685,      1156,      3101,      5510,      3099
      5684,      4105,      5509,      4110,      1426
      5683,      5509,      1821,       953,      4110
      5682,      1819,        75,      1821,      5509
      5681,       950,      1819,      5509,      4105
      5680,      1821,      5508,      4111,       953
      5679,      5508,      4109,      1427,      4111
      5678,      1820,       952,      4109,      5508
      5677,        75,      1820,      5508,      1821
      5676,      1818,      5507,      1820,        75
      5675,      5507,      4108,       952,      1820
      5674,      3103,      1157,      4108,      5507
      5673,       449,      3103,      5507,      1818
      5672,      4104,      5506,      1819,       950
      5671,      5506,      1818,        75,      1819
      5670,      3102,       449,      1818,      5506
      5669,      1147,      3102,      5506,      4104
      5668,      3069,      5505,      3106,      1148
      5667,      5505,      1825,       451,      3106
      5666,      1823,        76,      1825,      5505
      5665,       432,      1823,      5505,      3069
      5664,      1825,      5504,      3107,       451
      5663,      5504,      3105,      1158,      3107
      5662,      1824,       450,      3105,      5504
      5661,        76,      1824,      5504,      1825
      5660,      1822,      5503,      1824,        76
      5659,      5503,      3104,       450,      1824
      5658,      3065,      1146,      3104,      5503
      5657,       430,      3065,      5503,      1822
      5656,      3068,      5502,      1823,       432
      5655,      5502,      1822,        76,      1823
      5654,      3064,       430,      1822,      5502
      5653,      1136,      3064,      5502,      3068
      5652,      3108,      5501,      3071,      1148
      5651,      5501,      1826,       433,      3071
      5650,      1828,        77,      1826,      5501
      5649,       452,      1828,      5501,      3108
      5648,      1826,      5500,      3070,       433
      5647,      5500,      3072,      1137,      3070
      5646,      1827,       434,      3072,      5500
      5645,        77,      1827,      5500,      1826
      5644,      1829,      5499,      1827,        77
      5643,      5499,      3073,       434,      1827
      5642,      3110,      1149,      3073,      5499
      5641,       453,      3110,      5499,      1829
      5640,      3109,      5498,      1828,       452
      5639,      5498,      1829,        77,      1828
      5638,      3111,       453,      1829,      5498
      5637,      1159,      3111,      5498,      3109
      5636,      3113,      5497,      3115,      1160
      5635,      5497,      1833,       455,      3115
      5634,      1832,        78,      1833,      5497
      5633,       454,      1832,      5497,      3113
      5632,      1833,      5496,      3114,       455
      5631,      5496,      3077,      1150,      3114
      5630,      1831,       436,      3077,      5496
      5629,        78,      1831,      5496,      1833
      5628,      1830,      5495,      1831,        78
      5627,      5495,      3076,       436,      1831
      5626,      3066,      1138,      3076,      5495
      5625,       431,      3066,      5495,      1830
      5624,      3112,      5494,      1832,       454
      5623,      5494,      1830,        78,      1832
      5622,      3067,       431,      1830,      5494
      5621,      1147,      3067,      5494,      3112
      5620,      3116,      5493,      3075,      1149
      5619,      5493,      1834,       435,      3075
      5618,      1836,        79,      1834,      5493
      5617,       456,      1836,      5493,      3116
      5616,      1834,      5492,      3074,       435
      5615,      5492,      3080,      1139,      3074
      5614,      1835,       438,      3080,      5492
      5613,        79,      1835,      5492,      1834
      5612,      1837,      5491,      1835,        79
      5611,      5491,      3081,       438,      1835
      5610,      3118,      1151,      3081,      5491
      5609,       457,      3118,      5491,      1837
      5608,      3117,      5490,      1836,       456
      5607,      5490,      1837,        79,      1836
      5606,      3119,       457,      1837,      5490
      5605,      1161,      3119,      5490,      3117
      5604,      3121,      5489,      3123,      1162
      5603,      5489,      1841,       459,      3123
      5602,      1840,        80,      1841,      5489
      5601,       458,      1840,      5489,      3121
      5600,      1841,      5488,      3122,       459
      5599,      5488,      3085,      1152,      3122
      5598,      1839,       440,      3085,      5488
      5597,        80,      1839,      5488,      1841
      5596,      1838,      5487,      1839,        80
      5595,      5487,      3084,       440,      1839
      5594,      3078,      1140,      3084,      5487
      5593,       437,      3078,      5487,      1838
      5592,      3120,      5486,      1840,       458
      5591,      5486,      1838,        80,      1840
      5590,      3079,       437,      1838,      5486
      5589,      1150,      3079,      5486,      3120
      5588,      4268,      5485,      3083,      1151
      5587,      5485,      1842,       439,      3083
      5586,      1844,        81,      1842,      5485
      5585,      1029,      1844,      5485,      4268
      5584,      1842,      5484,      3082,       439
      5583,      5484,      4264,      1141,      3082
      5582,      1843,      1027,      4264,      5484
      5581,        81,      1843,      5484,      1842
      5580,      1845,      5483,      1843,        81
      5579,      5483,      4265,      1027,      1843
      5578,      4270,      1465,      4265,      5483
      5577,      1030,      4270,      5483,      1845
      5576,      4269,      5482,      1844,      1029
      5575,      5482,      1845,        81,      1844
      5574,      4271,      1030,      1845,      5482
      5573,      1466,      4271,      5482,      4269
      5572,      3088,      5481,      3086,      1142
      5571,      5481,      1846,       441,      3086
      5570,      1847,        82,      1846,      5481
      5569,       442,      1847,      5481,      3088
      5568,      1846,      5480,      3087,       441
      5567,      5480,      3124,      1152,      3087
      5566,      1848,       460,      3124,      5480
      5565,        82,      1848,      5480,      1846
      5564,      1849,      5479,      1848,        82
      5563,      5479,      3125,       460,      1848
      5562,      3127,      1163,      3125,      5479
      5561,       461,      3127,      5479,      1849
      5560,      3089,      5478,      1847,       442
      5559,      5478,      1849,        82,      1847
      5558,      3126,       461,      1849,      5478
      5557,      1153,      3126,      5478,      3089
      5556,      3092,      5477,      3090,      1143
      5555,      5477,      1850,       443,      3090
      5554,      1851,        83,      1850,      5477
      5553,       444,      1851,      5477,      3092
      5552,      1850,      5476,      3091,       443
      5551,      5476,      3128,      1153,      3091
      5550,      1852,       462,      3128,      5476
      5549,        83,      1852,      5476,      1850
      5548,      1853,      5475,      1852,        83
      5547,      5475,      3129,       462,      1852
      5546,      3131,      1164,      3129,      5475
      5545,       463,      3131,      5475,      1853
      5544,      3093,      5474,      1851,       444
      5543,      5474,      1853,        83,      1851
      5542,      3130,       463,      1853,      5474
      5541,      1154,      3130,      5474,      3093
      5540,      4048,      5473,      3094,      1144
      5539,      5473,      1854,       445,      3094
      5538,      1856,        84,      1854,      5473
      5537,       922,      1856,      5473,      4048
      5536,      1854,      5472,      3095,       445
      5535,      5472,      4044,      1154,      3095
      5534,      1855,       920,      4044,      5472
      5533,        84,      1855,      5472,      1854
      5532,      1857,      5471,      1855,        84
      5531,      5471,      4045,       920,      1855
      5530,      4050,      1410,      4045,      5471
      5529,       923,      4050,      5471,      1857
      5528,      4049,      5470,      1856,       922
      5527,      5470,      1857,        84,      1856
      5526,      4051,       923,      1857,      5470
      5525,      1411,      4051,      5470,      4049
      5524,      4177,      5469,      4182,      1442
      5523,      5469,      1861,       986,      4182
      5522,      1859,        85,      1861,      5469
      5521,       983,      1859,      5469,      4177
      5520,      1861,      5468,      4183,       986
      5519,      5468,      4181,      1443,      4183
      5518,      1860,       985,      4181,      5468
      5517,        85,      1860,      5468,      1861
      5516,      1858,      5467,      1860,        85
      5515,      5467,      4180,       985,      1860
      5514,      3132,      1155,      4180,      5467
      5513,       464,      3132,      5467,      1858
      5512,      4176,      5466,      1859,       983
      5511,      5466,      1858,        85,      1859
      5510,      3133,       464,      1858,      5466
      5509,      1165,      3133,      5466,      4176
      5508,      3134,      5465,      3097,      1155
      5507,      5465,      1862,       446,      3097
      5506,      1864,        86,      1862,      5465
      5505,       465,      1864,      5465,      3134
      5504,      1862,      5464,      3096,       446
      5503,      5464,      3098,      1145,      3096
      5502,      1863,       447,      3098,      5464
      5501,        86,      1863,      5464,      1862
      5500,      1865,      5463,      1863,        86
      5499,      5463,      3099,       447,      1863
      5498,      3136,      1156,      3099,      5463
      5497,       466,      3136,      5463,      1865
      5496,      3135,      5462,      1864,       465
      5495,      5462,      1865,        86,      1864
      5494,      3137,       466,      1865,      5462
      5493,      1166,      3137,      5462,      3135
      5492,      4109,      5461,      4114,      1427
      5491,      5461,      1869,       955,      4114
      5490,      1867,        87,      1869,      5461
      5489,       952,      1867,      5461,      4109
      5488,      1869,      5460,      4115,       955
      5487,      5460,      4113,      1428,      4115
      5486,      1868,       954,      4113,      5460
      5485,        87,      1868,      5460,      1869
      5484,      1866,      5459,      1868,        87
      5483,      5459,      4112,       954,      1868
      5482,      3139,      1167,      4112,      5459
      5481,       467,      3139,      5459,      1866
      5480,      4108,      5458,      1867,       952
      5479,      5458,      1866,        87,      1867
      5478,      3138,       467,      1866,      5458
      5477,      1157,      3138,      5458,      4108
      5476,      3140,      5457,      3101,      1156
      5475,      5457,      1870,       448,      3101
      5474,      1872,        88,      1870,      5457
      5473,       468,      1872,      5457,      3140
      5472,      1870,      5456,      3100,       448
      5471,      5456,      3104,      1146,      3100
      5470,      1871,       450,      3104,      5456
      5469,        88,      1871,      5456,      1870
      5468,      1873,      5455,      1871,        88
      5467,      5455,      3105,       450,      1871
      5466,      3142,      1158,      3105,      5455
      5465,       469,      3142,      5455,      1873
      5464,      3141,      5454,      1872,       468
      5463,      5454,      1873,        88,      1872
      5462,      3143,       469,      1873,      5454
      5461,      1168,      3143,      5454,      3141
      5460,      3112,      5453,      3102,      1147
      5459,      5453,      1874,       449,      3102
      5458,      1875,        89,      1874,      5453
      5457,       454,      1875,      5453,      3112
      5456,      1874,      5452,      3103,       449
      5455,      5452,      3148,      1157,      3103
      5454,      1876,       472,      3148,      5452
      5453,        89,      1876,      5452,      1874
      5452,      1877,      5451,      1876,        89
      5451,      5451,      3149,       472,      1876
      5450,      3151,      1170,      3149,      5451
      5449,       473,      3151,      5451,      1877
      5448,      3113,      5450,      1875,       454
      5447,      5450,      1877,        89,      1875
      5446,      3150,       473,      1877,      5450
      5445,      1160,      3150,      5450,      3113
      5444,      3144,      5449,      3107,      1158
      5443,      5449,      1878,       451,      3107
      5442,      1880,        90,      1878,      5449
      5441,       470,      1880,      5449,      3144
      5440,      1878,      5448,      3106,       451
      5439,      5448,      3108,      1148,      3106
      5438,      1879,       452,      3108,      5448
      5437,        90,      1879,      5448,      1878
      5436,      1881,      5447,      1879,        90
      5435,      5447,      3109,       452,      1879
      5434,      3146,      1159,      3109,      5447
      5433,       471,      3146,      5447,      1881
      5432,      3145,      5446,      1880,       470
      5431,      5446,      1881,        90,      1880
      5430,      3147,       471,      1881,      5446
      5429,      1169,      3147,      5446,      3145
      5428,      3117,      5445,      3154,      1161
      5427,      5445,      1885,       475,      3154
      5426,      1883,        91,      1885,      5445
      5425,       456,      1883,      5445,      3117
      5424,      1885,      5444,      3155,       475
      5423,      5444,      3153,      1171,      3155
      5422,      1884,       474,      3153,      5444
      5421,        91,      1884,      5444,      1885
      5420,      1882,      5443,      1884,        91
      5419,      5443,      3152,       474,      1884
      5418,      3111,      1159,      3152,      5443
      5417,       453,      3111,      5443,      1882
      5416,      3116,      5442,      1883,       456
      5415,      5442,      1882,        91,      1883
      5414,      3110,       453,      1882,      5442
      5413,      1149,      3110,      5442,      3116
      5412,      3157,      5441,      3159,      1172
      5411,      5441,      1889,       477,      3159
      5410,      1888,        92,      1889,      5441
      5409,       476,      1888,      5441,      3157
      5408,      1889,      5440,      3158,       477
      5407,      5440,      3121,      1162,      3158
      5406,      1887,       458,      3121,      5440
      5405,        92,      1887,      5440,      1889
      5404,      1886,      5439,      1887,        92
      5403,      5439,      3120,       458,      1887
      5402,      3114,      1150,      3120,      5439
      5401,       455,      3114,      5439,      1886
      5400,      3156,      5438,      1888,       476
      5399,      5438,      1886,        92,      1888
      5398,      3115,       455,      1886,      5438
      5397,      1160,      3115,      5438,      3156
      5396,      4272,      5437,      3119,      1161
      5395,      5437,      1890,       457,      3119
      5394,      1892,        93,      1890,      5437
      5393,      1031,      1892,      5437,      4272
      5392,      1890,      5436,      3118,       457
      5391,      5436,      4268,      1151,      3118
      5390,      1891,      1029,      4268,      5436
      5389,        93,      1891,      5436,      1890
      5388,      1893,      5435,      1891,        93
      5387,      5435,      4269,      1029,      1891
      5386,      4274,      1466,      4269,      5435
      5385,      1032,      4274,      5435,      1893
      5384,      4273,      5434,      1892,      1031
      5383,      5434,      1893,        93,      1892
      5382,      4275,      1032,      1893,      5434
      5381,      1467,      4275,      5434,      4273
      5380,      3124,      5433,      3122,      1152
      5379,      5433,      1894,       459,      3122
      5378,      1895,        94,      1894,      5433
      5377,       460,      1895,      5433,      3124
      5376,      1894,      5432,      3123,       459
      5375,      5432,      3160,      1162,      3123
      5374,      1896,       478,      3160,      5432
      5373,        94,      1896,      5432,      1894
      5372,      1897,      5431,      1896,        94
      5371,      5431,      3161,       478,      1896
      5370,      3163,      1173,      3161,      5431
      5369,       479,      3163,      5431,      1897
      5368,      3125,      5430,      1895,       460
      5367,      5430,      1897,        94,      1895
      5366,      3162,       479,      1897,      5430
      5365,      1163,      3162,      5430,      3125
      5364,      3128,      5429,      3126,      1153
      5363,      5429,      1898,       461,      3126
      5362,      1899,        95,      1898,      5429
      5361,       462,      1899,      5429,      3128
      5360,      1898,      5428,      3127,       461
      5359,      5428,      3164,      1163,      3127
      5358,      1900,       480,      3164,      5428
      5357,        95,      1900,      5428,      1898
      5356,      1901,      5427,      1900,        95
      5355,      5427,      3165,       480,      1900
      5354,      3167,      1174,      3165,      5427
      5353,       481,      3167,      5427,      1901
      5352,      3129,      5426,      1899,       462
      5351,      5426,      1901,        95,      1899
      5350,      3166,       481,      1901,      5426
      5349,      1164,      3166,      5426,      3129
      5348,      4044,      5425,      3130,      1154
      5347,      5425,      1902,       463,      3130
      5346,      1904,        96,      1902,      5425
      5345,       920,      1904,      5425,      4044
      5344,      1902,      5424,      3131,       463
      5343,      5424,      4040,      1164,      3131
      5342,      1903,       918,      4040,      5424
      5341,        96,      1903,      5424,      1902
      5340,      1905,      5423,      1903,        96
      5339,      5423,      4041,       918,      1903
      5338,      4046,      1409,      4041,      5423
      5337,       921,      4046,      5423,      1905
      5336,      4045,      5422,      1904,       920
      5335,      5422,      1905,        96,      1904
      5334,      4047,       921,      1905,      5422
      5333,      1410,      4047,      5422,      4045
      5332,      4173,      5421,      4178,      1441
      5331,      5421,      1909,       984,      4178
      5330,      1907,        97,      1909,      5421
      5329,       981,      1907,      5421,      4173
      5328,      1909,      5420,      4179,       984
      5327,      5420,      4177,      1442,      4179
      5326,      1908,       983,      4177,      5420
      5325,        97,      1908,      5420,      1909
      5324,      1906,      5419,      1908,        97
      5323,      5419,      4176,       983,      1908
      5322,      3168,      1165,      4176,      5419
      5321,       482,      3168,      5419,      1906
      5320,      4172,      5418,      1907,       981
      5319,      5418,      1906,        97,      1907
      5318,      3169,       482,      1906,      5418
      5317,      1175,      3169,      5418,      4172
      5316,      3170,      5417,      3133,      1165
      5315,      5417,      1910,       464,      3133
      5314,      1912,        98,      1910,      5417
      5313,       483,      1912,      5417,      3170
      5312,      1910,      5416,      3132,       464
      5311,      5416,      3134,      1155,      3132
      5310,      1911,       465,      3134,      5416
      5309,        98,      1911,      5416,      1910
      5308,      1913,      5415,      1911,        98
      5307,      5415,      3135,       465,      1911
      5306,      3172,      1166,      3135,      5415
      5305,       484,      3172,      5415,      1913
      5304,      3171,      5414,      1912,       483
      5303,      5414,      1913,        98,      1912
      5302,      3173,       484,      1913,      5414
      5301,      1176,      3173,      5414,      3171
      5300,      4113,      5413,      4118,      1428
      5299,      5413,      1917,       957,      4118
      5298,      1915,        99,      1917,      5413
      5297,       954,      1915,      5413,      4113
      5296,      1917,      5412,      4119,       957
      5295,      5412,      4117,      1429,      4119
      5294,      1916,       956,      4117,      5412
      5293,        99,      1916,      5412,      1917
      5292,      1914,      5411,      1916,        99
      5291,      5411,      4116,       956,      1916
      5290,      3175,      1177,      4116,      5411
      5289,       485,      3175,      5411,      1914
      5288,      4112,      5410,      1915,       954
      5287,      5410,      1914,        99,      1915
      5286,      3174,       485,      1914,      5410
      5285,      1167,      3174,      5410,      4112
      5284,      3176,      5409,      3137,      1166
      5283,      5409,      1918,       466,      3137
      5282,      1920,       100,      1918,      5409
      5281,       486,      1920,      5409,      3176
      5280,      1918,      5408,      3136,       466
      5279,      5408,      3140,      1156,      3136
      5278,      1919,       468,      3140,      5408
      5277,       100,      1919,      5408,      1918
      5276,      1921,      5407,      1919,       100
      5275,      5407,      3141,       468,      1919
      5274,      3178,      1168,      3141,      5407
      5273,       487,      3178,      5407,      1921
      5272,      3177,      5406,      1920,       486
      5271,      5406,      1921,       100,      1920
      5270,      3179,       487,      1921,      5406
      5269,      1178,      3179,      5406,      3177
      5268,      3148,      5405,      3138,      1157
      5267,      5405,      1922,       467,      3138
      5266,      1923,       101,      1922,      5405
      5265,       472,      1923,      5405,      3148
      5264,      1922,      5404,      3139,       467
      5263,      5404,      3180,      1167,      3139
      5262,      1924,       488,      3180,      5404
      5261,       101,      1924,      5404,      1922
      5260,      1925,      5403,      1924,       101
      5259,      5403,      3181,       488,      1924
      5258,      3183,      1179,      3181,      5403
      5257,       489,      3183,      5403,      1925
      5256,      3149,      5402,      1923,       472
      5255,      5402,      1925,       101,      1923
      5254,      3182,       489,      1925,      5402
      5253,      1170,      3182,      5402,      3149
      5252,      3184,      5401,      3143,      1168
      5251,      5401,      1926,       469,      3143
      5250,      1928,       102,      1926,      5401
      5249,       490,      1928,      5401,      3184
      5248,      1926,      5400,      3142,       469
      5247,      5400,      3144,      1158,      3142
      5246,      1927,       470,      3144,      5400
      5245,       102,      1927,      5400,      1926
      5244,      1929,      5399,      1927,       102
      5243,      5399,      3145,       470,      1927
      5242,      3186,      1169,      3145,      5399
      5241,       491,      3186,      5399,      1929
      5240,      3185,      5398,      1928,       490
      5239,      5398,      1929,       102,      1928
      5238,      3187,       491,      1929,      5398
      5237,      1180,      3187,      5398,      3185
      5236,      3153,      5397,      3190,      1171
      5235,      5397,      1933,       493,      3190
      5234,      1931,       103,      1933,      5397
      5233,       474,      1931,      5397,      3153
      5232,      1933,      5396,      3191,       493
      5231,      5396,      3189,      1181,      3191
      5230,      1932,       492,      3189,      5396
      5229,       103,      1932,      5396,      1933
      5228,      1930,      5395,      1932,       103
      5227,      5395,      3188,       492,      1932
      5226,      3147,      1169,      3188,      5395
      5225,       471,      3147,      5395,      1930
      5224,      3152,      5394,      1931,       474
      5223,      5394,      1930,       103,      1931
      5222,      3146,       471,      1930,      5394
      5221,      1159,      3146,      5394,      3152
      5220,      3156,      5393,      3150,      1160
      5219,      5393,      1934,       473,      3150
      5218,      1935,       104,      1934,      5393
      5217,       476,      1935,      5393,      3156
      5216,      1934,      5392,      3151,       473
      5215,      5392,      3192,      1170,      3151
      5214,      1936,       494,      3192,      5392
      5213,       104,      1936,      5392,      1934
      5212,      1937,      5391,      1936,       104
      5211,      5391,      3193,       494,      1936
      5210,      3195,      1182,      3193,      5391
      5209,       495,      3195,      5391,      1937
      5208,      3157,      5390,      1935,       476
      5207,      5390,      1937,       104,      1935
      5206,      3194,       495,      1937,      5390
      5205,      1172,      3194,      5390,      3157
      5204,      4273,      5389,      4278,      1467
      5203,      5389,      1941,      1034,      4278
      5202,      1939,       105,      1941,      5389
      5201,      1031,      1939,      5389,      4273
      5200,      1941,      5388,      4279,      1034
      5199,      5388,      4277,      1468,      4279
      5198,      1940,      1033,      4277,      5388
      5197,       105,      1940,      5388,      1941
      5196,      1938,      5387,      1940,       105
      5195,      5387,      4276,      1033,      1940
      5194,      3155,      1171,      4276,      5387
      5193,       475,      3155,      5387,      1938
      5192,      4272,      5386,      1939,      1031
      5191,      5386,      1938,       105,      1939
      5190,      3154,       475,      1938,      5386
      5189,      1161,      3154,      5386,      4272
      5188,      3160,      5385,      3158,      1162
      5187,      5385,      1942,       477,      3158
      5186,      1943,       106,      1942,      5385
      5185,       478,      1943,      5385,      3160
      5184,      1942,      5384,      3159,       477
      5183,      5384,      3196,      1172,      3159
      5182,      1944,       496,      3196,      5384
      5181,       106,      1944,      5384,      1942
      5180,      1945,      5383,      1944,       106
      5179,      5383,      3197,       496,      1944
      5178,      3199,      1183,      3197,      5383
      5177,       497,      3199,      5383,      1945
      5176,      3161,      5382,      1943,       478
      5175,      5382,      1945,       106,      1943
      5174,      3198,       497,      1945,      5382
      5173,      1173,      3198,      5382,      3161
      5172,      3201,      5381,      3203,      1184
      5171,      5381,      1949,       499,      3203
      5170,      1948,       107,      1949,      5381
      5169,       498,      1948,      5381,      3201
      5168,      1949,      5380,      3202,       499
      5167,      5380,      3165,      1174,      3202
      5166,      1947,       480,      3165,      5380
      5165,       107,      1947,      5380,      1949
      5164,      1946,      5379,      1947,       107
      5163,      5379,      3164,       480,      1947
      5162,      3162,      1163,      3164,      5379
      5161,       479,      3162,      5379,      1946
      5160,      3200,      5378,      1948,       498
      5159,      5378,      1946,       107,      1948
      5158,      3163,       479,      1946,      5378
      5157,      1173,      3163,      5378,      3200
      5156,      4040,      5377,      3166,      1164
      5155,      5377,      1950,       481,      3166
      5154,      1952,       108,      1950,      5377
      5153,       918,      1952,      5377,      4040
      5152,      1950,      5376,      3167,       481
      5151,      5376,      4036,      1174,      3167
      5150,      1951,       916,      4036,      5376
      5149,       108,      1951,      5376,      1950
      5148,      1953,      5375,      1951,       108
      5147,      5375,      4037,       916,      1951
      5146,      4042,      1408,      4037,      5375
      5145,       919,      4042,      5375,      1953
      5144,      4041,      5374,      1952,       918
      5143,      5374,      1953,       108,      1952
      5142,      4043,       919,      1953,      5374
      5141,      1409,      4043,      5374,      4041
      5140,      4169,      5373,      4174,      1440
      5139,      5373,      1957,       982,      4174
      5138,      1955,       109,      1957,      5373
      5137,       979,      1955,      5373,      4169
      5136,      1957,      5372,      4175,       982
      5135,      5372,      4173,      1441,      4175
      5134,      1956,       981,      4173,      5372
      5133,       109,      1956,      5372,      1957
      5132,      1954,      5371,      1956,       109
      5131,      5371,      4172,       981,      1956
      5130,      3204,      1175,      4172,      5371
      5129,       500,      3204,      5371,      1954
      5128,      4168,      5370,      1955,       979
      5127,      5370,      1954,       109,      1955
      5126,      3205,       500,      1954,      5370
      5125,      1185,      3205,      5370,      4168
      5124,      3171,      5369,      3208,      1176
      5123,      5369,      1961,       502,      3208
      5122,      1959,       110,      1961,      5369
      5121,       483,      1959,      5369,      3171
      5120,      1961,      5368,      3209,       502
      5119,      5368,      3207,      1186,      3209
      5118,      1960,       501,      3207,      5368
      5117,       110,      1960,      5368,      1961
      5116,      1958,      5367,      1960,       110
      5115,      5367,      3206,       501,      1960
      5114,      3169,      1175,      3206,      5367
      5113,       482,      3169,      5367,      1958
      5112,      3170,      5366,      1959,       483
      5111,      5366,      1958,       110,      1959
      5110,      3168,       482,      1958,      5366
      5109,      1165,      3168,      5366,      3170
      5108,      4117,      5365,      4122,      1429
      5107,      5365,      1965,       959,      4122
      5106,      1963,       111,      1965,      5365
      5105,       956,      1963,      5365,      4117
      5104,      1965,      5364,      4123,       959
      5103,      5364,      4121,      1430,      4123
      5102,      1964,       958,      4121,      5364
      5101,       111,      1964,      5364,      1965
      5100,      1962,      5363,      1964,       111
      5099,      5363,      4120,       958,      1964
      5098,      3211,      1187,      4120,      5363
      5097,       503,      3211,      5363,      1962
      5096,      4116,      5362,      1963,       956
      5095,      5362,      1962,       111,      1963
      5094,      3210,       503,      1962,      5362
      5093,      1177,      3210,      5362,      4116
      5092,      3212,      5361,      3173,      1176
      5091,      5361,      1966,       484,      3173
      5090,      1968,       112,      1966,      5361
      5089,       504,      1968,      5361,      3212
      5088,      1966,      5360,      3172,       484
      5087,      5360,      3176,      1166,      3172
      5086,      1967,       486,      3176,      5360
      5085,       112,      1967,      5360,      1966
      5084,      1969,      5359,      1967,       112
      5083,      5359,      3177,       486,      1967
      5082,      3214,      1178,      3177,      5359
      5081,       505,      3214,      5359,      1969
      5080,      3213,      5358,      1968,       504
      5079,      5358,      1969,       112,      1968
      5078,      3215,       505,      1969,      5358
      5077,      1188,      3215,      5358,      3213
      5076,      3180,      5357,      3174,      1167
      5075,      5357,      1970,       485,      3174
      5074,      1971,       113,      1970,      5357
      5073,       488,      1971,      5357,      3180
      5072,      1970,      5356,      3175,       485
      5071,      5356,      3216,      1177,      3175
      5070,      1972,       506,      3216,      5356
      5069,       113,      1972,      5356,      1970
      5068,      1973,      5355,      1972,       113
      5067,      5355,      3217,       506,      1972
      5066,      3219,      1189,      3217,      5355
      5065,       507,      3219,      5355,      1973
      5064,      3181,      5354,      1971,       488
      5063,      5354,      1973,       113,      1971
      5062,      3218,       507,      1973,      5354
      5061,      1179,      3218,      5354,      3181
      5060,      3220,      5353,      3179,      1178
      5059,      5353,      1974,       487,      3179
      5058,      1976,       114,      1974,      5353
      5057,       508,      1976,      5353,      3220
      5056,      1974,      5352,      3178,       487
      5055,      5352,      3184,      1168,      3178
      5054,      1975,       490,      3184,      5352
      5053,       114,      1975,      5352,      1974
      5052,      1977,      5351,      1975,       114
      5051,      5351,      3185,       490,      1975
      5050,      3222,      1180,      3185,      5351
      5049,       509,      3222,      5351,      1977
      5048,      3221,      5350,      1976,       508
      5047,      5350,      1977,       114,      1976
      5046,      3223,       509,      1977,      5350
      5045,      1190,      3223,      5350,      3221
      5044,      3224,      5349,      3187,      1180
      5043,      5349,      1978,       491,      3187
      5042,      1980,       115,      1978,      5349
      5041,       510,      1980,      5349,      3224
      5040,      1978,      5348,      3186,       491
      5039,      5348,      3188,      1169,      3186
      5038,      1979,       492,      3188,      5348
      5037,       115,      1979,      5348,      1978
      5036,      1981,      5347,      1979,       115
      5035,      5347,      3189,       492,      1979
      5034,      3226,      1181,      3189,      5347
      5033,       511,      3226,      5347,      1981
      5032,      3225,      5346,      1980,       510
      5031,      5346,      1981,       115,      1980
      5030,      3227,       511,      1981,      5346
      5029,      1191,      3227,      5346,      3225
      5028,      3192,      5345,      3182,      1170
      5027,      5345,      1982,       489,      3182
      5026,      1983,       116,      1982,      5345
      5025,       494,      1983,      5345,      3192
      5024,      1982,      5344,      3183,       489
      5023,      5344,      3228,      1179,      3183
      5022,      1984,       512,      3228,      5344
      5021,       116,      1984,      5344,      1982
      5020,      1985,      5343,      1984,       116
      5019,      5343,      3229,       512,      1984
      5018,      3231,      1192,      3229,      5343
      5017,       513,      3231,      5343,      1985
      5016,      3193,      5342,      1983,       494
      5015,      5342,      1985,       116,      1983
      5014,      3230,       513,      1985,      5342
      5013,      1182,      3230,      5342,      3193
      5012,      4277,      5341,      4282,      1468
      5011,      5341,      1989,      1036,      4282
      5010,      1987,       117,      1989,      5341
      5009,      1033,      1987,      5341,      4277
      5008,      1989,      5340,      4283,      1036
      5007,      5340,      4281,      1469,      4283
      5006,      1988,      1035,      4281,      5340
      5005,       117,      1988,      5340,      1989
      5004,      1986,      5339,      1988,       117
      5003,      5339,      4280,      1035,      1988
      5002,      3191,      1181,      4280,      5339
      5001,       493,      3191,      5339,      1986
      5000,      4276,      5338,      1987,      1033
      4999,      5338,      1986,       117,      1987
      4998,      3190,       493,      1986,      5338
      4997,      1171,      3190,      5338,      4276
      4996,      3196,      5337,      3194,      1172
      4995,      5337,      1990,       495,      3194
      4994,      1991,       118,      1990,      5337
      4993,       496,      1991,      5337,      3196
      4992,      1990,      5336,      3195,       495
      4991,      5336,      3232,      1182,      3195
      4990,      1992,       514,      3232,      5336
      4989,       118,      1992,      5336,      1990
      4988,      1993,      5335,      1992,       118
      4987,      5335,      3233,       514,      1992
      4986,      3235,      1193,      3233,      5335
      4985,       515,      3235,      5335,      1993
      4984,      3197,      5334,      1991,       496
      4983,      5334,      1993,       118,      1991
      4982,      3234,       515,      1993,      5334
      4981,      1183,      3234,      5334,      3197
      4980,      3237,      5333,      3239,      1194
      4979,      5333,      1997,       517,      3239
      4978,      1996,       119,      1997,      5333
      4977,       516,      1996,      5333,      3237
      4976,      1997,      5332,      3238,       517
      4975,      5332,      3201,      1184,      3238
      4974,      1995,       498,      3201,      5332
      4973,       119,      1995,      5332,      1997
      4972,      1994,      5331,      1995,       119
      4971,      5331,      3200,       498,      1995
      4970,      3198,      1173,      3200,      5331
      4969,       497,      3198,      5331,      1994
      4968,      3236,      5330,      1996,       516
      4967,      5330,      1994,       119,      1996
      4966,      3199,       497,      1994,      5330
      4965,      1183,      3199,      5330,      3236
      4964,      4033,      5329,      4038,      1407
      4963,      5329,      2001,       917,      4038
      4962,      1999,       120,      2001,      5329
      4961,       914,      1999,      5329,      4033
      4960,      2001,      5328,      4039,       917
      4959,      5328,      4037,      1408,      4039
      4958,      2000,       916,      4037,      5328
      4957,       120,      2000,      5328,      2001
      4956,      1998,      5327,      2000,       120
      4955,      5327,      4036,       916,      2000
      4954,      3202,      1174,      4036,      5327
      4953,       499,      3202,      5327,      1998
      4952,      4032,      5326,      1999,       914
      4951,      5326,      1998,       120,      1999
      4950,      3203,       499,      1998,      5326
      4949,      1184,      3203,      5326,      4032
      4948,      4165,      5325,      4170,      1439
      4947,      5325,      2005,       980,      4170
      4946,      2003,       121,      2005,      5325
      4945,       977,      2003,      5325,      4165
      4944,      2005,      5324,      4171,       980
      4943,      5324,      4169,      1440,      4171
      4942,      2004,       979,      4169,      5324
      4941,       121,      2004,      5324,      2005
      4940,      2002,      5323,      2004,       121
      4939,      5323,      4168,       979,      2004
      4938,      3240,      1185,      4168,      5323
      4937,       518,      3240,      5323,      2002
      4936,      4164,      5322,      2003,       977
      4935,      5322,      2002,       121,      2003
      4934,      3241,       518,      2002,      5322
      4933,      1195,      3241,      5322,      4164
      4932,      3207,      5321,      3244,      1186
      4931,      5321,      2009,       520,      3244
      4930,      2007,       122,      2009,      5321
      4929,       501,      2007,      5321,      3207
      4928,      2009,      5320,      3245,       520
      4927,      5320,      3243,      1196,      3245
      4926,      2008,       519,      3243,      5320
      4925,       122,      2008,      5320,      2009
      4924,      2006,      5319,      2008,       122
      4923,      5319,      3242,       519,      2008
      4922,      3205,      1185,      3242,      5319
      4921,       500,      3205,      5319,      2006
      4920,      3206,      5318,      2007,       501
      4919,      5318,      2006,       122,      2007
      4918,      3204,       500,      2006,      5318
      4917,      1175,      3204,      5318,      3206
      4916,      4121,      5317,      4126,      1430
      4915,      5317,      2013,       961,      4126
      4914,      2011,       123,      2013,      5317
      4913,       958,      2011,      5317,      4121
      4912,      2013,      5316,      4127,       961
      4911,      5316,      4125,      1431,      4127
      4910,      2012,       960,      4125,      5316
      4909,       123,      2012,      5316,      2013
      4908,      2010,      5315,      2012,       123
      4907,      5315,      4124,       960,      2012
      4906,      3247,      1197,      4124,      5315
      4905,       521,      3247,      5315,      2010
      4904,      4120,      5314,      2011,       958
      4903,      5314,      2010,       123,      2011
      4902,      3246,       521,      2010,      5314
      4901,      1187,      3246,      5314,      4120
      4900,      3213,      5313,      3250,      1188
      4899,      5313,      2017,       523,      3250
      4898,      2015,       124,      2017,      5313
      4897,       504,      2015,      5313,      3213
      4896,      2017,      5312,      3251,       523
      4895,      5312,      3249,      1198,      3251
      4894,      2016,       522,      3249,      5312
      4893,       124,      2016,      5312,      2017
      4892,      2014,      5311,      2016,       124
      4891,      5311,      3248,       522,      2016
      4890,      3209,      1186,      3248,      5311
      4889,       502,      3209,      5311,      2014
      4888,      3212,      5310,      2015,       504
      4887,      5310,      2014,       124,      2015
      4886,      3208,       502,      2014,      5310
      4885,      1176,      3208,      5310,      3212
      4884,      3253,      5309,      3255,      1199
      4883,      5309,      2021,       525,      3255
      4882,      2020,       125,      2021,      5309
      4881,       524,      2020,      5309,      3253
      4880,      2021,      5308,      3254,       525
      4879,      5308,      3217,      1189,      3254
      4878,      2019,       506,      3217,      5308
      4877,       125,      2019,      5308,      2021
      4876,      2018,      5307,      2019,       125
      4875,      5307,      3216,       506,      2019
      4874,      3210,      1177,      3216,      5307
      4873,       503,      3210,      5307,      2018
      4872,      3252,      5306,      2020,       524
      4871,      5306,      2018,       125,      2020
      4870,      3211,       503,      2018,      5306
      4869,      1187,      3211,      5306,      3252
      4868,      3256,      5305,      3215,      1188
      4867,      5305,      2022,       505,      3215
      4866,      2024,       126,      2022,      5305
      4865,       526,      2024,      5305,      3256
      4864,      2022,      5304,      3214,       505
      4863,      5304,      3220,      1178,      3214
      4862,      2023,       508,      3220,      5304
      4861,       126,      2023,      5304,      2022
      4860,      2025,      5303,      2023,       126
      4859,      5303,      3221,       508,      2023
      4858,      3258,      1190,      3221,      5303
      4857,       527,      3258,      5303,      2025
      4856,      3257,      5302,      2024,       526
      4855,      5302,      2025,       126,      2024
      4854,      3259,       527,      2025,      5302
      4853,      1200,      3259,      5302,      3257
      4852,      3228,      5301,      3218,      1179
      4851,      5301,      2026,       507,      3218
      4850,      2027,       127,      2026,      5301
      4849,       512,      2027,      5301,      3228
      4848,      2026,      5300,      3219,       507
      4847,      5300,      3264,      1189,      3219
      4846,      2028,       530,      3264,      5300
      4845,       127,      2028,      5300,      2026
      4844,      2029,      5299,      2028,       127
      4843,      5299,      3265,       530,      2028
      4842,      3267,      1202,      3265,      5299
      4841,       531,      3267,      5299,      2029
      4840,      3229,      5298,      2027,       512
      4839,      5298,      2029,       127,      2027
      4838,      3266,       531,      2029,      5298
      4837,      1192,      3266,      5298,      3229
      4836,      3260,      5297,      3223,      1190
      4835,      5297,      2030,       509,      3223
      4834,      2032,       128,      2030,      5297
      4833,       528,      2032,      5297,      3260
      4832,      2030,      5296,      3222,       509
      4831,      5296,      3224,      1180,      3222
      4830,      2031,       510,      3224,      5296
      4829,       128,      2031,      5296,      2030
      4828,      2033,      5295,      2031,       128
      4827,      5295,      3225,       510,      2031
      4826,      3262,      1191,      3225,      5295
      4825,       529,      3262,      5295,      2033
      4824,      3261,      5294,      2032,       528
      4823,      5294,      2033,       128,      2032
      4822,      3263,       529,      2033,      5294
      4821,      1201,      3263,      5294,      3261
      4820,      4284,      5293,      3227,      1191
      4819,      5293,      2034,       511,      3227
      4818,      2036,       129,      2034,      5293
      4817,      1037,      2036,      5293,      4284
      4816,      2034,      5292,      3226,       511
      4815,      5292,      4280,      1181,      3226
      4814,      2035,      1035,      4280,      5292
      4813,       129,      2035,      5292,      2034
      4812,      2037,      5291,      2035,       129
      4811,      5291,      4281,      1035,      2035
      4810,      4286,      1469,      4281,      5291
      4809,      1038,      4286,      5291,      2037
      4808,      4285,      5290,      2036,      1037
      4807,      5290,      2037,       129,      2036
      4806,      4287,      1038,      2037,      5290
      4805,      1470,      4287,      5290,      4285
      4804,      3232,      5289,      3230,      1182
      4803,      5289,      2038,       513,      3230
      4802,      2039,       130,      2038,      5289
      4801,       514,      2039,      5289,      3232
      4800,      2038,      5288,      3231,       513
      4799,      5288,      3268,      1192,      3231
      4798,      2040,       532,      3268,      5288
      4797,       130,      2040,      5288,      2038
      4796,      2041,      5287,      2040,       130
      4795,      5287,      3269,       532,      2040
      4794,      3271,      1203,      3269,      5287
      4793,       533,      3271,      5287,      2041
      4792,      3233,      5286,      2039,       514
      4791,      5286,      2041,       130,      2039
      4790,      3270,       533,      2041,      5286
      4789,      1193,      3270,      5286,      3233
      4788,      3236,      5285,      3234,      1183
      4787,      5285,      2042,       515,      3234
      4786,      2043,       131,      2042,      5285
      4785,       516,      2043,      5285,      3236
      4784,      2042,      5284,      3235,       515
      4783,      5284,      3272,      1193,      3235
      4782,      2044,       534,      3272,      5284
      4781,       131,      2044,      5284,      2042
      4780,      2045,      5283,      2044,       131
      4779,      5283,      3273,       534,      2044
      4778,      3275,      1204,      3273,      5283
      4777,       535,      3275,      5283,      2045
      4776,      3237,      5282,      2043,       516
      4775,      5282,      2045,       131,      2043
      4774,      3274,       535,      2045,      5282
      4773,      1194,      3274,      5282,      3237
      4772,      4029,      5281,      4034,      1406
      4771,      5281,      2049,       915,      4034
      4770,      2047,       132,      2049,      5281
      4769,       912,      2047,      5281,      4029
      4768,      2049,      5280,      4035,       915
      4767,      5280,      4033,      1407,      4035
      4766,      2048,       914,      4033,      5280
      4765,       132,      2048,      5280,      2049
      4764,      2046,      5279,      2048,       132
      4763,      5279,      4032,       914,      2048
      4762,      3238,      1184,      4032,      5279
      4761,       517,      3238,      5279,      2046
      4760,      4028,      5278,      2047,       912
      4759,      5278,      2046,       132,      2047
      4758,      3239,       517,      2046,      5278
      4757,      1194,      3239,      5278,      4028
      4756,      4160,      5277,      4166,      1438
      4755,      5277,      2053,       978,      4166
      4754,      2051,       133,      2053,      5277
      4753,       975,      2051,      5277,      4160
      4752,      2053,      5276,      4167,       978
      4751,      5276,      4165,      1439,      4167
      4750,      2052,       977,      4165,      5276
      4749,       133,      2052,      5276,      2053
      4748,      2050,      5275,      2052,       133
      4747,      5275,      4164,       977,      2052
      4746,      3276,      1195,      4164,      5275
      4745,       536,      3276,      5275,      2050
      4744,      4159,      5274,      2051,       975
      4743,      5274,      2050,       133,      2051
      4742,      3277,       536,      2050,      5274
      4741,      1205,      3277,      5274,      4159
      4740,      4125,      5273,      4130,      1431
      4739,      5273,      2057,       963,      4130
      4738,      2055,       134,      2057,      5273
      4737,       960,      2055,      5273,      4125
      4736,      2057,      5272,      4131,       963
      4735,      5272,      4129,      1432,      4131
      4734,      2056,       962,      4129,      5272
      4733,       134,      2056,      5272,      2057
      4732,      2054,      5271,      2056,       134
      4731,      5271,      4128,       962,      2056
      4730,      3279,      1206,      4128,      5271
      4729,       537,      3279,      5271,      2054
      4728,      4124,      5270,      2055,       960
      4727,      5270,      2054,       134,      2055
      4726,      3278,       537,      2054,      5270
      4725,      1197,      3278,      5270,      4124
      4724,      3280,      5269,      3241,      1195
      4723,      5269,      2058,       518,      3241
      4722,      2060,       135,      2058,      5269
      4721,       538,      2060,      5269,      3280
      4720,      2058,      5268,      3240,       518
      4719,      5268,      3242,      1185,      3240
      4718,      2059,       519,      3242,      5268
      4717,       135,      2059,      5268,      2058
      4716,      2061,      5267,      2059,       135
      4715,      5267,      3243,       519,      2059
      4714,      3282,      1196,      3243,      5267
      4713,       539,      3282,      5267,      2061
      4712,      3281,      5266,      2060,       538
      4711,      5266,      2061,       135,      2060
      4710,      3283,       539,      2061,      5266
      4709,      1207,      3283,      5266,      3281
      4708,      3249,      5265,      3286,      1198
      4707,      5265,      2065,       541,      3286
      4706,      2063,       136,      2065,      5265
      4705,       522,      2063,      5265,      3249
      4704,      2065,      5264,      3287,       541
      4703,      5264,      3285,      1208,      3287
      4702,      2064,       540,      3285,      5264
      4701,       136,      2064,      5264,      2065
      4700,      2062,      5263,      2064,       136
      4699,      5263,      3284,       540,      2064
      4698,      3245,      1196,      3284,      5263
      4697,       520,      3245,      5263,      2062
      4696,      3248,      5262,      2063,       522
      4695,      5262,      2062,       136,      2063
      4694,      3244,       520,      2062,      5262
      4693,      1186,      3244,      5262,      3248
      4692,      3289,      5261,      3291,      1209
      4691,      5261,      2069,       543,      3291
      4690,      2068,       137,      2069,      5261
      4689,       542,      2068,      5261,      3289
      4688,      2069,      5260,      3290,       543
      4687,      5260,      3253,      1199,      3290
      4686,      2067,       524,      3253,      5260
      4685,       137,      2067,      5260,      2069
      4684,      2066,      5259,      2067,       137
      4683,      5259,      3252,       524,      2067
      4682,      3246,      1187,      3252,      5259
      4681,       521,      3246,      5259,      2066
      4680,      3288,      5258,      2068,       542
      4679,      5258,      2066,       137,      2068
      4678,      3247,       521,      2066,      5258
      4677,      1197,      3247,      5258,      3288
      4676,      3292,      5257,      3251,      1198
      4675,      5257,      2070,       523,      3251
      4674,      2072,       138,      2070,      5257
      4673,       544,      2072,      5257,      3292
      4672,      2070,      5256,      3250,       523
      4671,      5256,      3256,      1188,      3250
      4670,      2071,       526,      3256,      5256
      4669,       138,      2071,      5256,      2070
      4668,      2073,      5255,      2071,       138
      4667,      5255,      3257,       526,      2071
      4666,      3294,      1200,      3257,      5255
      4665,       545,      3294,      5255,      2073
      4664,      3293,      5254,      2072,       544
      4663,      5254,      2073,       138,      2072
      4662,      3295,       545,      2073,      5254
      4661,      1210,      3295,      5254,      3293
      4660,      3297,      5253,      3299,      1211
      4659,      5253,      2077,       547,      3299
      4658,      2076,       139,      2077,      5253
      4657,       546,      2076,      5253,      3297
      4656,      2077,      5252,      3298,       547
      4655,      5252,      3265,      1202,      3298
      4654,      2075,       530,      3265,      5252
      4653,       139,      2075,      5252,      2077
      4652,      2074,      5251,      2075,       139
      4651,      5251,      3264,       530,      2075
      4650,      3254,      1189,      3264,      5251
      4649,       525,      3254,      5251,      2074
      4648,      3296,      5250,      2076,       546
      4647,      5250,      2074,       139,      2076
      4646,      3255,       525,      2074,      5250
      4645,      1199,      3255,      5250,      3296
      4644,      3300,      5249,      3259,      1200
      4643,      5249,      2078,       527,      3259
      4642,      2080,       140,      2078,      5249
      4641,       548,      2080,      5249,      3300
      4640,      2078,      5248,      3258,       527
      4639,      5248,      3260,      1190,      3258
      4638,      2079,       528,      3260,      5248
      4637,       140,      2079,      5248,      2078
      4636,      2081,      5247,      2079,       140
      4635,      5247,      3261,       528,      2079
      4634,      3302,      1201,      3261,      5247
      4633,       549,      3302,      5247,      2081
      4632,      3301,      5246,      2080,       548
      4631,      5246,      2081,       140,      2080
      4630,      3303,       549,      2081,      5246
      4629,      1212,      3303,      5246,      3301
      4628,      4288,      5245,      3263,      1201
      4627,      5245,      2082,       529,      3263
      4626,      2084,       141,      2082,      5245
      4625,      1039,      2084,      5245,      4288
      4624,      2082,      5244,      3262,       529
      4623,      5244,      4284,      1191,      3262
      4622,      2083,      1037,      4284,      5244
      4621,       141,      2083,      5244,      2082
      4620,      2085,      5243,      2083,       141
      4619,      5243,      4285,      1037,      2083
      4618,      4290,      1470,      4285,      5243
      4617,      1040,      4290,      5243,      2085
      4616,      4289,      5242,      2084,      1039
      4615,      5242,      2085,       141,      2084
      4614,      4291,      1040,      2085,      5242
      4613,      1471,      4291,      5242,      4289
      4612,      3268,      5241,      3266,      1192
      4611,      5241,      2086,       531,      3266
      4610,      2087,       142,      2086,      5241
      4609,       532,      2087,      5241,      3268
      4608,      2086,      5240,      3267,       531
      4607,      5240,      3304,      1202,      3267
      4606,      2088,       550,      3304,      5240
      4605,       142,      2088,      5240,      2086
      4604,      2089,      5239,      2088,       142
      4603,      5239,      3305,       550,      2088
      4602,      3307,      1213,      3305,      5239
      4601,       551,      3307,      5239,      2089
      4600,      3269,      5238,      2087,       532
      4599,      5238,      2089,       142,      2087
      4598,      3306,       551,      2089,      5238
      4597,      1203,      3306,      5238,      3269
      4596,      3272,      5237,      3270,      1193
      4595,      5237,      2090,       533,      3270
      4594,      2091,       143,      2090,      5237
      4593,       534,      2091,      5237,      3272
      4592,      2090,      5236,      3271,       533
      4591,      5236,      3308,      1203,      3271
      4590,      2092,       552,      3308,      5236
      4589,       143,      2092,      5236,      2090
      4588,      2093,      5235,      2092,       143
      4587,      5235,      3309,       552,      2092
      4586,      3311,      1214,      3309,      5235
      4585,       553,      3311,      5235,      2093
      4584,      3273,      5234,      2091,       534
      4583,      5234,      2093,       143,      2091
      4582,      3310,       553,      2093,      5234
      4581,      1204,      3310,      5234,      3273
      4580,      4028,      5233,      3274,      1194
      4579,      5233,      2094,       535,      3274
      4578,      2096,       144,      2094,      5233
      4577,       912,      2096,      5233,      4028
      4576,      2094,      5232,      3275,       535
      4575,      5232,      4024,      1204,      3275
      4574,      2095,       910,      4024,      5232
      4573,       144,      2095,      5232,      2094
      4572,      2097,      5231,      2095,       144
      4571,      5231,      4025,       910,      2095
      4570,      4030,      1405,      4025,      5231
      4569,       913,      4030,      5231,      2097
      4568,      4029,      5230,      2096,       912
      4567,      5230,      2097,       144,      2096
      4566,      4031,       913,      2097,      5230
      4565,      1406,      4031,      5230,      4029
      4564,      4155,      5229,      4161,      1437
      4563,      5229,      2101,       976,      4161
      4562,      2099,       145,      2101,      5229
      4561,       973,      2099,      5229,      4155
      4560,      2101,      5228,      4162,       976
      4559,      5228,      4160,      1438,      4162
      4558,      2100,       975,      4160,      5228
      4557,       145,      2100,      5228,      2101
      4556,      2098,      5227,      2100,       145
      4555,      5227,      4159,       975,      2100
      4554,      3312,      1205,      4159,      5227
      4553,       554,      3312,      5227,      2098
      4552,      4154,      5226,      2099,       973
      4551,      5226,      2098,       145,      2099
      4550,      3313,       554,      2098,      5226
      4549,      1215,      3313,      5226,      4154
      4548,      4129,      5225,      4134,      1432
      4547,      5225,      2105,       965,      4134
      4546,      2103,       146,      2105,      5225
      4545,       962,      2103,      5225,      4129
      4544,      2105,      5224,      4135,       965
      4543,      5224,      4133,      1433,      4135
      4542,      2104,       964,      4133,      5224
      4541,       146,      2104,      5224,      2105
      4540,      2102,      5223,      2104,       146
      4539,      5223,      4132,       964,      2104
      4538,      3315,      1216,      4132,      5223
      4537,       555,      3315,      5223,      2102
      4536,      4128,      5222,      2103,       962
      4535,      5222,      2102,       146,      2103
      4534,      3314,       555,      2102,      5222
      4533,      1206,      3314,      5222,      4128
      4532,      3316,      5221,      3277,      1205
      4531,      5221,      2106,       536,      3277
      4530,      2108,       147,      2106,      5221
      4529,       556,      2108,      5221,      3316
      4528,      2106,      5220,      3276,       536
      4527,      5220,      3280,      1195,      3276
      4526,      2107,       538,      3280,      5220
      4525,       147,      2107,      5220,      2106
      4524,      2109,      5219,      2107,       147
      4523,      5219,      3281,       538,      2107
      4522,      3318,      1207,      3281,      5219
      4521,       557,      3318,      5219,      2109
      4520,      3317,      5218,      2108,       556
      4519,      5218,      2109,       147,      2108
      4518,      3319,       557,      2109,      5218
      4517,      1217,      3319,      5218,      3317
      4516,      3320,      5217,      3283,      1207
      4515,      5217,      2110,       539,      3283
      4514,      2112,       148,      2110,      5217
      4513,       558,      2112,      5217,      3320
      4512,      2110,      5216,      3282,       539
      4511,      5216,      3284,      1196,      3282
      4510,      2111,       540,      3284,      5216
      4509,       148,      2111,      5216,      2110
      4508,      2113,      5215,      2111,       148
      4507,      5215,      3285,       540,      2111
      4506,      3322,      1208,      3285,      5215
      4505,       559,      3322,      5215,      2113
      4504,      3321,      5214,      2112,       558
      4503,      5214,      2113,       148,      2112
      4502,      3323,       559,      2113,      5214
      4501,      1218,      3323,      5214,      3321
      4500,      3288,      5213,      3278,      1197
      4499,      5213,      2114,       537,      3278
      4498,      2115,       149,      2114,      5213
      4497,       542,      2115,      5213,      3288
      4496,      2114,      5212,      3279,       537
      4495,      5212,      3324,      1206,      3279
      4494,      2116,       560,      3324,      5212
      4493,       149,      2116,      5212,      2114
      4492,      2117,      5211,      2116,       149
      4491,      5211,      3325,       560,      2116
      4490,      3327,      1219,      3325,      5211
      4489,       561,      3327,      5211,      2117
      4488,      3289,      5210,      2115,       542
      4487,      5210,      2117,       149,      2115
      4486,      3326,       561,      2117,      5210
      4485,      1209,      3326,      5210,      3289
      4484,      3328,      5209,      3287,      1208
      4483,      5209,      2118,       541,      3287
      4482,      2120,       150,      2118,      5209
      4481,       562,      2120,      5209,      3328
      4480,      2118,      5208,      3286,       541
      4479,      5208,      3292,      1198,      3286
      4478,      2119,       544,      3292,      5208
      4477,       150,      2119,      5208,      2118
      4476,      2121,      5207,      2119,       150
      4475,      5207,      3293,       544,      2119
      4474,      3330,      1210,      3293,      5207
      4473,       563,      3330,      5207,      2121
      4472,      3329,      5206,      2120,       562
      4471,      5206,      2121,       150,      2120
      4470,      3331,       563,      2121,      5206
      4469,      1220,      3331,      5206,      3329
      4468,      3333,      5205,      3335,      1221
      4467,      5205,      2125,       565,      3335
      4466,      2124,       151,      2125,      5205
      4465,       564,      2124,      5205,      3333
      4464,      2125,      5204,      3334,       565
      4463,      5204,      3297,      1211,      3334
      4462,      2123,       546,      3297,      5204
      4461,       151,      2123,      5204,      2125
      4460,      2122,      5203,      2123,       151
      4459,      5203,      3296,       546,      2123
      4458,      3290,      1199,      3296,      5203
      4457,       543,      3290,      5203,      2122
      4456,      3332,      5202,      2124,       564
      4455,      5202,      2122,       151,      2124
      4454,      3291,       543,      2122,      5202
      4453,      1209,      3291,      5202,      3332
      4452,      3301,      5201,      3338,      1212
      4451,      5201,      2129,       567,      3338
      4450,      2127,       152,      2129,      5201
      4449,       548,      2127,      5201,      3301
      4448,      2129,      5200,      3339,       567
      4447,      5200,      3337,      1222,      3339
      4446,      2128,       566,      3337,      5200
      4445,       152,      2128,      5200,      2129
      4444,      2126,      5199,      2128,       152
      4443,      5199,      3336,       566,      2128
      4442,      3295,      1210,      3336,      5199
      4441,       545,      3295,      5199,      2126
      4440,      3300,      5198,      2127,       548
      4439,      5198,      2126,       152,      2127
      4438,      3294,       545,      2126,      5198
      4437,      1200,      3294,      5198,      3300
      4436,      4292,      5197,      3303,      1212
      4435,      5197,      2130,       549,      3303
      4434,      2132,       153,      2130,      5197
      4433,      1041,      2132,      5197,      4292
      4432,      2130,      5196,      3302,       549
      4431,      5196,      4288,      1201,      3302
      4430,      2131,      1039,      4288,      5196
      4429,       153,      2131,      5196,      2130
      4428,      2133,      5195,      2131,       153
      4427,      5195,      4289,      1039,      2131
      4426,      4294,      1471,      4289,      5195
      4425,      1042,      4294,      5195,      2133
      4424,      4293,      5194,      2132,      1041
      4423,      5194,      2133,       153,      2132
      4422,      4295,      1042,      2133,      5194
      4421,      1472,      4295,      5194,      4293
      4420,      3304,      5193,      3298,      1202
      4419,      5193,      2134,       547,      3298
      4418,      2135,       154,      2134,      5193
      4417,       550,      2135,      5193,      3304
      4416,      2134,      5192,      3299,       547
      4415,      5192,      3340,      1211,      3299
      4414,      2136,       568,      3340,      5192
      4413,       154,      2136,      5192,      2134
      4412,      2137,      5191,      2136,       154
      4411,      5191,      3341,       568,      2136
      4410,      3343,      1223,      3341,      5191
      4409,       569,      3343,      5191,      2137
      4408,      3305,      5190,      2135,       550
      4407,      5190,      2137,       154,      2135
      4406,      3342,       569,      2137,      5190
      4405,      1213,      3342,      5190,      3305
      4404,      3308,      5189,      3306,      1203
      4403,      5189,      2138,       551,      3306
      4402,      2139,       155,      2138,      5189
      4401,       552,      2139,      5189,      3308
      4400,      2138,      5188,      3307,       551
      4399,      5188,      3344,      1213,      3307
      4398,      2140,       570,      3344,      5188
      4397,       155,      2140,      5188,      2138
      4396,      2141,      5187,      2140,       155
      4395,      5187,      3345,       570,      2140
      4394,      3347,      1224,      3345,      5187
      4393,       571,      3347,      5187,      2141
      4392,      3309,      5186,      2139,       552
      4391,      5186,      2141,       155,      2139
      4390,      3346,       571,      2141,      5186
      4389,      1214,      3346,      5186,      3309
      4388,      4024,      5185,      3310,      1204
      4387,      5185,      2142,       553,      3310
      4386,      2144,       156,      2142,      5185
      4385,       910,      2144,      5185,      4024
      4384,      2142,      5184,      3311,       553
      4383,      5184,      4020,      1214,      3311
      4382,      2143,       908,      4020,      5184
      4381,       156,      2143,      5184,      2142
      4380,      2145,      5183,      2143,       156
      4379,      5183,      4021,       908,      2143
      4378,      4026,      1404,      4021,      5183
      4377,       911,      4026,      5183,      2145
      4376,      4025,      5182,      2144,       910
      4375,      5182,      2145,       156,      2144
      4374,      4027,       911,      2145,      5182
      4373,      1405,      4027,      5182,      4025
      4372,      4150,      5181,      4156,      1436
      4371,      5181,      2149,       974,      4156
      4370,      2147,       157,      2149,      5181
      4369,       971,      2147,      5181,      4150
      4368,      2149,      5180,      4157,       974
      4367,      5180,      4155,      1437,      4157
      4366,      2148,       973,      4155,      5180
      4365,       157,      2148,      5180,      2149
      4364,      2146,      5179,      2148,       157
      4363,      5179,      4154,       973,      2148
      4362,      3348,      1215,      4154,      5179
      4361,       572,      3348,      5179,      2146
      4360,      4149,      5178,      2147,       971
      4359,      5178,      2146,       157,      2147
      4358,      3349,       572,      2146,      5178
      4357,      1225,      3349,      5178,      4149
      4356,      4133,      5177,      4139,      1433
      4355,      5177,      2153,       967,      4139
      4354,      2151,       158,      2153,      5177
      4353,       964,      2151,      5177,      4133
      4352,      2153,      5176,      4140,       967
      4351,      5176,      4138,      1434,      4140
      4350,      2152,       966,      4138,      5176
      4349,       158,      2152,      5176,      2153
      4348,      2150,      5175,      2152,       158
      4347,      5175,      4137,       966,      2152
      4346,      3355,      1227,      4137,      5175
      4345,       575,      3355,      5175,      2150
      4344,      4132,      5174,      2151,       964
      4343,      5174,      2150,       158,      2151
      4342,      3354,       575,      2150,      5174
      4341,      1216,      3354,      5174,      4132
      4340,      3350,      5173,      3313,      1215
      4339,      5173,      2154,       554,      3313
      4338,      2156,       159,      2154,      5173
      4337,       573,      2156,      5173,      3350
      4336,      2154,      5172,      3312,       554
      4335,      5172,      3316,      1205,      3312
      4334,      2155,       556,      3316,      5172
      4333,       159,      2155,      5172,      2154
      4332,      2157,      5171,      2155,       159
      4331,      5171,      3317,       556,      2155
      4330,      3352,      1217,      3317,      5171
      4329,       574,      3352,      5171,      2157
      4328,      3351,      5170,      2156,       573
      4327,      5170,      2157,       159,      2156
      4326,      3353,       574,      2157,      5170
      4325,      1226,      3353,      5170,      3351
      4324,      3356,      5169,      3319,      1217
      4323,      5169,      2158,       557,      3319
      4322,      2160,       160,      2158,      5169
      4321,       576,      2160,      5169,      3356
      4320,      2158,      5168,      3318,       557
      4319,      5168,      3320,      1207,      3318
      4318,      2159,       558,      3320,      5168
      4317,       160,      2159,      5168,      2158
      4316,      2161,      5167,      2159,       160
      4315,      5167,      3321,       558,      2159
      4314,      3358,      1218,      3321,      5167
      4313,       577,      3358,      5167,      2161
      4312,      3357,      5166,      2160,       576
      4311,      5166,      2161,       160,      2160
      4310,      3359,       577,      2161,      5166
      4309,      1228,      3359,      5166,      3357
      4308,      3324,      5165,      3314,      1206
      4307,      5165,      2162,       555,      3314
      4306,      2163,       161,      2162,      5165
      4305,       560,      2163,      5165,      3324
      4304,      2162,      5164,      3315,       555
      4303,      5164,      3360,      1216,      3315
      4302,      2164,       578,      3360,      5164
      4301,       161,      2164,      5164,      2162
      4300,      2165,      5163,      2164,       161
      4299,      5163,      3361,       578,      2164
      4298,      3363,      1229,      3361,      5163
      4297,       579,      3363,      5163,      2165
      4296,      3325,      5162,      2163,       560
      4295,      5162,      2165,       161,      2163
      4294,      3362,       579,      2165,      5162
      4293,      1219,      3362,      5162,      3325
      4292,      3364,      5161,      3323,      1218
      4291,      5161,      2166,       559,      3323
      4290,      2168,       162,      2166,      5161
      4289,       580,      2168,      5161,      3364
      4288,      2166,      5160,      3322,       559
      4287,      5160,      3328,      1208,      3322
      4286,      2167,       562,      3328,      5160
      4285,       162,      2167,      5160,      2166
      4284,      2169,      5159,      2167,       162
      4283,      5159,      3329,       562,      2167
      4282,      3366,      1220,      3329,      5159
      4281,       581,      3366,      5159,      2169
      4280,      3365,      5158,      2168,       580
      4279,      5158,      2169,       162,      2168
      4278,      3367,       581,      2169,      5158
      4277,      1230,      3367,      5158,      3365
      4276,      3332,      5157,      3326,      1209
      4275,      5157,      2170,       561,      3326
      4274,      2171,       163,      2170,      5157
      4273,       564,      2171,      5157,      3332
      4272,      2170,      5156,      3327,       561
      4271,      5156,      3368,      1219,      3327
      4270,      2172,       582,      3368,      5156
      4269,       163,      2172,      5156,      2170
      4268,      2173,      5155,      2172,       163
      4267,      5155,      3369,       582,      2172
      4266,      3371,      1231,      3369,      5155
      4265,       583,      3371,      5155,      2173
      4264,      3333,      5154,      2171,       564
      4263,      5154,      2173,       163,      2171
      4262,      3370,       583,      2173,      5154
      4261,      1221,      3370,      5154,      3333
      4260,      3337,      5153,      3374,      1222
      4259,      5153,      2177,       585,      3374
      4258,      2175,       164,      2177,      5153
      4257,       566,      2175,      5153,      3337
      4256,      2177,      5152,      3375,       585
      4255,      5152,      3373,      1232,      3375
      4254,      2176,       584,      3373,      5152
      4253,       164,      2176,      5152,      2177
      4252,      2174,      5151,      2176,       164
      4251,      5151,      3372,       584,      2176
      4250,      3331,      1220,      3372,      5151
      4249,       563,      3331,      5151,      2174
      4248,      3336,      5150,      2175,       566
      4247,      5150,      2174,       164,      2175
      4246,      3330,       563,      2174,      5150
      4245,      1210,      3330,      5150,      3336
      4244,      4293,      5149,      4298,      1472
      4243,      5149,      2181,      1044,      4298
      4242,      2179,       165,      2181,      5149
      4241,      1041,      2179,      5149,      4293
      4240,      2181,      5148,      4299,      1044
      4239,      5148,      4297,      1473,      4299
      4238,      2180,      1043,      4297,      5148
      4237,       165,      2180,      5148,      2181
      4236,      2178,      5147,      2180,       165
      4235,      5147,      4296,      1043,      2180
      4234,      3339,      1222,      4296,      5147
      4233,       567,      3339,      5147,      2178
      4232,      4292,      5146,      2179,      1041
      4231,      5146,      2178,       165,      2179
      4230,      3338,       567,      2178,      5146
      4229,      1212,      3338,      5146,      4292
      4228,      3340,      5145,      3334,      1211
      4227,      5145,      2182,       565,      3334
      4226,      2183,       166,      2182,      5145
      4225,       568,      2183,      5145,      3340
      4224,      2182,      5144,      3335,       565
      4223,      5144,      3376,      1221,      3335
      4222,      2184,       586,      3376,      5144
      4221,       166,      2184,      5144,      2182
      4220,      2185,      5143,      2184,       166
      4219,      5143,      3377,       586,      2184
      4218,      3379,      1233,      3377,      5143
      4217,       587,      3379,      5143,      2185
      4216,      3341,      5142,      2183,       568
      4215,      5142,      2185,       166,      2183
      4214,      3378,       587,      2185,      5142
      4213,      1223,      3378,      5142,      3341
      4212,      3381,      5141,      3383,      1234
      4211,      5141,      2189,       589,      3383
      4210,      2188,       167,      2189,      5141
      4209,       588,      2188,      5141,      3381
      4208,      2189,      5140,      3382,       589
      4207,      5140,      3345,      1224,      3382
      4206,      2187,       570,      3345,      5140
      4205,       167,      2187,      5140,      2189
      4204,      2186,      5139,      2187,       167
      4203,      5139,      3344,       570,      2187
      4202,      3342,      1213,      3344,      5139
      4201,       569,      3342,      5139,      2186
      4200,      3380,      5138,      2188,       588
      4199,      5138,      2186,       167,      2188
      4198,      3343,       569,      2186,      5138
      4197,      1223,      3343,      5138,      3380
      4196,      4020,      5137,      3346,      1214
      4195,      5137,      2190,       571,      3346
      4194,      2192,       168,      2190,      5137
      4193,       908,      2192,      5137,      4020
      4192,      2190,      5136,      3347,       571
      4191,      5136,      4016,      1224,      3347
      4190,      2191,       906,      4016,      5136
      4189,       168,      2191,      5136,      2190
      4188,      2193,      5135,      2191,       168
      4187,      5135,      4017,       906,      2191
      4186,      4022,      1403,      4017,      5135
      4185,       909,      4022,      5135,      2193
      4184,      4021,      5134,      2192,       908
      4183,      5134,      2193,       168,      2192
      4182,      4023,       909,      2193,      5134
      4181,      1404,      4023,      5134,      4021
      4180,      4143,      5133,      4151,      1435
      4179,      5133,      2197,       972,      4151
      4178,      2195,       169,      2197,      5133
      4177,       968,      2195,      5133,      4143
      4176,      2197,      5132,      4152,       972
      4175,      5132,      4150,      1436,      4152
      4174,      2196,       971,      4150,      5132
      4173,       169,      2196,      5132,      2197
      4172,      2194,      5131,      2196,       169
      4171,      5131,      4149,       971,      2196
      4170,      3384,      1225,      4149,      5131
      4169,       590,      3384,      5131,      2194
      4168,      4142,      5130,      2195,       968
      4167,      5130,      2194,       169,      2195
      4166,      3385,       590,      2194,      5130
      4165,      1235,      3385,      5130,      4142
      4164,      4138,      5129,      4146,      1434
      4163,      5129,      2201,       970,      4146
      4162,      2199,       170,      2201,      5129
      4161,       966,      2199,      5129,      4138
      4160,      2201,      5128,      4147,       970
      4159,      5128,      4145,      1435,      4147
      4158,      2200,       969,      4145,      5128
      4157,       170,      2200,      5128,      2201
      4156,      2198,      5127,      2200,       170
      4155,      5127,      4144,       969,      2200
      4154,      3391,      1237,      4144,      5127
      4153,       593,      3391,      5127,      2198
      4152,      4137,      5126,      2199,       966
      4151,      5126,      2198,       170,      2199
      4150,      3390,       593,      2198,      5126
      4149,      1227,      3390,      5126,      4137
      4148,      3386,      5125,      3349,      1225
      4147,      5125,      2202,       572,      3349
      4146,      2204,       171,      2202,      5125
      4145,       591,      2204,      5125,      3386
      4144,      2202,      5124,      3348,       572
      4143,      5124,      3350,      1215,      3348
      4142,      2203,       573,      3350,      5124
      4141,       171,      2203,      5124,      2202
      4140,      2205,      5123,      2203,       171
      4139,      5123,      3351,       573,      2203
      4138,      3388,      1226,      3351,      5123
      4137,       592,      3388,      5123,      2205
      4136,      3387,      5122,      2204,       591
      4135,      5122,      2205,       171,      2204
      4134,      3389,       592,      2205,      5122
      4133,      1236,      3389,      5122,      3387
      4132,      3392,      5121,      3353,      1226
      4131,      5121,      2206,       574,      3353
      4130,      2208,       172,      2206,      5121
      4129,       594,      2208,      5121,      3392
      4128,      2206,      5120,      3352,       574
      4127,      5120,      3356,      1217,      3352
      4126,      2207,       576,      3356,      5120
      4125,       172,      2207,      5120,      2206
      4124,      2209,      5119,      2207,       172
      4123,      5119,      3357,       576,      2207
      4122,      3394,      1228,      3357,      5119
      4121,       595,      3394,      5119,      2209
      4120,      3393,      5118,      2208,       594
      4119,      5118,      2209,       172,      2208
      4118,      3395,       595,      2209,      5118
      4117,      1238,      3395,      5118,      3393
      4116,      3360,      5117,      3354,      1216
      4115,      5117,      2210,       575,      3354
      4114,      2211,       173,      2210,      5117
      4113,       578,      2211,      5117,      3360
      4112,      2210,      5116,      3355,       575
      4111,      5116,      3396,      1227,      3355
      4110,      2212,       596,      3396,      5116
      4109,       173,      2212,      5116,      2210
      4108,      2213,      5115,      2212,       173
      4107,      5115,      3397,       596,      2212
      4106,      3399,      1239,      3397,      5115
      4105,       597,      3399,      5115,      2213
      4104,      3361,      5114,      2211,       578
      4103,      5114,      2213,       173,      2211
      4102,      3398,       597,      2213,      5114
      4101,      1229,      3398,      5114,      3361
      4100,      3400,      5113,      3359,      1228
      4099,      5113,      2214,       577,      3359
      4098,      2216,       174,      2214,      5113
      4097,       598,      2216,      5113,      3400
      4096,      2214,      5112,      3358,       577
      4095,      5112,      3364,      1218,      3358
      4094,      2215,       580,      3364,      5112
      4093,       174,      2215,      5112,      2214
      4092,      2217,      5111,      2215,       174
      4091,      5111,      3365,       580,      2215
      4090,      3402,      1230,      3365,      5111
      4089,       599,      3402,      5111,      2217
      4088,      3401,      5110,      2216,       598
      4087,      5110,      2217,       174,      2216
      4086,      3403,       599,      2217,      5110
      4085,      1240,      3403,      5110,      3401
      4084,      3368,      5109,      3362,      1219
      4083,      5109,      2218,       579,      3362
      4082,      2219,       175,      2218,      5109
      4081,       582,      2219,      5109,      3368
      4080,      2218,      5108,      3363,       579
      4079,      5108,      3404,      1229,      3363
      4078,      2220,       600,      3404,      5108
      4077,       175,      2220,      5108,      2218
      4076,      2221,      5107,      2220,       175
      4075,      5107,      3405,       600,      2220
      4074,      3407,      1241,      3405,      5107
      4073,       601,      3407,      5107,      2221
      4072,      3369,      5106,      2219,       582
      4071,      5106,      2221,       175,      2219
      4070,      3406,       601,      2221,      5106
      4069,      1231,      3406,      5106,      3369
      4068,      3408,      5105,      3367,      1230
      4067,      5105,      2222,       581,      3367
      4066,      2224,       176,      2222,      5105
      4065,       602,      2224,      5105,      3408
      4064,      2222,      5104,      3366,       581
      4063,      5104,      3372,      1220,      3366
      4062,      2223,       584,      3372,      5104
      4061,       176,      2223,      5104,      2222
      4060,      2225,      5103,      2223,       176
      4059,      5103,      3373,       584,      2223
      4058,      3410,      1232,      3373,      5103
      4057,       603,      3410,      5103,      2225
      4056,      3409,      5102,      2224,       602
      4055,      5102,      2225,       176,      2224
      4054,      3411,       603,      2225,      5102
      4053,      1242,      3411,      5102,      3409
      4052,      4297,      5101,      4302,      1473
      4051,      5101,      2229,      1046,      4302
      4050,      2227,       177,      2229,      5101
      4049,      1043,      2227,      5101,      4297
      4048,      2229,      5100,      4303,      1046
      4047,      5100,      4301,      1474,      4303
      4046,      2228,      1045,      4301,      5100
      4045,       177,      2228,      5100,      2229
      4044,      2226,      5099,      2228,       177
      4043,      5099,      4300,      1045,      2228
      4042,      3375,      1232,      4300,      5099
      4041,       585,      3375,      5099,      2226
      4040,      4296,      5098,      2227,      1043
      4039,      5098,      2226,       177,      2227
      4038,      3374,       585,      2226,      5098
      4037,      1222,      3374,      5098,      4296
      4036,      3376,      5097,      3370,      1221
      4035,      5097,      2230,       583,      3370
      4034,      2231,       178,      2230,      5097
      4033,       586,      2231,      5097,      3376
      4032,      2230,      5096,      3371,       583
      4031,      5096,      3412,      1231,      3371
      4030,      2232,       604,      3412,      5096
      4029,       178,      2232,      5096,      2230
      4028,      2233,      5095,      2232,       178
      4027,      5095,      3413,       604,      2232
      4026,      3415,      1243,      3413,      5095
      4025,       605,      3415,      5095,      2233
      4024,      3377,      5094,      2231,       586
      4023,      5094,      2233,       178,      2231
      4022,      3414,       605,      2233,      5094
      4021,      1233,      3414,      5094,      3377
      4020,      3417,      5093,      3419,      1244
      4019,      5093,      2237,       607,      3419
      4018,      2236,       179,      2237,      5093
      4017,       606,      2236,      5093,      3417
      4016,      2237,      5092,      3418,       607
      4015,      5092,      3381,      1234,      3418
      4014,      2235,       588,      3381,      5092
      4013,       179,      2235,      5092,      2237
      4012,      2234,      5091,      2235,       179
      4011,      5091,      3380,       588,      2235
      4010,      3378,      1223,      3380,      5091
      4009,       587,      3378,      5091,      2234
      4008,      3416,      5090,      2236,       606
      4007,      5090,      2234,       179,      2236
      4006,      3379,       587,      2234,      5090
      4005,      1233,      3379,      5090,      3416
      4004,      4013,      5089,      4018,      1402
      4003,      5089,      2241,       907,      4018
      4002,      2239,       180,      2241,      5089
      4001,       904,      2239,      5089,      4013
      4000,      2241,      5088,      4019,       907
      3999,      5088,      4017,      1403,      4019
      3998,      2240,       906,      4017,      5088
      3997,       180,      2240,      5088,      2241
      3996,      2238,      5087,      2240,       180
      3995,      5087,      4016,       906,      2240
      3994,      3382,      1224,      4016,      5087
      3993,       589,      3382,      5087,      2238
      3992,      4012,      5086,      2239,       904
      3991,      5086,      2238,       180,      2239
      3990,      3383,       589,      2238,      5086
      3989,      1234,      3383,      5086,      4012
      3988,      4145,      5085,      4143,      1435
      3987,      5085,      2244,       968,      4143
      3986,      2245,       181,      2244,      5085
      3985,       969,      2245,      5085,      4145
      3984,      2244,      5084,      4142,       968
      3983,      5084,      3424,      1235,      4142
      3982,      2242,       610,      3424,      5084
      3981,       181,      2242,      5084,      2244
      3980,      2243,      5083,      2242,       181
      3979,      5083,      3425,       610,      2242
      3978,      3427,      1246,      3425,      5083
      3977,       611,      3427,      5083,      2243
      3976,      4144,      5082,      2245,       969
      3975,      5082,      2243,       181,      2245
      3974,      3426,       611,      2243,      5082
      3973,      1237,      3426,      5082,      4144
      3972,      3420,      5081,      3385,      1235
      3971,      5081,      2246,       590,      3385
      3970,      2248,       182,      2246,      5081
      3969,       608,      2248,      5081,      3420
      3968,      2246,      5080,      3384,       590
      3967,      5080,      3386,      1225,      3384
      3966,      2247,       591,      3386,      5080
      3965,       182,      2247,      5080,      2246
      3964,      2249,      5079,      2247,       182
      3963,      5079,      3387,       591,      2247
      3962,      3422,      1236,      3387,      5079
      3961,       609,      3422,      5079,      2249
      3960,      3421,      5078,      2248,       608
      3959,      5078,      2249,       182,      2248
      3958,      3423,       609,      2249,      5078
      3957,      1245,      3423,      5078,      3421
      3956,      3428,      5077,      3389,      1236
      3955,      5077,      2250,       592,      3389
      3954,      2252,       183,      2250,      5077
      3953,       612,      2252,      5077,      3428
      3952,      2250,      5076,      3388,       592
      3951,      5076,      3392,      1226,      3388
      3950,      2251,       594,      3392,      5076
      3949,       183,      2251,      5076,      2250
      3948,      2253,      5075,      2251,       183
      3947,      5075,      3393,       594,      2251
      3946,      3430,      1238,      3393,      5075
      3945,       613,      3430,      5075,      2253
      3944,      3429,      5074,      2252,       612
      3943,      5074,      2253,       183,      2252
      3942,      3431,       613,      2253,      5074
      3941,      1247,      3431,      5074,      3429
      3940,      3433,      5073,      3435,      1248
      3939,      5073,      2257,       615,      3435
      3938,      2256,       184,      2257,      5073
      3937,       614,      2256,      5073,      3433
      3936,      2257,      5072,      3434,       615
      3935,      5072,      3397,      1239,      3434
      3934,      2255,       596,      3397,      5072
      3933,       184,      2255,      5072,      2257
      3932,      2254,      5071,      2255,       184
      3931,      5071,      3396,       596,      2255
      3930,      3390,      1227,      3396,      5071
      3929,       593,      3390,      5071,      2254
      3928,      3432,      5070,      2256,       614
      3927,      5070,      2254,       184,      2256
      3926,      3391,       593,      2254,      5070
      3925,      1237,      3391,      5070,      3432
      3924,      3436,      5069,      3395,      1238
      3923,      5069,      2258,       595,      3395
      3922,      2260,       185,      2258,      5069
      3921,       616,      2260,      5069,      3436
      3920,      2258,      5068,      3394,       595
      3919,      5068,      3400,      1228,      3394
      3918,      2259,       598,      3400,      5068
      3917,       185,      2259,      5068,      2258
      3916,      2261,      5067,      2259,       185
      3915,      5067,      3401,       598,      2259
      3914,      3438,      1240,      3401,      5067
      3913,       617,      3438,      5067,      2261
      3912,      3437,      5066,      2260,       616
      3911,      5066,      2261,       185,      2260
      3910,      3439,       617,      2261,      5066
      3909,      1249,      3439,      5066,      3437
      3908,      3404,      5065,      3398,      1229
      3907,      5065,      2262,       597,      3398
      3906,      2263,       186,      2262,      5065
      3905,       600,      2263,      5065,      3404
      3904,      2262,      5064,      3399,       597
      3903,      5064,      3440,      1239,      3399
      3902,      2264,       618,      3440,      5064
      3901,       186,      2264,      5064,      2262
      3900,      2265,      5063,      2264,       186
      3899,      5063,      3441,       618,      2264
      3898,      3443,      1250,      3441,      5063
      3897,       619,      3443,      5063,      2265
      3896,      3405,      5062,      2263,       600
      3895,      5062,      2265,       186,      2263
      3894,      3442,       619,      2265,      5062
      3893,      1241,      3442,      5062,      3405
      3892,      3444,      5061,      3403,      1240
      3891,      5061,      2266,       599,      3403
      3890,      2268,       187,      2266,      5061
      3889,       620,      2268,      5061,      3444
      3888,      2266,      5060,      3402,       599
      3887,      5060,      3408,      1230,      3402
      3886,      2267,       602,      3408,      5060
      3885,       187,      2267,      5060,      2266
      3884,      2269,      5059,      2267,       187
      3883,      5059,      3409,       602,      2267
      3882,      3446,      1242,      3409,      5059
      3881,       621,      3446,      5059,      2269
      3880,      3445,      5058,      2268,       620
      3879,      5058,      2269,       187,      2268
      3878,      3447,       621,      2269,      5058
      3877,      1251,      3447,      5058,      3445
      3876,      3412,      5057,      3406,      1231
      3875,      5057,      2270,       601,      3406
      3874,      2271,       188,      2270,      5057
      3873,       604,      2271,      5057,      3412
      3872,      2270,      5056,      3407,       601
      3871,      5056,      3448,      1241,      3407
      3870,      2272,       622,      3448,      5056
      3869,       188,      2272,      5056,      2270
      3868,      2273,      5055,      2272,       188
      3867,      5055,      3449,       622,      2272
      3866,      3451,      1252,      3449,      5055
      3865,       623,      3451,      5055,      2273
      3864,      3413,      5054,      2271,       604
      3863,      5054,      2273,       188,      2271
      3862,      3450,       623,      2273,      5054
      3861,      1243,      3450,      5054,      3413
      3860,      4304,      5053,      3411,      1242
      3859,      5053,      2274,       603,      3411
      3858,      2276,       189,      2274,      5053
      3857,      1047,      2276,      5053,      4304
      3856,      2274,      5052,      3410,       603
      3855,      5052,      4300,      1232,      3410
      3854,      2275,      1045,      4300,      5052
      3853,       189,      2275,      5052,      2274
      3852,      2277,      5051,      2275,       189
      3851,      5051,      4301,      1045,      2275
      3850,      4306,      1474,      4301,      5051
      3849,      1048,      4306,      5051,      2277
      3848,      4305,      5050,      2276,      1047
      3847,      5050,      2277,       189,      2276
      3846,      4307,      1048,      2277,      5050
      3845,      1475,      4307,      5050,      4305
      3844,      3416,      5049,      3414,      1233
      3843,      5049,      2278,       605,      3414
      3842,      2279,       190,      2278,      5049
      3841,       606,      2279,      5049,      3416
      3840,      2278,      5048,      3415,       605
      3839,      5048,      3452,      1243,      3415
      3838,      2280,       624,      3452,      5048
      3837,       190,      2280,      5048,      2278
      3836,      2281,      5047,      2280,       190
      3835,      5047,      3453,       624,      2280
      3834,      3455,      1253,      3453,      5047
      3833,       625,      3455,      5047,      2281
      3832,      3417,      5046,      2279,       606
      3831,      5046,      2281,       190,      2279
      3830,      3454,       625,      2281,      5046
      3829,      1244,      3454,      5046,      3417
      3828,      4009,      5045,      4014,      1401
      3827,      5045,      2285,       905,      4014
      3826,      2283,       191,      2285,      5045
      3825,       902,      2283,      5045,      4009
      3824,      2285,      5044,      4015,       905
      3823,      5044,      4013,      1402,      4015
      3822,      2284,       904,      4013,      5044
      3821,       191,      2284,      5044,      2285
      3820,      2282,      5043,      2284,       191
      3819,      5043,      4012,       904,      2284
      3818,      3418,      1234,      4012,      5043
      3817,       607,      3418,      5043,      2282
      3816,      4008,      5042,      2283,       902
      3815,      5042,      2282,       191,      2283
      3814,      3419,       607,      2282,      5042
      3813,      1244,      3419,      5042,      4008
      3812,      3424,      5041,      3420,      1235
      3811,      5041,      2286,       608,      3420
      3810,      2287,       192,      2286,      5041
      3809,       610,      2287,      5041,      3424
      3808,      2286,      5040,      3421,       608
      3807,      5040,      3460,      1245,      3421
      3806,      2288,       628,      3460,      5040
      3805,       192,      2288,      5040,      2286
      3804,      2289,      5039,      2288,       192
      3803,      5039,      3461,       628,      2288
      3802,      3463,      1255,      3461,      5039
      3801,       629,      3463,      5039,      2289
      3800,      3425,      5038,      2287,       610
      3799,      5038,      2289,       192,      2287
      3798,      3462,       629,      2289,      5038
      3797,      1246,      3462,      5038,      3425
      3796,      3456,      5037,      3423,      1245
      3795,      5037,      2290,       609,      3423
      3794,      2292,       193,      2290,      5037
      3793,       626,      2292,      5037,      3456
      3792,      2290,      5036,      3422,       609
      3791,      5036,      3428,      1236,      3422
      3790,      2291,       612,      3428,      5036
      3789,       193,      2291,      5036,      2290
      3788,      2293,      5035,      2291,       193
      3787,      5035,      3429,       612,      2291
      3786,      3458,      1247,      3429,      5035
      3785,       627,      3458,      5035,      2293
      3784,      3457,      5034,      2292,       626
      3783,      5034,      2293,       193,      2292
      3782,      3459,       627,      2293,      5034
      3781,      1254,      3459,      5034,      3457
      3780,      3465,      5033,      3467,      1256
      3779,      5033,      2297,       631,      3467
      3778,      2296,       194,      2297,      5033
      3777,       630,      2296,      5033,      3465
      3776,      2297,      5032,      3466,       631
      3775,      5032,      3433,      1248,      3466
      3774,      2295,       614,      3433,      5032
      3773,       194,      2295,      5032,      2297
      3772,      2294,      5031,      2295,       194
      3771,      5031,      3432,       614,      2295
      3770,      3426,      1237,      3432,      5031
      3769,       611,      3426,      5031,      2294
      3768,      3464,      5030,      2296,       630
      3767,      5030,      2294,       194,      2296
      3766,      3427,       611,      2294,      5030
      3765,      1246,      3427,      5030,      3464
      3764,      3468,      5029,      3431,      1247
      3763,      5029,      2298,       613,      3431
      3762,      2300,       195,      2298,      5029
      3761,       632,      2300,      5029,      3468
      3760,      2298,      5028,      3430,       613
      3759,      5028,      3436,      1238,      3430
      3758,      2299,       616,      3436,      5028
      3757,       195,      2299,      5028,      2298
      3756,      2301,      5027,      2299,       195
      3755,      5027,      3437,       616,      2299
      3754,      3470,      1249,      3437,      5027
      3753,       633,      3470,      5027,      2301
      3752,      3469,      5026,      2300,       632
      3751,      5026,      2301,       195,      2300
      3750,      3471,       633,      2301,      5026
      3749,      1257,      3471,      5026,      3469
      3748,      3477,      5025,      3479,      1259
      3747,      5025,      2305,       637,      3479
      3746,      2304,       196,      2305,      5025
      3745,       636,      2304,      5025,      3477
      3744,      2305,      5024,      3478,       637
      3743,      5024,      3441,      1250,      3478
      3742,      2303,       618,      3441,      5024
      3741,       196,      2303,      5024,      2305
      3740,      2302,      5023,      2303,       196
      3739,      5023,      3440,       618,      2303
      3738,      3434,      1239,      3440,      5023
      3737,       615,      3434,      5023,      2302
      3736,      3476,      5022,      2304,       636
      3735,      5022,      2302,       196,      2304
      3734,      3435,       615,      2302,      5022
      3733,      1248,      3435,      5022,      3476
      3732,      3472,      5021,      3439,      1249
      3731,      5021,      2306,       617,      3439
      3730,      2308,       197,      2306,      5021
      3729,       634,      2308,      5021,      3472
      3728,      2306,      5020,      3438,       617
      3727,      5020,      3444,      1240,      3438
      3726,      2307,       620,      3444,      5020
      3725,       197,      2307,      5020,      2306
      3724,      2309,      5019,      2307,       197
      3723,      5019,      3445,       620,      2307
      3722,      3474,      1251,      3445,      5019
      3721,       635,      3474,      5019,      2309
      3720,      3473,      5018,      2308,       634
      3719,      5018,      2309,       197,      2308
      3718,      3475,       635,      2309,      5018
      3717,      1258,      3475,      5018,      3473
      3716,      4308,      5017,      3447,      1251
      3715,      5017,      2310,       621,      3447
      3714,      2312,       198,      2310,      5017
      3713,      1049,      2312,      5017,      4308
      3712,      2310,      5016,      3446,       621
      3711,      5016,      4304,      1242,      3446
      3710,      2311,      1047,      4304,      5016
      3709,       198,      2311,      5016,      2310
      3708,      2313,      5015,      2311,       198
      3707,      5015,      4305,      1047,      2311
      3706,      4310,      1475,      4305,      5015
      3705,      1050,      4310,      5015,      2313
      3704,      4309,      5014,      2312,      1049
      3703,      5014,      2313,       198,      2312
      3702,      4311,      1050,      2313,      5014
      3701,      1476,      4311,      5014,      4309
      3700,      3448,      5013,      3442,      1241
      3699,      5013,      2314,       619,      3442
      3698,      2315,       199,      2314,      5013
      3697,       622,      2315,      5013,      3448
      3696,      2314,      5012,      3443,       619
      3695,      5012,      3480,      1250,      3443
      3694,      2316,       638,      3480,      5012
      3693,       199,      2316,      5012,      2314
      3692,      2317,      5011,      2316,       199
      3691,      5011,      3481,       638,      2316
      3690,      3483,      1260,      3481,      5011
      3689,       639,      3483,      5011,      2317
      3688,      3449,      5010,      2315,       622
      3687,      5010,      2317,       199,      2315
      3686,      3482,       639,      2317,      5010
      3685,      1252,      3482,      5010,      3449
      3684,      3452,      5009,      3450,      1243
      3683,      5009,      2318,       623,      3450
      3682,      2319,       200,      2318,      5009
      3681,       624,      2319,      5009,      3452
      3680,      2318,      5008,      3451,       623
      3679,      5008,      3484,      1252,      3451
      3678,      2320,       640,      3484,      5008
      3677,       200,      2320,      5008,      2318
      3676,      2321,      5007,      2320,       200
      3675,      5007,      3485,       640,      2320
      3674,      3487,      1261,      3485,      5007
      3673,       641,      3487,      5007,      2321
      3672,      3453,      5006,      2319,       624
      3671,      5006,      2321,       200,      2319
      3670,      3486,       641,      2321,      5006
      3669,      1253,      3486,      5006,      3453
      3668,      4008,      5005,      3454,      1244
      3667,      5005,      2322,       625,      3454
      3666,      2324,       201,      2322,      5005
      3665,       902,      2324,      5005,      4008
      3664,      2322,      5004,      3455,       625
      3663,      5004,      4004,      1253,      3455
      3662,      2323,       900,      4004,      5004
      3661,       201,      2323,      5004,      2322
      3660,      2325,      5003,      2323,       201
      3659,      5003,      4005,       900,      2323
      3658,      4010,      1400,      4005,      5003
      3657,       903,      4010,      5003,      2325
      3656,      4009,      5002,      2324,       902
      3655,      5002,      2325,       201,      2324
      3654,      4011,       903,      2325,      5002
      3653,      1401,      4011,      5002,      4009
      3652,      3460,      5001,      3456,      1245
      3651,      5001,      2326,       626,      3456
      3650,      2327,       202,      2326,      5001
      3649,       628,      2327,      5001,      3460
      3648,      2326,      5000,      3457,       626
      3647,      5000,      3492,      1254,      3457
      3646,      2328,       644,      3492,      5000
      3645,       202,      2328,      5000,      2326
      3644,      2329,      4999,      2328,       202
      3643,      4999,      3493,       644,      2328
      3642,      3495,      1263,      3493,      4999
      3641,       645,      3495,      4999,      2329
      3640,      3461,      4998,      2327,       628
      3639,      4998,      2329,       202,      2327
      3638,      3494,       645,      2329,      4998
      3637,      1255,      3494,      4998,      3461
      3636,      3488,      4997,      3459,      1254
      3635,      4997,      2330,       627,      3459
      3634,      2332,       203,      2330,      4997
      3633,       642,      2332,      4997,      3488
      3632,      2330,      4996,      3458,       627
      3631,      4996,      3468,      1247,      3458
      3630,      2331,       632,      3468,      4996
      3629,       203,      2331,      4996,      2330
      3628,      2333,      4995,      2331,       203
      3627,      4995,      3469,       632,      2331
      3626,      3490,      1257,      3469,      4995
      3625,       643,      3490,      4995,      2333
      3624,      3489,      4994,      2332,       642
      3623,      4994,      2333,       203,      2332
      3622,      3491,       643,      2333,      4994
      3621,      1262,      3491,      4994,      3489
      3620,      3464,      4993,      3462,      1246
      3619,      4993,      2334,       629,      3462
      3618,      2335,       204,      2334,      4993
      3617,       630,      2335,      4993,      3464
      3616,      2334,      4992,      3463,       629
      3615,      4992,      3496,      1255,      3463
      3614,      2336,       646,      3496,      4992
      3613,       204,      2336,      4992,      2334
      3612,      2337,      4991,      2336,       204
      3611,      4991,      3497,       646,      2336
      3610,      3499,      1264,      3497,      4991
      3609,       647,      3499,      4991,      2337
      3608,      3465,      4990,      2335,       630
      3607,      4990,      2337,       204,      2335
      3606,      3498,       647,      2337,      4990
      3605,      1256,      3498,      4990,      3465
      3604,      3500,      4989,      3471,      1257
      3603,      4989,      2338,       633,      3471
      3602,      2340,       205,      2338,      4989
      3601,       648,      2340,      4989,      3500
      3600,      2338,      4988,      3470,       633
      3599,      4988,      3472,      1249,      3470
      3598,      2339,       634,      3472,      4988
      3597,       205,      2339,      4988,      2338
      3596,      2341,      4987,      2339,       205
      3595,      4987,      3473,       634,      2339
      3594,      3502,      1258,      3473,      4987
      3593,       649,      3502,      4987,      2341
      3592,      3501,      4986,      2340,       648
      3591,      4986,      2341,       205,      2340
      3590,      3503,       649,      2341,      4986
      3589,      1265,      3503,      4986,      3501
      3588,      3505,      4985,      3507,      1266
      3587,      4985,      2345,       651,      3507
      3586,      2344,       206,      2345,      4985
      3585,       650,      2344,      4985,      3505
      3584,      2345,      4984,      3506,       651
      3583,      4984,      3477,      1259,      3506
      3582,      2343,       636,      3477,      4984
      3581,       206,      2343,      4984,      2345
      3580,      2342,      4983,      2343,       206
      3579,      4983,      3476,       636,      2343
      3578,      3466,      1248,      3476,      4983
      3577,       631,      3466,      4983,      2342
      3576,      3504,      4982,      2344,       650
      3575,      4982,      2342,       206,      2344
      3574,      3467,       631,      2342,      4982
      3573,      1256,      3467,      4982,      3504
      3572,      4312,      4981,      3475,      1258
      3571,      4981,      2346,       635,      3475
      3570,      2348,       207,      2346,      4981
      3569,      1051,      2348,      4981,      4312
      3568,      2346,      4980,      3474,       635
      3567,      4980,      4308,      1251,      3474
      3566,      2347,      1049,      4308,      4980
      3565,       207,      2347,      4980,      2346
      3564,      2349,      4979,      2347,       207
      3563,      4979,      4309,      1049,      2347
      3562,      4314,      1476,      4309,      4979
      3561,      1052,      4314,      4979,      2349
      3560,      4313,      4978,      2348,      1051
      3559,      4978,      2349,       207,      2348
      3558,      4315,      1052,      2349,      4978
      3557,      1477,      4315,      4978,      4313
      3556,      3480,      4977,      3478,      1250
      3555,      4977,      2350,       637,      3478
      3554,      2351,       208,      2350,      4977
      3553,       638,      2351,      4977,      3480
      3552,      2350,      4976,      3479,       637
      3551,      4976,      3508,      1259,      3479
      3550,      2352,       652,      3508,      4976
      3549,       208,      2352,      4976,      2350
      3548,      2353,      4975,      2352,       208
      3547,      4975,      3509,       652,      2352
      3546,      3511,      1267,      3509,      4975
      3545,       653,      3511,      4975,      2353
      3544,      3481,      4974,      2351,       638
      3543,      4974,      2353,       208,      2351
      3542,      3510,       653,      2353,      4974
      3541,      1260,      3510,      4974,      3481
      3540,      3484,      4973,      3482,      1252
      3539,      4973,      2354,       639,      3482
      3538,      2355,       209,      2354,      4973
      3537,       640,      2355,      4973,      3484
      3536,      2354,      4972,      3483,       639
      3535,      4972,      3512,      1260,      3483
      3534,      2356,       654,      3512,      4972
      3533,       209,      2356,      4972,      2354
      3532,      2357,      4971,      2356,       209
      3531,      4971,      3513,       654,      2356
      3530,      3515,      1268,      3513,      4971
      3529,       655,      3515,      4971,      2357
      3528,      3485,      4970,      2355,       640
      3527,      4970,      2357,       209,      2355
      3526,      3514,       655,      2357,      4970
      3525,      1261,      3514,      4970,      3485
      3524,      4004,      4969,      3486,      1253
      3523,      4969,      2358,       641,      3486
      3522,      2360,       210,      2358,      4969
      3521,       900,      2360,      4969,      4004
      3520,      2358,      4968,      3487,       641
      3519,      4968,      4000,      1261,      3487
      3518,      2359,       898,      4000,      4968
      3517,       210,      2359,      4968,      2358
      3516,      2361,      4967,      2359,       210
      3515,      4967,      4001,       898,      2359
      3514,      4006,      1399,      4001,      4967
      3513,       901,      4006,      4967,      2361
      3512,      4005,      4966,      2360,       900
      3511,      4966,      2361,       210,      2360
      3510,      4007,       901,      2361,      4966
      3509,      1400,      4007,      4966,      4005
      3508,      3492,      4965,      3488,      1254
      3507,      4965,      2362,       642,      3488
      3506,      2363,       211,      2362,      4965
      3505,       644,      2363,      4965,      3492
      3504,      2362,      4964,      3489,       642
      3503,      4964,      3516,      1262,      3489
      3502,      2364,       656,      3516,      4964
      3501,       211,      2364,      4964,      2362
      3500,      2365,      4963,      2364,       211
      3499,      4963,      3517,       656,      2364
      3498,      3519,      1269,      3517,      4963
      3497,       657,      3519,      4963,      2365
      3496,      3493,      4962,      2363,       644
      3495,      4962,      2365,       211,      2363
      3494,      3518,       657,      2365,      4962
      3493,      1263,      3518,      4962,      3493
      3492,      3496,      4961,      3494,      1255
      3491,      4961,      2366,       645,      3494
      3490,      2367,       212,      2366,      4961
      3489,       646,      2367,      4961,      3496
      3488,      2366,      4960,      3495,       645
      3487,      4960,      3524,      1263,      3495
      3486,      2368,       660,      3524,      4960
      3485,       212,      2368,      4960,      2366
      3484,      2369,      4959,      2368,       212
      3483,      4959,      3525,       660,      2368
      3482,      3527,      1271,      3525,      4959
      3481,       661,      3527,      4959,      2369
      3480,      3497,      4958,      2367,       646
      3479,      4958,      2369,       212,      2367
      3478,      3526,       661,      2369,      4958
      3477,      1264,      3526,      4958,      3497
      3476,      3520,      4957,      3491,      1262
      3475,      4957,      2370,       643,      3491
      3474,      2372,       213,      2370,      4957
      3473,       658,      2372,      4957,      3520
      3472,      2370,      4956,      3490,       643
      3471,      4956,      3500,      1257,      3490
      3470,      2371,       648,      3500,      4956
      3469,       213,      2371,      4956,      2370
      3468,      2373,      4955,      2371,       213
      3467,      4955,      3501,       648,      2371
      3466,      3522,      1265,      3501,      4955
      3465,       659,      3522,      4955,      2373
      3464,      3521,      4954,      2372,       658
      3463,      4954,      2373,       213,      2372
      3462,      3523,       659,      2373,      4954
      3461,      1270,      3523,      4954,      3521
      3460,      3504,      4953,      3498,      1256
      3459,      4953,      2374,       647,      3498
      3458,      2375,       214,      2374,      4953
      3457,       650,      2375,      4953,      3504
      3456,      2374,      4952,      3499,       647
      3455,      4952,      3528,      1264,      3499
      3454,      2376,       662,      3528,      4952
      3453,       214,      2376,      4952,      2374
      3452,      2377,      4951,      2376,       214
      3451,      4951,      3529,       662,      2376
      3450,      3531,      1272,      3529,      4951
      3449,       663,      3531,      4951,      2377
      3448,      3505,      4950,      2375,       650
      3447,      4950,      2377,       214,      2375
      3446,      3530,       663,      2377,      4950
      3445,      1266,      3530,      4950,      3505
      3444,      4317,      4949,      3503,      1265
      3443,      4949,      2378,       649,      3503
      3442,      2380,       215,      2378,      4949
      3441,      1053,      2380,      4949,      4317
      3440,      2378,      4948,      3502,       649
      3439,      4948,      4312,      1258,      3502
      3438,      2379,      1051,      4312,      4948
      3437,       215,      2379,      4948,      2378
      3436,      2381,      4947,      2379,       215
      3435,      4947,      4313,      1051,      2379
      3434,      4319,      1477,      4313,      4947
      3433,      1054,      4319,      4947,      2381
      3432,      4318,      4946,      2380,      1053
      3431,      4946,      2381,       215,      2380
      3430,      4320,      1054,      2381,      4946
      3429,      1478,      4320,      4946,      4318
      3428,      3508,      4945,      3506,      1259
      3427,      4945,      2382,       651,      3506
      3426,      2383,       216,      2382,      4945
      3425,       652,      2383,      4945,      3508
      3424,      2382,      4944,      3507,       651
      3423,      4944,      3532,      1266,      3507
      3422,      2384,       664,      3532,      4944
      3421,       216,      2384,      4944,      2382
      3420,      2385,      4943,      2384,       216
      3419,      4943,      3533,       664,      2384
      3418,      3535,      1273,      3533,      4943
      3417,       665,      3535,      4943,      2385
      3416,      3509,      4942,      2383,       652
      3415,      4942,      2385,       216,      2383
      3414,      3534,       665,      2385,      4942
      3413,      1267,      3534,      4942,      3509
      3412,      3537,      4941,      3539,      1274
      3411,      4941,      2389,       667,      3539
      3410,      2388,       217,      2389,      4941
      3409,       666,      2388,      4941,      3537
      3408,      2389,      4940,      3538,       667
      3407,      4940,      3513,      1268,      3538
      3406,      2387,       654,      3513,      4940
      3405,       217,      2387,      4940,      2389
      3404,      2386,      4939,      2387,       217
      3403,      4939,      3512,       654,      2387
      3402,      3510,      1260,      3512,      4939
      3401,       653,      3510,      4939,      2386
      3400,      3536,      4938,      2388,       666
      3399,      4938,      2386,       217,      2388
      3398,      3511,       653,      2386,      4938
      3397,      1267,      3511,      4938,      3536
      3396,      4000,      4937,      3514,      1261
      3395,      4937,      2390,       655,      3514
      3394,      2392,       218,      2390,      4937
      3393,       898,      2392,      4937,      4000
      3392,      2390,      4936,      3515,       655
      3391,      4936,      3996,      1268,      3515
      3390,      2391,       896,      3996,      4936
      3389,       218,      2391,      4936,      2390
      3388,      2393,      4935,      2391,       218
      3387,      4935,      3997,       896,      2391
      3386,      4002,      1398,      3997,      4935
      3385,       899,      4002,      4935,      2393
      3384,      4001,      4934,      2392,       898
      3383,      4934,      2393,       218,      2392
      3382,      4003,       899,      2393,      4934
      3381,      1399,      4003,      4934,      4001
      3380,      3516,      4933,      3520,      1262
      3379,      4933,      2395,       658,      3520
      3378,      2394,       219,      2395,      4933
      3377,       656,      2394,      4933,      3516
      3376,      2395,      4932,      3521,       658
      3375,      4932,      3542,      1270,      3521
      3374,      2397,       669,      3542,      4932
      3373,       219,      2397,      4932,      2395
      3372,      2396,      4931,      2397,       219
      3371,      4931,      3543,       669,      2397
      3370,      3541,      1275,      3543,      4931
      3369,       668,      3541,      4931,      2396
      3368,      3517,      4930,      2394,       656
      3367,      4930,      2396,       219,      2394
      3366,      3540,       668,      2396,      4930
      3365,      1269,      3540,      4930,      3517
      3364,      3524,      4929,      3518,      1263
      3363,      4929,      2398,       657,      3518
      3362,      2399,       220,      2398,      4929
      3361,       660,      2399,      4929,      3524
      3360,      2398,      4928,      3519,       657
      3359,      4928,      3544,      1269,      3519
      3358,      2400,       670,      3544,      4928
      3357,       220,      2400,      4928,      2398
      3356,      2401,      4927,      2400,       220
      3355,      4927,      3545,       670,      2400
      3354,      3547,      1276,      3545,      4927
      3353,       671,      3547,      4927,      2401
      3352,      3525,      4926,      2399,       660
      3351,      4926,      2401,       220,      2399
      3350,      3546,       671,      2401,      4926
      3349,      1271,      3546,      4926,      3525
      3348,      3528,      4925,      3526,      1264
      3347,      4925,      2402,       661,      3526
      3346,      2403,       221,      2402,      4925
      3345,       662,      2403,      4925,      3528
      3344,      2402,      4924,      3527,       661
      3343,      4924,      3548,      1271,      3527
      3342,      2404,       672,      3548,      4924
      3341,       221,      2404,      4924,      2402
      3340,      2405,      4923,      2404,       221
      3339,      4923,      3549,       672,      2404
      3338,      3551,      1277,      3549,      4923
      3337,       673,      3551,      4923,      2405
      3336,      3529,      4922,      2403,       662
      3335,      4922,      2405,       221,      2403
      3334,      3550,       673,      2405,      4922
      3333,      1272,      3550,      4922,      3529
      3332,      4322,      4921,      3523,      1270
      3331,      4921,      2406,       659,      3523
      3330,      2408,       222,      2406,      4921
      3329,      1055,      2408,      4921,      4322
      3328,      2406,      4920,      3522,       659
      3327,      4920,      4317,      1265,      3522
      3326,      2407,      1053,      4317,      4920
      3325,       222,      2407,      4920,      2406
      3324,      2409,      4919,      2407,       222
      3323,      4919,      4318,      1053,      2407
      3322,      4326,      1478,      4318,      4919
      3321,      1057,      4326,      4919,      2409
      3320,      4323,      4918,      2408,      1055
      3319,      4918,      2409,       222,      2408
      3318,      4327,      1057,      2409,      4918
      3317,      1479,      4327,      4918,      4323
      3316,      3532,      4917,      3530,      1266
      3315,      4917,      2410,       663,      3530
      3314,      2411,       223,      2410,      4917
      3313,       664,      2411,      4917,      3532
      3312,      2410,      4916,      3531,       663
      3311,      4916,      3552,      1272,      3531
      3310,      2412,       674,      3552,      4916
      3309,       223,      2412,      4916,      2410
      3308,      2413,      4915,      2412,       223
      3307,      4915,      3553,       674,      2412
      3306,      3555,      1278,      3553,      4915
      3305,       675,      3555,      4915,      2413
      3304,      3533,      4914,      2411,       664
      3303,      4914,      2413,       223,      2411
      3302,      3554,       675,      2413,      4914
      3301,      1273,      3554,      4914,      3533
      3300,      3557,      4913,      3559,      1279
      3299,      4913,      2417,       677,      3559
      3298,      2416,       224,      2417,      4913
      3297,       676,      2416,      4913,      3557
      3296,      2417,      4912,      3558,       677
      3295,      4912,      3537,      1274,      3558
      3294,      2415,       666,      3537,      4912
      3293,       224,      2415,      4912,      2417
      3292,      2414,      4911,      2415,       224
      3291,      4911,      3536,       666,      2415
      3290,      3534,      1267,      3536,      4911
      3289,       665,      3534,      4911,      2414
      3288,      3556,      4910,      2416,       676
      3287,      4910,      2414,       224,      2416
      3286,      3535,       665,      2414,      4910
      3285,      1273,      3535,      4910,      3556
      3284,      3993,      4909,      3998,      1397
      3283,      4909,      2421,       897,      3998
      3282,      2419,       225,      2421,      4909
      3281,       894,      2419,      4909,      3993
      3280,      2421,      4908,      3999,       897
      3279,      4908,      3997,      1398,      3999
      3278,      2420,       896,      3997,      4908
      3277,       225,      2420,      4908,      2421
      3276,      2418,      4907,      2420,       225
      3275,      4907,      3996,       896,      2420
      3274,      3538,      1268,      3996,      4907
      3273,       667,      3538,      4907,      2418
      3272,      3992,      4906,      2419,       894
      3271,      4906,      2418,       225,      2419
      3270,      3539,       667,      2418,      4906
      3269,      1274,      3539,      4906,      3992
      3268,      3544,      4905,      3540,      1269
      3267,      4905,      2422,       668,      3540
      3266,      2423,       226,      2422,      4905
      3265,       670,      2423,      4905,      3544
      3264,      2422,      4904,      3541,       668
      3263,      4904,      3562,      1275,      3541
      3262,      2424,       679,      3562,      4904
      3261,       226,      2424,      4904,      2422
      3260,      2425,      4903,      2424,       226
      3259,      4903,      3563,       679,      2424
      3258,      3565,      1281,      3563,      4903
      3257,       680,      3565,      4903,      2425
      3256,      3545,      4902,      2423,       670
      3255,      4902,      2425,       226,      2423
      3254,      3564,       680,      2425,      4902
      3253,      1276,      3564,      4902,      3545
      3252,      3542,      4901,      4322,      1270
      3251,      4901,      2428,      1055,      4322
      3250,      2426,       227,      2428,      4901
      3249,       669,      2426,      4901,      3542
      3248,      2428,      4900,      4323,      1055
      3247,      4900,      4325,      1479,      4323
      3246,      2429,      1056,      4325,      4900
      3245,       227,      2429,      4900,      2428
      3244,      2427,      4899,      2429,       227
      3243,      4899,      4324,      1056,      2429
      3242,      3561,      1280,      4324,      4899
      3241,       678,      3561,      4899,      2427
      3240,      3543,      4898,      2426,       669
      3239,      4898,      2427,       227,      2426
      3238,      3560,       678,      2427,      4898
      3237,      1275,      3560,      4898,      3543
      3236,      3548,      4897,      3546,      1271
      3235,      4897,      2430,       671,      3546
      3234,      2431,       228,      2430,      4897
      3233,       672,      2431,      4897,      3548
      3232,      2430,      4896,      3547,       671
      3231,      4896,      3566,      1276,      3547
      3230,      2432,       681,      3566,      4896
      3229,       228,      2432,      4896,      2430
      3228,      2433,      4895,      2432,       228
      3227,      4895,      3567,       681,      2432
      3226,      3569,      1282,      3567,      4895
      3225,       682,      3569,      4895,      2433
      3224,      3549,      4894,      2431,       672
      3223,      4894,      2433,       228,      2431
      3222,      3568,       682,      2433,      4894
      3221,      1277,      3568,      4894,      3549
      3220,      3552,      4893,      3550,      1272
      3219,      4893,      2434,       673,      3550
      3218,      2435,       229,      2434,      4893
      3217,       674,      2435,      4893,      3552
      3216,      2434,      4892,      3551,       673
      3215,      4892,      3570,      1277,      3551
      3214,      2436,       683,      3570,      4892
      3213,       229,      2436,      4892,      2434
      3212,      2437,      4891,      2436,       229
      3211,      4891,      3571,       683,      2436
      3210,      3573,      1283,      3571,      4891
      3209,       684,      3573,      4891,      2437
      3208,      3553,      4890,      2435,       674
      3207,      4890,      2437,       229,      2435
      3206,      3572,       684,      2437,      4890
      3205,      1278,      3572,      4890,      3553
      3204,      3556,      4889,      3554,      1273
      3203,      4889,      2438,       675,      3554
      3202,      2439,       230,      2438,      4889
      3201,       676,      2439,      4889,      3556
      3200,      2438,      4888,      3555,       675
      3199,      4888,      3574,      1278,      3555
      3198,      2440,       685,      3574,      4888
      3197,       230,      2440,      4888,      2438
      3196,      2441,      4887,      2440,       230
      3195,      4887,      3575,       685,      2440
      3194,      3577,      1284,      3575,      4887
      3193,       686,      3577,      4887,      2441
      3192,      3557,      4886,      2439,       676
      3191,      4886,      2441,       230,      2439
      3190,      3576,       686,      2441,      4886
      3189,      1279,      3576,      4886,      3557
      3188,      3989,      4885,      3994,      1396
      3187,      4885,      2445,       895,      3994
      3186,      2443,       231,      2445,      4885
      3185,       892,      2443,      4885,      3989
      3184,      2445,      4884,      3995,       895
      3183,      4884,      3993,      1397,      3995
      3182,      2444,       894,      3993,      4884
      3181,       231,      2444,      4884,      2445
      3180,      2442,      4883,      2444,       231
      3179,      4883,      3992,       894,      2444
      3178,      3558,      1274,      3992,      4883
      3177,       677,      3558,      4883,      2442
      3176,      3988,      4882,      2443,       892
      3175,      4882,      2442,       231,      2443
      3174,      3559,       677,      2442,      4882
      3173,      1279,      3559,      4882,      3988
      3172,      4325,      4881,      4331,      1479
      3171,      4881,      2449,      1059,      4331
      3170,      2447,       232,      2449,      4881
      3169,      1056,      2447,      4881,      4325
      3168,      2449,      4880,      4332,      1059
      3167,      4880,      4330,      1480,      4332
      3166,      2448,      1058,      4330,      4880
      3165,       232,      2448,      4880,      2449
      3164,      2446,      4879,      2448,       232
      3163,      4879,      4329,      1058,      2448
      3162,      3579,      1285,      4329,      4879
      3161,       687,      3579,      4879,      2446
      3160,      4324,      4878,      2447,      1056
      3159,      4878,      2446,       232,      2447
      3158,      3578,       687,      2446,      4878
      3157,      1280,      3578,      4878,      4324
      3156,      3562,      4877,      3560,      1275
      3155,      4877,      2450,       678,      3560
      3154,      2451,       233,      2450,      4877
      3153,       679,      2451,      4877,      3562
      3152,      2450,      4876,      3561,       678
      3151,      4876,      3580,      1280,      3561
      3150,      2452,       688,      3580,      4876
      3149,       233,      2452,      4876,      2450
      3148,      2453,      4875,      2452,       233
      3147,      4875,      3581,       688,      2452
      3146,      3583,      1286,      3581,      4875
      3145,       689,      3583,      4875,      2453
      3144,      3563,      4874,      2451,       679
      3143,      4874,      2453,       233,      2451
      3142,      3582,       689,      2453,      4874
      3141,      1281,      3582,      4874,      3563
      3140,      3566,      4873,      3564,      1276
      3139,      4873,      2454,       680,      3564
      3138,      2455,       234,      2454,      4873
      3137,       681,      2455,      4873,      3566
      3136,      2454,      4872,      3565,       680
      3135,      4872,      3584,      1281,      3565
      3134,      2456,       690,      3584,      4872
      3133,       234,      2456,      4872,      2454
      3132,      2457,      4871,      2456,       234
      3131,      4871,      3585,       690,      2456
      3130,      3587,      1287,      3585,      4871
      3129,       691,      3587,      4871,      2457
      3128,      3567,      4870,      2455,       681
      3127,      4870,      2457,       234,      2455
      3126,      3586,       691,      2457,      4870
      3125,      1282,      3586,      4870,      3567
      3124,      3570,      4869,      3568,      1277
      3123,      4869,      2458,       682,      3568
      3122,      2459,       235,      2458,      4869
      3121,       683,      2459,      4869,      3570
      3120,      2458,      4868,      3569,       682
      3119,      4868,      3588,      1282,      3569
      3118,      2460,       692,      3588,      4868
      3117,       235,      2460,      4868,      2458
      3116,      2461,      4867,      2460,       235
      3115,      4867,      3589,       692,      2460
      3114,      3591,      1288,      3589,      4867
      3113,       693,      3591,      4867,      2461
      3112,      3571,      4866,      2459,       683
      3111,      4866,      2461,       235,      2459
      3110,      3590,       693,      2461,      4866
      3109,      1283,      3590,      4866,      3571
      3108,      3574,      4865,      3572,      1278
      3107,      4865,      2462,       684,      3572
      3106,      2463,       236,      2462,      4865
      3105,       685,      2463,      4865,      3574
      3104,      2462,      4864,      3573,       684
      3103,      4864,      3592,      1283,      3573
      3102,      2464,       694,      3592,      4864
      3101,       236,      2464,      4864,      2462
      3100,      2465,      4863,      2464,       236
      3099,      4863,      3593,       694,      2464
      3098,      3595,      1289,      3593,      4863
      3097,       695,      3595,      4863,      2465
      3096,      3575,      4862,      2463,       685
      3095,      4862,      2465,       236,      2463
      3094,      3594,       695,      2465,      4862
      3093,      1284,      3594,      4862,      3575
      3092,      3988,      4861,      3576,      1279
      3091,      4861,      2466,       686,      3576
      3090,      2468,       237,      2466,      4861
      3089,       892,      2468,      4861,      3988
      3088,      2466,      4860,      3577,       686
      3087,      4860,      3984,      1284,      3577
      3086,      2467,       890,      3984,      4860
      3085,       237,      2467,      4860,      2466
      3084,      2469,      4859,      2467,       237
      3083,      4859,      3985,       890,      2467
      3082,      3990,      1395,      3985,      4859
      3081,       893,      3990,      4859,      2469
      3080,      3989,      4858,      2468,       892
      3079,      4858,      2469,       237,      2468
      3078,      3991,       893,      2469,      4858
      3077,      1396,      3991,      4858,      3989
      3076,      4330,      4857,      4336,      1480
      3075,      4857,      2473,      1061,      4336
      3074,      2471,       238,      2473,      4857
      3073,      1058,      2471,      4857,      4330
      3072,      2473,      4856,      4337,      1061
      3071,      4856,      4335,      1481,      4337
      3070,      2472,      1060,      4335,      4856
      3069,       238,      2472,      4856,      2473
      3068,      2470,      4855,      2472,       238
      3067,      4855,      4334,      1060,      2472
      3066,      3597,      1290,      4334,      4855
      3065,       696,      3597,      4855,      2470
      3064,      4329,      4854,      2471,      1058
      3063,      4854,      2470,       238,      2471
      3062,      3596,       696,      2470,      4854
      3061,      1285,      3596,      4854,      4329
      3060,      3580,      4853,      3578,      1280
      3059,      4853,      2474,       687,      3578
      3058,      2475,       239,      2474,      4853
      3057,       688,      2475,      4853,      3580
      3056,      2474,      4852,      3579,       687
      3055,      4852,      3598,      1285,      3579
      3054,      2476,       697,      3598,      4852
      3053,       239,      2476,      4852,      2474
      3052,      2477,      4851,      2476,       239
      3051,      4851,      3599,       697,      2476
      3050,      3601,      1291,      3599,      4851
      3049,       698,      3601,      4851,      2477
      3048,      3581,      4850,      2475,       688
      3047,      4850,      2477,       239,      2475
      3046,      3600,       698,      2477,      4850
      3045,      1286,      3600,      4850,      3581
      3044,      3584,      4849,      3582,      1281
      3043,      4849,      2478,       689,      3582
      3042,      2479,       240,      2478,      4849
      3041,       690,      2479,      4849,      3584
      3040,      2478,      4848,      3583,       689
      3039,      4848,      3602,      1286,      3583
      3038,      2480,       699,      3602,      4848
      3037,       240,      2480,      4848,      2478
      3036,      2481,      4847,      2480,       240
      3035,      4847,      3603,       699,      2480
      3034,      3605,      1292,      3603,      4847
      3033,       700,      3605,      4847,      2481
      3032,      3585,      4846,      2479,       690
      3031,      4846,      2481,       240,      2479
      3030,      3604,       700,      2481,      4846
      3029,      1287,      3604,      4846,      3585
      3028,      3588,      4845,      3586,      1282
      3027,      4845,      2482,       691,      3586
      3026,      2483,       241,      2482,      4845
      3025,       692,      2483,      4845,      3588
      3024,      2482,      4844,      3587,       691
      3023,      4844,      3606,      1287,      3587
      3022,      2484,       701,      3606,      4844
      3021,       241,      2484,      4844,      2482
      3020,      2485,      4843,      2484,       241
      3019,      4843,      3607,       701,      2484
      3018,      3609,      1293,      3607,      4843
      3017,       702,      3609,      4843,      2485
      3016,      3589,      4842,      2483,       692
      3015,      4842,      2485,       241,      2483
      3014,      3608,       702,      2485,      4842
      3013,      1288,      3608,      4842,      3589
      3012,      3592,      4841,      3590,      1283
      3011,      4841,      2486,       693,      3590
      3010,      2487,       242,      2486,      4841
      3009,       694,      2487,      4841,      3592
      3008,      2486,      4840,      3591,       693
      3007,      4840,      3610,      1288,      3591
      3006,      2488,       703,      3610,      4840
      3005,       242,      2488,      4840,      2486
      3004,      2489,      4839,      2488,       242
      3003,      4839,      3611,       703,      2488
      3002,      3613,      1294,      3611,      4839
      3001,       704,      3613,      4839,      2489
      3000,      3593,      4838,      2487,       694
      2999,      4838,      2489,       242,      2487
      2998,      3612,       704,      2489,      4838
      2997,      1289,      3612,      4838,      3593
      2996,      3984,      4837,      3594,      1284
      2995,      4837,      2490,       695,      3594
      2994,      2492,       243,      2490,      4837
      2993,       890,      2492,      4837,      3984
      2992,      2490,      4836,      3595,       695
      2991,      4836,      3980,      1289,      3595
      2990,      2491,       888,      3980,      4836
      2989,       243,      2491,      4836,      2490
      2988,      2493,      4835,      2491,       243
      2987,      4835,      3981,       888,      2491
      2986,      3986,      1394,      3981,      4835
      2985,       891,      3986,      4835,      2493
      2984,      3985,      4834,      2492,       890
      2983,      4834,      2493,       243,      2492
      2982,      3987,       891,      2493,      4834
      2981,      1395,      3987,      4834,      3985
      2980,      4335,      4833,      4341,      1481
      2979,      4833,      2497,      1063,      4341
      2978,      2495,       244,      2497,      4833
      2977,      1060,      2495,      4833,      4335
      2976,      2497,      4832,      4342,      1063
      2975,      4832,      4340,      1482,      4342
      2974,      2496,      1062,      4340,      4832
      2973,       244,      2496,      4832,      2497
      2972,      2494,      4831,      2496,       244
      2971,      4831,      4339,      1062,      2496
      2970,      3615,      1295,      4339,      4831
      2969,       705,      3615,      4831,      2494
      2968,      4334,      4830,      2495,      1060
      2967,      4830,      2494,       244,      2495
      2966,      3614,       705,      2494,      4830
      2965,      1290,      3614,      4830,      4334
      2964,      3598,      4829,      3596,      1285
      2963,      4829,      2498,       696,      3596
      2962,      2499,       245,      2498,      4829
      2961,       697,      2499,      4829,      3598
      2960,      2498,      4828,      3597,       696
      2959,      4828,      3616,      1290,      3597
      2958,      2500,       706,      3616,      4828
      2957,       245,      2500,      4828,      2498
      2956,      2501,      4827,      2500,       245
      2955,      4827,      3617,       706,      2500
      2954,      3619,      1296,      3617,      4827
      2953,       707,      3619,      4827,      2501
      2952,      3599,      4826,      2499,       697
      2951,      4826,      2501,       245,      2499
      2950,      3618,       707,      2501,      4826
      2949,      1291,      3618,      4826,      3599
      2948,      3602,      4825,      3600,      1286
      2947,      4825,      2502,       698,      3600
      2946,      2503,       246,      2502,      4825
      2945,       699,      2503,      4825,      3602
      2944,      2502,      4824,      3601,       698
      2943,      4824,      3620,      1291,      3601
      2942,      2504,       708,      3620,      4824
      2941,       246,      2504,      4824,      2502
      2940,      2505,      4823,      2504,       246
      2939,      4823,      3621,       708,      2504
      2938,      3623,      1297,      3621,      4823
      2937,       709,      3623,      4823,      2505
      2936,      3603,      4822,      2503,       699
      2935,      4822,      2505,       246,      2503
      2934,      3622,       709,      2505,      4822
      2933,      1292,      3622,      4822,      3603
      2932,      3606,      4821,      3604,      1287
      2931,      4821,      2506,       700,      3604
      2930,      2507,       247,      2506,      4821
      2929,       701,      2507,      4821,      3606
      2928,      2506,      4820,      3605,       700
      2927,      4820,      3624,      1292,      3605
      2926,      2508,       710,      3624,      4820
      2925,       247,      2508,      4820,      2506
      2924,      2509,      4819,      2508,       247
      2923,      4819,      3625,       710,      2508
      2922,      3627,      1298,      3625,      4819
      2921,       711,      3627,      4819,      2509
      2920,      3607,      4818,      2507,       701
      2919,      4818,      2509,       247,      2507
      2918,      3626,       711,      2509,      4818
      2917,      1293,      3626,      4818,      3607
      2916,      3610,      4817,      3608,      1288
      2915,      4817,      2510,       702,      3608
      2914,      2511,       248,      2510,      4817
      2913,       703,      2511,      4817,      3610
      2912,      2510,      4816,      3609,       702
      2911,      4816,      3628,      1293,      3609
      2910,      2512,       712,      3628,      4816
      2909,       248,      2512,      4816,      2510
      2908,      2513,      4815,      2512,       248
      2907,      4815,      3629,       712,      2512
      2906,      3631,      1299,      3629,      4815
      2905,       713,      3631,      4815,      2513
      2904,      3611,      4814,      2511,       703
      2903,      4814,      2513,       248,      2511
      2902,      3630,       713,      2513,      4814
      2901,      1294,      3630,      4814,      3611
      2900,      3980,      4813,      3612,      1289
      2899,      4813,      2514,       704,      3612
      2898,      2516,       249,      2514,      4813
      2897,       888,      2516,      4813,      3980
      2896,      2514,      4812,      3613,       704
      2895,      4812,      3976,      1294,      3613
      2894,      2515,       886,      3976,      4812
      2893,       249,      2515,      4812,      2514
      2892,      2517,      4811,      2515,       249
      2891,      4811,      3977,       886,      2515
      2890,      3982,      1393,      3977,      4811
      2889,       889,      3982,      4811,      2517
      2888,      3981,      4810,      2516,       888
      2887,      4810,      2517,       249,      2516
      2886,      3983,       889,      2517,      4810
      2885,      1394,      3983,      4810,      3981
      2884,      4340,      4809,      4346,      1482
      2883,      4809,      2521,      1065,      4346
      2882,      2519,       250,      2521,      4809
      2881,      1062,      2519,      4809,      4340
      2880,      2521,      4808,      4347,      1065
      2879,      4808,      4345,      1483,      4347
      2878,      2520,      1064,      4345,      4808
      2877,       250,      2520,      4808,      2521
      2876,      2518,      4807,      2520,       250
      2875,      4807,      4344,      1064,      2520
      2874,      3633,      1300,      4344,      4807
      2873,       714,      3633,      4807,      2518
      2872,      4339,      4806,      2519,      1062
      2871,      4806,      2518,       250,      2519
      2870,      3632,       714,      2518,      4806
      2869,      1295,      3632,      4806,      4339
      2868,      3635,      4805,      3637,      1301
      2867,      4805,      2525,       716,      3637
      2866,      2524,       251,      2525,      4805
      2865,       715,      2524,      4805,      3635
      2864,      2525,      4804,      3636,       716
      2863,      4804,      3617,      1296,      3636
      2862,      2523,       706,      3617,      4804
      2861,       251,      2523,      4804,      2525
      2860,      2522,      4803,      2523,       251
      2859,      4803,      3616,       706,      2523
      2858,      3614,      1290,      3616,      4803
      2857,       705,      3614,      4803,      2522
      2856,      3634,      4802,      2524,       715
      2855,      4802,      2522,       251,      2524
      2854,      3615,       705,      2522,      4802
      2853,      1295,      3615,      4802,      3634
      2852,      3620,      4801,      3618,      1291
      2851,      4801,      2526,       707,      3618
      2850,      2527,       252,      2526,      4801
      2849,       708,      2527,      4801,      3620
      2848,      2526,      4800,      3619,       707
      2847,      4800,      3638,      1296,      3619
      2846,      2528,       717,      3638,      4800
      2845,       252,      2528,      4800,      2526
      2844,      2529,      4799,      2528,       252
      2843,      4799,      3639,       717,      2528
      2842,      3641,      1302,      3639,      4799
      2841,       718,      3641,      4799,      2529
      2840,      3621,      4798,      2527,       708
      2839,      4798,      2529,       252,      2527
      2838,      3640,       718,      2529,      4798
      2837,      1297,      3640,      4798,      3621
      2836,      3624,      4797,      3622,      1292
      2835,      4797,      2530,       709,      3622
      2834,      2531,       253,      2530,      4797
      2833,       710,      2531,      4797,      3624
      2832,      2530,      4796,      3623,       709
      2831,      4796,      3642,      1297,      3623
      2830,      2532,       719,      3642,      4796
      2829,       253,      2532,      4796,      2530
      2828,      2533,      4795,      2532,       253
      2827,      4795,      3643,       719,      2532
      2826,      3645,      1303,      3643,      4795
      2825,       720,      3645,      4795,      2533
      2824,      3625,      4794,      2531,       710
      2823,      4794,      2533,       253,      2531
      2822,      3644,       720,      2533,      4794
      2821,      1298,      3644,      4794,      3625
      2820,      3628,      4793,      3626,      1293
      2819,      4793,      2534,       711,      3626
      2818,      2535,       254,      2534,      4793
      2817,       712,      2535,      4793,      3628
      2816,      2534,      4792,      3627,       711
      2815,      4792,      3646,      1298,      3627
      2814,      2536,       721,      3646,      4792
      2813,       254,      2536,      4792,      2534
      2812,      2537,      4791,      2536,       254
      2811,      4791,      3647,       721,      2536
      2810,      3649,      1304,      3647,      4791
      2809,       722,      3649,      4791,      2537
      2808,      3629,      4790,      2535,       712
      2807,      4790,      2537,       254,      2535
      2806,      3648,       722,      2537,      4790
      2805,      1299,      3648,      4790,      3629
      2804,      3976,      4789,      3630,      1294
      2803,      4789,      2538,       713,      3630
      2802,      2540,       255,      2538,      4789
      2801,       886,      2540,      4789,      3976
      2800,      2538,      4788,      3631,       713
      2799,      4788,      3972,      1299,      3631
      2798,      2539,       884,      3972,      4788
      2797,       255,      2539,      4788,      2538
      2796,      2541,      4787,      2539,       255
      2795,      4787,      3973,       884,      2539
      2794,      3978,      1392,      3973,      4787
      2793,       887,      3978,      4787,      2541
      2792,      3977,      4786,      2540,       886
      2791,      4786,      2541,       255,      2540
      2790,      3979,       887,      2541,      4786
      2789,      1393,      3979,      4786,      3977
      2788,      4345,      4785,      4350,      1483
      2787,      4785,      2545,      1067,      4350
      2786,      2543,       256,      2545,      4785
      2785,      1064,      2543,      4785,      4345
      2784,      2545,      4784,      4351,      1067
      2783,      4784,      4349,      1484,      4351
      2782,      2544,      1066,      4349,      4784
      2781,       256,      2544,      4784,      2545
      2780,      2542,      4783,      2544,       256
      2779,      4783,      4348,      1066,      2544
      2778,      3651,      1305,      4348,      4783
      2777,       723,      3651,      4783,      2542
      2776,      4344,      4782,      2543,      1064
      2775,      4782,      2542,       256,      2543
      2774,      3650,       723,      2542,      4782
      2773,      1300,      3650,      4782,      4344
      2772,      3653,      4781,      3655,      1306
      2771,      4781,      2549,       725,      3655
      2770,      2548,       257,      2549,      4781
      2769,       724,      2548,      4781,      3653
      2768,      2549,      4780,      3654,       725
      2767,      4780,      3635,      1301,      3654
      2766,      2547,       715,      3635,      4780
      2765,       257,      2547,      4780,      2549
      2764,      2546,      4779,      2547,       257
      2763,      4779,      3634,       715,      2547
      2762,      3632,      1295,      3634,      4779
      2761,       714,      3632,      4779,      2546
      2760,      3652,      4778,      2548,       724
      2759,      4778,      2546,       257,      2548
      2758,      3633,       714,      2546,      4778
      2757,      1300,      3633,      4778,      3652
      2756,      3657,      4777,      3659,      1307
      2755,      4777,      2553,       727,      3659
      2754,      2552,       258,      2553,      4777
      2753,       726,      2552,      4777,      3657
      2752,      2553,      4776,      3658,       727
      2751,      4776,      3639,      1302,      3658
      2750,      2551,       717,      3639,      4776
      2749,       258,      2551,      4776,      2553
      2748,      2550,      4775,      2551,       258
      2747,      4775,      3638,       717,      2551
      2746,      3636,      1296,      3638,      4775
      2745,       716,      3636,      4775,      2550
      2744,      3656,      4774,      2552,       726
      2743,      4774,      2550,       258,      2552
      2742,      3637,       716,      2550,      4774
      2741,      1301,      3637,      4774,      3656
      2740,      3642,      4773,      3640,      1297
      2739,      4773,      2554,       718,      3640
      2738,      2555,       259,      2554,      4773
      2737,       719,      2555,      4773,      3642
      2736,      2554,      4772,      3641,       718
      2735,      4772,      3660,      1302,      3641
      2734,      2556,       728,      3660,      4772
      2733,       259,      2556,      4772,      2554
      2732,      2557,      4771,      2556,       259
      2731,      4771,      3661,       728,      2556
      2730,      3663,      1308,      3661,      4771
      2729,       729,      3663,      4771,      2557
      2728,      3643,      4770,      2555,       719
      2727,      4770,      2557,       259,      2555
      2726,      3662,       729,      2557,      4770
      2725,      1303,      3662,      4770,      3643
      2724,      3646,      4769,      3644,      1298
      2723,      4769,      2558,       720,      3644
      2722,      2559,       260,      2558,      4769
      2721,       721,      2559,      4769,      3646
      2720,      2558,      4768,      3645,       720
      2719,      4768,      3664,      1303,      3645
      2718,      2560,       730,      3664,      4768
      2717,       260,      2560,      4768,      2558
      2716,      2561,      4767,      2560,       260
      2715,      4767,      3665,       730,      2560
      2714,      3667,      1309,      3665,      4767
      2713,       731,      3667,      4767,      2561
      2712,      3647,      4766,      2559,       721
      2711,      4766,      2561,       260,      2559
      2710,      3666,       731,      2561,      4766
      2709,      1304,      3666,      4766,      3647
      2708,      3972,      4765,      3648,      1299
      2707,      4765,      2562,       722,      3648
      2706,      2564,       261,      2562,      4765
      2705,       884,      2564,      4765,      3972
      2704,      2562,      4764,      3649,       722
      2703,      4764,      3968,      1304,      3649
      2702,      2563,       882,      3968,      4764
      2701,       261,      2563,      4764,      2562
      2700,      2565,      4763,      2563,       261
      2699,      4763,      3969,       882,      2563
      2698,      3974,      1391,      3969,      4763
      2697,       885,      3974,      4763,      2565
      2696,      3973,      4762,      2564,       884
      2695,      4762,      2565,       261,      2564
      2694,      3975,       885,      2565,      4762
      2693,      1392,      3975,      4762,      3973
      2692,      4349,      4761,      4354,      1484
      2691,      4761,      2569,      1069,      4354
      2690,      2567,       262,      2569,      4761
      2689,      1066,      2567,      4761,      4349
      2688,      2569,      4760,      4355,      1069
      2687,      4760,      4353,      1485,      4355
      2686,      2568,      1068,      4353,      4760
      2685,       262,      2568,      4760,      2569
      2684,      2566,      4759,      2568,       262
      2683,      4759,      4352,      1068,      2568
      2682,      3669,      1310,      4352,      4759
      2681,       732,      3669,      4759,      2566
      2680,      4348,      4758,      2567,      1066
      2679,      4758,      2566,       262,      2567
      2678,      3668,       732,      2566,      4758
      2677,      1305,      3668,      4758,      4348
      2676,      3652,      4757,      3650,      1300
      2675,      4757,      2570,       723,      3650
      2674,      2571,       263,      2570,      4757
      2673,       724,      2571,      4757,      3652
      2672,      2570,      4756,      3651,       723
      2671,      4756,      3670,      1305,      3651
      2670,      2572,       733,      3670,      4756
      2669,       263,      2572,      4756,      2570
      2668,      2573,      4755,      2572,       263
      2667,      4755,      3671,       733,      2572
      2666,      3673,      1311,      3671,      4755
      2665,       734,      3673,      4755,      2573
      2664,      3653,      4754,      2571,       724
      2663,      4754,      2573,       263,      2571
      2662,      3672,       734,      2573,      4754
      2661,      1306,      3672,      4754,      3653
      2660,      3675,      4753,      3677,      1312
      2659,      4753,      2577,       736,      3677
      2658,      2576,       264,      2577,      4753
      2657,       735,      2576,      4753,      3675
      2656,      2577,      4752,      3676,       736
      2655,      4752,      3657,      1307,      3676
      2654,      2575,       726,      3657,      4752
      2653,       264,      2575,      4752,      2577
      2652,      2574,      4751,      2575,       264
      2651,      4751,      3656,       726,      2575
      2650,      3654,      1301,      3656,      4751
      2649,       725,      3654,      4751,      2574
      2648,      3674,      4750,      2576,       735
      2647,      4750,      2574,       264,      2576
      2646,      3655,       725,      2574,      4750
      2645,      1306,      3655,      4750,      3674
      2644,      3660,      4749,      3658,      1302
      2643,      4749,      2578,       727,      3658
      2642,      2579,       265,      2578,      4749
      2641,       728,      2579,      4749,      3660
      2640,      2578,      4748,      3659,       727
      2639,      4748,      3678,      1307,      3659
      2638,      2580,       737,      3678,      4748
      2637,       265,      2580,      4748,      2578
      2636,      2581,      4747,      2580,       265
      2635,      4747,      3679,       737,      2580
      2634,      3681,      1313,      3679,      4747
      2633,       738,      3681,      4747,      2581
      2632,      3661,      4746,      2579,       728
      2631,      4746,      2581,       265,      2579
      2630,      3680,       738,      2581,      4746
      2629,      1308,      3680,      4746,      3661
      2628,      3664,      4745,      3662,      1303
      2627,      4745,      2582,       729,      3662
      2626,      2583,       266,      2582,      4745
      2625,       730,      2583,      4745,      3664
      2624,      2582,      4744,      3663,       729
      2623,      4744,      3682,      1308,      3663
      2622,      2584,       739,      3682,      4744
      2621,       266,      2584,      4744,      2582
      2620,      2585,      4743,      2584,       266
      2619,      4743,      3683,       739,      2584
      2618,      3685,      1314,      3683,      4743
      2617,       740,      3685,      4743,      2585
      2616,      3665,      4742,      2583,       730
      2615,      4742,      2585,       266,      2583
      2614,      3684,       740,      2585,      4742
      2613,      1309,      3684,      4742,      3665
      2612,      3968,      4741,      3666,      1304
      2611,      4741,      2586,       731,      3666
      2610,      2588,       267,      2586,      4741
      2609,       882,      2588,      4741,      3968
      2608,      2586,      4740,      3667,       731
      2607,      4740,      3964,      1309,      3667
      2606,      2587,       880,      3964,      4740
      2605,       267,      2587,      4740,      2586
      2604,      2589,      4739,      2587,       267
      2603,      4739,      3965,       880,      2587
      2602,      3970,      1390,      3965,      4739
      2601,       883,      3970,      4739,      2589
      2600,      3969,      4738,      2588,       882
      2599,      4738,      2589,       267,      2588
      2598,      3971,       883,      2589,      4738
      2597,      1391,      3971,      4738,      3969
      2596,      4353,      4737,      4358,      1485
      2595,      4737,      2593,      1071,      4358
      2594,      2591,       268,      2593,      4737
      2593,      1068,      2591,      4737,      4353
      2592,      2593,      4736,      4359,      1071
      2591,      4736,      4357,      1486,      4359
      2590,      2592,      1070,      4357,      4736
      2589,       268,      2592,      4736,      2593
      2588,      2590,      4735,      2592,       268
      2587,      4735,      4356,      1070,      2592
      2586,      3687,      1315,      4356,      4735
      2585,       741,      3687,      4735,      2590
      2584,      4352,      4734,      2591,      1068
      2583,      4734,      2590,       268,      2591
      2582,      3686,       741,      2590,      4734
      2581,      1310,      3686,      4734,      4352
      2580,      3670,      4733,      3668,      1305
      2579,      4733,      2594,       732,      3668
      2578,      2595,       269,      2594,      4733
      2577,       733,      2595,      4733,      3670
      2576,      2594,      4732,      3669,       732
      2575,      4732,      3688,      1310,      3669
      2574,      2596,       742,      3688,      4732
      2573,       269,      2596,      4732,      2594
      2572,      2597,      4731,      2596,       269
      2571,      4731,      3689,       742,      2596
      2570,      3691,      1316,      3689,      4731
      2569,       743,      3691,      4731,      2597
      2568,      3671,      4730,      2595,       733
      2567,      4730,      2597,       269,      2595
      2566,      3690,       743,      2597,      4730
      2565,      1311,      3690,      4730,      3671
      2564,      3674,      4729,      3672,      1306
      2563,      4729,      2598,       734,      3672
      2562,      2599,       270,      2598,      4729
      2561,       735,      2599,      4729,      3674
      2560,      2598,      4728,      3673,       734
      2559,      4728,      3692,      1311,      3673
      2558,      2600,       744,      3692,      4728
      2557,       270,      2600,      4728,      2598
      2556,      2601,      4727,      2600,       270
      2555,      4727,      3693,       744,      2600
      2554,      3695,      1317,      3693,      4727
      2553,       745,      3695,      4727,      2601
      2552,      3675,      4726,      2599,       735
      2551,      4726,      2601,       270,      2599
      2550,      3694,       745,      2601,      4726
      2549,      1312,      3694,      4726,      3675
      2548,      3678,      4725,      3676,      1307
      2547,      4725,      2602,       736,      3676
      2546,      2603,       271,      2602,      4725
      2545,       737,      2603,      4725,      3678
      2544,      2602,      4724,      3677,       736
      2543,      4724,      3696,      1312,      3677
      2542,      2604,       746,      3696,      4724
      2541,       271,      2604,      4724,      2602
      2540,      2605,      4723,      2604,       271
      2539,      4723,      3697,       746,      2604
      2538,      3699,      1318,      3697,      4723
      2537,       747,      3699,      4723,      2605
      2536,      3679,      4722,      2603,       737
      2535,      4722,      2605,       271,      2603
      2534,      3698,       747,      2605,      4722
      2533,      1313,      3698,      4722,      3679
      2532,      3701,      4721,      3703,      1319
      2531,      4721,      2609,       749,      3703
      2530,      2608,       272,      2609,      4721
      2529,       748,      2608,      4721,      3701
      2528,      2609,      4720,      3702,       749
      2527,      4720,      3683,      1314,      3702
      2526,      2607,       739,      3683,      4720
      2525,       272,      2607,      4720,      2609
      2524,      2606,      4719,      2607,       272
      2523,      4719,      3682,       739,      2607
      2522,      3680,      1308,      3682,      4719
      2521,       738,      3680,      4719,      2606
      2520,      3700,      4718,      2608,       748
      2519,      4718,      2606,       272,      2608
      2518,      3681,       738,      2606,      4718
      2517,      1313,      3681,      4718,      3700
      2516,      3964,      4717,      3684,      1309
      2515,      4717,      2610,       740,      3684
      2514,      2612,       273,      2610,      4717
      2513,       880,      2612,      4717,      3964
      2512,      2610,      4716,      3685,       740
      2511,      4716,      3960,      1314,      3685
      2510,      2611,       878,      3960,      4716
      2509,       273,      2611,      4716,      2610
      2508,      2613,      4715,      2611,       273
      2507,      4715,      3961,       878,      2611
      2506,      3966,      1389,      3961,      4715
      2505,       881,      3966,      4715,      2613
      2504,      3965,      4714,      2612,       880
      2503,      4714,      2613,       273,      2612
      2502,      3967,       881,      2613,      4714
      2501,      1390,      3967,      4714,      3965
      2500,      4357,      4713,      4362,      1486
      2499,      4713,      2617,      1073,      4362
      2498,      2615,       274,      2617,      4713
      2497,      1070,      2615,      4713,      4357
      2496,      2617,      4712,      4363,      1073
      2495,      4712,      4361,      1487,      4363
      2494,      2616,      1072,      4361,      4712
      2493,       274,      2616,      4712,      2617
      2492,      2614,      4711,      2616,       274
      2491,      4711,      4360,      1072,      2616
      2490,      3705,      1320,      4360,      4711
      2489,       750,      3705,      4711,      2614
      2488,      4356,      4710,      2615,      1070
      2487,      4710,      2614,       274,      2615
      2486,      3704,       750,      2614,      4710
      2485,      1315,      3704,      4710,      4356
      2484,      3688,      4709,      3686,      1310
      2483,      4709,      2618,       741,      3686
      2482,      2619,       275,      2618,      4709
      2481,       742,      2619,      4709,      3688
      2480,      2618,      4708,      3687,       741
      2479,      4708,      3706,      1315,      3687
      2478,      2620,       751,      3706,      4708
      2477,       275,      2620,      4708,      2618
      2476,      2621,      4707,      2620,       275
      2475,      4707,      3707,       751,      2620
      2474,      3709,      1321,      3707,      4707
      2473,       752,      3709,      4707,      2621
      2472,      3689,      4706,      2619,       742
      2471,      4706,      2621,       275,      2619
      2470,      3708,       752,      2621,      4706
      2469,      1316,      3708,      4706,      3689
      2468,      3692,      4705,      3690,      1311
      2467,      4705,      2622,       743,      3690
      2466,      2623,       276,      2622,      4705
      2465,       744,      2623,      4705,      3692
      2464,      2622,      4704,      3691,       743
      2463,      4704,      3710,      1316,      3691
      2462,      2624,       753,      3710,      4704
      2461,       276,      2624,      4704,      2622
      2460,      2625,      4703,      2624,       276
      2459,      4703,      3711,       753,      2624
      2458,      3713,      1322,      3711,      4703
      2457,       754,      3713,      4703,      2625
      2456,      3693,      4702,      2623,       744
      2455,      4702,      2625,       276,      2623
      2454,      3712,       754,      2625,      4702
      2453,      1317,      3712,      4702,      3693
      2452,      3696,      4701,      3694,      1312
      2451,      4701,      2626,       745,      3694
      2450,      2627,       277,      2626,      4701
      2449,       746,      2627,      4701,      3696
      2448,      2626,      4700,      3695,       745
      2447,      4700,      3714,      1317,      3695
      2446,      2628,       755,      3714,      4700
      2445,       277,      2628,      4700,      2626
      2444,      2629,      4699,      2628,       277
      2443,      4699,      3715,       755,      2628
      2442,      3717,      1323,      3715,      4699
      2441,       756,      3717,      4699,      2629
      2440,      3697,      4698,      2627,       746
      2439,      4698,      2629,       277,      2627
      2438,      3716,       756,      2629,      4698
      2437,      1318,      3716,      4698,      3697
      2436,      3719,      4697,      3721,      1324
      2435,      4697,      2633,       758,      3721
      2434,      2632,       278,      2633,      4697
      2433,       757,      2632,      4697,      3719
      2432,      2633,      4696,      3720,       758
      2431,      4696,      3701,      1319,      3720
      2430,      2631,       748,      3701,      4696
      2429,       278,      2631,      4696,      2633
      2428,      2630,      4695,      2631,       278
      2427,      4695,      3700,       748,      2631
      2426,      3698,      1313,      3700,      4695
      2425,       747,      3698,      4695,      2630
      2424,      3718,      4694,      2632,       757
      2423,      4694,      2630,       278,      2632
      2422,      3699,       747,      2630,      4694
      2421,      1318,      3699,      4694,      3718
      2420,      3957,      4693,      3962,      1388
      2419,      4693,      2637,       879,      3962
      2418,      2635,       279,      2637,      4693
      2417,       876,      2635,      4693,      3957
      2416,      2637,      4692,      3963,       879
      2415,      4692,      3961,      1389,      3963
      2414,      2636,       878,      3961,      4692
      2413,       279,      2636,      4692,      2637
      2412,      2634,      4691,      2636,       279
      2411,      4691,      3960,       878,      2636
      2410,      3702,      1314,      3960,      4691
      2409,       749,      3702,      4691,      2634
      2408,      3956,      4690,      2635,       876
      2407,      4690,      2634,       279,      2635
      2406,      3703,       749,      2634,      4690
      2405,      1319,      3703,      4690,      3956
      2404,      4361,      4689,      4366,      1487
      2403,      4689,      2641,      1075,      4366
      2402,      2639,       280,      2641,      4689
      2401,      1072,      2639,      4689,      4361
      2400,      2641,      4688,      4367,      1075
      2399,      4688,      4365,      1488,      4367
      2398,      2640,      1074,      4365,      4688
      2397,       280,      2640,      4688,      2641
      2396,      2638,      4687,      2640,       280
      2395,      4687,      4364,      1074,      2640
      2394,      3723,      1325,      4364,      4687
      2393,       759,      3723,      4687,      2638
      2392,      4360,      4686,      2639,      1072
      2391,      4686,      2638,       280,      2639
      2390,      3722,       759,      2638,      4686
      2389,      1320,      3722,      4686,      4360
      2388,      3725,      4685,      3727,      1326
      2387,      4685,      2645,       761,      3727
      2386,      2644,       281,      2645,      4685
      2385,       760,      2644,      4685,      3725
      2384,      2645,      4684,      3726,       761
      2383,      4684,      3707,      1321,      3726
      2382,      2643,       751,      3707,      4684
      2381,       281,      2643,      4684,      2645
      2380,      2642,      4683,      2643,       281
      2379,      4683,      3706,       751,      2643
      2378,      3704,      1315,      3706,      4683
      2377,       750,      3704,      4683,      2642
      2376,      3724,      4682,      2644,       760
      2375,      4682,      2642,       281,      2644
      2374,      3705,       750,      2642,      4682
      2373,      1320,      3705,      4682,      3724
      2372,      3710,      4681,      3708,      1316
      2371,      4681,      2646,       752,      3708
      2370,      2647,       282,      2646,      4681
      2369,       753,      2647,      4681,      3710
      2368,      2646,      4680,      3709,       752
      2367,      4680,      3728,      1321,      3709
      2366,      2648,       762,      3728,      4680
      2365,       282,      2648,      4680,      2646
      2364,      2649,      4679,      2648,       282
      2363,      4679,      3729,       762,      2648
      2362,      3731,      1327,      3729,      4679
      2361,       763,      3731,      4679,      2649
      2360,      3711,      4678,      2647,       753
      2359,      4678,      2649,       282,      2647
      2358,      3730,       763,      2649,      4678
      2357,      1322,      3730,      4678,      3711
      2356,      3714,      4677,      3712,      1317
      2355,      4677,      2650,       754,      3712
      2354,      2651,       283,      2650,      4677
      2353,       755,      2651,      4677,      3714
      2352,      2650,      4676,      3713,       754
      2351,      4676,      3732,      1322,      3713
      2350,      2652,       764,      3732,      4676
      2349,       283,      2652,      4676,      2650
      2348,      2653,      4675,      2652,       283
      2347,      4675,      3733,       764,      2652
      2346,      3735,      1328,      3733,      4675
      2345,       765,      3735,      4675,      2653
      2344,      3715,      4674,      2651,       755
      2343,      4674,      2653,       283,      2651
      2342,      3734,       765,      2653,      4674
      2341,      1323,      3734,      4674,      3715
      2340,      3718,      4673,      3716,      1318
      2339,      4673,      2654,       756,      3716
      2338,      2655,       284,      2654,      4673
      2337,       757,      2655,      4673,      3718
      2336,      2654,      4672,      3717,       756
      2335,      4672,      3736,      1323,      3717
      2334,      2656,       766,      3736,      4672
      2333,       284,      2656,      4672,      2654
      2332,      2657,      4671,      2656,       284
      2331,      4671,      3737,       766,      2656
      2330,      3739,      1329,      3737,      4671
      2329,       767,      3739,      4671,      2657
      2328,      3719,      4670,      2655,       757
      2327,      4670,      2657,       284,      2655
      2326,      3738,       767,      2657,      4670
      2325,      1324,      3738,      4670,      3719
      2324,      3953,      4669,      3958,      1387
      2323,      4669,      2661,       877,      3958
      2322,      2659,       285,      2661,      4669
      2321,       874,      2659,      4669,      3953
      2320,      2661,      4668,      3959,       877
      2319,      4668,      3957,      1388,      3959
      2318,      2660,       876,      3957,      4668
      2317,       285,      2660,      4668,      2661
      2316,      2658,      4667,      2660,       285
      2315,      4667,      3956,       876,      2660
      2314,      3720,      1319,      3956,      4667
      2313,       758,      3720,      4667,      2658
      2312,      3952,      4666,      2659,       874
      2311,      4666,      2658,       285,      2659
      2310,      3721,       758,      2658,      4666
      2309,      1324,      3721,      4666,      3952
      2308,      4365,      4665,      4370,      1488
      2307,      4665,      2665,      1077,      4370
      2306,      2663,       286,      2665,      4665
      2305,      1074,      2663,      4665,      4365
      2304,      2665,      4664,      4371,      1077
      2303,      4664,      4369,      1489,      4371
      2302,      2664,      1076,      4369,      4664
      2301,       286,      2664,      4664,      2665
      2300,      2662,      4663,      2664,       286
      2299,      4663,      4368,      1076,      2664
      2298,      3741,      1330,      4368,      4663
      2297,       768,      3741,      4663,      2662
      2296,      4364,      4662,      2663,      1074
      2295,      4662,      2662,       286,      2663
      2294,      3740,       768,      2662,      4662
      2293,      1325,      3740,      4662,      4364
      2292,      3743,      4661,      3745,      1331
      2291,      4661,      2669,       770,      3745
      2290,      2668,       287,      2669,      4661
      2289,       769,      2668,      4661,      3743
      2288,      2669,      4660,      3744,       770
      2287,      4660,      3725,      1326,      3744
      2286,      2667,       760,      3725,      4660
      2285,       287,      2667,      4660,      2669
      2284,      2666,      4659,      2667,       287
      2283,      4659,      3724,       760,      2667
      2282,      3722,      1320,      3724,      4659
      2281,       759,      3722,      4659,      2666
      2280,      3742,      4658,      2668,       769
      2279,      4658,      2666,       287,      2668
      2278,      3723,       759,      2666,      4658
      2277,      1325,      3723,      4658,      3742
      2276,      3747,      4657,      3749,      1332
      2275,      4657,      2673,       772,      3749
      2274,      2672,       288,      2673,      4657
      2273,       771,      2672,      4657,      3747
      2272,      2673,      4656,      3748,       772
      2271,      4656,      3729,      1327,      3748
      2270,      2671,       762,      3729,      4656
      2269,       288,      2671,      4656,      2673
      2268,      2670,      4655,      2671,       288
      2267,      4655,      3728,       762,      2671
      2266,      3726,      1321,      3728,      4655
      2265,       761,      3726,      4655,      2670
      2264,      3746,      4654,      2672,       771
      2263,      4654,      2670,       288,      2672
      2262,      3727,       761,      2670,      4654
      2261,      1326,      3727,      4654,      3746
      2260,      3732,      4653,      3730,      1322
      2259,      4653,      2674,       763,      3730
      2258,      2675,       289,      2674,      4653
      2257,       764,      2675,      4653,      3732
      2256,      2674,      4652,      3731,       763
      2255,      4652,      3750,      1327,      3731
      2254,      2676,       773,      3750,      4652
      2253,       289,      2676,      4652,      2674
      2252,      2677,      4651,      2676,       289
      2251,      4651,      3751,       773,      2676
      2250,      3753,      1333,      3751,      4651
      2249,       774,      3753,      4651,      2677
      2248,      3733,      4650,      2675,       764
      2247,      4650,      2677,       289,      2675
      2246,      3752,       774,      2677,      4650
      2245,      1328,      3752,      4650,      3733
      2244,      3736,      4649,      3734,      1323
      2243,      4649,      2678,       765,      3734
      2242,      2679,       290,      2678,      4649
      2241,       766,      2679,      4649,      3736
      2240,      2678,      4648,      3735,       765
      2239,      4648,      3754,      1328,      3735
      2238,      2680,       775,      3754,      4648
      2237,       290,      2680,      4648,      2678
      2236,      2681,      4647,      2680,       290
      2235,      4647,      3755,       775,      2680
      2234,      3757,      1334,      3755,      4647
      2233,       776,      3757,      4647,      2681
      2232,      3737,      4646,      2679,       766
      2231,      4646,      2681,       290,      2679
      2230,      3756,       776,      2681,      4646
      2229,      1329,      3756,      4646,      3737
      2228,      3952,      4645,      3738,      1324
      2227,      4645,      2682,       767,      3738
      2226,      2684,       291,      2682,      4645
      2225,       874,      2684,      4645,      3952
      2224,      2682,      4644,      3739,       767
      2223,      4644,      3948,      1329,      3739
      2222,      2683,       872,      3948,      4644
      2221,       291,      2683,      4644,      2682
      2220,      2685,      4643,      2683,       291
      2219,      4643,      3949,       872,      2683
      2218,      3954,      1386,      3949,      4643
      2217,       875,      3954,      4643,      2685
      2216,      3953,      4642,      2684,       874
      2215,      4642,      2685,       291,      2684
      2214,      3955,       875,      2685,      4642
      2213,      1387,      3955,      4642,      3953
      2212,      4369,      4641,      4374,      1489
      2211,      4641,      2689,      1079,      4374
      2210,      2687,       292,      2689,      4641
      2209,      1076,      2687,      4641,      4369
      2208,      2689,      4640,      4375,      1079
      2207,      4640,      4373,      1490,      4375
      2206,      2688,      1078,      4373,      4640
      2205,       292,      2688,      4640,      2689
      2204,      2686,      4639,      2688,       292
      2203,      4639,      4372,      1078,      2688
      2202,      3759,      1335,      4372,      4639
      2201,       777,      3759,      4639,      2686
      2200,      4368,      4638,      2687,      1076
      2199,      4638,      2686,       292,      2687
      2198,      3758,       777,      2686,      4638
      2197,      1330,      3758,      4638,      4368
      2196,      3742,      4637,      3740,      1325
      2195,      4637,      2690,       768,      3740
      2194,      2691,       293,      2690,      4637
      2193,       769,      2691,      4637,      3742
      2192,      2690,      4636,      3741,       768
      2191,      4636,      3760,      1330,      3741
      2190,      2692,       778,      3760,      4636
      2189,       293,      2692,      4636,      2690
      2188,      2693,      4635,      2692,       293
      2187,      4635,      3761,       778,      2692
      2186,      3763,      1336,      3761,      4635
      2185,       779,      3763,      4635,      2693
      2184,      3743,      4634,      2691,       769
      2183,      4634,      2693,       293,      2691
      2182,      3762,       779,      2693,      4634
      2181,      1331,      3762,      4634,      3743
      2180,      3765,      4633,      3767,      1337
      2179,      4633,      2697,       781,      3767
      2178,      2696,       294,      2697,      4633
      2177,       780,      2696,      4633,      3765
      2176,      2697,      4632,      3766,       781
      2175,      4632,      3747,      1332,      3766
      2174,      2695,       771,      3747,      4632
      2173,       294,      2695,      4632,      2697
      2172,      2694,      4631,      2695,       294
      2171,      4631,      3746,       771,      2695
      2170,      3744,      1326,      3746,      4631
      2169,       770,      3744,      4631,      2694
      2168,      3764,      4630,      2696,       780
      2167,      4630,      2694,       294,      2696
      2166,      3745,       770,      2694,      4630
      2165,      1331,      3745,      4630,      3764
      2164,      3750,      4629,      3748,      1327
      2163,      4629,      2698,       772,      3748
      2162,      2699,       295,      2698,      4629
      2161,       773,      2699,      4629,      3750
      2160,      2698,      4628,      3749,       772
      2159,      4628,      3768,      1332,      3749
      2158,      2700,       782,      3768,      4628
      2157,       295,      2700,      4628,      2698
      2156,      2701,      4627,      2700,       295
      2155,      4627,      3769,       782,      2700
      2154,      3771,      1338,      3769,      4627
      2153,       783,      3771,      4627,      2701
      2152,      3751,      4626,      2699,       773
      2151,      4626,      2701,       295,      2699
      2150,      3770,       783,      2701,      4626
      2149,      1333,      3770,      4626,      3751
      2148,      3754,      4625,      3752,      1328
      2147,      4625,      2702,       774,      3752
      2146,      2703,       296,      2702,      4625
      2145,       775,      2703,      4625,      3754
      2144,      2702,      4624,      3753,       774
      2143,      4624,      3772,      1333,      3753
      2142,      2704,       784,      3772,      4624
      2141,       296,      2704,      4624,      2702
      2140,      2705,      4623,      2704,       296
      2139,      4623,      3773,       784,      2704
      2138,      3775,      1339,      3773,      4623
      2137,       785,      3775,      4623,      2705
      2136,      3755,      4622,      2703,       775
      2135,      4622,      2705,       296,      2703
      2134,      3774,       785,      2705,      4622
      2133,      1334,      3774,      4622,      3755
      2132,      3948,      4621,      3756,      1329
      2131,      4621,      2706,       776,      3756
      2130,      2708,       297,      2706,      4621
      2129,       872,      2708,      4621,      3948
      2128,      2706,      4620,      3757,       776
      2127,      4620,      3944,      1334,      3757
      2126,      2707,       870,      3944,      4620
      2125,       297,      2707,      4620,      2706
      2124,      2709,      4619,      2707,       297
      2123,      4619,      3945,       870,      2707
      2122,      3950,      1385,      3945,      4619
      2121,       873,      3950,      4619,      2709
      2120,      3949,      4618,      2708,       872
      2119,      4618,      2709,       297,      2708
      2118,      3951,       873,      2709,      4618
      2117,      1386,      3951,      4618,      3949
      2116,      4373,      4617,      4378,      1490
      2115,      4617,      2713,      1081,      4378
      2114,      2711,       298,      2713,      4617
      2113,      1078,      2711,      4617,      4373
      2112,      2713,      4616,      4379,      1081
      2111,      4616,      4377,      1491,      4379
      2110,      2712,      1080,      4377,      4616
      2109,       298,      2712,      4616,      2713
      2108,      2710,      4615,      2712,       298
      2107,      4615,      4376,      1080,      2712
      2106,      3777,      1340,      4376,      4615
      2105,       786,      3777,      4615,      2710
      2104,      4372,      4614,      2711,      1078
      2103,      4614,      2710,       298,      2711
      2102,      3776,       786,      2710,      4614
      2101,      1335,      3776,      4614,      4372
      2100,      3760,      4613,      3758,      1330
      2099,      4613,      2714,       777,      3758
      2098,      2715,       299,      2714,      4613
      2097,       778,      2715,      4613,      3760
      2096,      2714,      4612,      3759,       777
      2095,      4612,      3778,      1335,      3759
      2094,      2716,       787,      3778,      4612
      2093,       299,      2716,      4612,      2714
      2092,      2717,      4611,      2716,       299
      2091,      4611,      3779,       787,      2716
      2090,      3781,      1341,      3779,      4611
      2089,       788,      3781,      4611,      2717
      2088,      3761,      4610,      2715,       778
      2087,      4610,      2717,       299,      2715
      2086,      3780,       788,      2717,      4610
      2085,      1336,      3780,      4610,      3761
      2084,      3764,      4609,      3762,      1331
      2083,      4609,      2718,       779,      3762
      2082,      2719,       300,      2718,      4609
      2081,       780,      2719,      4609,      3764
      2080,      2718,      4608,      3763,       779
      2079,      4608,      3782,      1336,      3763
      2078,      2720,       789,      3782,      4608
      2077,       300,      2720,      4608,      2718
      2076,      2721,      4607,      2720,       300
      2075,      4607,      3783,       789,      2720
      2074,      3785,      1342,      3783,      4607
      2073,       790,      3785,      4607,      2721
      2072,      3765,      4606,      2719,       780
      2071,      4606,      2721,       300,      2719
      2070,      3784,       790,      2721,      4606
      2069,      1337,      3784,      4606,      3765
      2068,      3768,      4605,      3766,      1332
      2067,      4605,      2722,       781,      3766
      2066,      2723,       301,      2722,      4605
      2065,       782,      2723,      4605,      3768
      2064,      2722,      4604,      3767,       781
      2063,      4604,      3786,      1337,      3767
      2062,      2724,       791,      3786,      4604
      2061,       301,      2724,      4604,      2722
      2060,      2725,      4603,      2724,       301
      2059,      4603,      3787,       791,      2724
      2058,      3789,      1343,      3787,      4603
      2057,       792,      3789,      4603,      2725
      2056,      3769,      4602,      2723,       782
      2055,      4602,      2725,       301,      2723
      2054,      3788,       792,      2725,      4602
      2053,      1338,      3788,      4602,      3769
      2052,      3791,      4601,      3793,      1344
      2051,      4601,      2729,       794,      3793
      2050,      2728,       302,      2729,      4601
      2049,       793,      2728,      4601,      3791
      2048,      2729,      4600,      3792,       794
      2047,      4600,      3773,      1339,      3792
      2046,      2727,       784,      3773,      4600
      2045,       302,      2727,      4600,      2729
      2044,      2726,      4599,      2727,       302
      2043,      4599,      3772,       784,      2727
      2042,      3770,      1333,      3772,      4599
      2041,       783,      3770,      4599,      2726
      2040,      3790,      4598,      2728,       793
      2039,      4598,      2726,       302,      2728
      2038,      3771,       783,      2726,      4598
      2037,      1338,      3771,      4598,      3790
      2036,      3944,      4597,      3774,      1334
      2035,      4597,      2730,       785,      3774
      2034,      2732,       303,      2730,      4597
      2033,       870,      2732,      4597,      3944
      2032,      2730,      4596,      3775,       785
      2031,      4596,      3940,      1339,      3775
      2030,      2731,       868,      3940,      4596
      2029,       303,      2731,      4596,      2730
      2028,      2733,      4595,      2731,       303
      2027,      4595,      3941,       868,      2731
      2026,      3946,      1384,      3941,      4595
      2025,       871,      3946,      4595,      2733
      2024,      3945,      4594,      2732,       870
      2023,      4594,      2733,       303,      2732
      2022,      3947,       871,      2733,      4594
      2021,      1385,      3947,      4594,      3945
      2020,      4377,      4593,      4382,      1491
      2019,      4593,      2737,      1083,      4382
      2018,      2735,       304,      2737,      4593
      2017,      1080,      2735,      4593,      4377
      2016,      2737,      4592,      4383,      1083
      2015,      4592,      4381,      1492,      4383
      2014,      2736,      1082,      4381,      4592
      2013,       304,      2736,      4592,      2737
      2012,      2734,      4591,      2736,       304
      2011,      4591,      4380,      1082,      2736
      2010,      3795,      1345,      4380,      4591
      2009,       795,      3795,      4591,      2734
      2008,      4376,      4590,      2735,      1080
      2007,      4590,      2734,       304,      2735
      2006,      3794,       795,      2734,      4590
      2005,      1340,      3794,      4590,      4376
      2004,      3778,      4589,      3776,      1335
      2003,      4589,      2738,       786,      3776
      2002,      2739,       305,      2738,      4589
      2001,       787,      2739,      4589,      3778
      2000,      2738,      4588,      3777,       786
      1999,      4588,      3796,      1340,      3777
      1998,      2740,       796,      3796,      4588
      1997,       305,      2740,      4588,      2738
      1996,      2741,      4587,      2740,       305
      1995,      4587,      3797,       796,      2740
      1994,      3799,      1346,      3797,      4587
      1993,       797,      3799,      4587,      2741
      1992,      3779,      4586,      2739,       787
      1991,      4586,      2741,       305,      2739
      1990,      3798,       797,      2741,      4586
      1989,      1341,      3798,      4586,      3779
      1988,      3782,      4585,      3780,      1336
      1987,      4585,      2742,       788,      3780
      1986,      2743,       306,      2742,      4585
      1985,       789,      2743,      4585,      3782
      1984,      2742,      4584,      3781,       788
      1983,      4584,      3800,      1341,      3781
      1982,      2744,       798,      3800,      4584
      1981,       306,      2744,      4584,      2742
      1980,      2745,      4583,      2744,       306
      1979,      4583,      3801,       798,      2744
      1978,      3803,      1347,      3801,      4583
      1977,       799,      3803,      4583,      2745
      1976,      3783,      4582,      2743,       789
      1975,      4582,      2745,       306,      2743
      1974,      3802,       799,      2745,      4582
      1973,      1342,      3802,      4582,      3783
      1972,      3786,      4581,      3784,      1337
      1971,      4581,      2746,       790,      3784
      1970,      2747,       307,      2746,      4581
      1969,       791,      2747,      4581,      3786
      1968,      2746,      4580,      3785,       790
      1967,      4580,      3804,      1342,      3785
      1966,      2748,       800,      3804,      4580
      1965,       307,      2748,      4580,      2746
      1964,      2749,      4579,      2748,       307
      1963,      4579,      3805,       800,      2748
      1962,      3807,      1348,      3805,      4579
      1961,       801,      3807,      4579,      2749
      1960,      3787,      4578,      2747,       791
      1959,      4578,      2749,       307,      2747
      1958,      3806,       801,      2749,      4578
      1957,      1343,      3806,      4578,      3787
      1956,      3809,      4577,      3811,      1349
      1955,      4577,      2753,       803,      3811
      1954,      2752,       308,      2753,      4577
      1953,       802,      2752,      4577,      3809
      1952,      2753,      4576,      3810,       803
      1951,      4576,      3791,      1344,      3810
      1950,      2751,       793,      3791,      4576
      1949,       308,      2751,      4576,      2753
      1948,      2750,      4575,      2751,       308
      1947,      4575,      3790,       793,      2751
      1946,      3788,      1338,      3790,      4575
      1945,       792,      3788,      4575,      2750
      1944,      3808,      4574,      2752,       802
      1943,      4574,      2750,       308,      2752
      1942,      3789,       792,      2750,      4574
      1941,      1343,      3789,      4574,      3808
      1940,      3937,      4573,      3942,      1383
      1939,      4573,      2757,       869,      3942
      1938,      2755,       309,      2757,      4573
      1937,       866,      2755,      4573,      3937
      1936,      2757,      4572,      3943,       869
      1935,      4572,      3941,      1384,      3943
      1934,      2756,       868,      3941,      4572
      1933,       309,      2756,      4572,      2757
      1932,      2754,      4571,      2756,       309
      1931,      4571,      3940,       868,      2756
      1930,      3792,      1339,      3940,      4571
      1929,       794,      3792,      4571,      2754
      1928,      3936,      4570,      2755,       866
      1927,      4570,      2754,       309,      2755
      1926,      3793,       794,      2754,      4570
      1925,      1344,      3793,      4570,      3936
      1924,      4381,      4569,      4386,      1492
      1923,      4569,      2761,      1085,      4386
      1922,      2759,       310,      2761,      4569
      1921,      1082,      2759,      4569,      4381
      1920,      2761,      4568,      4387,      1085
      1919,      4568,      4385,      1493,      4387
      1918,      2760,      1084,      4385,      4568
      1917,       310,      2760,      4568,      2761
      1916,      2758,      4567,      2760,       310
      1915,      4567,      4384,      1084,      2760
      1914,      3813,      1350,      4384,      4567
      1913,       804,      3813,      4567,      2758
      1912,      4380,      4566,      2759,      1082
      1911,      4566,      2758,       310,      2759
      1910,      3812,       804,      2758,      4566
      1909,      1345,      3812,      4566,      4380
      1908,      3815,      4565,      3817,      1351
      1907,      4565,      2765,       806,      3817
      1906,      2764,       311,      2765,      4565
      1905,       805,      2764,      4565,      3815
      1904,      2765,      4564,      3816,       806
      1903,      4564,      3797,      1346,      3816
      1902,      2763,       796,      3797,      4564
      1901,       311,      2763,      4564,      2765
      1900,      2762,      4563,      2763,       311
      1899,      4563,      3796,       796,      2763
      1898,      3794,      1340,      3796,      4563
      1897,       795,      3794,      4563,      2762
      1896,      3814,      4562,      2764,       805
      1895,      4562,      2762,       311,      2764
      1894,      3795,       795,      2762,      4562
      1893,      1345,      3795,      4562,      3814
      1892,      3800,      4561,      3798,      1341
      1891,      4561,      2766,       797,      3798
      1890,      2767,       312,      2766,      4561
      1889,       798,      2767,      4561,      3800
      1888,      2766,      4560,      3799,       797
      1887,      4560,      3818,      1346,      3799
      1886,      2768,       807,      3818,      4560
      1885,       312,      2768,      4560,      2766
      1884,      2769,      4559,      2768,       312
      1883,      4559,      3819,       807,      2768
      1882,      3821,      1352,      3819,      4559
      1881,       808,      3821,      4559,      2769
      1880,      3801,      4558,      2767,       798
      1879,      4558,      2769,       312,      2767
      1878,      3820,       808,      2769,      4558
      1877,      1347,      3820,      4558,      3801
      1876,      3804,      4557,      3802,      1342
      1875,      4557,      2770,       799,      3802
      1874,      2771,       313,      2770,      4557
      1873,       800,      2771,      4557,      3804
      1872,      2770,      4556,      3803,       799
      1871,      4556,      3822,      1347,      3803
      1870,      2772,       809,      3822,      4556
      1869,       313,      2772,      4556,      2770
      1868,      2773,      4555,      2772,       313
      1867,      4555,      3823,       809,      2772
      1866,      3825,      1353,      3823,      4555
      1865,       810,      3825,      4555,      2773
      1864,      3805,      4554,      2771,       800
      1863,      4554,      2773,       313,      2771
      1862,      3824,       810,      2773,      4554
      1861,      1348,      3824,      4554,      3805
      1860,      3808,      4553,      3806,      1343
      1859,      4553,      2774,       801,      3806
      1858,      2775,       314,      2774,      4553
      1857,       802,      2775,      4553,      3808
      1856,      2774,      4552,      3807,       801
      1855,      4552,      3826,      1348,      3807
      1854,      2776,       811,      3826,      4552
      1853,       314,      2776,      4552,      2774
      1852,      2777,      4551,      2776,       314
      1851,      4551,      3827,       811,      2776
      1850,      3829,      1354,      3827,      4551
      1849,       812,      3829,      4551,      2777
      1848,      3809,      4550,      2775,       802
      1847,      4550,      2777,       314,      2775
      1846,      3828,       812,      2777,      4550
      1845,      1349,      3828,      4550,      3809
      1844,      3933,      4549,      3938,      1382
      1843,      4549,      2781,       867,      3938
      1842,      2779,       315,      2781,      4549
      1841,       864,      2779,      4549,      3933
      1840,      2781,      4548,      3939,       867
      1839,      4548,      3937,      1383,      3939
      1838,      2780,       866,      3937,      4548
      1837,       315,      2780,      4548,      2781
      1836,      2778,      4547,      2780,       315
      1835,      4547,      3936,       866,      2780
      1834,      3810,      1344,      3936,      4547
      1833,       803,      3810,      4547,      2778
      1832,      3932,      4546,      2779,       864
      1831,      4546,      2778,       315,      2779
      1830,      3811,       803,      2778,      4546
      1829,      1349,      3811,      4546,      3932
      1828,      4385,      4545,      4390,      1493
      1827,      4545,      2785,      1087,      4390
      1826,      2783,       316,      2785,      4545
      1825,      1084,      2783,      4545,      4385
      1824,      2785,      4544,      4391,      1087
      1823,      4544,      4389,      1494,      4391
      1822,      2784,      1086,      4389,      4544
      1821,       316,      2784,      4544,      2785
      1820,      2782,      4543,      2784,       316
      1819,      4543,      4388,      1086,      2784
      1818,      3831,      1355,      4388,      4543
      1817,       813,      3831,      4543,      2782
      1816,      4384,      4542,      2783,      1084
      1815,      4542,      2782,       316,      2783
      1814,      3830,       813,      2782,      4542
      1813,      1350,      3830,      4542,      4384
      1812,      3833,      4541,      3835,      1356
      1811,      4541,      2789,       815,      3835
      1810,      2788,       317,      2789,      4541
      1809,       814,      2788,      4541,      3833
      1808,      2789,      4540,      3834,       815
      1807,      4540,      3815,      1351,      3834
      1806,      2787,       805,      3815,      4540
      1805,       317,      2787,      4540,      2789
      1804,      2786,      4539,      2787,       317
      1803,      4539,      3814,       805,      2787
      1802,      3812,      1345,      3814,      4539
      1801,       804,      3812,      4539,      2786
      1800,      3832,      4538,      2788,       814
      1799,      4538,      2786,       317,      2788
      1798,      3813,       804,      2786,      4538
      1797,      1350,      3813,      4538,      3832
      1796,      3837,      4537,      3839,      1357
      1795,      4537,      2793,       817,      3839
      1794,      2792,       318,      2793,      4537
      1793,       816,      2792,      4537,      3837
      1792,      2793,      4536,      3838,       817
      1791,      4536,      3819,      1352,      3838
      1790,      2791,       807,      3819,      4536
      1789,       318,      2791,      4536,      2793
      1788,      2790,      4535,      2791,       318
      1787,      4535,      3818,       807,      2791
      1786,      3816,      1346,      3818,      4535
      1785,       806,      3816,      4535,      2790
      1784,      3836,      4534,      2792,       816
      1783,      4534,      2790,       318,      2792
      1782,      3817,       806,      2790,      4534
      1781,      1351,      3817,      4534,      3836
      1780,      3822,      4533,      3820,      1347
      1779,      4533,      2794,       808,      3820
      1778,      2795,       319,      2794,      4533
      1777,       809,      2795,      4533,      3822
      1776,      2794,      4532,      3821,       808
      1775,      4532,      3840,      1352,      3821
      1774,      2796,       818,      3840,      4532
      1773,       319,      2796,      4532,      2794
      1772,      2797,      4531,      2796,       319
      1771,      4531,      3841,       818,      2796
      1770,      3843,      1358,      3841,      4531
      1769,       819,      3843,      4531,      2797
      1768,      3823,      4530,      2795,       809
      1767,      4530,      2797,       319,      2795
      1766,      3842,       819,      2797,      4530
      1765,      1353,      3842,      4530,      3823
      1764,      3826,      4529,      3824,      1348
      1763,      4529,      2798,       810,      3824
      1762,      2799,       320,      2798,      4529
      1761,       811,      2799,      4529,      3826
      1760,      2798,      4528,      3825,       810
      1759,      4528,      3844,      1353,      3825
      1758,      2800,       820,      3844,      4528
      1757,       320,      2800,      4528,      2798
      1756,      2801,      4527,      2800,       320
      1755,      4527,      3845,       820,      2800
      1754,      3847,      1359,      3845,      4527
      1753,       821,      3847,      4527,      2801
      1752,      3827,      4526,      2799,       811
      1751,      4526,      2801,       320,      2799
      1750,      3846,       821,      2801,      4526
      1749,      1354,      3846,      4526,      3827
      1748,      3932,      4525,      3828,      1349
      1747,      4525,      2802,       812,      3828
      1746,      2804,       321,      2802,      4525
      1745,       864,      2804,      4525,      3932
      1744,      2802,      4524,      3829,       812
      1743,      4524,      3928,      1354,      3829
      1742,      2803,       862,      3928,      4524
      1741,       321,      2803,      4524,      2802
      1740,      2805,      4523,      2803,       321
      1739,      4523,      3929,       862,      2803
      1738,      3934,      1381,      3929,      4523
      1737,       865,      3934,      4523,      2805
      1736,      3933,      4522,      2804,       864
      1735,      4522,      2805,       321,      2804
      1734,      3935,       865,      2805,      4522
      1733,      1382,      3935,      4522,      3933
      1732,      4389,      4521,      4394,      1494
      1731,      4521,      2809,      1089,      4394
      1730,      2807,       322,      2809,      4521
      1729,      1086,      2807,      4521,      4389
      1728,      2809,      4520,      4395,      1089
      1727,      4520,      4393,      1495,      4395
      1726,      2808,      1088,      4393,      4520
      1725,       322,      2808,      4520,      2809
      1724,      2806,      4519,      2808,       322
      1723,      4519,      4392,      1088,      2808
      1722,      3889,      1370,      4392,      4519
      1721,       842,      3889,      4519,      2806
      1720,      4388,      4518,      2807,      1086
      1719,      4518,      2806,       322,      2807
      1718,      3888,       842,      2806,      4518
      1717,      1355,      3888,      4518,      4388
      1716,      3832,      4517,      3830,      1350
      1715,      4517,      2810,       813,      3830
      1714,      2811,       323,      2810,      4517
      1713,       814,      2811,      4517,      3832
      1712,      2810,      4516,      3831,       813
      1711,      4516,      3848,      1355,      3831
      1710,      2812,       822,      3848,      4516
      1709,       323,      2812,      4516,      2810
      1708,      2813,      4515,      2812,       323
      1707,      4515,      3849,       822,      2812
      1706,      3851,      1360,      3849,      4515
      1705,       823,      3851,      4515,      2813
      1704,      3833,      4514,      2811,       814
      1703,      4514,      2813,       323,      2811
      1702,      3850,       823,      2813,      4514
      1701,      1356,      3850,      4514,      3833
      1700,      3853,      4513,      3855,      1361
      1699,      4513,      2817,       825,      3855
      1698,      2816,       324,      2817,      4513
      1697,       824,      2816,      4513,      3853
      1696,      2817,      4512,      3854,       825
      1695,      4512,      3837,      1357,      3854
      1694,      2815,       816,      3837,      4512
      1693,       324,      2815,      4512,      2817
      1692,      2814,      4511,      2815,       324
      1691,      4511,      3836,       816,      2815
      1690,      3834,      1351,      3836,      4511
      1689,       815,      3834,      4511,      2814
      1688,      3852,      4510,      2816,       824
      1687,      4510,      2814,       324,      2816
      1686,      3835,       815,      2814,      4510
      1685,      1356,      3835,      4510,      3852
      1684,      3840,      4509,      3838,      1352
      1683,      4509,      2818,       817,      3838
      1682,      2819,       325,      2818,      4509
      1681,       818,      2819,      4509,      3840
      1680,      2818,      4508,      3839,       817
      1679,      4508,      3856,      1357,      3839
      1678,      2820,       826,      3856,      4508
      1677,       325,      2820,      4508,      2818
      1676,      2821,      4507,      2820,       325
      1675,      4507,      3857,       826,      2820
      1674,      3859,      1362,      3857,      4507
      1673,       827,      3859,      4507,      2821
      1672,      3841,      4506,      2819,       818
      1671,      4506,      2821,       325,      2819
      1670,      3858,       827,      2821,      4506
      1669,      1358,      3858,      4506,      3841
      1668,      3844,      4505,      3842,      1353
      1667,      4505,      2822,       819,      3842
      1666,      2823,       326,      2822,      4505
      1665,       820,      2823,      4505,      3844
      1664,      2822,      4504,      3843,       819
      1663,      4504,      3860,      1358,      3843
      1662,      2824,       828,      3860,      4504
      1661,       326,      2824,      4504,      2822
      1660,      2825,      4503,      2824,       326
      1659,      4503,      3861,       828,      2824
      1658,      3863,      1363,      3861,      4503
      1657,       829,      3863,      4503,      2825
      1656,      3845,      4502,      2823,       820
      1655,      4502,      2825,       326,      2823
      1654,      3862,       829,      2825,      4502
      1653,      1359,      3862,      4502,      3845
      1652,      3928,      4501,      3846,      1354
      1651,      4501,      2826,       821,      3846
      1650,      2828,       327,      2826,      4501
      1649,       862,      2828,      4501,      3928
      1648,      2826,      4500,      3847,       821
      1647,      4500,      3924,      1359,      3847
      1646,      2827,       860,      3924,      4500
      1645,       327,      2827,      4500,      2826
      1644,      2829,      4499,      2827,       327
      1643,      4499,      3925,       860,      2827
      1642,      3930,      1380,      3925,      4499
      1641,       863,      3930,      4499,      2829
      1640,      3929,      4498,      2828,       862
      1639,      4498,      2829,       327,      2828
      1638,      3931,       863,      2829,      4498
      1637,      1381,      3931,      4498,      3929
      1636,      3848,      4497,      3888,      1355
      1635,      4497,      2831,       842,      3888
      1634,      2830,       328,      2831,      4497
      1633,       822,      2830,      4497,      3848
      1632,      2831,      4496,      3889,       842
      1631,      4496,      3892,      1370,      3889
      1630,      2833,       844,      3892,      4496
      1629,       328,      2833,      4496,      2831
      1628,      2832,      4495,      2833,       328
      1627,      4495,      3893,       844,      2833
      1626,      3891,      1371,      3893,      4495
      1625,       843,      3891,      4495,      2832
      1624,      3849,      4494,      2830,       822
      1623,      4494,      2832,       328,      2830
      1622,      3890,       843,      2832,      4494
      1621,      1360,      3890,      4494,      3849
      1620,      3852,      4493,      3850,      1356
      1619,      4493,      2834,       823,      3850
      1618,      2835,       329,      2834,      4493
      1617,       824,      2835,      4493,      3852
      1616,      2834,      4492,      3851,       823
      1615,      4492,      3864,      1360,      3851
      1614,      2836,       830,      3864,      4492
      1613,       329,      2836,      4492,      2834
      1612,      2837,      4491,      2836,       329
      1611,      4491,      3865,       830,      2836
      1610,      3867,      1364,      3865,      4491
      1609,       831,      3867,      4491,      2837
      1608,      3853,      4490,      2835,       824
      1607,      4490,      2837,       329,      2835
      1606,      3866,       831,      2837,      4490
      1605,      1361,      3866,      4490,      3853
      1604,      3856,      4489,      3854,      1357
      1603,      4489,      2838,       825,      3854
      1602,      2839,       330,      2838,      4489
      1601,       826,      2839,      4489,      3856
      1600,      2838,      4488,      3855,       825
      1599,      4488,      3868,      1361,      3855
      1598,      2840,       832,      3868,      4488
      1597,       330,      2840,      4488,      2838
      1596,      2841,      4487,      2840,       330
      1595,      4487,      3869,       832,      2840
      1594,      3871,      1365,      3869,      4487
      1593,       833,      3871,      4487,      2841
      1592,      3857,      4486,      2839,       826
      1591,      4486,      2841,       330,      2839
      1590,      3870,       833,      2841,      4486
      1589,      1362,      3870,      4486,      3857
      1588,      3873,      4485,      3875,      1366
      1587,      4485,      2845,       835,      3875
      1586,      2844,       331,      2845,      4485
      1585,       834,      2844,      4485,      3873
      1584,      2845,      4484,      3874,       835
      1583,      4484,      3861,      1363,      3874
      1582,      2843,       828,      3861,      4484
      1581,       331,      2843,      4484,      2845
      1580,      2842,      4483,      2843,       331
      1579,      4483,      3860,       828,      2843
      1578,      3858,      1358,      3860,      4483
      1577,       827,      3858,      4483,      2842
      1576,      3872,      4482,      2844,       834
      1575,      4482,      2842,       331,      2844
      1574,      3859,       827,      2842,      4482
      1573,      1362,      3859,      4482,      3872
      1572,      3924,      4481,      3862,      1359
      1571,      4481,      2846,       829,      3862
      1570,      2848,       332,      2846,      4481
      1569,       860,      2848,      4481,      3924
      1568,      2846,      4480,      3863,       829
      1567,      4480,      3920,      1363,      3863
      1566,      2847,       858,      3920,      4480
      1565,       332,      2847,      4480,      2846
      1564,      2849,      4479,      2847,       332
      1563,      4479,      3921,       858,      2847
      1562,      3926,      1379,      3921,      4479
      1561,       861,      3926,      4479,      2849
      1560,      3925,      4478,      2848,       860
      1559,      4478,      2849,       332,      2848
      1558,      3927,       861,      2849,      4478
      1557,      1380,      3927,      4478,      3925
      1556,      3864,      4477,      3890,      1360
      1555,      4477,      2851,       843,      3890
      1554,      2850,       333,      2851,      4477
      1553,       830,      2850,      4477,      3864
      1552,      2851,      4476,      3891,       843
      1551,      4476,      3896,      1371,      3891
      1550,      2853,       846,      3896,      4476
      1549,       333,      2853,      4476,      2851
      1548,      2852,      4475,      2853,       333
      1547,      4475,      3897,       846,      2853
      1546,      3895,      1372,      3897,      4475
      1545,       845,      3895,      4475,      2852
      1544,      3865,      4474,      2850,       830
      1543,      4474,      2852,       333,      2850
      1542,      3894,       845,      2852,      4474
      1541,      1364,      3894,      4474,      3865
      1540,      3868,      4473,      3866,      1361
      1539,      4473,      2854,       831,      3866
      1538,      2855,       334,      2854,      4473
      1537,       832,      2855,      4473,      3868
      1536,      2854,      4472,      3867,       831
      1535,      4472,      3876,      1364,      3867
      1534,      2856,       836,      3876,      4472
      1533,       334,      2856,      4472,      2854
      1532,      2857,      4471,      2856,       334
      1531,      4471,      3877,       836,      2856
      1530,      3879,      1367,      3877,      4471
      1529,       837,      3879,      4471,      2857
      1528,      3869,      4470,      2855,       832
      1527,      4470,      2857,       334,      2855
      1526,      3878,       837,      2857,      4470
      1525,      1365,      3878,      4470,      3869
      1524,      3881,      4469,      3883,      1368
      1523,      4469,      2861,       839,      3883
      1522,      2860,       335,      2861,      4469
      1521,       838,      2860,      4469,      3881
      1520,      2861,      4468,      3882,       839
      1519,      4468,      3873,      1366,      3882
      1518,      2859,       834,      3873,      4468
      1517,       335,      2859,      4468,      2861
      1516,      2858,      4467,      2859,       335
      1515,      4467,      3872,       834,      2859
      1514,      3870,      1362,      3872,      4467
      1513,       833,      3870,      4467,      2858
      1512,      3880,      4466,      2860,       838
      1511,      4466,      2858,       335,      2860
      1510,      3871,       833,      2858,      4466
      1509,      1365,      3871,      4466,      3880
      1508,      3917,      4465,      3922,      1378
      1507,      4465,      2865,       859,      3922
      1506,      2863,       336,      2865,      4465
      1505,       856,      2863,      4465,      3917
      1504,      2865,      4464,      3923,       859
      1503,      4464,      3921,      1379,      3923
      1502,      2864,       858,      3921,      4464
      1501,       336,      2864,      4464,      2865
      1500,      2862,      4463,      2864,       336
      1499,      4463,      3920,       858,      2864
      1498,      3874,      1363,      3920,      4463
      1497,       835,      3874,      4463,      2862
      1496,      3916,      4462,      2863,       856
      1495,      4462,      2862,       336,      2863
      1494,      3875,       835,      2862,      4462
      1493,      1366,      3875,      4462,      3916
      1492,      3876,      4461,      3894,      1364
      1491,      4461,      2867,       845,      3894
      1490,      2866,       337,      2867,      4461
      1489,       836,      2866,      4461,      3876
      1488,      2867,      4460,      3895,       845
      1487,      4460,      3900,      1372,      3895
      1486,      2869,       848,      3900,      4460
      1485,       337,      2869,      4460,      2867
      1484,      2868,      4459,      2869,       337
      1483,      4459,      3901,       848,      2869
      1482,      3899,      1373,      3901,      4459
      1481,       847,      3899,      4459,      2868
      1480,      3877,      4458,      2866,       836
      1479,      4458,      2868,       337,      2866
      1478,      3898,       847,      2868,      4458
      1477,      1367,      3898,      4458,      3877
      1476,      3880,      4457,      3878,      1365
      1475,      4457,      2870,       837,      3878
      1474,      2871,       338,      2870,      4457
      1473,       838,      2871,      4457,      3880
      1472,      2870,      4456,      3879,       837
      1471,      4456,      3884,      1367,      3879
      1470,      2872,       840,      3884,      4456
      1469,       338,      2872,      4456,      2870
      1468,      2873,      4455,      2872,       338
      1467,      4455,      3885,       840,      2872
      1466,      3887,      1369,      3885,      4455
      1465,       841,      3887,      4455,      2873
      1464,      3881,      4454,      2871,       838
      1463,      4454,      2873,       338,      2871
      1462,      3886,       841,      2873,      4454
      1461,      1368,      3886,      4454,      3881
      1460,      3913,      4453,      3918,      1377
      1459,      4453,      2877,       857,      3918
      1458,      2875,       339,      2877,      4453
      1457,       854,      2875,      4453,      3913
      1456,      2877,      4452,      3919,       857
      1455,      4452,      3917,      1378,      3919
      1454,      2876,       856,      3917,      4452
      1453,       339,      2876,      4452,      2877
      1452,      2874,      4451,      2876,       339
      1451,      4451,      3916,       856,      2876
      1450,      3882,      1366,      3916,      4451
      1449,       839,      3882,      4451,      2874
      1448,      3912,      4450,      2875,       854
      1447,      4450,      2874,       339,      2875
      1400,      3909,      4438,      2888,       852
      1399,      4438,      2889,       342,      2888
      1398,      3911,       853,      2889,      4438
      1397,      1376,      3911,      4438,      3909
*****
