**
**   Template:  Plane Stress Analyzer
**
*NODE
         1,  39.730676844236,  34.3752535493  ,  30.0          
         2,  39.734787018254,  34.7917511831  ,  30.0          
         3,  39.144736842105,  35.0           ,  30.0          
         4,  39.53947368421 ,  35.0           ,  30.0          
         5,  40.519122984942,  34.3752535493  ,  30.0          
         6,  40.523918187963,  34.7917511831  ,  30.0          
         7,  39.934210526316,  35.0           ,  30.0          
         8,  40.328947368421,  35.0           ,  30.0          
         9,  41.307569125648,  34.3752535493  ,  30.0          
        10,  41.313049357672,  34.7917511831  ,  30.0          
        11,  40.723684210526,  35.0           ,  30.0          
        12,  41.118421052631,  35.0           ,  30.0          
        13,  42.096015266355,  34.3752535493  ,  30.0          
        14,  42.102180527381,  34.7917511831  ,  30.0          
        15,  41.513157894737,  35.0           ,  30.0          
        16,  41.907894736842,  35.0           ,  30.0          
        17,  42.884461407061,  34.3752535493  ,  30.0          
        18,  42.89131169709 ,  34.7917511831  ,  30.0          
        19,  42.302631578947,  35.0           ,  30.0          
        20,  42.697368421052,  35.0           ,  30.0          
        21,  43.672907547767,  34.3752535493  ,  30.0          
        22,  43.680442866799,  34.7917511831  ,  30.0          
        23,  43.092105263158,  35.0           ,  30.0          
        24,  43.486842105263,  35.0           ,  30.0          
        25,  44.461353688473,  34.3752535493  ,  30.0          
        26,  44.469574036508,  34.7917511831  ,  30.0          
        27,  43.881578947368,  35.0           ,  30.0          
        28,  44.276315789474,  35.0           ,  30.0          
        29,  45.249799829179,  34.3752535493  ,  30.0          
        30,  45.258705206217,  34.7917511831  ,  30.0          
        31,  44.671052631579,  35.0           ,  30.0          
        32,  45.065789473684,  35.0           ,  30.0          
        33,  46.039252310713,  34.375047997063,  30.0          
        34,  46.048171822869,  34.791682665688,  30.0          
        35,  45.460526315789,  35.0           ,  30.0          
        36,  45.855263157894,  35.0           ,  30.0          
        37,  46.829125415368,  34.374652366765,  30.0          
        38,  46.837778647228,  34.791550788922,  30.0          
        39,  46.25          ,  35.0           ,  30.0          
        40,  46.644736842105,  35.0           ,  30.0          
        41,  47.621012828172,  34.37426017634 ,  30.0          
        42,  47.628056907636,  34.79142005878 ,  30.0          
        43,  47.03947368421 ,  35.0           ,  30.0          
        44,  47.434210526316,  35.0           ,  30.0          
        45,  48.413331313487,  34.374058480036,  30.0          
        46,  48.418478858882,  34.791352826679,  30.0          
        47,  47.828947368421,  35.0           ,  30.0          
        48,  48.223684210526,  35.0           ,  30.0          
        49,  49.206463352091,  34.374098850604,  30.0          
        50,  49.209171994556,  34.791366283535,  30.0          
        51,  48.618421052631,  35.0           ,  30.0          
        52,  49.013157894737,  35.0           ,  30.0          
        53,  49.999509920148,  34.374176907518,  30.0          
        54,  49.999836640049,  34.791392302506,  30.0          
        55,  49.407894736842,  35.0           ,  30.0          
        56,  49.802631578947,  35.0           ,  30.0          
        57,  50.0           ,  15.592105263158,  30.0          
        58,  50.0           ,  15.197368421053,  30.0          
        59,  49.166666666667,  15.592105263158,  30.0          
        60,  49.166666666667,  15.197368421053,  30.0          
        61,  49.791666666667,  15.0           ,  30.0          
        62,  49.375         ,  15.0           ,  30.0          
        63,  48.333333333333,  15.592105263158,  30.0          
        64,  48.333333333333,  15.197368421053,  30.0          
        65,  48.958333333333,  15.0           ,  30.0          
        66,  48.541666666667,  15.0           ,  30.0          
        67,  48.125         ,  15.0           ,  30.0          
        68,  47.708333333333,  15.0           ,  30.0          
        69,  48.125         ,  15.789473684211,  30.0          
        70,  47.708333333333,  15.789473684211,  30.0          
        71,  47.5           ,  15.197368421053,  30.0          
        72,  47.5           ,  15.592105263158,  30.0          
        73,  48.125         ,  16.578947368421,  30.0          
        74,  47.708333333333,  16.578947368421,  30.0          
        75,  47.5           ,  15.986842105263,  30.0          
        76,  47.5           ,  16.381578947369,  30.0          
        77,  48.125         ,  17.368421052632,  30.0          
        78,  47.708333333333,  17.368421052632,  30.0          
        79,  47.5           ,  16.776315789474,  30.0          
        80,  47.5           ,  17.171052631579,  30.0          
        81,  48.125         ,  18.157894736842,  30.0          
        82,  47.708333333333,  18.157894736842,  30.0          
        83,  47.5           ,  17.565789473684,  30.0          
        84,  47.5           ,  17.96052631579 ,  30.0          
        85,  48.125         ,  18.947368421053,  30.0          
        86,  47.708333333333,  18.947368421053,  30.0          
        87,  47.5           ,  18.355263157895,  30.0          
        88,  47.5           ,  18.75          ,  30.0          
        89,  48.125         ,  19.736842105264,  30.0          
        90,  47.708333333333,  19.736842105263,  30.0          
        91,  47.5           ,  19.144736842106,  30.0          
        92,  47.5           ,  19.539473684211,  30.0          
        93,  48.125         ,  20.526315789474,  30.0          
        94,  47.708333333333,  20.526315789474,  30.0          
        95,  47.5           ,  19.934210526316,  30.0          
        96,  47.5           ,  20.328947368421,  30.0          
        97,  48.125         ,  21.315789473684,  30.0          
        98,  47.708333333333,  21.315789473684,  30.0          
        99,  47.5           ,  20.723684210527,  30.0          
       100,  47.5           ,  21.118421052632,  30.0          
       101,  48.125         ,  22.105263157895,  30.0          
       102,  47.708333333333,  22.105263157895,  30.0          
       103,  47.5           ,  21.513157894737,  30.0          
       104,  47.5           ,  21.907894736842,  30.0          
       105,  48.125         ,  22.894736842106,  30.0          
       106,  47.708333333333,  22.894736842106,  30.0          
       107,  47.5           ,  22.302631578948,  30.0          
       108,  47.5           ,  22.697368421053,  30.0          
       109,  48.125         ,  23.684210526316,  30.0          
       110,  47.708333333333,  23.684210526316,  30.0          
       111,  47.5           ,  23.092105263158,  30.0          
       112,  47.5           ,  23.486842105263,  30.0          
       113,  48.125         ,  24.473684210527,  30.0          
       114,  47.708333333333,  24.473684210527,  30.0          
       115,  47.5           ,  23.881578947369,  30.0          
       116,  47.5           ,  24.276315789474,  30.0          
       117,  48.125         ,  25.263157894737,  30.0          
       118,  47.708333333333,  25.263157894737,  30.0          
       119,  47.5           ,  24.671052631579,  30.0          
       120,  47.5           ,  25.065789473684,  30.0          
       121,  48.125         ,  26.052631578948,  30.0          
       122,  47.708333333333,  26.052631578948,  30.0          
       123,  47.5           ,  25.46052631579 ,  30.0          
       124,  47.5           ,  25.855263157895,  30.0          
       125,  48.125         ,  26.842105263158,  30.0          
       126,  47.708333333333,  26.842105263158,  30.0          
       127,  47.5           ,  26.25          ,  30.0          
       128,  47.5           ,  26.644736842106,  30.0          
       129,  48.125         ,  27.631578947369,  30.0          
       130,  47.708333333333,  27.631578947369,  30.0          
       131,  47.5           ,  27.039473684211,  30.0          
       132,  47.5           ,  27.434210526316,  30.0          
       133,  48.125         ,  28.421052631579,  30.0          
       134,  47.708333333333,  28.421052631579,  30.0          
       135,  47.5           ,  27.828947368421,  30.0          
       136,  47.5           ,  28.223684210527,  30.0          
       137,  47.414904509417,  28.068152715733,  30.0          
       138,  48.125659569776,  29.21581372796 ,  30.0          
       139,  47.708553189925,  29.212288786513,  30.0          
       140,  47.5           ,  28.618421052632,  30.0          
       141,  47.5           ,  29.013157894737,  30.0          
       142,  47.247144006017,  28.81952422622 ,  30.0          
       143,  48.128822340726,  30.014664315206,  30.0          
       144,  47.709607446908,  30.004888105069,  30.0          
       145,  47.538148305552,  30.625604197999,  30.0          
       146,  47.51271610185 ,  30.208534732667,  30.0          
       147,  47.5           ,  29.407894736842,  30.0          
       148,  47.5           ,  29.802631578948,  30.0          
       149,  47.310332767849,  29.610361471578,  30.0          
       150,  46.741440341859,  30.625901605451,  30.0          
       151,  46.726313447286,  30.208633868484,  30.0          
       152,  47.3046875     ,  30.0           ,  30.0          
       153,  46.9140625     ,  30.0           ,  30.0          
       154,  47.115020267849,  29.807729892631,  30.0          
       155,  45.954444756923,  30.625539693548,  30.0          
       156,  45.943148252308,  30.208513231183,  30.0          
       157,  46.5234375     ,  30.0           ,  30.0          
       158,  46.1328125     ,  30.0           ,  30.0          
       159,  46.34195981149 ,  29.734023296186,  30.0          
       160,  45.169618942397,  30.625255152119,  30.0          
       161,  45.160706314132,  30.20841838404 ,  30.0          
       162,  45.7421875     ,  30.0           ,  30.0          
       163,  45.3515625     ,  30.0           ,  30.0          
       164,  45.562609951723,  29.914875896302,  30.0          
       165,  44.387340562213,  30.625255152119,  30.0          
       166,  44.379113520738,  30.20841838404 ,  30.0          
       167,  44.9609375     ,  30.0           ,  30.0          
       168,  44.5703125     ,  30.0           ,  30.0          
       169,  43.605062182028,  30.625255152119,  30.0          
       170,  43.597520727343,  30.20841838404 ,  30.0          
       171,  44.1796875     ,  30.0           ,  30.0          
       172,  43.7890625     ,  30.0           ,  30.0          
       173,  42.822783801844,  30.625255152119,  30.0          
       174,  42.815927933948,  30.20841838404 ,  30.0          
       175,  43.3984375     ,  30.0           ,  30.0          
       176,  43.0078125     ,  30.0           ,  30.0          
       177,  42.04050542166 ,  30.625255152119,  30.0          
       178,  42.034335140553,  30.20841838404 ,  30.0          
       179,  42.6171875     ,  30.0           ,  30.0          
       180,  42.2265625     ,  30.0           ,  30.0          
       181,  41.258227041475,  30.625255152119,  30.0          
       182,  41.252742347158,  30.20841838404 ,  30.0          
       183,  41.8359375     ,  30.0           ,  30.0          
       184,  41.4453125     ,  30.0           ,  30.0          
       185,  40.475948661291,  30.625255152119,  30.0          
       186,  40.471149553763,  30.20841838404 ,  30.0          
       187,  41.0546875     ,  30.0           ,  30.0          
       188,  40.6640625     ,  30.0           ,  30.0          
       189,  39.693670281106,  30.625255152119,  30.0          
       190,  39.689556760369,  30.20841838404 ,  30.0          
       191,  40.2734375     ,  30.0           ,  30.0          
       192,  39.8828125     ,  30.0           ,  30.0          
       193,  38.911391900922,  30.625255152119,  30.0          
       194,  38.907963966974,  30.20841838404 ,  30.0          
       195,  39.4921875     ,  30.0           ,  30.0          
       196,  39.1015625     ,  30.0           ,  30.0          
       197,  38.129113520738,  30.625255152119,  30.0          
       198,  38.126371173579,  30.20841838404 ,  30.0          
       199,  38.7109375     ,  30.0           ,  30.0          
       200,  38.3203125     ,  30.0           ,  30.0          
       201,  37.346835140553,  30.625255152119,  30.0          
       202,  37.344778380184,  30.20841838404 ,  30.0          
       203,  37.9296875     ,  30.0           ,  30.0          
       204,  37.5390625     ,  30.0           ,  30.0          
       205,  36.564556760369,  30.625255152119,  30.0          
       206,  36.563185586789,  30.20841838404 ,  30.0          
       207,  37.1484375     ,  30.0           ,  30.0          
       208,  36.7578125     ,  30.0           ,  30.0          
       209,  35.782284256904,  30.625242747462,  30.0          
       210,  35.781594752301,  30.208414249154,  30.0          
       211,  36.3671875     ,  30.0           ,  30.0          
       212,  35.9765625     ,  30.0           ,  30.0          
       213,  35.5859375     ,  30.0           ,  30.0          
       214,  35.1953125     ,  30.0           ,  30.0          
       215,  47.459397284611,  27.631578947369,  30.0          
       216,  47.356607162057,  28.425463156608,  30.0          
       217,  47.321447486378,  29.226064118973,  30.0          
       218,  46.747153631731,  29.810345340395,  30.0          
       219,  45.959579443144,  29.84148045316 ,  30.0          
       220,  45.15625       ,  29.952679756874,  30.0          
       221,  46.94811139958 ,  29.618075233026,  30.0          
       222,  47.131780254227,  29.428530853709,  30.0          
       223,  46.832991014669,  29.49196128889 ,  30.0          
       224,  46.565675943221,  29.544368636581,  30.0          
       225,  47.016659869316,  29.302416909574,  30.0          
       226,  46.79534492721 ,  29.271202171428,  30.0          
       227,  47.068591492395,  29.032430450455,  30.0          
       228,  47.385969605712,  27.872954535965,  30.0          
       229,  47.276963551656,  28.271918820368,  30.0          
       230,  47.112624306754,  28.631504398654,  30.0          
       231,  46.855509567748,  29.008017072995,  30.0          
       232,  46.534536421049,  29.331368327797,  30.0          
       233,  46.173371874403,  29.583590253689,  30.0          
       234,  45.783157828091,  29.765027406055,  30.0          
       235,  45.368921522471,  29.876622346063,  30.0          
       236,  35.591846931093,  34.791726968413,  30.0          
       237,  35.197282310364,  34.791686767249,  30.0          
       238,  35.197110088987,  34.375060301747,  30.0          
       239,  35.591330266962,  34.37518090524 ,  30.0          
       240,  36.380979064928,  34.791750154574,  30.0          
       241,  35.986412515947,  34.791748097522,  30.0          
       242,  35.985553337315,  34.375244292565,  30.0          
       243,  36.379779300046,  34.375250463722,  30.0          
       244,  35.590816431732,  33.958590066726,  30.0          
       245,  35.196938810577,  33.958418911131,  30.0          
       246,  35.196768475134,  33.541762595402,  30.0          
       247,  35.590305425402,  33.541954452873,  30.0          
       248,  36.774003816588,  34.3752535493  ,  30.0          
       249,  37.168226886942,  34.3752535493  ,  30.0          
       250,  37.1701107167  ,  34.7917511831  ,  30.0          
       251,  36.775545131845,  34.7917511831  ,  30.0          
       252,  36.37858033086 ,  33.958691077191,  30.0          
       253,  35.984696938493,  33.958680788746,  30.0          
       254,  35.98384331948 ,  33.542057586066,  30.0          
       255,  36.377382157369,  33.542071994982,  30.0          
       256,  35.589792932358,  33.125303444949,  30.0          
       257,  35.196597644119,  33.125101148316,  30.0          
       258,  35.196426317534,  32.708434569873,  30.0          
       259,  35.589278952601,  32.708637042953,  30.0          
       260,  37.562449957295,  34.3752535493  ,  30.0          
       261,  37.956673027648,  34.3752535493  ,  30.0          
       262,  37.959241886409,  34.7917511831  ,  30.0          
       263,  37.564676301554,  34.7917511831  ,  30.0          
       264,  36.770920523353,  33.54207919944 ,  30.0          
       265,  37.164458417432,  33.54207919944 ,  30.0          
       266,  37.166342787186,  33.958696221413,  30.0          
       267,  36.772462280424,  33.958696221413,  30.0          
       268,  36.376183427539,  33.12542930777 ,  30.0          
       269,  35.982988193498,  33.125412831433,  30.0          
       270,  35.982131560546,  32.708746524847,  30.0          
       271,  36.374984141368,  32.708763015555,  30.0          
       272,  35.588764972845,  32.29197064142 ,  30.0          
       273,  35.196254990948,  32.291767991585,  30.0          
       274,  35.196083664363,  31.87510141345 ,  30.0          
       275,  35.58825099309 ,  31.87530424035 ,  30.0          
       276,  38.748373056118,  34.7917511831  ,  30.0          
       277,  38.353807471263,  34.7917511831  ,  30.0          
       278,  38.350896098001,  34.3752535493  ,  30.0          
       279,  38.745119168354,  34.3752535493  ,  30.0          
       280,  37.55799631151 ,  33.54207919944 ,  30.0          
       281,  37.951534205588,  33.54207919944 ,  30.0          
       282,  37.954103800708,  33.958696221413,  30.0          
       283,  37.560223293946,  33.958696221413,  30.0          
       284,  37.162573936268,  33.125437545938,  30.0          
       285,  36.769378675129,  33.125437545938,  30.0          
       286,  36.767836735752,  32.708771260908,  30.0          
       287,  37.160689343696,  32.708771260908,  30.0          
       288,  36.3737848552  ,  32.292096723994,  30.0          
       289,  35.981274927596,  32.29208021889 ,  30.0          
       290,  35.980418294647,  31.875413913563,  30.0          
       291,  36.372585569033,  31.875430433088,  30.0          
       292,  35.587738441636,  31.45862230006 ,  30.0          
       293,  35.195912813878,  31.458429655576,  30.0          
       294,  35.195742439494,  31.041752717961,  30.0          
       295,  35.587227318481,  31.04192482055 ,  30.0          
       296,  39.537504225827,  34.7917511831  ,  30.0          
       297,  39.142938640972,  34.7917511831  ,  30.0          
       298,  39.139342238707,  34.3752535493  ,  30.0          
       299,  39.53356530906 ,  34.3752535493  ,  30.0          
       300,  38.74186481423 ,  33.958696221413,  30.0          
       301,  38.347984307469,  33.958696221413,  30.0          
       302,  38.345072099667,  33.54207919944 ,  30.0          
       303,  38.738609993745,  33.54207919944 ,  30.0          
       304,  37.948964458548,  33.125437545938,  30.0          
       305,  37.555769197408,  33.125437545938,  30.0          
       306,  37.553541951641,  32.708771260908,  30.0          
       307,  37.946394559586,  32.708771260908,  30.0          
       308,  36.764752857005,  31.87543869285 ,  30.0          
       309,  37.156920158561,  31.87543869285 ,  30.0          
       310,  37.158804751127,  32.292104976546,  30.0          
       311,  36.766294796377,  32.292104976546,  30.0          
       312,  36.37138669763 ,  31.458740316044,  30.0          
       313,  35.979563069553,  31.45872585355 ,  30.0          
       314,  35.978709252314,  31.042016038851,  30.0          
       315,  36.37018824099 ,  31.042026372863,  30.0          
       316,  35.586713192678,  30.625182060596,  30.0          
       317,  35.195571064226,  30.625060686866,  30.0          
       318,  35.195398688075,  30.208353562289,  30.0          
       319,  35.586196064226,  30.208394020199,  30.0          
       320,  40.326635395536,  34.7917511831  ,  30.0          
       321,  39.932069810681,  34.7917511831  ,  30.0          
       322,  39.927788379413,  34.3752535493  ,  30.0          
       323,  40.322011449766,  34.3752535493  ,  30.0          
       324,  39.529625827752,  33.958696221413,  30.0          
       325,  39.135745320991,  33.958696221413,  30.0          
       326,  39.132147887824,  33.54207919944 ,  30.0          
       327,  39.525685781902,  33.54207919944 ,  30.0          
       328,  38.735354980828,  33.125437545938,  30.0          
       329,  38.342159719688,  33.125437545938,  30.0          
       330,  38.339247167531,  32.708771260908,  30.0          
       331,  38.732099775476,  32.708771260908,  30.0          
       332,  37.549087460118,  31.87543869285 ,  30.0          
       333,  37.941254761674,  31.87543869285 ,  30.0          
       334,  37.943824660628,  32.292104976546,  30.0          
       335,  37.551314705878,  32.292104976546,  30.0          
       336,  36.761668702244,  31.042031539869,  30.0          
       337,  37.153150636077,  31.042031539869,  30.0          
       338,  37.155035453544,  31.458747547291,  30.0          
       339,  36.763210825627,  31.458747547291,  30.0          
       340,  36.368988634503,  30.625252050954,  30.0          
       341,  35.97785238277 ,  30.625245848626,  30.0          
       342,  35.976992460923,  30.208415282875,  30.0          
       343,  36.367787878167,  30.208417350318,  30.0          
       344,  40.716234520119,  34.3752535493  ,  30.0          
       345,  41.110457590472,  34.3752535493  ,  30.0          
       346,  41.115766565245,  34.7917511831  ,  30.0          
       347,  40.72120098039 ,  34.7917511831  ,  30.0          
       348,  40.317386841274,  33.958696221413,  30.0          
       349,  39.923506334513,  33.958696221413,  30.0          
       350,  39.919223675981,  33.54207919944 ,  30.0          
       351,  40.312761570059,  33.54207919944 ,  30.0          
       352,  39.521745503107,  33.125437545938,  30.0          
       353,  39.128550241967,  33.125437545938,  30.0          
       354,  39.12495238342 ,  32.708771260908,  30.0          
       355,  39.517804991365,  32.708771260908,  30.0          
       356,  38.728844570129,  32.292104976546,  30.0          
       357,  38.336334615379,  32.292104976546,  30.0          
       358,  38.333422063231,  31.87543869285 ,  30.0          
       359,  38.725589364788,  31.87543869285 ,  30.0          
       360,  37.544632569909,  31.042031539869,  30.0          
       361,  37.936114503741,  31.042031539869,  30.0          
       362,  37.938684709379,  31.458747547291,  30.0          
       363,  37.546860081462,  31.458747547291,  30.0          
       364,  37.151265545507,  30.625255152119,  30.0          
       365,  36.760126355415,  30.625255152119,  30.0          
       366,  36.758583785138,  30.20841838404 ,  30.0          
       367,  37.149380181836,  30.20841838404 ,  30.0          
       368,  41.504680660825,  34.3752535493  ,  30.0          
       369,  41.898903731178,  34.3752535493  ,  30.0          
       370,  41.904897734954,  34.7917511831  ,  30.0          
       371,  47.5           ,  20.526315789474,  30.0          
       372,  47.5           ,  19.736842105263,  30.0          
       373,  47.5           ,  18.947368421053,  30.0          
       374,  47.5           ,  18.157894736842,  30.0          
       375,  47.5           ,  17.368421052632,  30.0          
       376,  47.5           ,  16.578947368421,  30.0          
       377,  47.5           ,  15.789473684211,  30.0          
       378,  47.5           ,  15.0           ,  30.0          
       379,  48.333333333333,  15.0           ,  30.0          
       380,  49.166666666667,  15.0           ,  30.0          
       381,  50.0           ,  15.0           ,  30.0          
       382,  50.0           ,  35.0           ,  30.0          
       383,  49.210526315789,  35.0           ,  30.0          
       384,  48.421052631579,  35.0           ,  30.0          
       385,  47.631578947368,  35.0           ,  30.0          
       386,  46.842105263158,  35.0           ,  30.0          
       387,  46.052631578947,  35.0           ,  30.0          
       388,  45.263157894737,  35.0           ,  30.0          
       389,  44.473684210526,  35.0           ,  30.0          
       390,  43.684210526316,  35.0           ,  30.0          
       391,  42.894736842105,  35.0           ,  30.0          
       392,  42.105263157894,  35.0           ,  30.0          
       393,  41.315789473684,  35.0           ,  30.0          
       394,  40.526315789474,  35.0           ,  30.0          
       395,  39.736842105263,  35.0           ,  30.0          
       396,  38.947368421052,  35.0           ,  30.0          
       397,  38.157894736842,  35.0           ,  30.0          
       398,  37.368421052631,  35.0           ,  30.0          
       399,  36.578947368421,  35.0           ,  30.0          
       400,  35.78947368421 ,  35.0           ,  30.0          
       401,  35.788095913196,  34.166988275982,  30.0          
       402,  36.576207252409,  34.1670047324  ,  30.0          
       403,  35.786733229649,  33.333737750151,  30.0          
       404,  37.364310878614,  34.1670047324  ,  30.0          
       405,  36.573466350949,  33.333770688453,  30.0          
       406,  35.785362616964,  32.500405122607,  30.0          
       407,  38.152414504818,  34.1670047324  ,  30.0          
       408,  37.360199526423,  33.333770688453,  30.0          
       409,  36.570725125389,  32.500438118394,  30.0          
       410,  35.783992004284,  31.667072497531,  30.0          
       411,  38.940518131023,  34.1670047324  ,  30.0          
       412,  38.146932701898,  33.333770688453,  30.0          
       413,  37.356087688084,  32.500438118394,  30.0          
       414,  36.567983899839,  31.667105551002,  30.0          
       415,  35.782629009206,  30.833656996616,  30.0          
       416,  39.728621757227,  34.1670047324  ,  30.0          
       417,  38.933665877372,  33.333770688453,  30.0          
       418,  38.141450250779,  32.500438118394,  30.0          
       419,  37.351975849758,  31.667105551002,  30.0          
       420,  36.565242347158,  30.833673536158,  30.0          
       421,  40.516725383432,  34.1670047324  ,  30.0          
       422,  39.720399052846,  33.333770688453,  30.0          
       423,  38.926812813473,  32.500438118394,  30.0          
       424,  38.135967799678,  31.667105551003,  30.0          
       425,  37.347863520738,  30.833673536158,  30.0          
       426,  41.304829009637,  34.1670047324  ,  30.0          
       427,  40.507132228321,  33.333770688453,  30.0          
       428,  39.712175376168,  32.500438118394,  30.0          
       429,  38.919959749597,  31.667105551003,  30.0          
       430,  38.130484694317,  30.833673536158,  30.0          
       431,  42.092932635841,  34.1670047324  ,  30.0          
       432,  41.293865403795,  33.333770688453,  30.0          
       433,  40.497537938863,  32.500438118394,  30.0          
       434,  39.703951699516,  31.667105551003,  30.0          
       435,  38.913105867896,  30.833673536158,  30.0          
       436,  42.881036262046,  34.1670047324  ,  30.0          
       437,  42.08059857927 ,  33.333770688453,  30.0          
       438,  41.282900501558,  32.500438118394,  30.0          
       439,  40.487943649436,  31.667105551003,  30.0          
       440,  39.695727041475,  30.833673536158,  30.0          
       441,  43.66913988825 ,  34.1670047324  ,  30.0          
       442,  42.867331754744,  33.333770688454,  30.0          
       443,  42.068263064252,  32.500438118394,  30.0          
       444,  41.271935599355,  31.667105551003,  30.0          
       445,  40.478348215054,  30.833673536158,  30.0          
       446,  44.457243514455,  34.1670047324  ,  30.0          
       447,  43.654064930218,  33.333770688454,  30.0          
       448,  42.853625626947,  32.500438118394,  30.0          
       449,  42.055927549274,  31.667105551003,  30.0          
       450,  41.260969388634,  30.833673536158,  30.0          
       451,  45.24534714066 ,  34.1670047324  ,  30.0          
       452,  44.440798105693,  33.333770688454,  30.0          
       453,  43.638988189642,  32.500438118394,  30.0          
       454,  42.839919499194,  31.667105551003,  30.0          
       455,  42.043590562213,  30.833673536158,  30.0          
       456,  46.034792554635,  34.166730662751,  30.0          
       457,  45.227531281167,  33.333770688454,  30.0          
       458,  44.424350752336,  32.500438118394,  30.0          
       459,  43.623911449113,  31.667105551003,  30.0          
       460,  42.826211735792,  30.833673536158,  30.0          
       461,  46.824798799439,  34.166203155687,  30.0          
       462,  46.016885550715,  33.333482440433,  30.0          
       463,  45.209713315031,  32.500438118394,  30.0          
       464,  44.407903399033,  31.667105551003,  30.0          
       465,  43.608832909371,  30.833673536158,  30.0          
       466,  47.61749078844 ,  34.16568023512 ,  30.0          
       467,  46.80736561812 ,  33.332838531653,  30.0          
       468,  45.998799195468,  32.50022717206 ,  30.0          
       469,  45.191895348952,  31.667105551003,  30.0          
       470,  44.39145408295 ,  30.833673536158,  30.0          
       471,  48.41075754079 ,  34.165411306714,  30.0          
       472,  47.603310902462,  33.332150764249,  30.0          
       473,  46.789517383486,  32.499745463992,  30.0          
       474,  45.980101403179,  31.667131077393,  30.0          
       475,  45.17407525653 ,  30.833673536158,  30.0          
       476,  49.205109030858,  34.165465134138,  30.0          
       477,  48.4003991927  ,  33.331720051452,  30.0          
       478,  47.588438633934,  32.499065364064,  30.0          
       479,  46.77056415575 ,  31.666967588582,  30.0          
       480,  45.960093009231,  30.834052924731,  30.0          
       481,  49.999346560198,  34.165569210023,  30.0          
       482,  49.199684920169,  33.331612630834,  30.0          
       483,  48.389129466646,  32.498396030786,  30.0          
       484,  47.571460934927,  31.665980587665,  30.0          
       485,  46.749003789145,  30.834535473935,  30.0          
       486,  49.99874569746 ,  33.331656300864,  30.0          
       487,  49.193854916642,  32.497927326015,  30.0          
       488,  48.375448960104,  31.664774505364,  30.0          
       489,  47.550864407402,  30.834138930666,  30.0          
       490,  49.998413013006,  32.497722700288,  30.0          
       491,  49.186642388919,  31.664099183532,  30.0          
       492,  48.358195943724,  30.838015298152,  30.0          
       493,  49.998749382859,  31.663803601284,  30.0          
       494,  48.338429787634,  30.019552420274,  30.0          
       495,  49.178260274713,  30.839707818948,  30.0          
       496,  48.334212759702,  29.217576198684,  30.0          
       497,  49.999333687867,  30.83968910144 ,  30.0          
       498,  49.169932362158,  30.020037283662,  30.0          
       499,  48.333333333333,  28.421052631579,  30.0          
       500,  49.167018697781,  29.218949186902,  30.0          
       501,  49.999822451612,  30.020212360938,  30.0          
       502,  48.333333333333,  27.631578947369,  30.0          
       503,  49.166666666666,  28.421052631579,  30.0          
       504,  49.999980353817,  29.219025281306,  30.0          
       505,  48.333333333333,  26.842105263158,  30.0          
       506,  49.166666666666,  27.631578947369,  30.0          
       507,  50.0           ,  28.421052631579,  30.0          
       508,  48.333333333333,  26.052631578948,  30.0          
       509,  49.166666666666,  26.842105263158,  30.0          
       510,  50.0           ,  27.631578947369,  30.0          
       511,  48.333333333333,  25.263157894737,  30.0          
       512,  49.166666666666,  26.052631578948,  30.0          
       513,  50.0           ,  26.842105263158,  30.0          
       514,  48.333333333333,  24.473684210527,  30.0          
       515,  49.166666666667,  25.263157894737,  30.0          
       516,  50.0           ,  26.052631578948,  30.0          
       517,  48.333333333333,  23.684210526316,  30.0          
       518,  49.166666666667,  24.473684210527,  30.0          
       519,  50.0           ,  25.263157894737,  30.0          
       520,  48.333333333333,  22.894736842106,  30.0          
       521,  49.166666666667,  23.684210526316,  30.0          
       522,  50.0           ,  24.473684210527,  30.0          
       523,  48.333333333333,  22.105263157895,  30.0          
       524,  49.166666666667,  22.894736842106,  30.0          
       525,  50.0           ,  23.684210526316,  30.0          
       526,  48.333333333333,  21.315789473684,  30.0          
       527,  49.166666666667,  22.105263157895,  30.0          
       528,  50.0           ,  22.894736842106,  30.0          
       529,  48.333333333333,  20.526315789474,  30.0          
       530,  49.166666666667,  21.315789473684,  30.0          
       531,  50.0           ,  22.105263157895,  30.0          
       532,  48.333333333333,  19.736842105264,  30.0          
       533,  49.166666666667,  20.526315789474,  30.0          
       534,  50.0           ,  21.315789473684,  30.0          
       535,  48.333333333333,  18.947368421053,  30.0          
       536,  49.166666666667,  19.736842105264,  30.0          
       537,  50.0           ,  20.526315789474,  30.0          
       538,  48.333333333333,  18.157894736842,  30.0          
       539,  49.166666666667,  18.947368421053,  30.0          
       540,  50.0           ,  19.736842105264,  30.0          
       541,  48.333333333333,  17.368421052632,  30.0          
       542,  49.166666666667,  18.157894736842,  30.0          
       543,  50.0           ,  18.947368421053,  30.0          
       544,  48.333333333333,  16.578947368421,  30.0          
       545,  49.166666666667,  17.368421052632,  30.0          
       546,  50.0           ,  18.157894736842,  30.0          
       547,  48.333333333333,  15.789473684211,  30.0          
       548,  49.166666666667,  16.578947368421,  30.0          
       549,  50.0           ,  17.368421052632,  30.0          
       550,  49.166666666667,  15.789473684211,  30.0          
       551,  50.0           ,  16.578947368421,  30.0          
       552,  50.0           ,  15.789473684211,  30.0          
       553,  35.390625      ,  30.0           ,  30.0          
       554,  36.171875      ,  30.0           ,  30.0          
       555,  35.781939504603,  30.416828498308,  30.0          
       556,  36.953125      ,  30.0           ,  30.0          
       557,  36.563871173579,  30.416836768079,  30.0          
       558,  37.734375      ,  30.0           ,  30.0          
       559,  37.345806760369,  30.416836768079,  30.0          
       560,  38.515625      ,  30.0           ,  30.0          
       561,  38.127742347158,  30.416836768079,  30.0          
       562,  39.296875      ,  30.0           ,  30.0          
       563,  38.909677933948,  30.416836768079,  30.0          
       564,  40.078125      ,  30.0           ,  30.0          
       565,  39.691613520738,  30.416836768079,  30.0          
       566,  40.859375      ,  30.0           ,  30.0          
       567,  40.473549107527,  30.416836768079,  30.0          
       568,  41.640625      ,  30.0           ,  30.0          
       569,  41.255484694317,  30.416836768079,  30.0          
       570,  42.421875      ,  30.0           ,  30.0          
       571,  42.037420281106,  30.416836768079,  30.0          
       572,  43.203125      ,  30.0           ,  30.0          
       573,  42.819355867896,  30.416836768079,  30.0          
       574,  43.984375      ,  30.0           ,  30.0          
       575,  43.601291454686,  30.416836768079,  30.0          
       576,  44.765625      ,  30.0           ,  30.0          
       577,  44.383227041475,  30.416836768079,  30.0          
       578,  45.546875      ,  30.0           ,  30.0          
       579,  45.165162628265,  30.416836768079,  30.0          
       580,  46.328125      ,  30.0           ,  30.0          
       581,  45.948796504616,  30.417026462366,  30.0          
       582,  47.109375      ,  30.0           ,  30.0          
       583,  46.733876894573,  30.417267736968,  30.0          
       584,  47.5           ,  29.605263157895,  30.0          
       585,  47.525432203701,  30.417069465333,  30.0          
       586,  47.919214893817,  30.009776210137,  30.0          
       587,  47.5           ,  28.815789473684,  30.0          
       588,  47.917106379851,  29.214051257237,  30.0          
       589,  47.5           ,  28.026315789474,  30.0          
       590,  47.916666666666,  28.421052631579,  30.0          
       591,  47.5           ,  27.236842105263,  30.0          
       592,  47.916666666666,  27.631578947369,  30.0          
       593,  47.5           ,  26.447368421053,  30.0          
       594,  47.916666666666,  26.842105263158,  30.0          
       595,  47.5           ,  25.657894736842,  30.0          
       596,  47.916666666666,  26.052631578948,  30.0          
       597,  47.5           ,  24.868421052632,  30.0          
       598,  47.916666666667,  25.263157894737,  30.0          
       599,  47.5           ,  24.078947368421,  30.0          
       600,  47.916666666667,  24.473684210527,  30.0          
       601,  47.5           ,  23.289473684211,  30.0          
       602,  47.916666666667,  23.684210526316,  30.0          
       603,  47.5           ,  22.5           ,  30.0          
       604,  47.916666666667,  22.894736842106,  30.0          
       605,  47.5           ,  21.71052631579 ,  30.0          
       606,  47.916666666667,  22.105263157895,  30.0          
       607,  47.5           ,  20.921052631579,  30.0          
       608,  47.916666666667,  21.315789473684,  30.0          
       609,  47.5           ,  20.131578947369,  30.0          
       610,  47.916666666667,  20.526315789474,  30.0          
       611,  47.5           ,  19.342105263158,  30.0          
       612,  47.916666666667,  19.736842105263,  30.0          
       613,  47.5           ,  18.552631578948,  30.0          
       614,  47.916666666667,  18.947368421053,  30.0          
       615,  47.5           ,  17.763157894737,  30.0          
       616,  47.916666666667,  18.157894736842,  30.0          
       617,  47.5           ,  16.973684210527,  30.0          
       618,  47.916666666667,  17.368421052632,  30.0          
       619,  47.5           ,  16.184210526316,  30.0          
       620,  47.916666666667,  16.578947368421,  30.0          
       621,  47.5           ,  15.394736842106,  30.0          
       622,  47.916666666667,  15.789473684211,  30.0          
       623,  47.916666666667,  15.0           ,  30.0          
       624,  48.75          ,  15.0           ,  30.0          
       625,  48.333333333333,  15.394736842106,  30.0          
       626,  49.583333333333,  15.0           ,  30.0          
       627,  49.166666666667,  15.394736842106,  30.0          
       628,  50.0           ,  15.394736842106,  30.0          
       629,  49.605263157894,  35.0           ,  30.0          
       630,  49.999673280099,  34.582784605012,  30.0          
       631,  48.815789473684,  35.0           ,  30.0          
       632,  49.207817673324,  34.582732567069,  30.0          
       633,  48.026315789474,  35.0           ,  30.0          
       634,  48.415905086184,  34.582705653357,  30.0          
       635,  47.236842105263,  35.0           ,  30.0          
       636,  47.624534867904,  34.58284011756 ,  30.0          
       637,  46.447368421052,  35.0           ,  30.0          
       638,  46.833452031298,  34.583101577844,  30.0          
       639,  45.657894736842,  35.0           ,  30.0          
       640,  46.043712066791,  34.583365331376,  30.0          
       641,  44.868421052631,  35.0           ,  30.0          
       642,  45.254252517698,  34.5835023662  ,  30.0          
       643,  44.078947368421,  35.0           ,  30.0          
       644,  44.465463862491,  34.5835023662  ,  30.0          
       645,  43.28947368421 ,  35.0           ,  30.0          
       646,  43.676675207283,  34.5835023662  ,  30.0          
       647,  42.5           ,  35.0           ,  30.0          
       648,  42.887886552076,  34.5835023662  ,  30.0          
       649,  41.710526315789,  35.0           ,  30.0          
       650,  42.099097896868,  34.5835023662  ,  30.0          
       651,  40.921052631579,  35.0           ,  30.0          
       652,  41.31030924166 ,  34.5835023662  ,  30.0          
       653,  40.131578947368,  35.0           ,  30.0          
       654,  40.521520586453,  34.5835023662  ,  30.0          
       655,  39.342105263158,  35.0           ,  30.0          
       656,  39.732731931245,  34.5835023662  ,  30.0          
       657,  38.552631578947,  35.0           ,  30.0          
       658,  38.943943276038,  34.5835023662  ,  30.0          
       659,  37.763157894737,  35.0           ,  30.0          
       660,  38.15515462083 ,  34.5835023662  ,  30.0          
       661,  36.973684210526,  35.0           ,  30.0          
       662,  37.366365965622,  34.5835023662  ,  30.0          
       663,  36.184210526316,  35.0           ,  30.0          
       664,  36.577577310415,  34.5835023662  ,  30.0          
       665,  35.394736842105,  35.0           ,  30.0          
       666,  35.788784798703,  34.583494137991,  30.0          
       667,  35.394047956598,  34.166827471324,  30.0          
       668,  35.393366614824,  33.333535541742,  30.0          
       669,  35.392681308482,  32.500202561304,  30.0          
       670,  35.391996002142,  31.666869582099,  30.0          
       671,  35.391314504603,  30.833495164974,  30.0          
       672,  36.182151582803,  34.166996504191,  30.0          
       673,  35.787414571423,  33.750363013066,  30.0          
       674,  36.970259065511,  34.1670047324  ,  30.0          
       675,  36.574836801679,  33.750387710427,  30.0          
       676,  36.180099790299,  33.333754219302,  30.0          
       677,  35.786047923306,  32.917071436379,  30.0          
       678,  37.758362691716,  34.1670047324  ,  30.0          
       679,  37.362255202518,  33.750387710427,  30.0          
       680,  36.966832938686,  33.333770688453,  30.0          
       681,  36.572095738169,  32.917104403424,  30.0          
       682,  36.178043871177,  32.5004216205  ,  30.0          
       683,  35.784677310624,  32.083738810069,  30.0          
       684,  38.54646631792 ,  34.1670047324  ,  30.0          
       685,  38.149673603358,  33.750387710427,  30.0          
       686,  37.75356611416 ,  33.333770688453,  30.0          
       687,  37.358143607254,  32.917104403424,  30.0          
       688,  36.963406406737,  32.500438118394,  30.0          
       689,  36.569354512614,  32.083771834698,  30.0          
       690,  36.175987952061,  31.667089024267,  30.0          
       691,  35.783310506745,  31.250364747073,  30.0          
       692,  39.334569944125,  34.1670047324  ,  30.0          
       693,  38.937092004197,  33.750387710427,  30.0          
       694,  38.540299289635,  33.333770688453,  30.0          
       695,  38.144191476338,  32.917104403424,  30.0          
       696,  37.748768969431,  32.500438118394,  30.0          
       697,  37.354031768921,  32.083771834698,  30.0          
       698,  36.959979874798,  31.667105551002,  30.0          
       699,  36.566613123498,  31.25038954358 ,  30.0          
       700,  36.173935678182,  30.833665266387,  30.0          
       701,  40.12267357033 ,  34.1670047324  ,  30.0          
       702,  39.724510405037,  33.750387710427,  30.0          
       703,  39.327032465109,  33.333770688453,  30.0          
       704,  38.930239345423,  32.917104403424,  30.0          
       705,  38.534131532126,  32.500438118394,  30.0          
       706,  38.138709025228,  32.083771834698,  30.0          
       707,  37.743971824718,  31.667105551002,  30.0          
       708,  37.349919685248,  31.25038954358 ,  30.0          
       709,  36.956552933948,  30.833673536158,  30.0          
       710,  40.910777196534,  34.1670047324  ,  30.0          
       711,  40.511928805876,  33.750387710427,  30.0          
       712,  40.113765640584,  33.333770688453,  30.0          
       713,  39.716287214507,  32.917104403424,  30.0          
       714,  39.319494094821,  32.500438118394,  30.0          
       715,  38.923386281535,  32.083771834698,  30.0          
       716,  38.527963774637,  31.667105551003,  30.0          
       717,  38.133226246997,  31.25038954358 ,  30.0          
       718,  37.739174107527,  30.833673536158,  30.0          
       719,  41.698880822739,  34.1670047324  ,  30.0          
       720,  41.299347206716,  33.750387710427,  30.0          
       721,  40.900498816058,  33.333770688453,  30.0          
       722,  40.502335083592,  32.917104403424,  30.0          
       723,  40.104856657516,  32.500438118394,  30.0          
       724,  39.708063537842,  32.083771834698,  30.0          
       725,  39.311955724557,  31.667105551003,  30.0          
       726,  38.916532808746,  31.25038954358 ,  30.0          
       727,  38.521795281106,  30.833673536158,  30.0          
       728,  42.486984448944,  34.1670047324  ,  30.0          
       729,  42.086765607556,  33.750387710427,  30.0          
       730,  41.687231991532,  33.333770688453,  30.0          
       731,  41.288382952676,  32.917104403424,  30.0          
       732,  40.89021922021 ,  32.500438118394,  30.0          
       733,  40.492740794149,  32.083771834698,  30.0          
       734,  40.095947674476,  31.667105551003,  30.0          
       735,  39.699839370496,  31.25038954358 ,  30.0          
       736,  39.304416454686,  30.833673536158,  30.0          
       737,  43.275088075148,  34.1670047324  ,  30.0          
       738,  42.874184008395,  33.750387710427,  30.0          
       739,  42.473965167007,  33.333770688454,  30.0          
       740,  42.074430821761,  32.917104403424,  30.0          
       741,  41.675581782905,  32.500438118394,  30.0          
       742,  41.277418050456,  32.083771834698,  30.0          
       743,  40.879939624395,  31.667105551003,  30.0          
       744,  40.483145932245,  31.25038954358 ,  30.0          
       745,  40.087037628265,  30.833673536158,  30.0          
       746,  44.063191701353,  34.1670047324  ,  30.0          
       747,  43.661602409234,  33.750387710427,  30.0          
       748,  43.260698342481,  33.333770688454,  30.0          
       749,  42.860478690846,  32.917104403424,  30.0          
       750,  42.4609443456  ,  32.500438118394,  30.0          
       751,  42.062095306763,  32.083771834698,  30.0          
       752,  41.663931574315,  31.667105551003,  30.0          
       753,  41.266452493994,  31.25038954358 ,  30.0          
       754,  40.869658801844,  30.833673536158,  30.0          
       755,  44.851295327557,  34.1670047324  ,  30.0          
       756,  44.449020810074,  33.750387710427,  30.0          
       757,  44.047431517956,  33.333770688454,  30.0          
       758,  43.64652655993 ,  32.917104403424,  30.0          
       759,  43.246306908294,  32.500438118394,  30.0          
       760,  42.84677256307 ,  32.083771834698,  30.0          
       761,  42.447923524234,  31.667105551003,  30.0          
       762,  42.049759055744,  31.25038954358 ,  30.0          
       763,  41.652279975423,  30.833673536158,  30.0          
       764,  45.640069847648,  34.166867697576,  30.0          
       765,  45.236439210914,  33.750387710427,  30.0          
       766,  44.83416469343 ,  33.333770688454,  30.0          
       767,  44.432574429015,  32.917104403424,  30.0          
       768,  44.031669470989,  32.500438118394,  30.0          
       769,  43.631449819378,  32.083771834698,  30.0          
       770,  43.231915474154,  31.667105551003,  30.0          
       771,  42.833065617493,  31.25038954358 ,  30.0          
       772,  42.434901149002,  30.833673536158,  30.0          
       773,  46.429795677037,  34.166466909219,  30.0          
       774,  46.025839052675,  33.750106551592,  30.0          
       775,  45.622208415941,  33.333626564443,  30.0          
       776,  45.218622298099,  32.917104403424,  30.0          
       777,  44.817032033684,  32.500438118394,  30.0          
       778,  44.416127075685,  32.083771834698,  30.0          
       779,  44.015907424073,  31.667105551003,  30.0          
       780,  43.616372179242,  31.25038954358 ,  30.0          
       781,  43.217522322582,  30.833673536158,  30.0          
       782,  47.221144793939,  34.165941695404,  30.0          
       783,  46.81608220878 ,  33.74952084367 ,  30.0          
       784,  46.412125584418,  33.333160486043,  30.0          
       785,  46.007842373092,  32.916854806246,  30.0          
       786,  45.60425625525 ,  32.500332645227,  30.0          
       787,  45.200804331992,  32.083771834698,  30.0          
       788,  44.799899373992,  31.667105551003,  30.0          
       789,  44.399678740992,  31.25038954358 ,  30.0          
       790,  44.000143496161,  30.833673536158,  30.0          
       791,  48.014124164615,  34.165545770917,  30.0          
       792,  47.610400845451,  33.748915499685,  30.0          
       793,  47.205338260291,  33.332494647951,  30.0          
       794,  46.798441500803,  32.916291997823,  30.0          
       795,  46.394158289477,  32.499986318026,  30.0          
       796,  45.989450299324,  32.083679124726,  30.0          
       797,  45.585998376066,  31.667118314198,  30.0          
       798,  45.182985302741,  31.25038954358 ,  30.0          
       799,  44.78276466974 ,  30.833673536158,  30.0          
       800,  48.807933285824,  34.165438220426,  30.0          
       801,  48.405578366745,  33.748565679083,  30.0          
       802,  48.001855047581,  33.33193540785 ,  30.0          
       803,  47.595874768198,  32.915608064156,  30.0          
       804,  47.18897800871 ,  32.499405414028,  30.0          
       805,  46.780040769618,  32.083356526287,  30.0          
       806,  46.375332779465,  31.667049332987,  30.0          
       807,  45.970097206205,  31.250592001062,  30.0          
       808,  45.56708413288 ,  30.833863230444,  30.0          
       809,  49.602227795528,  34.165517172081,  30.0          
       810,  49.202396975513,  33.748538882486,  30.0          
       811,  48.800042056434,  33.331666341143,  30.0          
       812,  48.394764329673,  32.915058041119,  30.0          
       813,  47.98878405029 ,  32.498730697425,  30.0          
       814,  47.57994978443 ,  32.082522975864,  30.0          
       815,  47.171012545339,  31.666474088123,  30.0          
       816,  46.759783972448,  31.250751531258,  30.0          
       817,  46.354548399188,  30.834294199333,  30.0          
       818,  49.999046128829,  33.748612755444,  30.0          
       819,  49.599215308814,  33.331634465849,  30.0          
       820,  49.196769918405,  32.914769978424,  30.0          
       821,  48.791492191644,  32.4981616784  ,  30.0          
       822,  48.382289213375,  32.081585268075,  30.0          
       823,  47.973454947516,  31.665377546514,  30.0          
       824,  47.561162671164,  31.250059759166,  30.0          
       825,  47.149934098274,  30.8343372023  ,  30.0          
       826,  49.998579355233,  32.914689500576,  30.0          
       827,  49.596133964824,  32.497825013151,  30.0          
       828,  49.19024865278 ,  32.081013254774,  30.0          
       829,  48.781045674512,  31.664436844448,  30.0          
       830,  48.366822451914,  31.251394901758,  30.0          
       831,  47.954530175563,  30.836077114409,  30.0          
       832,  49.998581197932,  32.080763150786,  30.0          
       833,  49.592695885889,  31.663951392408,  30.0          
       834,  49.182451331816,  31.25190350124 ,  30.0          
       835,  48.34831286568 ,  30.428783859213,  30.0          
       836,  48.768228109219,  30.83886155855 ,  30.0          
       837,  49.999041535363,  31.251746351362,  30.0          
       838,  48.336321273668,  29.618564309479,  30.0          
       839,  48.754181074896,  30.019794851968,  30.0          
       840,  49.58879698129 ,  30.839698460194,  30.0          
       841,  49.174096318436,  30.429872551305,  30.0          
       842,  48.333773046517,  28.819314415132,  30.0          
       843,  48.750615728741,  29.218262692793,  30.0          
       844,  49.999578069739,  30.429950731189,  30.0          
       845,  49.168475529969,  29.619493235282,  30.0          
       846,  49.584877406885,  30.0201248223  ,  30.0          
       847,  48.333333333333,  28.026315789474,  30.0          
       848,  48.75          ,  28.421052631579,  30.0          
       849,  49.166842682224,  28.82000090924 ,  30.0          
       850,  49.583499525799,  29.218987234104,  30.0          
       851,  49.999901402714,  29.619618821122,  30.0          
       852,  48.333333333333,  27.236842105263,  30.0          
       853,  48.75          ,  27.631578947369,  30.0          
       854,  49.166666666666,  28.026315789474,  30.0          
       855,  49.583333333333,  28.421052631579,  30.0          
       856,  49.999990176908,  28.820038956442,  30.0          
       857,  48.333333333333,  26.447368421053,  30.0          
       858,  48.75          ,  26.842105263158,  30.0          
       859,  49.166666666666,  27.236842105264,  30.0          
       860,  49.583333333333,  27.631578947369,  30.0          
       861,  50.0           ,  28.026315789474,  30.0          
       862,  48.333333333333,  25.657894736842,  30.0          
       863,  48.75          ,  26.052631578948,  30.0          
       864,  49.166666666666,  26.447368421053,  30.0          
       865,  49.583333333333,  26.842105263158,  30.0          
       866,  50.0           ,  27.236842105264,  30.0          
       867,  48.333333333333,  24.868421052632,  30.0          
       868,  48.75          ,  25.263157894737,  30.0          
       869,  49.166666666667,  25.657894736842,  30.0          
       870,  49.583333333333,  26.052631578948,  30.0          
       871,  50.0           ,  26.447368421053,  30.0          
       872,  48.333333333333,  24.078947368421,  30.0          
       873,  48.75          ,  24.473684210527,  30.0          
       874,  49.166666666667,  24.868421052632,  30.0          
       875,  49.583333333333,  25.263157894737,  30.0          
       876,  50.0           ,  25.657894736842,  30.0          
       877,  48.333333333333,  23.289473684211,  30.0          
       878,  48.75          ,  23.684210526316,  30.0          
       879,  49.166666666667,  24.078947368421,  30.0          
       880,  49.583333333333,  24.473684210527,  30.0          
       881,  50.0           ,  24.868421052632,  30.0          
       882,  48.333333333333,  22.5           ,  30.0          
       883,  48.75          ,  22.894736842106,  30.0          
       884,  49.166666666667,  23.289473684211,  30.0          
       885,  49.583333333333,  23.684210526316,  30.0          
       886,  50.0           ,  24.078947368421,  30.0          
       887,  48.333333333333,  21.71052631579 ,  30.0          
       888,  48.75          ,  22.105263157895,  30.0          
       889,  49.166666666667,  22.5           ,  30.0          
       890,  49.583333333333,  22.894736842106,  30.0          
       891,  50.0           ,  23.289473684211,  30.0          
       892,  48.333333333333,  20.921052631579,  30.0          
       893,  48.75          ,  21.315789473684,  30.0          
       894,  49.166666666667,  21.71052631579 ,  30.0          
       895,  49.583333333333,  22.105263157895,  30.0          
       896,  50.0           ,  22.5           ,  30.0          
       897,  48.333333333333,  20.131578947369,  30.0          
       898,  48.75          ,  20.526315789474,  30.0          
       899,  49.166666666667,  20.921052631579,  30.0          
       900,  49.583333333333,  21.315789473684,  30.0          
       901,  50.0           ,  21.71052631579 ,  30.0          
       902,  48.333333333333,  19.342105263158,  30.0          
       903,  48.75          ,  19.736842105264,  30.0          
       904,  49.166666666667,  20.131578947369,  30.0          
       905,  49.583333333333,  20.526315789474,  30.0          
       906,  50.0           ,  20.921052631579,  30.0          
       907,  48.333333333333,  18.552631578948,  30.0          
       908,  48.75          ,  18.947368421053,  30.0          
       909,  49.166666666667,  19.342105263158,  30.0          
       910,  49.583333333333,  19.736842105264,  30.0          
       911,  50.0           ,  20.131578947369,  30.0          
       912,  48.333333333333,  17.763157894737,  30.0          
       913,  48.75          ,  18.157894736842,  30.0          
       914,  49.166666666667,  18.552631578948,  30.0          
       915,  49.583333333333,  18.947368421053,  30.0          
       916,  50.0           ,  19.342105263158,  30.0          
       917,  48.333333333333,  16.973684210527,  30.0          
       918,  48.75          ,  17.368421052632,  30.0          
       919,  49.166666666667,  17.763157894737,  30.0          
       920,  49.583333333333,  18.157894736842,  30.0          
       921,  50.0           ,  18.552631578948,  30.0          
       922,  48.333333333333,  16.184210526316,  30.0          
       923,  48.75          ,  16.578947368421,  30.0          
       924,  49.166666666667,  16.973684210527,  30.0          
       925,  49.583333333333,  17.368421052632,  30.0          
       926,  50.0           ,  17.763157894737,  30.0          
       927,  48.75          ,  15.789473684211,  30.0          
       928,  49.166666666667,  16.184210526316,  30.0          
       929,  49.583333333333,  16.578947368421,  30.0          
       930,  50.0           ,  16.973684210527,  30.0          
       931,  49.583333333333,  15.789473684211,  30.0          
       932,  50.0           ,  16.184210526316,  30.0          
       933,  35.394392399352,  34.583413735662,  30.0          
       934,  36.183181054559,  34.583498252095,  30.0          
       935,  35.393707285711,  33.750181506533,  30.0          
       936,  36.971971638019,  34.5835023662  ,  30.0          
       937,  36.181125686551,  33.750375361746,  30.0          
       938,  35.393023961653,  32.916869051523,  30.0          
       939,  37.760760293226,  34.5835023662  ,  30.0          
       940,  36.968546002099,  33.750387710427,  30.0          
       941,  36.179071830738,  32.917087919901,  30.0          
       942,  35.392338655312,  32.083536071701,  30.0          
       943,  38.549548948434,  34.5835023662  ,  30.0          
       944,  37.755964402938,  33.750387710427,  30.0          
       945,  36.965119672711,  32.917104403424,  30.0          
       946,  36.177015911619,  32.083755322384,  30.0          
       947,  35.391655253372,  31.250182373537,  30.0          
       948,  39.338337603641,  34.5835023662  ,  30.0          
       949,  38.543382803778,  33.750387710427,  30.0          
       950,  37.751167541796,  32.917104403424,  30.0          
       951,  36.961693140768,  32.083771834698,  30.0          
       952,  36.174961815122,  31.250377145327,  30.0          
       953,  35.390969752301,  30.416747582487,  30.0          
       954,  40.127126258849,  34.5835023662  ,  30.0          
       955,  39.330801204617,  33.750387710427,  30.0          
       956,  38.53721541088 ,  32.917104403424,  30.0          
       957,  37.746370397075,  32.083771834698,  30.0          
       958,  36.958266404373,  31.25038954358 ,  30.0          
       959,  36.172905339091,  30.416832633194,  30.0          
       960,  40.915914914056,  34.5835023662  ,  30.0          
       961,  40.118219605457,  33.750387710427,  30.0          
       962,  39.323263279965,  32.917104403424,  30.0          
       963,  38.531047653382,  32.083771834698,  30.0          
       964,  37.741572966122,  31.25038954358 ,  30.0          
       965,  36.954838966974,  30.416836768079,  30.0          
       966,  41.704703569264,  34.5835023662  ,  30.0          
       967,  40.905638006296,  33.750387710427,  30.0          
       968,  40.10931114905 ,  32.917104403424,  30.0          
       969,  39.315724909689,  32.083771834698,  30.0          
       970,  38.524879527872,  31.25038954358 ,  30.0          
       971,  37.736774553763,  30.416836768079,  30.0          
       972,  42.493492224472,  34.5835023662  ,  30.0          
       973,  41.693056407136,  33.750387710427,  30.0          
       974,  40.895359018134,  32.917104403424,  30.0          
       975,  40.100402165996,  32.083771834698,  30.0          
       976,  39.308186089621,  31.25038954358 ,  30.0          
       977,  38.518710140553,  30.416836768079,  30.0          
       978,  43.282280879679,  34.5835023662  ,  30.0          
       979,  42.480474807975,  33.750387710427,  30.0          
       980,  41.681406887219,  32.917104403424,  30.0          
       981,  40.885079422303,  32.083771834698,  30.0          
       982,  40.09149265137 ,  31.25038954358 ,  30.0          
       983,  39.300645727343,  30.416836768079,  30.0          
       984,  44.071069534887,  34.5835023662  ,  30.0          
       985,  43.267893208815,  33.750387710427,  30.0          
       986,  42.467454756303,  32.917104403424,  30.0          
       987,  41.66975667861 ,  32.083771834698,  30.0          
       988,  40.87479921312 ,  31.25038954358 ,  30.0          
       989,  40.082581314132,  30.416836768079,  30.0          
       990,  44.859858190094,  34.5835023662  ,  30.0          
       991,  44.055311609654,  33.750387710427,  30.0          
       992,  43.253502625388,  32.917104403424,  30.0          
       993,  42.454433934917,  32.083771834698,  30.0          
       994,  41.658105774869,  31.25038954358 ,  30.0          
       995,  40.864516900922,  30.416836768079,  30.0          
       996,  45.648982292245,  34.583433848788,  30.0          
       997,  44.842730010494,  33.750387710427,  30.0          
       998,  44.039550494472,  32.917104403424,  30.0          
       999,  43.239111191224,  32.083771834698,  30.0          
      1000,  42.441412336618,  31.25038954358 ,  30.0          
      1001,  41.646452487712,  30.416836768079,  30.0          
      1002,  46.438582049045,  34.58323345461 ,  30.0          
      1003,  45.631139131794,  33.750247131009,  30.0          
      1004,  44.825598363557,  32.917104403424,  30.0          
      1005,  44.023788447531,  32.083771834698,  30.0          
      1006,  43.224718898368,  31.25038954358 ,  30.0          
      1007,  42.428388074501,  30.416836768079,  30.0          
      1008,  47.228993449601,  34.582970847702,  30.0          
      1009,  46.420960630727,  33.749813697631,  30.0          
      1010,  45.613232335596,  32.916979604835,  30.0          
      1011,  44.808465703838,  32.083771834698,  30.0          
      1012,  44.008025460117,  31.25038954358 ,  30.0          
      1013,  43.210323661291,  30.416836768079,  30.0          
      1014,  48.020219977044,  34.582772885459,  30.0          
      1015,  47.213241527115,  33.749218171677,  30.0          
      1016,  46.403141936948,  32.916573402034,  30.0          
      1017,  45.595127315658,  32.083725479712,  30.0          
      1018,  44.791332021866,  31.25038954358 ,  30.0          
      1019,  43.99225924808 ,  30.416836768079,  30.0          
      1020,  48.811861379754,  34.582719110213,  30.0          
      1021,  48.007989606098,  33.748740589384,  30.0          
      1022,  47.197158134501,  32.91595003099 ,  30.0          
      1023,  46.384745534471,  32.083517825507,  30.0          
      1024,  45.576541254473,  31.250490772321,  30.0          
      1025,  44.77419483487 ,  30.416836768079,  30.0          
      1026,  49.603745476711,  34.58275858604 ,  30.0          
      1027,  48.803987671129,  33.748552280784,  30.0          
      1028,  47.995319548936,  32.915333052638,  30.0          
      1029,  47.179995277024,  32.082939751076,  30.0          
      1030,  46.364940589326,  31.25067176616 ,  30.0          
      1031,  45.55697956644 ,  30.416931615222,  30.0          
      1032,  49.600721552171,  33.748575818965,  30.0          
      1033,  48.795767124039,  32.914914009772,  30.0          
      1034,  47.981119498903,  32.08205412197 ,  30.0          
      1035,  47.160473321806,  31.250405645212,  30.0          
      1036,  46.341336699594,  30.417147099667,  30.0          
      1037,  49.597674636819,  32.9147297395  ,  30.0          
      1038,  48.786268933078,  32.081299261424,  30.0          
      1039,  47.96399256154 ,  31.250727330462,  30.0          
      1040,  47.129654549137,  30.41716860115 ,  30.0          
      1041,  49.594414925356,  32.08088820278 ,  30.0          
      1042,  47.93687253469 ,  30.422926662273,  30.0          
      1043,  48.774636891865,  31.251649201499,  30.0          
      1044,  47.918160636834,  29.611913733687,  30.0          
      1045,  49.59074643359 ,  31.251824926301,  30.0          
      1046,  48.761204592058,  30.429328205259,  30.0          
      1047,  47.916886523259,  28.817551944408,  30.0          
      1048,  48.752398401819,  29.61902877238 ,  30.0          
      1049,  49.586837194087,  30.429911641247,  30.0          
      1050,  47.916666666666,  28.026315789474,  30.0          
      1051,  48.75030786437 ,  28.819657662186,  30.0          
      1052,  49.584188466342,  29.619556028202,  30.0          
      1053,  47.916666666666,  27.236842105263,  30.0          
      1054,  48.75          ,  28.026315789474,  30.0          
      1055,  49.583416429566,  28.820019932841,  30.0          
      1056,  47.916666666666,  26.447368421053,  30.0          
      1057,  48.75          ,  27.236842105264,  30.0          
      1058,  49.583333333333,  28.026315789474,  30.0          
      1059,  47.916666666667,  25.657894736842,  30.0          
      1060,  48.75          ,  26.447368421053,  30.0          
      1061,  49.583333333333,  27.236842105264,  30.0          
      1062,  47.916666666667,  24.868421052632,  30.0          
      1063,  48.75          ,  25.657894736842,  30.0          
      1064,  49.583333333333,  26.447368421053,  30.0          
      1065,  47.916666666667,  24.078947368421,  30.0          
      1066,  48.75          ,  24.868421052632,  30.0          
      1067,  49.583333333333,  25.657894736842,  30.0          
      1068,  47.916666666667,  23.289473684211,  30.0          
      1069,  48.75          ,  24.078947368421,  30.0          
      1070,  49.583333333333,  24.868421052632,  30.0          
      1071,  47.916666666667,  22.5           ,  30.0          
      1072,  48.75          ,  23.289473684211,  30.0          
      1073,  49.583333333333,  24.078947368421,  30.0          
      1074,  47.916666666667,  21.71052631579 ,  30.0          
      1075,  48.75          ,  22.5           ,  30.0          
      1076,  49.583333333333,  23.289473684211,  30.0          
      1077,  47.916666666667,  20.921052631579,  30.0          
      1078,  48.75          ,  21.71052631579 ,  30.0          
      1079,  49.583333333333,  22.5           ,  30.0          
      1080,  47.916666666667,  20.131578947369,  30.0          
      1081,  48.75          ,  20.921052631579,  30.0          
      1082,  49.583333333333,  21.71052631579 ,  30.0          
      1083,  47.916666666667,  19.342105263158,  30.0          
      1084,  48.75          ,  20.131578947369,  30.0          
      1085,  49.583333333333,  20.921052631579,  30.0          
      1086,  47.916666666667,  18.552631578948,  30.0          
      1087,  48.75          ,  19.342105263158,  30.0          
      1088,  49.583333333333,  20.131578947369,  30.0          
      1089,  47.916666666667,  17.763157894737,  30.0          
      1090,  48.75          ,  18.552631578948,  30.0          
      1091,  49.583333333333,  19.342105263158,  30.0          
      1092,  47.916666666667,  16.973684210527,  30.0          
      1093,  48.75          ,  17.763157894737,  30.0          
      1094,  49.583333333333,  18.552631578948,  30.0          
      1095,  47.916666666667,  16.184210526316,  30.0          
      1096,  48.75          ,  16.973684210527,  30.0          
      1097,  49.583333333333,  17.763157894737,  30.0          
      1098,  47.916666666667,  15.394736842106,  30.0          
      1099,  48.75          ,  16.184210526316,  30.0          
      1100,  49.583333333333,  16.973684210527,  30.0          
      1101,  48.75          ,  15.394736842106,  30.0          
      1102,  49.583333333333,  16.184210526316,  30.0          
      1103,  49.583333333333,  15.394736842106,  30.0          
      1104,  41.510332150099,  34.7917511831  ,  30.0          
      1105,  40.706299464138,  33.54207919944 ,  30.0          
      1106,  41.099837358216,  33.54207919944 ,  30.0          
      1107,  41.105147854796,  33.958696221413,  30.0          
      1108,  40.711267348035,  33.958696221413,  30.0          
      1109,  40.308136025386,  33.125437545938,  30.0          
      1110,  39.914940764247,  33.125437545938,  30.0          
      1111,  39.91065759931 ,  32.708771260908,  30.0          
      1112,  40.303510207255,  32.708771260909,  30.0          
      1113,  39.51386447963 ,  32.292104976546,  30.0          
      1114,  39.12135452488 ,  32.292104976546,  30.0          
      1115,  39.117756666344,  31.87543869285 ,  30.0          
      1116,  39.509923967901,  31.87543869285 ,  30.0          
      1117,  38.722333965213,  31.458747547291,  30.0          
      1118,  38.330509337296,  31.458747547291,  30.0          
      1119,  38.327596437573,  31.042031539869,  30.0          
      1120,  38.719078371405,  31.042031539869,  30.0          
      1121,  37.933543925691,  30.625255152119,  30.0          
      1122,  37.542404735599,  30.625255152119,  30.0          
      1123,  37.540176578533,  30.20841838404 ,  30.0          
      1124,  37.93097297523 ,  30.20841838404 ,  30.0          
      1125,  42.694028904663,  34.7917511831  ,  30.0          
      1126,  42.299463319808,  34.7917511831  ,  30.0          
      1127,  42.293126801531,  34.3752535493  ,  30.0          
      1128,  42.687349871884,  34.3752535493  ,  30.0          
      1129,  41.493375252295,  33.54207919944 ,  30.0          
      1130,  41.886913146373,  33.54207919944 ,  30.0          
      1131,  41.892908868318,  33.958696221413,  30.0          
      1132,  41.499028361557,  33.958696221413,  30.0          
      1133,  41.094526547666,  33.125437545938,  30.0          
      1134,  40.701331286526,  33.125437545938,  30.0          
      1135,  40.6963628152  ,  32.708771260909,  30.0          
      1136,  41.089215423145,  32.708771260909,  30.0          
      1137,  40.298884389131,  32.292104976546,  30.0          
      1138,  39.90637443438 ,  32.292104976546,  30.0          
      1139,  39.902091269458,  31.87543869285 ,  30.0          
      1140,  40.294258571014,  31.87543869285 ,  30.0          
      1141,  39.505983221047,  31.458747547292,  30.0          
      1142,  39.11415859313 ,  31.458747547292,  30.0          
      1143,  39.110560305237,  31.042031539869,  30.0          
      1144,  39.502042239069,  31.042031539869,  30.0          
      1145,  38.715822305876,  30.625255152119,  30.0          
      1146,  38.324683115784,  30.625255152119,  30.0          
      1147,  38.321769371928,  30.20841838404 ,  30.0          
      1148,  38.712565768625,  30.20841838404 ,  30.0          
      1149,  43.483160074372,  34.7917511831  ,  30.0          
      1150,  43.088594489518,  34.7917511831  ,  30.0          
      1151,  43.081572942237,  34.3752535493  ,  30.0          
      1152,  43.47579601259 ,  34.3752535493  ,  30.0          
      1153,  42.68066988184 ,  33.958696221413,  30.0          
      1154,  42.286789375079,  33.958696221413,  30.0          
      1155,  42.280451040452,  33.54207919944 ,  30.0          
      1156,  42.67398893453 ,  33.54207919944 ,  30.0          
      1157,  41.880917069946,  33.125437545938,  30.0          
      1158,  41.487721808806,  33.125437545938,  30.0          
      1159,  41.482068031089,  32.708771260909,  30.0          
      1160,  41.874920639034,  32.708771260909,  30.0          
      1161,  40.686425872571,  31.87543869285 ,  30.0          
      1162,  41.078593174127,  31.87543869285 ,  30.0          
      1163,  41.083904298632,  32.292104976546,  30.0          
      1164,  40.691394343881,  32.292104976546,  30.0          
      1165,  40.289632476882,  31.458747547292,  30.0          
      1166,  39.897807848965,  31.458747547292,  30.0          
      1167,  39.893524172902,  31.042031539869,  30.0          
      1168,  40.285006106734,  31.042031539869,  30.0          
      1169,  39.49810068606 ,  30.625255152119,  30.0          
      1170,  39.106961495968,  30.625255152119,  30.0          
      1171,  39.103362165322,  30.20841838404 ,  30.0          
      1172,  39.49415856202 ,  30.20841838404 ,  30.0          
      1173,  44.272291244081,  34.7917511831  ,  30.0          
      1174,  43.877725659227,  34.7917511831  ,  30.0          
      1175,  43.870019082943,  34.3752535493  ,  30.0          
      1176,  44.264242153296,  34.3752535493  ,  30.0          
      1177,  43.468430895362,  33.958696221413,  30.0          
      1178,  43.074550388601,  33.958696221413,  30.0          
      1179,  43.067526828609,  33.54207919944 ,  30.0          
      1180,  43.461064722687,  33.54207919944 ,  30.0          
      1181,  42.667307592225,  33.125437545938,  30.0          
      1182,  42.274112331085,  33.125437545938,  30.0          
      1183,  42.267773246979,  32.708771260909,  30.0          
      1184,  42.660625854924,  32.708771260909,  30.0          
      1185,  41.470760475684,  31.87543869285 ,  30.0          
      1186,  41.862927777241,  31.87543869285 ,  30.0          
      1187,  41.868924208133,  32.292104976546,  30.0          
      1188,  41.476414253382,  32.292104976546,  30.0          
      1189,  40.676488040566,  31.042031539869,  30.0          
      1190,  41.067969974398,  31.042031539869,  30.0          
      1191,  41.073281732716,  31.458747547292,  30.0          
      1192,  40.681457104799,  31.458747547292,  30.0          
      1193,  40.280379066245,  30.625255152119,  30.0          
      1194,  39.889239876152,  30.625255152119,  30.0          
      1195,  39.884954958717,  30.20841838404 ,  30.0          
      1196,  40.275751355415,  30.20841838404 ,  30.0          
      1197,  44.658465223649,  34.3752535493  ,  30.0          
      1198,  45.052688294002,  34.3752535493  ,  30.0          
      1199,  45.06142241379 ,  34.7917511831  ,  30.0          
      1200,  44.666856828936,  34.7917511831  ,  30.0          
      1201,  44.256191908884,  33.958696221413,  30.0          
      1202,  43.862311402123,  33.958696221413,  30.0          
      1203,  43.854602616766,  33.54207919944 ,  30.0          
      1204,  44.248140510844,  33.54207919944 ,  30.0          
      1205,  43.453698114504,  33.125437545938,  30.0          
      1206,  43.060502853365,  33.125437545938,  30.0          
      1207,  43.053478462869,  32.708771260909,  30.0          
      1208,  43.446331070814,  32.708771260909,  30.0          
      1209,  42.653944117634,  32.292104976546,  30.0          
      1210,  42.261434162883,  32.292104976546,  30.0          
      1211,  42.255095078797,  31.87543869285 ,  30.0          
      1212,  42.647262380354,  31.87543869285 ,  30.0          
      1213,  41.45945190823 ,  31.042031539869,  30.0          
      1214,  41.850933842062,  31.042031539869,  30.0          
      1215,  41.85693098855 ,  31.458747547292,  30.0          
      1216,  41.465106360633,  31.458747547292,  30.0          
      1217,  41.062657446429,  30.625255152119,  30.0          
      1218,  40.671518256337,  30.625255152119,  30.0          
      1219,  40.666547752112,  30.20841838404 ,  30.0          
      1220,  41.05734414881 ,  30.20841838404 ,  30.0          
      1221,  45.447162949562,  34.375202161241,  30.0          
      1222,  45.84188919033 ,  34.375099385122,  30.0          
      1223,  45.850805168706,  34.791699795041,  30.0          
      1224,  45.45607186038 ,  34.791734053747,  30.0          
      1225,  44.641678404923,  33.54207919944 ,  30.0          
      1226,  45.035216299001,  33.54207919944 ,  30.0          
      1227,  45.043952922406,  33.958696221413,  30.0          
      1228,  44.650072415645,  33.958696221413,  30.0          
      1229,  44.240088636784,  33.125437545938,  30.0          
      1230,  43.846893375644,  33.125437545938,  30.0          
      1231,  43.839183678758,  32.708771260909,  30.0          
      1232,  44.232036286703,  32.708771260909,  30.0          
      1233,  43.438964027134,  32.292104976546,  30.0          
      1234,  43.046454072384,  32.292104976546,  30.0          
      1235,  43.03942968191 ,  31.87543869285 ,  30.0          
      1236,  43.431596983467,  31.87543869285 ,  30.0          
      1237,  42.640580244385,  31.458747547292,  30.0          
      1238,  42.248755616468,  31.458747547292,  30.0          
      1239,  42.242415775894,  31.042031539869,  30.0          
      1240,  42.633897709726,  31.042031539869,  30.0          
      1241,  41.844935826613,  30.625255152119,  30.0          
      1242,  41.453796636521,  30.625255152119,  30.0          
      1243,  41.448140545507,  30.20841838404 ,  30.0          
      1244,  41.838936942204,  30.20841838404 ,  30.0          
      1245,  46.640376941138,  34.791583758114,  30.0          
      1246,  46.245573528959,  34.791649696496,  30.0          
      1247,  46.236720586877,  34.374949089489,  30.0          
      1248,  46.631657139205,  34.37475127434 ,  30.0          
      1249,  45.429329509954,  33.542008023583,  30.0          
      1250,  45.824018037781,  33.541865671869,  30.0          
      1251,  45.832960146688,  33.958488010732,  30.0          
      1252,  45.438248832754,  33.958626817853,  30.0          
      1253,  45.026479159064,  33.125437545938,  30.0          
      1254,  44.633283897924,  33.125437545938,  30.0          
      1255,  44.624888894648,  32.708771260909,  30.0          
      1256,  45.017741502593,  32.708771260909,  30.0          
      1257,  44.223983936635,  32.292104976546,  30.0          
      1258,  43.831473981885,  32.292104976546,  30.0          
      1259,  43.823764285024,  31.87543869285 ,  30.0          
      1260,  44.21593158658 ,  31.87543869285 ,  30.0          
      1261,  43.424229500219,  31.458747547292,  30.0          
      1262,  43.032404872302,  31.458747547292,  30.0          
      1263,  43.025379643558,  31.042031539869,  30.0          
      1264,  43.416861577391,  31.042031539869,  30.0          
      1265,  42.627214206798,  30.625255152119,  30.0          
      1266,  42.236075016706,  30.625255152119,  30.0          
      1267,  42.229733338902,  30.20841838404 ,  30.0          
      1268,  42.620529735599,  30.20841838404 ,  30.0          
      1269,  47.430487342534,  34.791452741316,  30.0          
      1270,  47.03534821233 ,  34.791518106386,  30.0          
      1271,  47.027097268569,  34.374554319159,  30.0          
      1272,  47.423040974971,  34.374358223946,  30.0          
      1273,  46.622909328996,  33.958001151552,  30.0          
      1274,  46.227846978769,  33.958279455298,  30.0          
      1275,  46.218952704634,  33.541640793925,  30.0          
      1276,  46.614133510511,  33.541333389749,  30.0          
      1277,  45.815042168836,  33.125235853989,  30.0          
      1278,  45.420398582701,  33.125370315289,  30.0          
      1279,  45.411456050994,  32.70871369297 ,  30.0          
      1280,  45.806032539851,  32.708598557092,  30.0          
      1281,  44.608098888137,  31.87543869285 ,  30.0          
      1282,  45.000266189694,  31.87543869285 ,  30.0          
      1283,  45.009003846136,  32.292104976546,  30.0          
      1284,  44.616493891386,  32.292104976546,  30.0          
      1285,  44.207878756054,  31.458747547292,  30.0          
      1286,  43.816054128136,  31.458747547292,  30.0          
      1287,  43.808343511223,  31.042031539869,  30.0          
      1288,  44.199825445055,  31.042031539869,  30.0          
      1289,  43.409492586982,  30.625255152119,  30.0          
      1290,  43.01835339689 ,  30.625255152119,  30.0          
      1291,  43.011326132297,  30.20841838404 ,  30.0          
      1292,  43.402122528994,  30.20841838404 ,  30.0          
      1293,  48.22087337107 ,  34.791369634704,  30.0          
      1294,  47.825662395448,  34.791403250755,  30.0          
      1295,  47.819092449501,  34.374209752264,  30.0          
      1296,  48.215251692158,  34.374108904112,  30.0          
      1297,  47.415569488736,  33.957438900471,  30.0          
      1298,  47.018816832318,  33.95772096661 ,  30.0          
      1299,  47.010506903577,  33.541018048738,  30.0          
      1300,  47.40807288383 ,  33.540694770891,  30.0          
      1301,  46.605268660072,  33.124716104388,  30.0          
      1302,  46.209998861293,  33.125017783689,  30.0          
      1303,  46.200985448746,  32.708410424592,  30.0          
      1304,  46.596314777679,  32.708149295469,  30.0          
      1305,  45.393456343167,  31.875430294903,  30.0          
      1306,  45.787669348556,  31.875413499008,  30.0          
      1307,  45.796908266425,  32.291991105431,  30.0          
      1308,  45.402475304483,  32.292067019508,  30.0          
      1309,  44.591307378887,  31.042031539869,  30.0          
      1310,  44.982789312719,  31.042031539869,  30.0          
      1311,  44.991528011888,  31.458747547292,  30.0          
      1312,  44.599703383971,  31.458747547292,  30.0          
      1313,  44.191770967167,  30.625255152119,  30.0          
      1314,  43.800631777074,  30.625255152119,  30.0          
      1315,  43.792918925691,  30.20841838404 ,  30.0          
      1316,  44.183715322389,  30.20841838404 ,  30.0          
      1317,  49.011498710638,  34.791362919321,  30.0          
      1318,  48.6161521428  ,  34.791356190893,  30.0          
      1319,  48.611614323138,  34.374068572678,  30.0          
      1320,  49.00818034244 ,  34.374088757962,  30.0          
      1321,  48.209612419562,  33.957065836524,  30.0          
      1322,  47.812501351151,  33.957220523776,  30.0          
      1323,  47.805889100398,  33.540435565292,  30.0          
      1324,  48.203955553281,  33.540240431942,  30.0          
      1325,  47.400420516363,  33.124050876837,  30.0          
      1326,  47.002075878429,  33.124393802104,  30.0          
      1327,  46.993523756875,  32.707848226708,  30.0          
      1328,  47.392612386336,  32.707507218309,  30.0          
      1329,  46.587115494263,  32.291651533453,  30.0          
      1330,  46.191788329685,  32.29185261008 ,  30.0          
      1331,  46.18240750411 ,  31.875344340154,  30.0          
      1332,  46.577670809826,  31.875222818341,  30.0          
      1333,  45.375171486656,  31.042104270626,  30.0          
      1334,  45.768453900697,  31.04224973214 ,  30.0          
      1335,  45.778184559981,  31.458833041244,  30.0          
      1336,  45.384355070558,  31.458776045276,  30.0          
      1337,  44.974049347351,  30.625255152119,  30.0          
      1338,  44.582910157259,  30.625255152119,  30.0          
      1339,  44.574511719086,  30.20841838404 ,  30.0          
      1340,  44.965308115784,  30.20841838404 ,  30.0          
      1341,  49.802170478676,  34.791385797763,  30.0          
      1342,  49.40683815593 ,  34.791372788278,  30.0          
      1343,  49.404724994105,  34.374118364832,  30.0          
      1344,  49.801248278134,  34.374157393289,  30.0          
      1345,  49.004856740831,  33.956998629459,  30.0          
      1346,  48.607064216122,  33.956991871752,  30.0          
      1347,  48.602501821752,  33.540126088115,  30.0          
      1348,  49.001527905812,  33.540092533812,  30.0          
      1349,  48.198084529723,  33.123511638265,  30.0          
      1350,  47.799090066794,  33.123756822224,  30.0          
      1351,  47.79210425034 ,  32.707184294571,  30.0          
      1352,  48.191999348886,  32.706879455492,  30.0          
      1353,  47.384340426025,  32.290983376258,  30.0          
      1354,  46.98463285971 ,  32.291361788846,  30.0          
      1355,  46.975403186933,  31.874934488517,  30.0          
      1356,  47.37560463543 ,  31.874479350682,  30.0          
      1357,  46.567655374247,  31.458860054747,  30.0          
      1358,  46.172617994544,  31.458861044401,  30.0          
      1359,  46.162419800988,  31.042402722822,  30.0          
      1360,  46.557069187527,  31.042563242672,  30.0          
      1361,  45.758238303292,  30.625468558191,  30.0          
      1362,  45.365825396029,  30.625326287476,  30.0          
      1363,  45.356316798676,  30.208442095826,  30.0          
      1364,  45.747537767764,  30.208489519397,  30.0          
      1365,  49.800335509181,  33.957068739128,  30.0          
      1366,  49.402613838518,  33.957024251918,  30.0          
      1367,  49.400504689167,  33.540090449533,  30.0          
      1368,  49.799432171819,  33.540119835281,  30.0          
      1369,  48.998066004762,  33.123240740043,  30.0          
      1370,  48.597743175712,  33.123339610871,  30.0          
      1371,  48.592788278   ,  32.706632440019,  30.0          
      1372,  48.994471037682,  32.706443248153,  30.0          
      1373,  48.185330557304,  32.290191529564,  30.0          
      1374,  47.784572991889,  32.29059328983 ,  30.0          
      1375,  47.776496291444,  31.873983808003,  30.0          
      1376,  48.178078154974,  31.87344786048 ,  30.0          
      1377,  47.366027368309,  31.458230020042,  30.0          
      1378,  46.965458498836,  31.458649713294,  30.0          
      1379,  46.954798795418,  31.042507463176,  30.0          
      1380,  47.355608624662,  31.042235384336,  30.0          
      1381,  46.544691445625,  30.625811127476,  30.0          
      1382,  46.151193653157,  30.625630171524,  30.0          
      1383,  46.138939551052,  30.208543390508,  30.0          
      1384,  46.530522148542,  30.208603709159,  30.0          
      1385,  49.798553749582,  33.123177501698,  30.0          
      1386,  49.398336196052,  33.123186703652,  30.0          
      1387,  49.396108359172,  32.706313014273,  30.0          
      1388,  49.79770024247 ,  32.706241738379,  30.0          
      1389,  48.990466173536,  32.289600380153,  30.0          
      1390,  48.587294951186,  32.289860559671,  30.0          
      1391,  48.581263195267,  31.873023969828,  30.0          
      1392,  48.986051412322,  31.872712136044,  30.0          
      1393,  48.169929730268,  31.458068571024,  30.0          
      1394,  47.767517778787,  31.458036305952,  30.0          
      1395,  47.757637453918,  31.042750783675,  30.0          
      1396,  48.160885283186,  31.044053661195,  30.0          
      1397,  47.338971314629,  30.625678549862,  30.0          
      1398,  46.940617332782,  30.625827253588,  30.0          
      1399,  46.922914110927,  30.20860908453 ,  30.0          
      1400,  47.316115438209,  30.208559516621,  30.0          
      1401,  49.79688577528 ,  32.289299766751,  30.0          
      1402,  49.3936631149  ,  32.28941344918 ,  30.0          
      1403,  49.391000463236,  31.872488008373,  30.0          
      1404,  49.796110348009,  31.872351586814,  30.0          
      1405,  48.149477879914,  30.631450733512,  30.0          
      1406,  47.741924830339,  30.62755304317 ,  30.0          
      1407,  47.720379908052,  30.212443084436,  30.0          
      1408,  48.135707520455,  30.220259787974,  30.0          
      1409,  48.981194071778,  31.45802218268 ,  30.0          
      1410,  48.574488494599,  31.458063863267,  30.0          
      1411,  48.566970849181,  31.04498023999 ,  30.0          
      1412,  48.975894151903,  31.045530520059,  30.0          
      1413,  47.709343882663,  29.80673827543 ,  30.0          
      1414,  47.708816754171,  29.410438616152,  30.0          
      1415,  48.126450262514,  29.415526374772,  30.0          
      1416,  48.128031647988,  29.814951668394,  30.0          
      1417,  49.795308309425,  31.457831567839,  30.0          
      1418,  49.388134010054,  31.45794475087 ,  30.0          
      1419,  49.385063755352,  31.045783676671,  30.0          
      1420,  49.794479659527,  31.045739709824,  30.0          
      1421,  48.970447323606,  30.634442533516,  30.0          
      1422,  48.55898537767 ,  30.633747230294,  30.0          
      1423,  48.550532080067,  30.224364834179,  30.0          
      1424,  48.964853586887,  30.224758223048,  30.0          
      1425,  47.708498225777,  29.01447974778 ,  30.0          
      1426,  47.708388297481,  28.618861670313,  30.0          
      1427,  48.125164892444,  28.619742905675,  30.0          
      1428,  48.125494677332,  29.017123453865,  30.0          
      1429,  48.545332634504,  29.819235088526,  30.0          
      1430,  48.543387040982,  29.418357993334,  30.0          
      1431,  48.959627089577,  29.418933471839,  30.0          
      1432,  48.96124684221 ,  29.819588535823,  30.0          
      1433,  49.793636483246,  30.634812483517,  30.0          
      1434,  49.381997692132,  30.634797617924,  30.0          
      1435,  49.378935820391,  30.224986574628,  30.0          
      1436,  49.792778780581,  30.225049888918,  30.0          
      1437,  47.708333333333,  28.223684210527,  30.0          
      1438,  47.708333333333,  27.828947368421,  30.0          
      1439,  48.125         ,  27.828947368421,  30.0          
      1440,  48.125         ,  28.223684210527,  30.0          
      1441,  48.542227349833,  29.018702742199,  30.0          
      1442,  48.541853561055,  28.620269335119,  30.0          
      1443,  48.958454303315,  28.620440958646,  30.0          
      1444,  48.958696243279,  29.01921761278 ,  30.0          
      1445,  49.376868441338,  29.819802842361,  30.0          
      1446,  49.375795554973,  29.419246421122,  30.0          
      1447,  49.791892437168,  29.419296841183,  30.0          
      1448,  49.792197431888,  29.81987800814 ,  30.0          
      1449,  47.708333333333,  27.434210526316,  30.0          
      1450,  47.708333333333,  27.039473684211,  30.0          
      1451,  48.125         ,  27.039473684211,  30.0          
      1452,  48.125         ,  27.434210526316,  30.0          
      1453,  48.541666666666,  28.223684210527,  30.0          
      1454,  48.541666666666,  27.828947368421,  30.0          
      1455,  48.958333333333,  27.828947368421,  30.0          
      1456,  48.958333333333,  28.223684210527,  30.0          
      1457,  49.375194333842,  29.019489315772,  30.0          
      1458,  49.375064777947,  28.62053152631 ,  30.0          
      1459,  49.791684984952,  28.620541038111,  30.0          
      1460,  49.791721621522,  29.019517851173,  30.0          
      1461,  47.708333333333,  26.644736842106,  30.0          
      1462,  47.708333333333,  26.25          ,  30.0          
      1463,  48.125         ,  26.25          ,  30.0          
      1464,  48.125         ,  26.644736842106,  30.0          
      1465,  48.541666666666,  27.434210526316,  30.0          
      1466,  48.541666666666,  27.039473684211,  30.0          
      1467,  48.958333333333,  27.039473684211,  30.0          
      1468,  48.958333333333,  27.434210526316,  30.0          
      1469,  49.375         ,  28.223684210527,  30.0          
      1470,  49.375         ,  27.828947368421,  30.0          
      1471,  49.791666666666,  27.828947368421,  30.0          
      1472,  49.791666666666,  28.223684210527,  30.0          
      1473,  48.125         ,  25.46052631579 ,  30.0          
      1474,  48.125         ,  25.855263157895,  30.0          
      1475,  47.708333333333,  25.855263157895,  30.0          
      1476,  47.708333333333,  25.46052631579 ,  30.0          
      1477,  48.541666666666,  26.644736842106,  30.0          
      1478,  48.541666666666,  26.25          ,  30.0          
      1479,  48.958333333333,  26.25          ,  30.0          
      1480,  48.958333333333,  26.644736842106,  30.0          
      1481,  49.375         ,  27.434210526316,  30.0          
      1482,  49.375         ,  27.039473684211,  30.0          
      1483,  49.791666666666,  27.039473684211,  30.0          
      1484,  49.791666666666,  27.434210526316,  30.0          
      1485,  48.125         ,  24.671052631579,  30.0          
      1486,  48.125         ,  25.065789473684,  30.0          
      1487,  47.708333333333,  25.065789473684,  30.0          
      1488,  47.708333333333,  24.671052631579,  30.0          
      1489,  48.958333333333,  25.46052631579 ,  30.0          
      1490,  48.958333333333,  25.855263157895,  30.0          
      1491,  48.541666666666,  25.855263157895,  30.0          
      1492,  48.541666666667,  25.46052631579 ,  30.0          
      1493,  49.375         ,  26.644736842106,  30.0          
      1494,  49.375         ,  26.25          ,  30.0          
      1495,  49.791666666666,  26.25          ,  30.0          
      1496,  49.791666666666,  26.644736842106,  30.0          
      1497,  47.708333333333,  24.276315789474,  30.0          
      1498,  47.708333333333,  23.881578947369,  30.0          
      1499,  48.125         ,  23.881578947369,  30.0          
      1500,  48.125         ,  24.276315789474,  30.0          
      1501,  48.958333333333,  24.671052631579,  30.0          
      1502,  48.958333333333,  25.065789473684,  30.0          
      1503,  48.541666666667,  25.065789473684,  30.0          
      1504,  48.541666666667,  24.671052631579,  30.0          
      1505,  49.375         ,  25.855263157895,  30.0          
      1506,  49.375         ,  25.46052631579 ,  30.0          
      1507,  49.791666666667,  25.46052631579 ,  30.0          
      1508,  49.791666666666,  25.855263157895,  30.0          
      1509,  47.708333333333,  23.486842105263,  30.0          
      1510,  47.708333333333,  23.092105263158,  30.0          
      1511,  48.125         ,  23.092105263158,  30.0          
      1512,  48.125         ,  23.486842105263,  30.0          
      1513,  48.541666666667,  24.276315789474,  30.0          
      1514,  48.541666666667,  23.881578947369,  30.0          
      1515,  48.958333333333,  23.881578947369,  30.0          
      1516,  48.958333333333,  24.276315789474,  30.0          
      1517,  49.375         ,  25.065789473684,  30.0          
      1518,  49.375         ,  24.671052631579,  30.0          
      1519,  49.791666666667,  24.671052631579,  30.0          
      1520,  49.791666666667,  25.065789473684,  30.0          
      1521,  47.708333333333,  22.697368421053,  30.0          
      1522,  47.708333333333,  22.302631578948,  30.0          
      1523,  48.125         ,  22.302631578948,  30.0          
      1524,  48.125         ,  22.697368421053,  30.0          
      1525,  48.541666666667,  23.486842105263,  30.0          
      1526,  48.541666666667,  23.092105263158,  30.0          
      1527,  48.958333333333,  23.092105263158,  30.0          
      1528,  48.958333333333,  23.486842105264,  30.0          
      1529,  49.375         ,  24.276315789474,  30.0          
      1530,  49.375         ,  23.881578947369,  30.0          
      1531,  49.791666666667,  23.881578947369,  30.0          
      1532,  49.791666666667,  24.276315789474,  30.0          
      1533,  48.125         ,  21.513157894737,  30.0          
      1534,  48.125         ,  21.907894736842,  30.0          
      1535,  47.708333333333,  21.907894736842,  30.0          
      1536,  47.708333333333,  21.513157894737,  30.0          
      1537,  48.541666666667,  22.697368421053,  30.0          
      1538,  48.541666666667,  22.302631578948,  30.0          
      1539,  48.958333333333,  22.302631578948,  30.0          
      1540,  48.958333333333,  22.697368421053,  30.0          
      1541,  49.375         ,  23.486842105264,  30.0          
      1542,  49.375         ,  23.092105263158,  30.0          
      1543,  49.791666666667,  23.092105263158,  30.0          
      1544,  49.791666666667,  23.486842105264,  30.0          
      1545,  48.125         ,  20.723684210527,  30.0          
      1546,  48.125         ,  21.118421052632,  30.0          
      1547,  47.708333333333,  21.118421052632,  30.0          
      1548,  47.708333333333,  20.723684210527,  30.0          
      1549,  48.958333333333,  21.513157894737,  30.0          
      1550,  48.958333333333,  21.907894736842,  30.0          
      1551,  48.541666666667,  21.907894736842,  30.0          
      1552,  48.541666666667,  21.513157894737,  30.0          
      1553,  49.375         ,  22.697368421053,  30.0          
      1554,  49.375         ,  22.302631578948,  30.0          
      1555,  49.791666666667,  22.302631578948,  30.0          
      1556,  49.791666666667,  22.697368421053,  30.0          
      1557,  47.708333333333,  20.328947368421,  30.0          
      1558,  47.708333333333,  19.934210526316,  30.0          
      1559,  48.125         ,  19.934210526316,  30.0          
      1560,  48.125         ,  20.328947368421,  30.0          
      1561,  48.958333333333,  20.723684210527,  30.0          
      1562,  48.958333333333,  21.118421052632,  30.0          
      1563,  48.541666666667,  21.118421052632,  30.0          
      1564,  48.541666666667,  20.723684210527,  30.0          
      1565,  49.375         ,  21.907894736842,  30.0          
      1566,  49.375         ,  21.513157894737,  30.0          
      1567,  49.791666666667,  21.513157894737,  30.0          
      1568,  49.791666666667,  21.907894736842,  30.0          
      1569,  47.708333333333,  19.539473684211,  30.0          
      1570,  47.708333333333,  19.144736842106,  30.0          
      1571,  48.125         ,  19.144736842106,  30.0          
      1572,  48.125         ,  19.539473684211,  30.0          
      1573,  48.541666666667,  20.328947368421,  30.0          
      1574,  48.541666666667,  19.934210526316,  30.0          
      1575,  48.958333333333,  19.934210526316,  30.0          
      1576,  48.958333333333,  20.328947368421,  30.0          
      1577,  49.375         ,  21.118421052632,  30.0          
      1578,  49.375         ,  20.723684210527,  30.0          
      1579,  49.791666666667,  20.723684210527,  30.0          
      1580,  49.791666666667,  21.118421052632,  30.0          
      1581,  47.708333333333,  18.75          ,  30.0          
      1582,  47.708333333333,  18.355263157895,  30.0          
      1583,  48.125         ,  18.355263157895,  30.0          
      1584,  48.125         ,  18.75          ,  30.0          
      1585,  48.541666666667,  19.539473684211,  30.0          
      1586,  48.541666666667,  19.144736842106,  30.0          
      1587,  48.958333333333,  19.144736842106,  30.0          
      1588,  48.958333333333,  19.539473684211,  30.0          
      1589,  49.375         ,  20.328947368421,  30.0          
      1590,  49.375         ,  19.934210526316,  30.0          
      1591,  49.791666666667,  19.934210526316,  30.0          
      1592,  49.791666666667,  20.328947368421,  30.0          
      1593,  48.125         ,  17.565789473684,  30.0          
      1594,  48.125         ,  17.96052631579 ,  30.0          
      1595,  47.708333333333,  17.96052631579 ,  30.0          
      1596,  47.708333333333,  17.565789473684,  30.0          
      1597,  48.541666666667,  18.75          ,  30.0          
      1598,  48.541666666667,  18.355263157895,  30.0          
      1599,  48.958333333333,  18.355263157895,  30.0          
      1600,  48.958333333333,  18.75          ,  30.0          
      1601,  49.375         ,  19.539473684211,  30.0          
      1602,  49.375         ,  19.144736842106,  30.0          
      1603,  49.791666666667,  19.144736842106,  30.0          
      1604,  49.791666666667,  19.539473684211,  30.0          
      1605,  48.125         ,  16.776315789474,  30.0          
      1606,  48.125         ,  17.171052631579,  30.0          
      1607,  47.708333333333,  17.171052631579,  30.0          
      1608,  47.708333333333,  16.776315789474,  30.0          
      1609,  48.958333333333,  17.565789473684,  30.0          
      1610,  48.958333333333,  17.96052631579 ,  30.0          
      1611,  48.541666666667,  17.96052631579 ,  30.0          
      1612,  48.541666666667,  17.565789473684,  30.0          
      1613,  49.375         ,  18.75          ,  30.0          
      1614,  49.375         ,  18.355263157895,  30.0          
      1615,  49.791666666667,  18.355263157895,  30.0          
      1616,  49.791666666667,  18.75          ,  30.0          
      1617,  47.708333333333,  16.381578947369,  30.0          
      1618,  47.708333333333,  15.986842105263,  30.0          
      1619,  48.125         ,  15.986842105264,  30.0          
      1620,  48.125         ,  16.381578947369,  30.0          
      1621,  48.958333333333,  16.776315789474,  30.0          
      1622,  48.958333333333,  17.171052631579,  30.0          
      1623,  48.541666666667,  17.171052631579,  30.0          
      1624,  48.541666666667,  16.776315789474,  30.0          
      1625,  49.375         ,  17.96052631579 ,  30.0          
      1626,  49.375         ,  17.565789473684,  30.0          
      1627,  49.791666666667,  17.565789473684,  30.0          
      1628,  49.791666666667,  17.96052631579 ,  30.0          
      1629,  47.708333333333,  15.592105263158,  30.0          
      1630,  47.708333333333,  15.197368421053,  30.0          
      1631,  48.125         ,  15.197368421053,  30.0          
      1632,  48.125         ,  15.592105263158,  30.0          
      1633,  48.541666666667,  16.381578947369,  30.0          
      1634,  48.541666666667,  15.986842105264,  30.0          
      1635,  48.958333333333,  15.986842105264,  30.0          
      1636,  48.958333333333,  16.381578947369,  30.0          
      1637,  49.375         ,  17.171052631579,  30.0          
      1638,  49.375         ,  16.776315789474,  30.0          
      1639,  49.791666666667,  16.776315789474,  30.0          
      1640,  49.791666666667,  17.171052631579,  30.0          
      1641,  48.541666666667,  15.592105263158,  30.0          
      1642,  48.541666666667,  15.197368421053,  30.0          
      1643,  48.958333333333,  15.197368421053,  30.0          
      1644,  48.958333333333,  15.592105263158,  30.0          
      1645,  49.375         ,  16.381578947369,  30.0          
      1646,  49.375         ,  15.986842105264,  30.0          
      1647,  49.791666666667,  15.986842105264,  30.0          
      1648,  49.791666666667,  16.381578947369,  30.0          
      1649,  49.375         ,  15.592105263158,  30.0          
      1650,  49.375         ,  15.197368421053,  30.0          
      1651,  49.791666666667,  15.197368421053,  30.0          
      1652,  49.791666666667,  15.592105263158,  30.0          
      1653,  45.359429975859,  29.933777826588,  30.0          
      1654,  47.437150897014,  27.849865831547,  30.0          
      1655,  46.982385634448,  29.4602460713  ,  30.0          
      1656,  47.307510133924,  29.805180735789,  30.0          
      1657,  47.315890127113,  29.418212795276,  30.0          
      1658,  46.93108694979 ,  29.809037616513,  30.0          
      1659,  46.680510435216,  29.407785404004,  30.0          
      1660,  46.54455672161 ,  29.772184318291,  30.0          
      1661,  46.150769627317,  29.787751874673,  30.0          
      1662,  46.931968209802,  29.151816310942,  30.0          
      1663,  47.284295746198,  29.022794172596,  30.0          
      1664,  47.301875584037,  28.622493691414,  30.0          
      1665,  45.761094697434,  29.878178174731,  30.0          
      1666,  47.385755835737,  28.24680793617 ,  30.0          
      1667,  24.640570024141,  29.933777826588,  30.0          
      1668,  22.562849102986,  27.849865831546,  30.0          
      1669,  23.017614365552,  29.4602460713  ,  30.0          
      1670,  22.692489866075,  29.805180735789,  30.0          
      1671,  22.684109872886,  29.418212795276,  30.0          
      1672,  23.06891305021 ,  29.809037616513,  30.0          
      1673,  23.319489564784,  29.407785404004,  30.0          
      1674,  23.455443278389,  29.77218431829 ,  30.0          
      1675,  23.849230372683,  29.787751874673,  30.0          
      1676,  23.068031790197,  29.151816310941,  30.0          
      1677,  22.715704253802,  29.022794172596,  30.0          
      1678,  22.698124415963,  28.622493691413,  30.0          
      1679,  24.238905302566,  29.878178174731,  30.0          
      1680,  22.614244164263,  28.24680793617 ,  30.0          
      1681,  22.291666666667,  15.592105263158,  30.0          
      1682,  22.291666666667,  15.197368421053,  30.0          
      1683,  21.875         ,  15.197368421053,  30.0          
      1684,  21.875         ,  15.592105263158,  30.0          
      1685,  22.291666666667,  16.381578947368,  30.0          
      1686,  22.291666666667,  15.986842105263,  30.0          
      1687,  21.875         ,  15.986842105263,  30.0          
      1688,  21.875         ,  16.381578947368,  30.0          
      1689,  21.458333333333,  15.592105263158,  30.0          
      1690,  21.458333333333,  15.197368421053,  30.0          
      1691,  21.041666666667,  15.197368421053,  30.0          
      1692,  21.041666666667,  15.592105263158,  30.0          
      1693,  22.291666666667,  17.171052631579,  30.0          
      1694,  22.291666666667,  16.776315789474,  30.0          
      1695,  21.875         ,  16.776315789474,  30.0          
      1696,  21.875         ,  17.171052631579,  30.0          
      1697,  21.458333333333,  16.381578947368,  30.0          
      1698,  21.458333333333,  15.986842105263,  30.0          
      1699,  21.041666666667,  15.986842105263,  30.0          
      1700,  21.041666666667,  16.381578947368,  30.0          
      1701,  20.625         ,  15.592105263158,  30.0          
      1702,  20.625         ,  15.197368421053,  30.0          
      1703,  20.208333333333,  15.197368421053,  30.0          
      1704,  20.208333333333,  15.592105263158,  30.0          
      1705,  22.291666666667,  17.96052631579 ,  30.0          
      1706,  22.291666666667,  17.565789473684,  30.0          
      1707,  21.875         ,  17.565789473684,  30.0          
      1708,  21.875         ,  17.96052631579 ,  30.0          
      1709,  21.041666666667,  16.776315789474,  30.0          
      1710,  21.041666666667,  17.171052631579,  30.0          
      1711,  21.458333333333,  17.171052631579,  30.0          
      1712,  21.458333333333,  16.776315789474,  30.0          
      1713,  20.625         ,  16.381578947368,  30.0          
      1714,  20.625         ,  15.986842105263,  30.0          
      1715,  20.208333333333,  15.986842105263,  30.0          
      1716,  20.208333333333,  16.381578947368,  30.0          
      1717,  34.804601311924,  30.208353562289,  30.0          
      1718,  34.413803935774,  30.208394020199,  30.0          
      1719,  34.413286807322,  30.625182060596,  30.0          
      1720,  34.804428935774,  30.625060686866,  30.0          
      1721,  22.291666666667,  18.75          ,  30.0          
      1722,  22.291666666667,  18.355263157895,  30.0          
      1723,  21.875         ,  18.355263157895,  30.0          
      1724,  21.875         ,  18.75          ,  30.0          
      1725,  21.041666666667,  17.565789473684,  30.0          
      1726,  21.041666666667,  17.96052631579 ,  30.0          
      1727,  21.458333333333,  17.96052631579 ,  30.0          
      1728,  21.458333333333,  17.565789473684,  30.0          
      1729,  20.208333333333,  16.776315789474,  30.0          
      1730,  20.208333333333,  17.171052631579,  30.0          
      1731,  20.625         ,  17.171052631579,  30.0          
      1732,  20.625         ,  16.776315789474,  30.0          
      1733,  34.023007539076,  30.208415282875,  30.0          
      1734,  33.632212121832,  30.208417350318,  30.0          
      1735,  33.631011365497,  30.625252050954,  30.0          
      1736,  34.022147617229,  30.625245848626,  30.0          
      1737,  34.804257560506,  31.041752717961,  30.0          
      1738,  34.412772681518,  31.04192482055 ,  30.0          
      1739,  34.412261558364,  31.45862230006 ,  30.0          
      1740,  34.804087186121,  31.458429655576,  30.0          
      1741,  22.291666666667,  19.53947368421 ,  30.0          
      1742,  22.291666666667,  19.144736842105,  30.0          
      1743,  21.875         ,  19.144736842105,  30.0          
      1744,  21.875         ,  19.53947368421 ,  30.0          
      1745,  21.458333333333,  18.75          ,  30.0          
      1746,  21.458333333333,  18.355263157895,  30.0          
      1747,  21.041666666667,  18.355263157895,  30.0          
      1748,  21.041666666667,  18.75          ,  30.0          
      1749,  20.208333333333,  17.565789473684,  30.0          
      1750,  20.208333333333,  17.96052631579 ,  30.0          
      1751,  20.625         ,  17.96052631579 ,  30.0          
      1752,  20.625         ,  17.565789473684,  30.0          
      1753,  33.241416214862,  30.20841838404 ,  30.0          
      1754,  32.850619818164,  30.20841838404 ,  30.0          
      1755,  32.848734454493,  30.625255152119,  30.0          
      1756,  33.239873644585,  30.625255152119,  30.0          
      1757,  34.021290747686,  31.042016038851,  30.0          
      1758,  33.62981175901 ,  31.042026372863,  30.0          
      1759,  33.62861330237 ,  31.458740316044,  30.0          
      1760,  34.020436930447,  31.45872585355 ,  30.0          
      1761,  34.803916335636,  31.87510141345 ,  30.0          
      1762,  34.41174900691 ,  31.87530424035 ,  30.0          
      1763,  34.411235027154,  32.29197064142 ,  30.0          
      1764,  34.803745009051,  32.291767991585,  30.0          
      1765,  22.291666666667,  20.328947368421,  30.0          
      1766,  22.291666666667,  19.934210526316,  30.0          
      1767,  21.875         ,  19.934210526316,  30.0          
      1768,  21.875         ,  20.328947368421,  30.0          
      1769,  21.458333333333,  19.53947368421 ,  30.0          
      1770,  21.458333333333,  19.144736842105,  30.0          
      1771,  21.041666666667,  19.144736842105,  30.0          
      1772,  21.041666666667,  19.53947368421 ,  30.0          
      1773,  20.625         ,  18.75          ,  30.0          
      1774,  20.625         ,  18.355263157895,  30.0          
      1775,  20.208333333333,  18.355263157895,  30.0          
      1776,  20.208333333333,  18.75          ,  30.0          
      1777,  32.459823421467,  30.20841838404 ,  30.0          
      1778,  32.069027024769,  30.20841838404 ,  30.0          
      1779,  32.066456074308,  30.625255152119,  30.0          
      1780,  32.4575952644  ,  30.625255152119,  30.0          
      1781,  33.238331297755,  31.042031539869,  30.0          
      1782,  32.846849363923,  31.042031539869,  30.0          
      1783,  32.844964546455,  31.458747547291,  30.0          
      1784,  33.236789174372,  31.458747547291,  30.0          
      1785,  34.019581705353,  31.875413913563,  30.0          
      1786,  33.627414430966,  31.875430433088,  30.0          
      1787,  33.6262151448  ,  32.292096723994,  30.0          
      1788,  34.018725072404,  32.29208021889 ,  30.0          
      1789,  34.803573682466,  32.708434569873,  30.0          
      1790,  34.410721047398,  32.708637042953,  30.0          
      1791,  34.410207067641,  33.125303444949,  30.0          
      1792,  34.80340235588 ,  33.125101148316,  30.0          
      1793,  22.291666666667,  21.118421052632,  30.0          
      1794,  22.291666666667,  20.723684210526,  30.0          
      1795,  21.875         ,  20.723684210526,  30.0          
      1796,  21.875         ,  21.118421052632,  30.0          
      1797,  21.458333333333,  20.328947368421,  30.0          
      1798,  21.458333333333,  19.934210526316,  30.0          
      1799,  21.041666666667,  19.934210526316,  30.0          
      1800,  21.041666666667,  20.328947368421,  30.0          
      1801,  20.625         ,  19.53947368421 ,  30.0          
      1802,  20.625         ,  19.144736842105,  30.0          
      1803,  20.208333333333,  19.144736842105,  30.0          
      1804,  20.208333333333,  19.53947368421 ,  30.0          
      1805,  31.678230628072,  30.20841838404 ,  30.0          
      1806,  31.287434231374,  30.20841838404 ,  30.0          
      1807,  31.284177694124,  30.625255152119,  30.0          
      1808,  31.675316884216,  30.625255152119,  30.0          
      1809,  32.455367430091,  31.042031539869,  30.0          
      1810,  32.063885496259,  31.042031539869,  30.0          
      1811,  32.061315290621,  31.458747547291,  30.0          
      1812,  32.453139918538,  31.458747547291,  30.0          
      1813,  33.235247142995,  31.87543869285 ,  30.0          
      1814,  32.843079841438,  31.87543869285 ,  30.0          
      1815,  32.841195248872,  32.292104976546,  30.0          
      1816,  33.233705203623,  32.292104976546,  30.0          
      1817,  34.017868439453,  32.708746524847,  30.0          
      1818,  33.625015858632,  32.708763015555,  30.0          
      1819,  33.623816572461,  33.12542930777 ,  30.0          
      1820,  34.017011806502,  33.125412831433,  30.0          
      1821,  34.803231524866,  33.541762595402,  30.0          
      1822,  34.409694574598,  33.541954452873,  30.0          
      1823,  34.409183568268,  33.958590066726,  30.0          
      1824,  34.803061189422,  33.958418911131,  30.0          
      1825,  22.291666666667,  21.907894736842,  30.0          
      1826,  22.291666666667,  21.513157894737,  30.0          
      1827,  21.875         ,  21.513157894737,  30.0          
      1828,  21.875         ,  21.907894736842,  30.0          
      1829,  21.041666666667,  20.723684210526,  30.0          
      1830,  21.041666666667,  21.118421052632,  30.0          
      1831,  21.458333333333,  21.118421052632,  30.0          
      1832,  21.458333333333,  20.723684210526,  30.0          
      1833,  20.625         ,  20.328947368421,  30.0          
      1834,  20.625         ,  19.934210526316,  30.0          
      1835,  20.208333333333,  19.934210526316,  30.0          
      1836,  20.208333333333,  20.328947368421,  30.0          
      1837,  30.896637834677,  30.20841838404 ,  30.0          
      1838,  30.50584143798 ,  30.20841838404 ,  30.0          
      1839,  30.50189931394 ,  30.625255152119,  30.0          
      1840,  30.893038504032,  30.625255152119,  30.0          
      1841,  31.672403562427,  31.042031539869,  30.0          
      1842,  31.280921628595,  31.042031539869,  30.0          
      1843,  31.277666034787,  31.458747547291,  30.0          
      1844,  31.669490662704,  31.458747547291,  30.0          
      1845,  32.450912539882,  31.87543869285 ,  30.0          
      1846,  32.058745238325,  31.87543869285 ,  30.0          
      1847,  32.056175339371,  32.292104976546,  30.0          
      1848,  32.448685294122,  32.292104976546,  30.0          
      1849,  33.232163264248,  32.708771260908,  30.0          
      1850,  32.839310656303,  32.708771260908,  30.0          
      1851,  32.837426063731,  33.125437545938,  30.0          
      1852,  33.230621324871,  33.125437545938,  30.0          
      1853,  34.016156680519,  33.542057586066,  30.0          
      1854,  33.62261784263 ,  33.542071994982,  30.0          
      1855,  33.621419669139,  33.958691077191,  30.0          
      1856,  34.015303061506,  33.958680788746,  30.0          
      1857,  34.802889911012,  34.375060301747,  30.0          
      1858,  34.408669733037,  34.37518090524 ,  30.0          
      1859,  34.408153068907,  34.791726968413,  30.0          
      1860,  34.802717689636,  34.791686767249,  30.0          
      1861,  22.291666666667,  22.697368421053,  30.0          
      1862,  22.291666666667,  22.302631578947,  30.0          
      1863,  21.875         ,  22.302631578947,  30.0          
      1864,  21.875         ,  22.697368421053,  30.0          
      1865,  21.041666666667,  21.513157894737,  30.0          
      1866,  21.041666666667,  21.907894736842,  30.0          
      1867,  21.458333333333,  21.907894736842,  30.0          
      1868,  21.458333333333,  21.513157894737,  30.0          
      1869,  30.115045041282,  30.20841838404 ,  30.0          
      1870,  29.724248644585,  30.20841838404 ,  30.0          
      1871,  29.719620933755,  30.625255152118,  30.0          
      1872,  30.110760123847,  30.625255152118,  30.0          
      1873,  20.208333333333,  20.723684210526,  30.0          
      1874,  20.208333333333,  21.118421052632,  30.0          
      1875,  20.625         ,  21.118421052632,  30.0          
      1876,  20.625         ,  20.723684210526,  30.0          
      1877,  30.494016778952,  31.458747547291,  30.0          
      1878,  30.885841406869,  31.458747547291,  30.0          
      1879,  30.889439694762,  31.042031539869,  30.0          
      1880,  30.49795776093 ,  31.042031539869,  30.0          
      1881,  31.666577936768,  31.87543869285 ,  30.0          
      1882,  31.274410635212,  31.87543869285 ,  30.0          
      1883,  31.27115542987 ,  32.292104976546,  30.0          
      1884,  31.663665384621,  32.292104976546,  30.0          
      1885,  32.446458048358,  32.708771260908,  30.0          
      1886,  32.053605440414,  32.708771260908,  30.0          
      1887,  32.051035541452,  33.125437545938,  30.0          
      1888,  32.444230802591,  33.125437545938,  30.0          
      1889,  33.229079476647,  33.54207919944 ,  30.0          
      1890,  32.835541582568,  33.54207919944 ,  30.0          
      1891,  32.833657212814,  33.958696221413,  30.0          
      1892,  33.227537719575,  33.958696221413,  30.0          
      1893,  34.014446662684,  34.375244292565,  30.0          
      1894,  33.620220699953,  34.375250463722,  30.0          
      1895,  33.619020935072,  34.791750154574,  30.0          
      1896,  34.013587484052,  34.791748097522,  30.0          
      1897,  22.291666666667,  23.486842105263,  30.0          
      1898,  22.291666666667,  23.092105263158,  30.0          
      1899,  21.875         ,  23.092105263158,  30.0          
      1900,  21.875         ,  23.486842105263,  30.0          
      1901,  21.458333333333,  22.697368421053,  30.0          
      1902,  21.458333333333,  22.302631578947,  30.0          
      1903,  21.041666666667,  22.302631578947,  30.0          
      1904,  21.041666666667,  22.697368421053,  30.0          
      1905,  29.333452247888,  30.20841838404 ,  30.0          
      1906,  28.94265585119 ,  30.20841838404 ,  30.0          
      1907,  28.937342553571,  30.625255152118,  30.0          
      1908,  29.328481743663,  30.625255152118,  30.0          
      1909,  20.208333333333,  21.513157894737,  30.0          
      1910,  20.208333333333,  21.907894736842,  30.0          
      1911,  20.625         ,  21.907894736842,  30.0          
      1912,  20.625         ,  21.513157894737,  30.0          
      1913,  29.710367523118,  31.458747547291,  30.0          
      1914,  30.102192151035,  31.458747547291,  30.0          
      1915,  30.106475827098,  31.042031539869,  30.0          
      1916,  29.714993893266,  31.042031539869,  30.0          
      1917,  30.48613552037 ,  32.292104976546,  30.0          
      1918,  30.87864547512 ,  32.292104976546,  30.0          
      1919,  30.882243333655,  31.87543869285 ,  30.0          
      1920,  30.490076032099,  31.87543869285 ,  30.0          
      1921,  31.660752832469,  32.708771260908,  30.0          
      1922,  31.267900224524,  32.708771260908,  30.0          
      1923,  31.264645019172,  33.125437545938,  30.0          
      1924,  31.657840280312,  33.125437545938,  30.0          
      1925,  32.44200368849 ,  33.54207919944 ,  30.0          
      1926,  32.048465794411,  33.54207919944 ,  30.0          
      1927,  32.045896199292,  33.958696221413,  30.0          
      1928,  32.439776706053,  33.958696221413,  30.0          
      1929,  33.225996183411,  34.3752535493  ,  30.0          
      1930,  32.831773113058,  34.3752535493  ,  30.0          
      1931,  32.8298892833  ,  34.7917511831  ,  30.0          
      1932,  33.224454868154,  34.7917511831  ,  30.0          
      1933,  22.291666666667,  24.276315789474,  30.0          
      1934,  22.291666666667,  23.881578947368,  30.0          
      1935,  21.875         ,  23.881578947368,  30.0          
      1936,  21.875         ,  24.276315789474,  30.0          
      1937,  21.458333333333,  23.486842105263,  30.0          
      1938,  21.458333333333,  23.092105263158,  30.0          
      1939,  21.041666666667,  23.092105263158,  30.0          
      1940,  21.041666666667,  23.486842105263,  30.0          
      1941,  28.551859454493,  30.20841838404 ,  30.0          
      1942,  28.161063057795,  30.20841838404 ,  30.0          
      1943,  28.155064173386,  30.625255152118,  30.0          
      1944,  28.546203363478,  30.625255152118,  30.0          
      1945,  20.625         ,  22.697368421053,  30.0          
      1946,  20.625         ,  22.302631578947,  30.0          
      1947,  20.208333333333,  22.302631578947,  30.0          
      1948,  20.208333333333,  22.697368421053,  30.0          
      1949,  29.323511959434,  31.042031539869,  30.0          
      1950,  28.932030025602,  31.042031539869,  30.0          
      1951,  28.926718267284,  31.458747547291,  30.0          
      1952,  29.318542895201,  31.458747547291,  30.0          
      1953,  29.701115610869,  32.292104976546,  30.0          
      1954,  30.093625565619,  32.292104976546,  30.0          
      1955,  30.097908730542,  31.87543869285 ,  30.0          
      1956,  29.705741428985,  31.87543869285 ,  30.0          
      1957,  30.875047616579,  32.708771260908,  30.0          
      1958,  30.482195008634,  32.708771260908,  30.0          
      1959,  30.478254496893,  33.125437545938,  30.0          
      1960,  30.871449758032,  33.125437545938,  30.0          
      1961,  31.654927900333,  33.54207919944 ,  30.0          
      1962,  31.261390006254,  33.54207919944 ,  30.0          
      1963,  31.25813518577 ,  33.958696221413,  30.0          
      1964,  31.652015692531,  33.958696221413,  30.0          
      1965,  32.437550042705,  34.3752535493  ,  30.0          
      1966,  32.043326972352,  34.3752535493  ,  30.0          
      1967,  32.040758113591,  34.7917511831  ,  30.0          
      1968,  32.435323698445,  34.7917511831  ,  30.0          
      1969,  22.291666666667,  25.065789473684,  30.0          
      1970,  22.291666666667,  24.671052631579,  30.0          
      1971,  21.875         ,  24.671052631579,  30.0          
      1972,  21.875         ,  25.065789473684,  30.0          
      1973,  21.458333333333,  24.276315789474,  30.0          
      1974,  21.458333333333,  23.881578947368,  30.0          
      1975,  21.041666666667,  23.881578947368,  30.0          
      1976,  21.041666666667,  24.276315789474,  30.0          
      1977,  27.770266661098,  30.20841838404 ,  30.0          
      1978,  27.3794702644  ,  30.20841838404 ,  30.0          
      1979,  27.372785793202,  30.625255152118,  30.0          
      1980,  27.763924983294,  30.625255152118,  30.0          
      1981,  20.625         ,  23.486842105263,  30.0          
      1982,  20.625         ,  23.092105263158,  30.0          
      1983,  20.208333333333,  23.092105263158,  30.0          
      1984,  20.208333333333,  23.486842105263,  30.0          
      1985,  28.54054809177 ,  31.042031539869,  30.0          
      1986,  28.149066157938,  31.042031539869,  30.0          
      1987,  28.143069011449,  31.458747547291,  30.0          
      1988,  28.534893639366,  31.458747547291,  30.0          
      1989,  29.313574127429,  31.87543869285 ,  30.0          
      1990,  28.921406825872,  31.87543869285 ,  30.0          
      1991,  28.916095701368,  32.292104976546,  30.0          
      1992,  29.308605656118,  32.292104976546,  30.0          
      1993,  30.08934240069 ,  32.708771260908,  30.0          
      1994,  29.696489792745,  32.708771260908,  30.0          
      1995,  29.691863974613,  33.125437545938,  30.0          
      1996,  30.085059235753,  33.125437545938,  30.0          
      1997,  30.470374172248,  33.958696221413,  30.0          
      1998,  30.864254679009,  33.958696221413,  30.0          
      1999,  30.867852112176,  33.54207919944 ,  30.0          
      2000,  30.474314218097,  33.54207919944 ,  30.0          
      2001,  31.649103901999,  34.3752535493  ,  30.0          
      2002,  31.254880831646,  34.3752535493  ,  30.0          
      2003,  31.251626943882,  34.7917511831  ,  30.0          
      2004,  31.646192528736,  34.7917511831  ,  30.0          
      2005,  22.291666666667,  25.855263157895,  30.0          
      2006,  22.291666666667,  25.46052631579 ,  30.0          
      2007,  21.875         ,  25.46052631579 ,  30.0          
      2008,  21.875         ,  25.855263157895,  30.0          
      2009,  21.041666666667,  24.671052631579,  30.0          
      2010,  21.041666666667,  25.065789473684,  30.0          
      2011,  21.458333333333,  25.065789473684,  30.0          
      2012,  21.458333333333,  24.671052631579,  30.0          
      2013,  26.988673867703,  30.20841838404 ,  30.0          
      2014,  26.597877471006,  30.20841838404 ,  30.0          
      2015,  26.590507413018,  30.625255152118,  30.0          
      2016,  26.98164660311 ,  30.625255152118,  30.0          
      2017,  20.625         ,  24.276315789474,  30.0          
      2018,  20.625         ,  23.881578947368,  30.0          
      2019,  20.208333333333,  23.881578947368,  30.0          
      2020,  20.208333333333,  24.276315789474,  30.0          
      2021,  27.757584224105,  31.042031539869,  30.0          
      2022,  27.366102290273,  31.042031539869,  30.0          
      2023,  27.359419755615,  31.458747547291,  30.0          
      2024,  27.751244383532,  31.458747547291,  30.0          
      2025,  28.529239524316,  31.87543869285 ,  30.0          
      2026,  28.137072222759,  31.87543869285 ,  30.0          
      2027,  28.131075791867,  32.292104976546,  30.0          
      2028,  28.523585746617,  32.292104976546,  30.0          
      2029,  29.3036371848  ,  32.708771260908,  30.0          
      2030,  28.910784576855,  32.708771260908,  30.0          
      2031,  28.905473452334,  33.125437545938,  30.0          
      2032,  29.298668713473,  33.125437545938,  30.0          
      2033,  29.682613158726,  33.958696221413,  30.0          
      2034,  30.076493665487,  33.958696221413,  30.0          
      2035,  30.080776324019,  33.54207919944 ,  30.0          
      2036,  29.68723842994 ,  33.54207919944 ,  30.0          
      2037,  30.462495774173,  34.7917511831  ,  30.0          
      2038,  30.857061359027,  34.7917511831  ,  30.0          
      2039,  30.860657761293,  34.3752535493  ,  30.0          
      2040,  30.46643469094 ,  34.3752535493  ,  30.0          
      2041,  22.291666666666,  26.644736842105,  30.0          
      2042,  22.291666666667,  26.25          ,  30.0          
      2043,  21.875         ,  26.25          ,  30.0          
      2044,  21.875         ,  26.644736842105,  30.0          
      2045,  21.041666666667,  25.46052631579 ,  30.0          
      2046,  21.041666666667,  25.855263157895,  30.0          
      2047,  21.458333333333,  25.855263157895,  30.0          
      2048,  21.458333333333,  25.46052631579 ,  30.0          
      2049,  26.207081074308,  30.20841838404 ,  30.0          
      2050,  25.816284677611,  30.20841838404 ,  30.0          
      2051,  25.808229032833,  30.625255152118,  30.0          
      2052,  26.199368222925,  30.625255152118,  30.0          
      2053,  20.208333333333,  24.671052631579,  30.0          
      2054,  20.208333333333,  25.065789473684,  30.0          
      2055,  20.625         ,  25.065789473684,  30.0          
      2056,  20.625         ,  24.671052631579,  30.0          
      2057,  26.57577049978 ,  31.458747547291,  30.0          
      2058,  26.967595127698,  31.458747547291,  30.0          
      2059,  26.974620356441,  31.042031539869,  30.0          
      2060,  26.583138422609,  31.042031539869,  30.0          
      2061,  27.744904921202,  31.87543869285 ,  30.0          
      2062,  27.352737619646,  31.87543869285 ,  30.0          
      2063,  27.346055882366,  32.292104976546,  30.0          
      2064,  27.738565837116,  32.292104976546,  30.0          
      2065,  28.51793196891 ,  32.708771260908,  30.0          
      2066,  28.125079360965,  32.708771260908,  30.0          
      2067,  28.119082930054,  33.125437545938,  30.0          
      2068,  28.512278191194,  33.125437545938,  30.0          
      2069,  29.293700535862,  33.54207919944 ,  30.0          
      2070,  28.900162641783,  33.54207919944 ,  30.0          
      2071,  28.894852145204,  33.958696221413,  30.0          
      2072,  29.288732651965,  33.958696221413,  30.0          
      2073,  29.673364604464,  34.7917511831  ,  30.0          
      2074,  30.067930189318,  34.7917511831  ,  30.0          
      2075,  30.072211620587,  34.3752535493  ,  30.0          
      2076,  29.677988550234,  34.3752535493  ,  30.0          
      2077,  22.291666666666,  27.434210526316,  30.0          
      2078,  22.291666666666,  27.03947368421 ,  30.0          
      2079,  21.875         ,  27.03947368421 ,  30.0          
      2080,  21.875         ,  27.434210526316,  30.0          
      2081,  25.425335427933,  30.20843647964 ,  30.0          
      2082,  25.034233325276,  30.208472670842,  30.0          
      2083,  25.024574975827,  30.625418012527,  30.0          
      2084,  25.4166312838  ,  30.625309438921,  30.0          
      2085,  21.458333333333,  26.644736842105,  30.0          
      2086,  21.458333333333,  26.25          ,  30.0          
      2087,  21.041666666667,  26.25          ,  30.0          
      2088,  21.041666666666,  26.644736842105,  30.0          
      2089,  20.208333333333,  25.46052631579 ,  30.0          
      2090,  20.208333333333,  25.855263157895,  30.0          
      2091,  20.625         ,  25.855263157895,  30.0          
      2092,  20.625         ,  25.46052631579 ,  30.0          
      2093,  25.792121243946,  31.458747547291,  30.0          
      2094,  26.183945871863,  31.458747547291,  30.0          
      2095,  26.191656488777,  31.042031539869,  30.0          
      2096,  25.800174554945,  31.042031539869,  30.0          
      2097,  26.561035972865,  32.292104976546,  30.0          
      2098,  26.953545927616,  32.292104976546,  30.0          
      2099,  26.960570318089,  31.87543869285 ,  30.0          
      2100,  26.568403016532,  31.87543869285 ,  30.0          
      2101,  27.73222675302 ,  32.708771260908,  30.0          
      2102,  27.339374145076,  32.708771260908,  30.0          
      2103,  27.332692407775,  33.125437545938,  30.0          
      2104,  27.725887668914,  33.125437545938,  30.0          
      2105,  28.506624747705,  33.54207919944 ,  30.0          
      2106,  28.113086853626,  33.54207919944 ,  30.0          
      2107,  28.107091131682,  33.958696221413,  30.0          
      2108,  28.500971638443,  33.958696221413,  30.0          
      2109,  29.283765479881,  34.3752535493  ,  30.0          
      2110,  28.889542409528,  34.3752535493  ,  30.0          
      2111,  28.884233434755,  34.7917511831  ,  30.0          
      2112,  29.278799019609,  34.7917511831  ,  30.0          
      2113,  22.291666666666,  28.223684210526,  30.0          
      2114,  22.291666666666,  27.828947368421,  30.0          
      2115,  21.875         ,  27.828947368421,  30.0          
      2116,  21.875         ,  28.223684210526,  30.0          
      2117,  24.643055052075,  30.208515506097,  30.0          
      2118,  24.25180060833 ,  30.208564985406,  30.0          
      2119,  24.239776824991,  30.625694956216,  30.0          
      2120,  24.632290156224,  30.625546518292,  30.0          
      2121,  21.458333333333,  27.434210526316,  30.0          
      2122,  21.458333333333,  27.03947368421 ,  30.0          
      2123,  21.041666666666,  27.03947368421 ,  30.0          
      2124,  21.041666666666,  27.434210526316,  30.0          
      2125,  20.625         ,  26.644736842105,  30.0          
      2126,  20.625         ,  26.25          ,  30.0          
      2127,  20.208333333333,  26.25          ,  30.0          
      2128,  20.208333333333,  26.644736842105,  30.0          
      2129,  25.408037018343,  31.042088832536,  30.0          
      2130,  25.015243878971,  31.042203417869,  30.0          
      2131,  25.006240034707,  31.458828886871,  30.0          
      2132,  25.399552631561,  31.458774660484,  30.0          
      2133,  25.776016063364,  32.292104976546,  30.0          
      2134,  26.168526018115,  32.292104976546,  30.0          
      2135,  26.176235714976,  31.87543869285 ,  30.0          
      2136,  25.784068413419,  31.87543869285 ,  30.0          
      2137,  26.946521537131,  32.708771260908,  30.0          
      2138,  26.553668929186,  32.708771260908,  30.0          
      2139,  26.546301885495,  33.125437545938,  30.0          
      2140,  26.939497146635,  33.125437545938,  30.0          
      2141,  27.719548959548,  33.54207919944 ,  30.0          
      2142,  27.326011065469,  33.54207919944 ,  30.0          
      2143,  27.31933011816 ,  33.958696221413,  30.0          
      2144,  27.713210624921,  33.958696221413,  30.0          
      2145,  28.495319339175,  34.3752535493  ,  30.0          
      2146,  28.101096268822,  34.3752535493  ,  30.0          
      2147,  28.095102265046,  34.7917511831  ,  30.0          
      2148,  28.4896678499  ,  34.7917511831  ,  30.0          
      2149,  22.291499478789,  29.014462101005,  30.0          
      2150,  22.291610937374,  28.618855788054,  30.0          
      2151,  21.874832812122,  28.6197252589  ,  30.0          
      2152,  21.874498436367,  29.017070513541,  30.0          
      2153,  23.860157369884,  30.208613920093,  30.0          
      2154,  23.468125336736,  30.208662310161,  30.0          
      2155,  23.451251010209,  30.625986930483,  30.0          
      2156,  23.846097109652,  30.62584176028 ,  30.0          
      2157,  21.458333333333,  28.223684210526,  30.0          
      2158,  21.458333333333,  27.828947368421,  30.0          
      2159,  21.041666666666,  27.828947368421,  30.0          
      2160,  21.041666666666,  28.223684210526,  30.0          
      2161,  20.625         ,  27.434210526316,  30.0          
      2162,  20.625         ,  27.03947368421 ,  30.0          
      2163,  20.208333333333,  27.03947368421 ,  30.0          
      2164,  20.208333333333,  27.434210526316,  30.0          
      2165,  24.622133738484,  31.042345025972,  30.0          
      2166,  24.22870659688 ,  31.042513656845,  30.0          
      2167,  24.218589923999,  31.459021087291,  30.0          
      2168,  24.612585798853,  31.45891102914 ,  30.0          
      2169,  25.391128068036,  31.875438914783,  30.0          
      2170,  24.997414678825,  31.875439358648,  30.0          
      2171,  24.988767811324,  32.292034833202,  30.0          
      2172,  25.382763327767,  32.292081595431,  30.0          
      2173,  26.160816321241,  32.708771260908,  30.0          
      2174,  25.767963713296,  32.708771260908,  30.0          
      2175,  25.759911363216,  33.125437545938,  30.0          
      2176,  26.153106624355,  33.125437545938,  30.0          
      2177,  26.531569104638,  33.958696221413,  30.0          
      2178,  26.925449611399,  33.958696221413,  30.0          
      2179,  26.932473171391,  33.54207919944 ,  30.0          
      2180,  26.538935277312,  33.54207919944 ,  30.0          
      2181,  27.706873198468,  34.3752535493  ,  30.0          
      2182,  27.312650128116,  34.3752535493  ,  30.0          
      2183,  27.305971095337,  34.7917511831  ,  30.0          
      2184,  27.700536680191,  34.7917511831  ,  30.0          
      2185,  22.290486945418,  29.806649204695,  30.0          
      2186,  22.291124814804,  29.410393239885,  30.0          
      2187,  21.873374444412,  29.415390245971,  30.0          
      2188,  21.871460836255,  29.81468445619 ,  30.0          
      2189,  23.075600515099,  30.208647565634,  30.0          
      2190,  22.682582904972,  30.208569686512,  30.0          
      2191,  22.657123714918,  30.625709059536,  30.0          
      2192,  23.054926545297,  30.625942696902,  30.0          
      2193,  21.457748032189,  29.018635549249,  30.0          
      2194,  21.458138232952,  28.620246937469,  30.0          
      2195,  21.041527199863,  28.620420823762,  30.0          
      2196,  21.041248266255,  29.019157208127,  30.0          
      2197,  20.625         ,  28.223684210526,  30.0          
      2198,  20.625         ,  27.828947368421,  30.0          
      2199,  20.208333333333,  27.828947368421,  30.0          
      2200,  20.208333333333,  28.223684210526,  30.0          
      2201,  23.833679456596,  31.042661102108,  30.0          
      2202,  23.437052317631,  31.04278736176 ,  30.0          
      2203,  23.425529259004,  31.459063603993,  30.0          
      2204,  23.822904410716,  31.459071945576,  30.0          
      2205,  24.603355210144,  31.875449718109,  30.0          
      2206,  24.208949661995,  31.875469993166,  30.0          
      2207,  24.199785810866,  32.29186037447 ,  30.0          
      2208,  24.594441972357,  32.291961092882,  30.0          
      2209,  25.374434802198,  32.708730902111,  30.0          
      2210,  24.980229587945,  32.708650184517,  30.0          
      2211,  24.971800008689,  33.125285412592,  30.0          
      2212,  25.366142491327,  33.125386834823,  30.0          
      2213,  25.743808091116,  33.958696221413,  30.0          
      2214,  26.137688597877,  33.958696221413,  30.0          
      2215,  26.145397383234,  33.54207919944 ,  30.0          
      2216,  25.751859489155,  33.54207919944 ,  30.0          
      2217,  26.516839925628,  34.7917511831  ,  30.0          
      2218,  26.911405510482,  34.7917511831  ,  30.0          
      2219,  26.918427057762,  34.3752535493  ,  30.0          
      2220,  26.524203987409,  34.3752535493  ,  30.0          
      2221,  22.278271196281,  30.212329308888,  30.0          
      2222,  21.862665389024,  30.21992643276 ,  30.0          
      2223,  21.846988102719,  30.631116175682,  30.0          
      2224,  22.254477567392,  30.627433552463,  30.0          
      2225,  21.454006711749,  29.818922065759,  30.0          
      2226,  21.456370858455,  29.418193925345,  30.0          
      2227,  21.040114056935,  29.418804278007,  30.0          
      2228,  21.0381245719  ,  29.819362033402,  30.0          
      2229,  20.624745103807,  29.019446557893,  30.0          
      2230,  20.624915034602,  28.620517273684,  30.0          
      2231,  20.20830173717 ,  28.620536287235,  30.0          
      2232,  20.208238544844,  29.019503598547,  30.0          
      2233,  22.627281639946,  31.458296289186,  30.0          
      2234,  23.026988335414,  31.458805051863,  30.0          
      2235,  23.038722485402,  31.042661858978,  30.0          
      2236,  22.638689959909,  31.042284593761,  30.0          
      2237,  23.812866704236,  31.875431863482,  30.0          
      2238,  23.41510633687 ,  31.875335329056,  30.0          
      2239,  23.405783551229,  32.29160253695 ,  30.0          
      2240,  23.803566337157,  32.291740855826,  30.0          
      2241,  24.585726231838,  32.708518406924,  30.0          
      2242,  24.190924733877,  32.708335569331,  30.0          
      2243,  24.182366431026,  33.124895577751,  30.0          
      2244,  24.577207988588,  33.125121660235,  30.0          
      2245,  25.357862794425,  33.542023582674,  30.0          
      2246,  24.963407299044,  33.541912349141,  30.0          
      2247,  24.955051459011,  33.958530994163,  30.0          
      2248,  25.349595711494,  33.958641145663,  30.0          
      2249,  25.727708755918,  34.7917511831  ,  30.0          
      2250,  26.122274340773,  34.7917511831  ,  30.0          
      2251,  26.129980917056,  34.3752535493  ,  30.0          
      2252,  25.735757846703,  34.3752535493  ,  30.0          
      2253,  21.447833677579,  30.22397477197 ,  30.0          
      2254,  21.033776061945,  30.224474326516,  30.0          
      2255,  21.027068527069,  30.63414115735 ,  30.0          
      2256,  21.437851755944,  30.633352043978,  30.0          
      2257,  20.622603108273,  29.819665410675,  30.0          
      2258,  20.623974461697,  29.419162603557,  30.0          
      2259,  20.207952072743,  29.419268901994,  30.0          
      2260,  20.207442320866,  29.819832197578,  30.0          
      2261,  21.824065333028,  31.457928651248,  30.0          
      2262,  22.226307305818,  31.458004155647,  30.0          
      2263,  22.23715627057 ,  31.042658501383,  30.0          
      2264,  21.834121417386,  31.043783581845,  30.0          
      2265,  22.608428805572,  32.291087773634,  30.0          
      2266,  23.007404374034,  32.291384842886,  30.0          
      2267,  23.016548964958,  31.875046046499,  30.0          
      2268,  22.617194588501,  31.87456401581 ,  30.0          
      2269,  23.794724016193,  32.708153769104,  30.0          
      2270,  23.397124078788,  32.707973006241,  30.0          
      2271,  23.389127919546,  33.12444673693 ,  30.0          
      2272,  23.786339741345,  33.124670603316,  30.0          
      2273,  24.568754834126,  33.541737435523,  30.0          
      2274,  24.173905399671,  33.541498841819,  30.0          
      2275,  24.165541639811,  33.958145361536,  30.0          
      2276,  24.56036676845 ,  33.958365732787,  30.0          
      2277,  25.341333469626,  34.375212445368,  30.0          
      2278,  24.946707785825,  34.375130237505,  30.0          
      2279,  24.938376279485,  34.791710079168,  30.0          
      2280,  25.333076068823,  34.79173748179 ,  30.0          
      2281,  20.619985505765,  30.224813464358,  30.0          
      2282,  20.206462009039,  30.224992185494,  30.0          
      2283,  20.20501113726 ,  30.634748865744,  30.0          
      2284,  20.616121654174,  30.634606764606,  30.0          
      2285,  21.428619617492,  31.04465302384 ,  30.0          
      2286,  21.020650870888,  31.045266827369,  30.0          
      2287,  21.014523093404,  31.457851336571,  30.0          
      2288,  21.420137262223,  31.457877711556,  30.0          
      2289,  21.807881513085,  32.290330162713,  30.0          
      2290,  22.208587851923,  32.290736213577,  30.0          
      2291,  22.216784499602,  31.874030059712,  30.0          
      2292,  21.81531869826 ,  31.873444178204,  30.0          
      2293,  22.999089892862,  32.707788047028,  30.0          
      2294,  22.600621458416,  32.707598891463,  30.0          
      2295,  22.59377254703 ,  33.124097369295,  30.0          
      2296,  22.991605521441,  33.124255658923,  30.0          
      2297,  23.778113173545,  33.541261289877,  30.0          
      2298,  23.381378155749,  33.541024779696,  30.0          
      2299,  23.373874787397,  33.957707134538,  30.0          
      2300,  23.770044312793,  33.957925828786,  30.0          
      2301,  24.551997972762,  34.375009911064,  30.0          
      2302,  24.157204030437,  34.374851466046,  30.0          
      2303,  24.148892571549,  34.791617155349,  30.0          
      2304,  24.543648447061,  34.791669970355,  30.0          
      2305,  20.612296776093,  31.04560972845 ,  30.0          
      2306,  20.203557333108,  31.045681727084,  30.0          
      2307,  20.202100596582,  31.457790769512,  30.0          
      2308,  20.608510871524,  31.45782235589 ,  30.0          
      2309,  21.412762359991,  31.872982235944,  30.0          
      2310,  21.009115484793,  31.872644232933,  30.0          
      2311,  21.004428045054,  32.289645516454,  30.0          
      2312,  21.406494910795,  32.289966597005,  30.0          
      2313,  22.201444213107,  32.70737295838 ,  30.0          
      2314,  21.801558156935,  32.707110247779,  30.0          
      2315,  21.796348629812,  33.123784433402,  30.0          
      2316,  22.195353583154,  33.123940294122,  30.0          
      2317,  22.581091011204,  33.957422760268,  30.0          
      2318,  22.9775570202  ,  33.957539445032,  30.0          
      2319,  22.98442789722 ,  33.540839458258,  30.0          
      2320,  22.58726239796 ,  33.540705325564,  30.0          
      2321,  23.762007411812,  34.37469357368 ,  30.0          
      2322,  23.366408116889,  34.374536233969,  30.0          
      2323,  23.358978144226,  34.79151207799 ,  30.0          
      2324,  23.754002470604,  34.79156452456 ,  30.0          
      2325,  20.605135357994,  31.872427267579,  30.0          
      2326,  20.200821979595,  31.872331339883,  30.0          
      2327,  20.199721482148,  32.289303438197,  30.0          
      2328,  20.602170235505,  32.289424463518,  30.0          
      2329,  21.40127734002 ,  32.706846001662,  30.0          
      2330,  21.00060176236 ,  32.706580220028,  30.0          
      2331,  20.997636636712,  33.123448343655,  30.0          
      2332,  21.397109647665,  33.123620449913,  30.0          
      2333,  21.787156258628,  33.957326004469,  30.0          
      2334,  22.184290757346,  33.957351613413,  30.0          
      2335,  22.189635764567,  33.5405998458  ,  30.0          
      2336,  21.791547997043,  33.540523018966,  30.0          
      2337,  22.568843434719,  34.791445369405,  30.0          
      2338,  22.963925132264,  34.791472359605,  30.0          
      2339,  22.970722765215,  34.374417078814,  30.0          
      2340,  22.57495135679 ,  34.374336108215,  30.0          
      2341,  20.599822026178,  32.706387022016,  30.0          
      2342,  20.198938131472,  32.706266407626,  30.0          
      2343,  20.198471927569,  33.123220248171,  30.0          
      2344,  20.598090730013,  33.123314943074,  30.0          
      2345,  21.393328121938,  33.540434252906,  30.0          
      2346,  20.994976139254,  33.54033354762 ,  30.0          
      2347,  20.992620269986,  33.957235831924,  30.0          
      2348,  21.389932762841,  33.957287410639,  30.0          
      2349,  21.77847693946 ,  34.791431874305,  30.0          
      2350,  22.173694037118,  34.791431874305,  30.0          
      2351,  22.178976848196,  34.374295622915,  30.0          
      2352,  21.782799239433,  34.374295622915,  30.0          
      2353,  20.59657408922 ,  33.540246028271,  30.0          
      2354,  20.198121971836,  33.54017169486 ,  30.0          
      2355,  20.197888264274,  33.957120747692,  30.0          
      2356,  20.595272103797,  33.957180277609,  30.0          
      2357,  21.386571049311,  34.374285492129,  30.0          
      2358,  20.99029227783 ,  34.374265230557,  30.0          
      2359,  20.987992162785,  34.791421743519,  30.0          
      2360,  21.383242981349,  34.791428497376,  30.0          
      2361,  20.593992149104,  34.374235551708,  30.0          
      2362,  20.197670663133,  34.374196455581,  30.0          
      2363,  20.197469168413,  34.791398818527,  30.0          
      2364,  20.59273422514 ,  34.791411850569,  30.0          
      2365,  22.083333333333,  15.394736842105,  30.0          
      2366,  22.083333333333,  16.184210526316,  30.0          
      2367,  21.25          ,  15.394736842105,  30.0          
      2368,  22.083333333333,  16.973684210526,  30.0          
      2369,  21.25          ,  16.184210526316,  30.0          
      2370,  20.416666666667,  15.394736842105,  30.0          
      2371,  22.083333333333,  17.763157894737,  30.0          
      2372,  21.25          ,  16.973684210526,  30.0          
      2373,  20.416666666667,  16.184210526316,  30.0          
      2374,  34.609030247698,  30.416747582487,  30.0          
      2375,  22.083333333333,  18.552631578947,  30.0          
      2376,  21.25          ,  17.763157894737,  30.0          
      2377,  20.416666666667,  16.973684210526,  30.0          
      2378,  33.827094660909,  30.416832633194,  30.0          
      2379,  34.608344746627,  31.250182373537,  30.0          
      2380,  22.083333333333,  19.342105263158,  30.0          
      2381,  21.25          ,  18.552631578947,  30.0          
      2382,  20.416666666667,  17.763157894737,  30.0          
      2383,  33.045161033026,  30.416836768079,  30.0          
      2384,  33.825038184878,  31.250377145327,  30.0          
      2385,  34.607661344688,  32.083536071701,  30.0          
      2386,  22.083333333333,  20.131578947368,  30.0          
      2387,  21.25          ,  19.342105263158,  30.0          
      2388,  20.416666666667,  18.552631578947,  30.0          
      2389,  32.263225446236,  30.416836768079,  30.0          
      2390,  33.041733595626,  31.25038954358 ,  30.0          
      2391,  33.822984088381,  32.083755322384,  30.0          
      2392,  34.606976038346,  32.916869051523,  30.0          
      2393,  22.083333333333,  20.921052631579,  30.0          
      2394,  21.25          ,  20.131578947368,  30.0          
      2395,  20.416666666667,  19.342105263158,  30.0          
      2396,  31.481289859447,  30.416836768079,  30.0          
      2397,  32.258427033877,  31.25038954358 ,  30.0          
      2398,  33.038306859232,  32.083771834698,  30.0          
      2399,  33.820928169262,  32.917087919901,  30.0          
      2400,  34.606292714288,  33.750181506533,  30.0          
      2401,  22.083333333333,  21.71052631579 ,  30.0          
      2402,  21.25          ,  20.921052631579,  30.0          
      2403,  20.416666666667,  20.131578947368,  30.0          
      2404,  30.699354272657,  30.416836768079,  30.0          
      2405,  31.475120472128,  31.25038954358 ,  30.0          
      2406,  32.253629602925,  32.083771834698,  30.0          
      2407,  33.034880327288,  32.917104403423,  30.0          
      2408,  33.818874313449,  33.750375361746,  30.0          
      2409,  34.605607600648,  34.583413735662,  30.0          
      2410,  22.083333333333,  22.5           ,  30.0          
      2411,  21.25          ,  21.71052631579 ,  30.0          
      2412,  29.917418685867,  30.416836768079,  30.0          
      2413,  20.416666666667,  20.921052631579,  30.0          
      2414,  30.691813910379,  31.25038954358 ,  30.0          
      2415,  31.468952346618,  32.083771834698,  30.0          
      2416,  32.248832458204,  32.917104403423,  30.0          
      2417,  33.031453997901,  33.750387710427,  30.0          
      2418,  33.81681894544 ,  34.583498252095,  30.0          
      2419,  22.083333333333,  23.28947368421 ,  30.0          
      2420,  21.25          ,  22.5           ,  30.0          
      2421,  29.135483099078,  30.416836768079,  30.0          
      2422,  20.416666666667,  21.71052631579 ,  30.0          
      2423,  29.908507348629,  31.25038954358 ,  30.0          
      2424,  30.684275090311,  32.083771834698,  30.0          
      2425,  31.462784589119,  32.917104403423,  30.0          
      2426,  32.244035597062,  33.750387710427,  30.0          
      2427,  33.028028361981,  34.5835023662  ,  30.0          
      2428,  22.083333333333,  24.078947368421,  30.0          
      2429,  21.25          ,  23.28947368421 ,  30.0          
      2430,  28.353547512288,  30.416836768079,  30.0          
      2431,  20.416666666667,  22.5           ,  30.0          
      2432,  29.12520078688 ,  31.25038954358 ,  30.0          
      2433,  29.899597834004,  32.083771834698,  30.0          
      2434,  30.676736720035,  32.917104403423,  30.0          
      2435,  31.456617196222,  33.750387710427,  30.0          
      2436,  32.239239706773,  34.5835023662  ,  30.0          
      2437,  22.083333333333,  24.868421052632,  30.0          
      2438,  21.25          ,  24.078947368421,  30.0          
      2439,  27.571611925499,  30.416836768079,  30.0          
      2440,  20.416666666667,  23.28947368421 ,  30.0          
      2441,  28.341894225131,  31.25038954358 ,  30.0          
      2442,  29.114920577697,  32.083771834698,  30.0          
      2443,  29.89068885095 ,  32.917104403423,  30.0          
      2444,  30.669198795382,  33.750387710427,  30.0          
      2445,  31.450451051566,  34.5835023662  ,  30.0          
      2446,  22.083333333333,  25.657894736842,  30.0          
      2447,  21.25          ,  24.868421052632,  30.0          
      2448,  26.789676338709,  30.416836768079,  30.0          
      2449,  20.416666666667,  24.078947368421,  30.0          
      2450,  27.558587663381,  31.25038954358 ,  30.0          
      2451,  28.33024332139 ,  32.083771834698,  30.0          
      2452,  29.104640981866,  32.917104403423,  30.0          
      2453,  29.881780394543,  33.750387710427,  30.0          
      2454,  30.661662396358,  34.5835023662  ,  30.0          
      2455,  22.083333333333,  26.447368421053,  30.0          
      2456,  21.25          ,  25.657894736842,  30.0          
      2457,  26.007740751919,  30.416836768079,  30.0          
      2458,  20.416666666667,  24.868421052632,  30.0          
      2459,  26.775281101632,  31.25038954358 ,  30.0          
      2460,  27.545566065083,  32.083771834698,  30.0          
      2461,  28.318593112781,  32.917104403423,  30.0          
      2462,  29.094361993703,  33.750387710427,  30.0          
      2463,  29.872873741151,  34.5835023662  ,  30.0          
      2464,  22.083333333333,  27.236842105263,  30.0          
      2465,  25.225193753209,  30.416909150483,  30.0          
      2466,  21.25          ,  26.447368421053,  30.0          
      2467,  20.416666666667,  25.657894736842,  30.0          
      2468,  25.991974539883,  31.25038954358 ,  30.0          
      2469,  26.760888808776,  32.083771834698,  30.0          
      2470,  27.532545243696,  32.917104403423,  30.0          
      2471,  28.306943592864,  33.750387710427,  30.0          
      2472,  29.084085085943,  34.5835023662  ,  30.0          
      2473,  22.083333333333,  28.026315789474,  30.0          
      2474,  24.441730660405,  30.417080491503,  30.0          
      2475,  21.25          ,  27.236842105263,  30.0          
      2476,  20.416666666666,  26.447368421053,  30.0          
      2477,  25.207268390896,  31.25047394944 ,  30.0          
      2478,  25.976211552468,  32.083771834698,  30.0          
      2479,  26.746497374612,  32.917104403423,  30.0          
      2480,  27.519525192024,  33.750387710427,  30.0          
      2481,  28.295296430736,  34.5835023662  ,  30.0          
      2482,  22.083110416163,  28.817528415375,  30.0          
      2483,  23.65640770662 ,  30.417276230254,  30.0          
      2484,  21.25          ,  28.026315789474,  30.0          
      2485,  20.416666666666,  27.236842105263,  30.0          
      2486,  24.420504014554,  31.250697699812,  30.0          
      2487,  25.190018471488,  32.083748675516,  30.0          
      2488,  25.960449505527,  32.917104403423,  30.0          
      2489,  26.732106791185,  33.750387710427,  30.0          
      2490,  27.506507775528,  34.5835023662  ,  30.0          
      2491,  22.081611760222,  29.611779286685,  30.0          
      2492,  22.867558420072,  30.417217252146,  30.0          
      2493,  21.249665432815,  28.819615129652,  30.0          
      2494,  20.416666666666,  28.026315789474,  30.0          
      2495,  23.629791360987,  31.250896003359,  30.0          
      2496,  24.40163316384 ,  32.083685294657,  30.0          
      2497,  25.17315172254 ,  32.917013333511,  30.0          
      2498,  25.944688390345,  33.750387710427,  30.0          
      2499,  26.71771912032 ,  34.5835023662  ,  30.0          
      2500,  22.060600563854,  30.422701367448,  30.0          
      2501,  21.24715404976 ,  29.618820575628,  30.0          
      2502,  20.416550105106,  28.82000092934 ,  30.0          
      2503,  22.832920605168,  31.250511948447,  30.0          
      2504,  23.609330732373,  32.083527646328,  30.0          
      2505,  24.384056346332,  32.91671780356 ,  30.0          
      2506,  25.156479315994,  33.75027701791 ,  30.0          
      2507,  25.928930465113,  34.5835023662  ,  30.0          
      2508,  21.236632505634,  30.428985574954,  30.0          
      2509,  20.415492990895,  29.619482278451,  30.0          
      2510,  22.0304125817  ,  31.250593722531,  30.0          
      2511,  22.812394183266,  32.083020669708,  30.0          
      2512,  23.591828938968,  32.916311028898,  30.0          
      2513,  24.367142160514,  33.749936842916,  30.0          
      2514,  25.13987340094 ,  34.583447560958,  30.0          
      2515,  20.411895076559,  30.429790320051,  30.0          
      2516,  21.220982711002,  31.251412224834,  30.0          
      2517,  22.012143140717,  32.082135153551,  30.0          
      2518,  22.796272354937,  32.915934991677,  30.0          
      2519,  23.575852607371,  33.749479758224,  30.0          
      2520,  24.350435755452,  34.583287125703,  30.0          
      2521,  20.406616394327,  31.251726145234,  30.0          
      2522,  21.208200200158,  32.081309645584,  30.0          
      2523,  21.998676145752,  32.915551983421,  30.0          
      2524,  22.782584581646,  33.74912674728 ,  30.0          
      2525,  23.560349035883,  34.58307660255 ,  30.0          
      2526,  20.40196226381 ,  32.080871627294,  30.0          
      2527,  21.199156346689,  32.915123753814,  30.0          
      2528,  21.988157694396,  33.748950120662,  30.0          
      2529,  22.769610672247,  34.58291772901 ,  30.0          
      2530,  20.398830703808,  32.914797155222,  30.0          
      2531,  21.192714323505,  33.748822760772,  30.0          
      2532,  21.978486766052,  34.58286374861 ,  30.0          
      2533,  20.396964107282,  33.748679687108,  30.0          
      2534,  21.187024617819,  34.582850240896,  30.0          
      2535,  20.395466551447,  34.582810669096,  30.0          
      2536,  21.666666666667,  16.184210526316,  30.0          
      2537,  21.25          ,  15.78947368421 ,  30.0          
      2538,  21.666666666667,  16.973684210526,  30.0          
      2539,  21.25          ,  16.578947368421,  30.0          
      2540,  20.833333333333,  16.184210526316,  30.0          
      2541,  20.416666666667,  15.78947368421 ,  30.0          
      2542,  21.666666666667,  17.763157894737,  30.0          
      2543,  21.25          ,  17.368421052632,  30.0          
      2544,  20.833333333333,  16.973684210526,  30.0          
      2545,  20.416666666667,  16.578947368421,  30.0          
      2546,  20.0           ,  16.184210526316,  30.0          
      2547,  21.666666666667,  18.552631578947,  30.0          
      2548,  21.25          ,  18.157894736842,  30.0          
      2549,  20.833333333333,  17.763157894737,  30.0          
      2550,  20.416666666667,  17.368421052632,  30.0          
      2551,  20.0           ,  16.973684210526,  30.0          
      2552,  33.826064321818,  30.833665266387,  30.0          
      2553,  34.216689493255,  31.250364747073,  30.0          
      2554,  21.666666666667,  19.342105263158,  30.0          
      2555,  21.25          ,  18.947368421053,  30.0          
      2556,  20.833333333333,  18.552631578947,  30.0          
      2557,  20.416666666667,  18.157894736842,  30.0          
      2558,  20.0           ,  17.763157894737,  30.0          
      2559,  33.043447066052,  30.833673536158,  30.0          
      2560,  33.433386876501,  31.25038954358 ,  30.0          
      2561,  33.824012047939,  31.667089024267,  30.0          
      2562,  34.215322689376,  32.083738810069,  30.0          
      2563,  21.666666666667,  20.131578947368,  30.0          
      2564,  21.25          ,  19.736842105263,  30.0          
      2565,  20.833333333333,  19.342105263158,  30.0          
      2566,  20.416666666667,  18.947368421053,  30.0          
      2567,  20.0           ,  18.552631578947,  30.0          
      2568,  32.260825892473,  30.833673536158,  30.0          
      2569,  32.650080314752,  31.25038954358 ,  30.0          
      2570,  33.040020125201,  31.667105551002,  30.0          
      2571,  33.430645487386,  32.083771834698,  30.0          
      2572,  33.821956128823,  32.5004216205  ,  30.0          
      2573,  34.213952076693,  32.917071436379,  30.0          
      2574,  21.666666666667,  20.921052631579,  30.0          
      2575,  21.25          ,  20.526315789474,  30.0          
      2576,  20.833333333333,  20.131578947368,  30.0          
      2577,  20.416666666667,  19.736842105263,  30.0          
      2578,  20.0           ,  19.342105263158,  30.0          
      2579,  31.478204718893,  30.833673536158,  30.0          
      2580,  31.866773753003,  31.25038954358 ,  30.0          
      2581,  32.256028175282,  31.667105551002,  30.0          
      2582,  32.645968231079,  32.083771834698,  30.0          
      2583,  33.036593593263,  32.500438118394,  30.0          
      2584,  33.427904261831,  32.917104403424,  30.0          
      2585,  33.819900209701,  33.333754219302,  30.0          
      2586,  34.212585428577,  33.750363013066,  30.0          
      2587,  21.666666666667,  21.71052631579 ,  30.0          
      2588,  21.25          ,  21.315789473684,  30.0          
      2589,  20.833333333333,  20.921052631579,  30.0          
      2590,  20.416666666667,  20.526315789474,  30.0          
      2591,  20.0           ,  20.131578947368,  30.0          
      2592,  30.695583545314,  30.833673536158,  30.0          
      2593,  31.083467191253,  31.25038954358 ,  30.0          
      2594,  31.472036225362,  31.667105551002,  30.0          
      2595,  31.861290974772,  32.083771834698,  30.0          
      2596,  32.251231030568,  32.500438118394,  30.0          
      2597,  32.641856392746,  32.917104403423,  30.0          
      2598,  33.033167061314,  33.333770688453,  30.0          
      2599,  33.425163198321,  33.750387710427,  30.0          
      2600,  33.817848417197,  34.166996504191,  30.0          
      2601,  21.666666666667,  22.5           ,  30.0          
      2602,  21.25          ,  22.105263157895,  30.0          
      2603,  20.833333333333,  21.71052631579 ,  30.0          
      2604,  29.912962371735,  30.833673536158,  30.0          
      2605,  20.416666666667,  21.315789473684,  30.0          
      2606,  20.0           ,  20.921052631579,  30.0          
      2607,  30.300160629504,  31.25038954358 ,  30.0          
      2608,  30.688044275443,  31.667105551002,  30.0          
      2609,  31.076613718464,  32.083771834698,  30.0          
      2610,  31.465868467874,  32.500438118394,  30.0          
      2611,  31.855808523662,  32.917104403423,  30.0          
      2612,  32.246433885839,  33.333770688453,  30.0          
      2613,  32.637744797481,  33.750387710427,  30.0          
      2614,  33.029740934488,  34.1670047324  ,  30.0          
      2615,  21.666666666667,  23.28947368421 ,  30.0          
      2616,  21.25          ,  22.894736842105,  30.0          
      2617,  20.833333333333,  22.5           ,  30.0          
      2618,  29.130341198156,  30.833673536158,  30.0          
      2619,  20.416666666667,  22.105263157895,  30.0          
      2620,  20.0           ,  21.71052631579 ,  30.0          
      2621,  29.516854067755,  31.25038954358 ,  30.0          
      2622,  29.904052325524,  31.667105551002,  30.0          
      2623,  30.291936462157,  32.083771834698,  30.0          
      2624,  30.680505905179,  32.500438118394,  30.0          
      2625,  31.069760654577,  32.917104403423,  30.0          
      2626,  31.459700710365,  33.333770688453,  30.0          
      2627,  31.850326396642,  33.750387710427,  30.0          
      2628,  32.241637308284,  34.1670047324  ,  30.0          
      2629,  21.666666666667,  24.078947368421,  30.0          
      2630,  21.25          ,  23.684210526316,  30.0          
      2631,  20.833333333333,  23.28947368421 ,  30.0          
      2632,  28.347720024577,  30.833673536158,  30.0          
      2633,  20.416666666667,  22.894736842105,  30.0          
      2634,  20.0           ,  22.5           ,  30.0          
      2635,  28.733547506005,  31.25038954358 ,  30.0          
      2636,  29.120060375604,  31.667105551002,  30.0          
      2637,  29.50725920585 ,  32.083771834698,  30.0          
      2638,  29.895143342484,  32.500438118394,  30.0          
      2639,  30.283712785492,  32.917104403423,  30.0          
      2640,  30.67296753489 ,  33.333770688453,  30.0          
      2641,  31.062907995802,  33.750387710427,  30.0          
      2642,  31.453533682079,  34.1670047324  ,  30.0          
      2643,  21.666666666667,  24.868421052632,  30.0          
      2644,  21.25          ,  24.473684210526,  30.0          
      2645,  20.833333333333,  24.078947368421,  30.0          
      2646,  27.565098850997,  30.833673536158,  30.0          
      2647,  20.416666666667,  23.684210526316,  30.0          
      2648,  20.0           ,  23.28947368421 ,  30.0          
      2649,  27.950240944256,  31.25038954358 ,  30.0          
      2650,  28.336068425685,  31.667105551002,  30.0          
      2651,  28.722581949543,  32.083771834698,  30.0          
      2652,  29.109780779789,  32.500438118394,  30.0          
      2653,  29.497664916408,  32.917104403423,  30.0          
      2654,  29.886234359416,  33.333770688453,  30.0          
      2655,  30.275489594963,  33.750387710427,  30.0          
      2656,  30.665430055874,  34.1670047324  ,  30.0          
      2657,  21.666666666666,  25.657894736842,  30.0          
      2658,  21.25          ,  25.263157894737,  30.0          
      2659,  20.833333333333,  24.868421052632,  30.0          
      2660,  26.782477677418,  30.833673536158,  30.0          
      2661,  20.416666666667,  24.473684210526,  30.0          
      2662,  20.0           ,  24.078947368421,  30.0          
      2663,  27.166934382507,  31.25038954358 ,  30.0          
      2664,  27.552076475765,  31.667105551002,  30.0          
      2665,  27.937904693236,  32.083771834698,  30.0          
      2666,  28.324418217095,  32.500438118394,  30.0          
      2667,  28.711617047323,  32.917104403423,  30.0          
      2668,  29.099501183942,  33.333770688453,  30.0          
      2669,  29.488071194123,  33.750387710427,  30.0          
      2670,  29.87732642967 ,  34.1670047324  ,  30.0          
      2671,  21.666666666666,  26.447368421053,  30.0          
      2672,  21.25          ,  26.052631578947,  30.0          
      2673,  20.833333333333,  25.657894736842,  30.0          
      2674,  25.999856503839,  30.833673536158,  30.0          
      2675,  20.416666666667,  25.263157894737,  30.0          
      2676,  20.0           ,  24.868421052632,  30.0          
      2677,  26.383627820757,  31.25038954358 ,  30.0          
      2678,  26.768084525846,  31.667105551002,  30.0          
      2679,  27.153227436929,  32.083771834698,  30.0          
      2680,  27.5390556544  ,  32.500438118394,  30.0          
      2681,  27.925569178239,  32.917104403423,  30.0          
      2682,  28.312768008467,  33.333770688453,  30.0          
      2683,  28.700652793284,  33.750387710427,  30.0          
      2684,  29.089222803465,  34.1670047324  ,  30.0          
      2685,  21.666666666666,  27.236842105263,  30.0          
      2686,  25.216012506418,  30.833818300965,  30.0          
      2687,  21.25          ,  26.842105263158,  30.0          
      2688,  20.833333333333,  26.447368421053,  30.0          
      2689,  20.416666666667,  26.052631578947,  30.0          
      2690,  20.0           ,  25.657894736842,  30.0          
      2691,  25.600321259008,  31.25038954358 ,  30.0          
      2692,  25.984092575927,  31.667105551002,  30.0          
      2693,  26.368550180622,  32.083771834698,  30.0          
      2694,  26.753693091705,  32.500438118394,  30.0          
      2695,  27.139521309154,  32.917104403423,  30.0          
      2696,  27.526034832993,  33.333770688453,  30.0          
      2697,  27.913234392444,  33.750387710427,  30.0          
      2698,  28.301119177261,  34.1670047324  ,  30.0          
      2699,  21.666666666666,  28.026315789474,  30.0          
      2700,  24.43033632081 ,  30.834160983005,  30.0          
      2701,  21.25          ,  27.631578947368,  30.0          
      2702,  20.833333333333,  27.236842105263,  30.0          
      2703,  20.416666666666,  26.842105263158,  30.0          
      2704,  20.0           ,  26.447368421053,  30.0          
      2705,  24.814215522783,  31.2505583553  ,  30.0          
      2706,  25.198524275372,  31.667129597915,  30.0          
      2707,  25.583872924315,  32.083771834698,  30.0          
      2708,  25.96833052901 ,  32.500438118394,  30.0          
      2709,  26.35347344007 ,  32.917104403423,  30.0          
      2710,  26.739301657518,  33.333770688453,  30.0          
      2711,  27.125815991605,  33.750387710427,  30.0          
      2712,  27.513015551056,  34.1670047324  ,  30.0          
      2713,  21.666220832326,  28.819267357066,  30.0          
      2714,  21.25          ,  28.421052631579,  30.0          
      2715,  20.833333333333,  28.026315789474,  30.0          
      2716,  23.640940413241,  30.834552460509,  30.0          
      2717,  20.416666666666,  27.631578947368,  30.0          
      2718,  20.0           ,  27.236842105263,  30.0          
      2719,  24.026792506326,  31.250837044324,  30.0          
      2720,  24.410671708298,  31.667234416619,  30.0          
      2721,  24.796164018661,  32.083725516334,  30.0          
      2722,  25.181512667603,  32.500367753117,  30.0          
      2723,  25.567425570985,  32.917104403423,  30.0          
      2724,  25.952568482044,  33.333770688453,  30.0          
      2725,  26.338397590765,  33.750387710427,  30.0          
      2726,  26.724911924851,  34.1670047324  ,  30.0          
      2727,  21.663223520444,  29.618295415476,  30.0          
      2728,  21.24933086563 ,  29.218177627724,  30.0          
      2729,  20.833110033303,  28.819962902237,  30.0          
      2730,  22.844491840144,  30.834434504292,  30.0          
      2731,  20.416666666666,  28.421052631579,  30.0          
      2732,  20.0           ,  28.026315789474,  30.0          
      2733,  23.232790215648,  31.250954962394,  30.0          
      2734,  23.618642308733,  31.66723954621 ,  30.0          
      2735,  24.00710230902 ,  32.083645072979,  30.0          
      2736,  24.392594619383,  32.500136172695,  30.0          
      2737,  24.778877874094,  32.916922263598,  30.0          
      2738,  25.164790777476,  33.333658913904,  30.0          
      2739,  25.550979189926,  33.750387710426,  30.0          
      2740,  25.936808298647,  34.1670047324  ,  30.0          
      2741,  21.24497723389 ,  30.019463523532,  30.0          
      2742,  20.831084579075,  29.61934573578 ,  30.0          
      2743,  21.649052927889,  30.428341240994,  30.0          
      2744,  22.040865106256,  30.835848360697,  30.0          
      2745,  20.416433543545,  29.2189492271  ,  30.0          
      2746,  19.999990176908,  28.820038956442,  30.0          
      2747,  22.433050994688,  31.2500689345  ,  30.0          
      2748,  22.821349370192,  31.666589392602,  30.0          
      2749,  23.211559155726,  32.083410219678,  30.0          
      2750,  23.600019156013,  32.499815746447,  30.0          
      2751,  23.989234818571,  32.916513343522,  30.0          
      2752,  24.375518073282,  33.333299434426,  30.0          
      2753,  24.761979442062,  33.750166325394,  30.0          
      2754,  25.148167854511,  34.166895121916,  30.0          
      2755,  20.414552438244,  30.020015329802,  30.0          
      2756,  19.999901402714,  29.619618821121,  30.0          
      2757,  20.824212083379,  30.429629908913,  30.0          
      2758,  21.228287777379,  30.838507626375,  30.0          
      2759,  21.627774168714,  31.251118510562,  30.0          
      2760,  22.019960057145,  31.665339084364,  30.0          
      2761,  22.413229210807,  32.082631119737,  30.0          
      2762,  22.80343899634 ,  32.499451946813,  30.0          
      2763,  23.194423059366,  32.916108714274,  30.0          
      2764,  23.583638721923,  33.332806311348,  30.0          
      2765,  23.972304878967,  33.749707360439,  30.0          
      2766,  24.358766247746,  34.166574251407,  30.0          
      2767,  19.999578069739,  30.429950731188,  30.0          
      2768,  20.409237714874,  30.8395653103  ,  30.0          
      2769,  20.81419125329 ,  31.251705939106,  30.0          
      2770,  21.213677644625,  31.664316823293,  30.0          
      2771,  21.611057070628,  32.081639187365,  30.0          
      2772,  22.00432622429 ,  32.498931222738,  30.0          
      2773,  22.398121650509,  32.915761269081,  30.0          
      2774,  22.789105713534,  33.332418036542,  30.0          
      2775,  23.179400335775,  33.74925215601 ,  30.0          
      2776,  23.568066492819,  34.1661532051  ,  30.0          
      2777,  19.999041535363,  31.251746351362,  30.0          
      2778,  20.403995073779,  31.663886980168,  30.0          
      2779,  20.805343329688,  32.080980103803,  30.0          
      2780,  21.202722755691,  32.498302467875,  30.0          
      2781,  21.599230640995,  32.915342697761,  30.0          
      2782,  21.993026067214,  33.332172744103,  30.0          
      2783,  22.385768827517,  33.749001338551,  30.0          
      2784,  22.776063449758,  34.165835458019,  30.0          
      2785,  19.998581197932,  32.080763150786,  30.0          
      2786,  20.399929453842,  32.49785627442 ,  30.0          
      2787,  20.799082052383,  32.914904809868,  30.0          
      2788,  21.195589937688,  33.331945039754,  30.0          
      2789,  21.590546561275,  33.748898902773,  30.0          
      2790,  21.983289321578,  34.16572749722 ,  30.0          
      2791,  19.998579355233,  32.914689500576,  30.0          
      2792,  20.397731953774,  33.331738036023,  30.0          
      2793,  20.794882085735,  33.748746618772,  30.0          
      2794,  21.189838709322,  34.165700481791,  30.0          
      2795,  19.999046128829,  33.748612755444,  30.0          
      2796,  20.39619626079 ,  34.165621338192,  30.0          
      2797,  19.999673280099,  34.582784605012,  30.0          
      2798,  20.791259822796,  34.582836733181,  30.0          
      2799,  20.394736842105,  35.0           ,  30.0          
      2800,  21.582789412842,  34.58286374861 ,  30.0          
      2801,  21.184210526316,  35.0           ,  30.0          
      2802,  22.374184119262,  34.58286374861 ,  30.0          
      2803,  21.973684210526,  35.0           ,  30.0          
      2804,  23.165037225232,  34.582971709409,  30.0          
      2805,  22.763157894737,  35.0           ,  30.0          
      2806,  23.955660846534,  34.583181495691,  30.0          
      2807,  23.552631578947,  35.0           ,  30.0          
      2808,  24.745210664371,  34.583392755716,  30.0          
      2809,  24.342105263158,  35.0           ,  30.0          
      2810,  25.534536137509,  34.5835023662  ,  30.0          
      2811,  25.131578947368,  35.0           ,  30.0          
      2812,  26.323324792717,  34.5835023662  ,  30.0          
      2813,  25.921052631579,  35.0           ,  30.0          
      2814,  27.112113447924,  34.5835023662  ,  30.0          
      2815,  26.710526315789,  35.0           ,  30.0          
      2816,  27.900902103132,  34.5835023662  ,  30.0          
      2817,  27.5           ,  35.0           ,  30.0          
      2818,  28.689690758339,  34.5835023662  ,  30.0          
      2819,  28.28947368421 ,  35.0           ,  30.0          
      2820,  29.478479413547,  34.5835023662  ,  30.0          
      2821,  29.078947368421,  35.0           ,  30.0          
      2822,  30.267268068754,  34.5835023662  ,  30.0          
      2823,  29.868421052631,  35.0           ,  30.0          
      2824,  31.056056723962,  34.5835023662  ,  30.0          
      2825,  30.657894736842,  35.0           ,  30.0          
      2826,  31.84484537917 ,  34.5835023662  ,  30.0          
      2827,  31.447368421052,  35.0           ,  30.0          
      2828,  32.633634034377,  34.5835023662  ,  30.0          
      2829,  32.236842105263,  35.0           ,  30.0          
      2830,  33.422422689585,  34.5835023662  ,  30.0          
      2831,  33.026315789474,  35.0           ,  30.0          
      2832,  34.211215201296,  34.583494137991,  30.0          
      2833,  33.815789473684,  35.0           ,  30.0          
      2834,  34.605263157894,  35.0           ,  30.0          
      2835,  34.605952043402,  34.166827471324,  30.0          
      2836,  35.0           ,  34.583333333334,  30.0          
      2837,  34.606633385175,  33.333535541742,  30.0          
      2838,  35.0           ,  33.75          ,  30.0          
      2839,  34.607318691518,  32.500202561304,  30.0          
      2840,  35.0           ,  32.916666666667,  30.0          
      2841,  34.608003997858,  31.666869582099,  30.0          
      2842,  35.0           ,  32.083333333334,  30.0          
      2843,  34.608685495397,  30.833495164974,  30.0          
      2844,  35.0           ,  31.25          ,  30.0          
      2845,  35.0           ,  30.416666666667,  30.0          
      2846,  34.218060495397,  30.416828498308,  30.0          
      2847,  34.609375      ,  30.0           ,  30.0          
      2848,  33.436128826421,  30.416836768079,  30.0          
      2849,  33.828125      ,  30.0           ,  30.0          
      2850,  32.654193239631,  30.416836768079,  30.0          
      2851,  33.046875      ,  30.0           ,  30.0          
      2852,  31.872257652841,  30.416836768079,  30.0          
      2853,  32.265625      ,  30.0           ,  30.0          
      2854,  31.090322066052,  30.416836768079,  30.0          
      2855,  31.484375      ,  30.0           ,  30.0          
      2856,  30.308386479262,  30.416836768079,  30.0          
      2857,  30.703125      ,  30.0           ,  30.0          
      2858,  29.526450892473,  30.416836768079,  30.0          
      2859,  29.921875      ,  30.0           ,  30.0          
      2860,  28.744515305683,  30.416836768079,  30.0          
      2861,  29.140625      ,  30.0           ,  30.0          
      2862,  27.962579718893,  30.416836768079,  30.0          
      2863,  28.359375      ,  30.0           ,  30.0          
      2864,  27.180644132104,  30.416836768079,  30.0          
      2865,  27.578125      ,  30.0           ,  30.0          
      2866,  26.398708545314,  30.416836768079,  30.0          
      2867,  26.796875      ,  30.0           ,  30.0          
      2868,  25.616772958525,  30.416836768079,  30.0          
      2869,  26.015625      ,  30.0           ,  30.0          
      2870,  24.833614547894,  30.416981532886,  30.0          
      2871,  25.234375      ,  30.0           ,  30.0          
      2872,  24.049846772916,  30.417179450119,  30.0          
      2873,  24.453125      ,  30.0           ,  30.0          
      2874,  23.262968640325,  30.41737301039 ,  30.0          
      2875,  23.671875      ,  30.0           ,  30.0          
      2876,  22.080336021451,  30.0095543742  ,  30.0          
      2877,  22.472148199819,  30.417061493903,  30.0          
      2878,  22.890625      ,  30.0           ,  30.0          
      2879,  22.082887498993,  29.214004199171,  30.0          
      2880,  22.5           ,  29.605263157895,  30.0          
      2881,  22.083333333333,  28.421052631579,  30.0          
      2882,  22.5           ,  28.815789473684,  30.0          
      2883,  22.083333333333,  27.631578947368,  30.0          
      2884,  22.5           ,  28.026315789474,  30.0          
      2885,  22.083333333333,  26.842105263158,  30.0          
      2886,  22.5           ,  27.236842105263,  30.0          
      2887,  22.083333333333,  26.052631578947,  30.0          
      2888,  22.5           ,  26.447368421053,  30.0          
      2889,  22.083333333333,  25.263157894737,  30.0          
      2890,  22.5           ,  25.657894736842,  30.0          
      2891,  22.083333333333,  24.473684210526,  30.0          
      2892,  22.5           ,  24.868421052632,  30.0          
      2893,  22.083333333333,  23.684210526316,  30.0          
      2894,  22.5           ,  24.078947368421,  30.0          
      2895,  22.083333333333,  22.894736842105,  30.0          
      2896,  22.5           ,  23.28947368421 ,  30.0          
      2897,  22.083333333333,  22.105263157895,  30.0          
      2898,  22.5           ,  22.5           ,  30.0          
      2899,  22.083333333333,  21.315789473684,  30.0          
      2900,  22.5           ,  21.71052631579 ,  30.0          
      2901,  22.083333333333,  20.526315789474,  30.0          
      2902,  22.5           ,  20.921052631579,  30.0          
      2903,  22.083333333333,  19.736842105263,  30.0          
      2904,  22.5           ,  20.131578947368,  30.0          
      2905,  22.083333333333,  18.947368421053,  30.0          
      2906,  22.5           ,  19.342105263158,  30.0          
      2907,  22.083333333333,  18.157894736842,  30.0          
      2908,  22.5           ,  18.552631578947,  30.0          
      2909,  22.083333333333,  17.368421052632,  30.0          
      2910,  22.5           ,  17.763157894737,  30.0          
      2911,  22.083333333333,  16.578947368421,  30.0          
      2912,  22.5           ,  16.973684210526,  30.0          
      2913,  22.083333333333,  15.789473684211,  30.0          
      2914,  22.5           ,  16.184210526316,  30.0          
      2915,  22.5           ,  15.394736842105,  30.0          
      2916,  21.666666666667,  15.394736842105,  30.0          
      2917,  22.083333333333,  15.0           ,  30.0          
      2918,  20.833333333333,  15.394736842105,  30.0          
      2919,  21.25          ,  15.0           ,  30.0          
      2920,  20.0           ,  15.394736842105,  30.0          
      2921,  20.416666666667,  15.0           ,  30.0          
      2922,  21.666666666667,  15.78947368421 ,  30.0          
      2923,  21.666666666667,  16.578947368421,  30.0          
      2924,  20.833333333333,  15.78947368421 ,  30.0          
      2925,  21.666666666667,  17.368421052632,  30.0          
      2926,  20.833333333333,  16.578947368421,  30.0          
      2927,  20.0           ,  15.78947368421 ,  30.0          
      2928,  21.666666666667,  18.157894736842,  30.0          
      2929,  20.833333333333,  17.368421052632,  30.0          
      2930,  20.0           ,  16.578947368421,  30.0          
      2931,  34.217370990794,  30.833656996616,  30.0          
      2932,  21.666666666667,  18.947368421053,  30.0          
      2933,  20.833333333333,  18.157894736842,  30.0          
      2934,  20.0           ,  17.368421052632,  30.0          
      2935,  33.434757652841,  30.833673536158,  30.0          
      2936,  34.216007995716,  31.667072497531,  30.0          
      2937,  21.666666666667,  19.736842105263,  30.0          
      2938,  20.833333333333,  18.947368421053,  30.0          
      2939,  20.0           ,  18.157894736842,  30.0          
      2940,  32.652136479262,  30.833673536158,  30.0          
      2941,  33.432016100161,  31.667105551002,  30.0          
      2942,  34.214637383036,  32.500405122607,  30.0          
      2943,  21.666666666667,  20.526315789474,  30.0          
      2944,  20.833333333333,  19.736842105263,  30.0          
      2945,  20.0           ,  18.947368421053,  30.0          
      2946,  31.869515305683,  30.833673536158,  30.0          
      2947,  32.648024150242,  31.667105551002,  30.0          
      2948,  33.42927487461 ,  32.500438118394,  30.0          
      2949,  34.21326677035 ,  33.333737750151,  30.0          
      2950,  21.666666666667,  21.315789473684,  30.0          
      2951,  20.833333333333,  20.526315789474,  30.0          
      2952,  20.0           ,  19.736842105263,  30.0          
      2953,  31.086894132104,  30.833673536158,  30.0          
      2954,  31.864032200322,  31.667105551002,  30.0          
      2955,  32.643912311916,  32.500438118394,  30.0          
      2956,  33.426533649051,  33.333770688453,  30.0          
      2957,  34.211904086803,  34.166988275982,  30.0          
      2958,  21.666666666667,  22.105263157895,  30.0          
      2959,  20.833333333333,  21.315789473684,  30.0          
      2960,  20.0           ,  20.526315789474,  30.0          
      2961,  30.304272958525,  30.833673536158,  30.0          
      2962,  31.080040250403,  31.667105551002,  30.0          
      2963,  31.858549749221,  32.500438118394,  30.0          
      2964,  32.639800473576,  33.333770688453,  30.0          
      2965,  33.423792747591,  34.1670047324  ,  30.0          
      2966,  21.666666666667,  22.894736842105,  30.0          
      2967,  20.833333333333,  22.105263157895,  30.0          
      2968,  29.521651784945,  30.833673536158,  30.0          
      2969,  20.0           ,  21.315789473684,  30.0          
      2970,  30.296048300483,  31.667105551002,  30.0          
      2971,  31.073187186526,  32.500438118394,  30.0          
      2972,  31.853067298102,  33.333770688453,  30.0          
      2973,  32.635689121386,  34.1670047324  ,  30.0          
      2974,  21.666666666667,  23.684210526316,  30.0          
      2975,  20.833333333333,  22.894736842105,  30.0          
      2976,  28.739030611366,  30.833673536158,  30.0          
      2977,  20.0           ,  22.105263157895,  30.0          
      2978,  29.512056350564,  31.667105551002,  30.0          
      2979,  30.287824623832,  32.500438118394,  30.0          
      2980,  31.066334122628,  33.333770688453,  30.0          
      2981,  31.847585495181,  34.1670047324  ,  30.0          
      2982,  21.666666666667,  24.473684210526,  30.0          
      2983,  20.833333333333,  23.684210526316,  30.0          
      2984,  27.956409437787,  30.833673536158,  30.0          
      2985,  20.0           ,  22.894736842105,  30.0          
      2986,  28.728064400644,  31.667105551002,  30.0          
      2987,  29.502462061137,  32.500438118394,  30.0          
      2988,  30.279600947153,  33.333770688453,  30.0          
      2989,  31.059481868977,  34.1670047324  ,  30.0          
      2990,  21.666666666667,  25.263157894737,  30.0          
      2991,  20.833333333333,  24.473684210526,  30.0          
      2992,  27.173788264208,  30.833673536158,  30.0          
      2993,  20.0           ,  23.684210526316,  30.0          
      2994,  27.944072450725,  31.667105551002,  30.0          
      2995,  28.717099498442,  32.500438118394,  30.0          
      2996,  29.492867771679,  33.333770688453,  30.0          
      2997,  30.271378242772,  34.1670047324  ,  30.0          
      2998,  21.666666666666,  26.052631578947,  30.0          
      2999,  20.833333333333,  25.263157894737,  30.0          
      3000,  26.391167090629,  30.833673536158,  30.0          
      3001,  20.0           ,  24.473684210526,  30.0          
      3002,  27.160080500806,  31.667105551002,  30.0          
      3003,  27.931736935747,  32.500438118394,  30.0          
      3004,  28.706134596204,  33.333770688453,  30.0          
      3005,  29.483274616568,  34.1670047324  ,  30.0          
      3006,  21.666666666666,  26.842105263158,  30.0          
      3007,  20.833333333333,  26.052631578947,  30.0          
      3008,  25.608545917049,  30.833673536158,  30.0          
      3009,  20.0           ,  25.263157894737,  30.0          
      3010,  26.376088550886,  31.667105551002,  30.0          
      3011,  27.146374373053,  32.500438118394,  30.0          
      3012,  27.91940142073 ,  33.333770688453,  30.0          
      3013,  28.695170990363,  34.1670047324  ,  30.0          
      3014,  21.666666666666,  27.631578947368,  30.0          
      3015,  24.823479095788,  30.833963065772,  30.0          
      3016,  20.833333333333,  26.842105263158,  30.0          
      3017,  20.0           ,  26.052631578947,  30.0          
      3018,  25.592096600967,  31.667105551002,  30.0          
      3019,  26.361011810358,  32.500438118394,  30.0          
      3020,  27.132668245256,  33.333770688453,  30.0          
      3021,  27.907067364158,  34.1670047324  ,  30.0          
      3022,  21.666666666666,  28.421052631579,  30.0          
      3023,  24.037193545832,  30.834358900238,  30.0          
      3024,  20.833333333333,  27.631578947368,  30.0          
      3025,  20.0           ,  26.842105263158,  30.0          
      3026,  24.804951949778,  31.667153644828,  30.0          
      3027,  25.575649247663,  32.500438118394,  30.0          
      3028,  26.345935069781,  33.333770688453,  30.0          
      3029,  27.118963737954,  34.1670047324  ,  30.0          
      3030,  21.665774997986,  29.217482082553,  30.0          
      3031,  20.833333333333,  28.421052631579,  30.0          
      3032,  23.24468728065 ,  30.834746020779,  30.0          
      3033,  20.0           ,  27.631578947368,  30.0          
      3034,  24.016391466819,  31.66731518841 ,  30.0          
      3035,  24.787376087544,  32.500297387841,  30.0          
      3036,  25.559201894307,  33.333770688453,  30.0          
      3037,  26.330860111749,  34.1670047324  ,  30.0          
      3038,  21.660672042903,  30.019108748399,  30.0          
      3039,  20.832886733274,  29.218873172895,  30.0          
      3040,  22.444296399637,  30.834122987805,  30.0          
      3041,  20.0           ,  28.421052631579,  30.0          
      3042,  23.220893150647,  31.667163904009,  30.0          
      3043,  23.997813151222,  32.499974957548,  30.0          
      3044,  24.770379660645,  33.333547139356,  30.0          
      3045,  25.542756485544,  34.1670047324  ,  30.0          
      3046,  20.829282424877,  30.019818298666,  30.0          
      3047,  21.637433812875,  30.837573733589,  30.0          
      3048,  19.999980353817,  29.219025281306,  30.0          
      3049,  22.421805589738,  31.666014881195,  30.0          
      3050,  23.202225160804,  32.499656535346,  30.0          
      3051,  23.98065648592 ,  33.333051729496,  30.0          
      3052,  24.753579223478,  34.166785511432,  30.0          
      3053,  19.999822451612,  30.020212360937,  30.0          
      3054,  20.819141741882,  30.83944151916 ,  30.0          
      3055,  21.618114524552,  31.664663287534,  30.0          
      3056,  22.404652831876,  32.49924735828 ,  30.0          
      3057,  23.186620957927,  33.332560893201,  30.0          
      3058,  23.963953272015,  34.166362991382,  30.0          
      3059,  19.999333687867,  30.839689101439,  30.0          
      3060,  20.809240764699,  31.663970359052,  30.0          
      3061,  21.603999616704,  32.498615087197,  30.0          
      3062,  22.391590469141,  33.332275179882,  30.0          
      3063,  23.172179713623,  34.165943418818,  30.0          
      3064,  19.998749382859,  31.663803601284,  30.0          
      3065,  20.801445894678,  32.497989848554,  30.0          
      3066,  21.594461665287,  33.332070308325,  30.0          
      3067,  22.379947185894,  34.16572749722 ,  30.0          
      3068,  19.998413013006,  32.497722700287,  30.0          
      3069,  20.796718210088,  33.331819771182,  30.0          
      3070,  21.586631457262,  34.16572749722 ,  30.0          
      3071,  19.99874569746 ,  33.331656300864,  30.0          
      3072,  20.793045961382,  34.165673466362,  30.0          
      3073,  19.999346560198,  34.165569210023,  30.0          
      3074,  20.0           ,  35.0           ,  30.0          
      3075,  20.78947368421 ,  35.0           ,  30.0          
      3076,  21.578947368421,  35.0           ,  30.0          
      3077,  22.368421052631,  35.0           ,  30.0          
      3078,  23.157894736842,  35.0           ,  30.0          
      3079,  23.947368421052,  35.0           ,  30.0          
      3080,  24.736842105263,  35.0           ,  30.0          
      3081,  25.526315789474,  35.0           ,  30.0          
      3082,  26.315789473684,  35.0           ,  30.0          
      3083,  27.105263157894,  35.0           ,  30.0          
      3084,  27.894736842105,  35.0           ,  30.0          
      3085,  28.684210526316,  35.0           ,  30.0          
      3086,  29.473684210526,  35.0           ,  30.0          
      3087,  30.263157894737,  35.0           ,  30.0          
      3088,  31.052631578947,  35.0           ,  30.0          
      3089,  31.842105263158,  35.0           ,  30.0          
      3090,  32.631578947368,  35.0           ,  30.0          
      3091,  33.421052631579,  35.0           ,  30.0          
      3092,  34.210526315789,  35.0           ,  30.0          
      3093,  35.0           ,  35.0           ,  30.0          
      3094,  35.0           ,  34.166666666667,  30.0          
      3095,  35.0           ,  33.333333333334,  30.0          
      3096,  35.0           ,  32.5           ,  30.0          
      3097,  35.0           ,  31.666666666667,  30.0          
      3098,  35.0           ,  30.833333333334,  30.0          
      3099,  35.0           ,  30.0           ,  30.0          
      3100,  34.21875       ,  30.0           ,  30.0          
      3101,  33.4375        ,  30.0           ,  30.0          
      3102,  32.65625       ,  30.0           ,  30.0          
      3103,  31.875         ,  30.0           ,  30.0          
      3104,  31.09375       ,  30.0           ,  30.0          
      3105,  30.3125        ,  30.0           ,  30.0          
      3106,  29.53125       ,  30.0           ,  30.0          
      3107,  28.75          ,  30.0           ,  30.0          
      3108,  27.96875       ,  30.0           ,  30.0          
      3109,  27.1875        ,  30.0           ,  30.0          
      3110,  26.40625       ,  30.0           ,  30.0          
      3111,  25.625         ,  30.0           ,  30.0          
      3112,  24.84375       ,  30.0           ,  30.0          
      3113,  24.0625        ,  30.0           ,  30.0          
      3114,  23.28125       ,  30.0           ,  30.0          
      3115,  22.5           ,  30.0           ,  30.0          
      3116,  22.5           ,  29.21052631579 ,  30.0          
      3117,  22.5           ,  28.421052631579,  30.0          
      3118,  22.5           ,  27.631578947368,  30.0          
      3119,  22.5           ,  26.842105263158,  30.0          
      3120,  22.5           ,  26.052631578947,  30.0          
      3121,  22.5           ,  25.263157894737,  30.0          
      3122,  22.5           ,  24.473684210526,  30.0          
      3123,  22.5           ,  23.684210526316,  30.0          
      3124,  22.5           ,  22.894736842105,  30.0          
      3125,  22.5           ,  22.105263157895,  30.0          
      3126,  22.5           ,  21.315789473684,  30.0          
      3127,  22.5           ,  20.526315789474,  30.0          
      3128,  22.5           ,  19.736842105263,  30.0          
      3129,  22.5           ,  18.947368421053,  30.0          
      3130,  22.5           ,  18.157894736842,  30.0          
      3131,  22.5           ,  17.368421052632,  30.0          
      3132,  22.5           ,  16.578947368421,  30.0          
      3133,  22.5           ,  15.789473684211,  30.0          
      3134,  22.5           ,  15.0           ,  30.0          
      3135,  21.666666666667,  15.0           ,  30.0          
      3136,  20.833333333333,  15.0           ,  30.0          
      3137,  20.0           ,  15.0           ,  30.0          
      3138,  23.05188860042 ,  29.618075233026,  30.0          
      3139,  23.167008985331,  29.49196128889 ,  30.0          
      3140,  22.868219745773,  29.428530853709,  30.0          
      3141,  22.983340130684,  29.302416909573,  30.0          
      3142,  22.625698205971,  27.870784294672,  30.0          
      3143,  22.728488328526,  28.269931661814,  30.0          
      3144,  22.931408507605,  29.032430450455,  30.0          
      3145,  22.896248831926,  28.626566330195,  30.0          
      3146,  23.20465507279 ,  29.271202171428,  30.0          
      3147,  23.152723449711,  29.001215712309,  30.0          
      3148,  23.434324056779,  29.544368636581,  30.0          
      3149,  23.471970144238,  29.323609519118,  30.0          
      3150,  23.831273245366,  29.575503749345,  30.0          
      3151,  24.219998105132,  29.756356349461,  30.0          
      3152,  24.632702548282,  29.867555653175,  30.0          
      3153,  22.540602715388,  27.63157894736 ,  30.0          
      3154,  22.643392837943,  28.425463156608,  30.0          
      3155,  22.678552513622,  29.226064118973,  30.0          
      3156,  23.252846368269,  29.810345340395,  30.0          
      3157,  24.040420556856,  29.84148045316 ,  30.0          
      3158,  24.843750000005,  29.952679756874,  30.0          
      3159,  20.208333333333,  15.0           ,  30.0          
      3160,  20.625         ,  15.0           ,  30.0          
      3161,  20.0           ,  15.197368421053,  30.0          
      3162,  20.0           ,  15.592105263158,  30.0          
      3163,  21.041666666667,  15.0           ,  30.0          
      3164,  21.458333333333,  15.0           ,  30.0          
      3165,  20.833333333333,  15.197368421053,  30.0          
      3166,  20.833333333333,  15.592105263158,  30.0          
      3167,  21.875         ,  15.0           ,  30.0          
      3168,  22.291666666667,  15.0           ,  30.0          
      3169,  21.666666666667,  15.197368421053,  30.0          
      3170,  21.666666666667,  15.592105263158,  30.0          
      3171,  22.5           ,  15.197368421053,  30.0          
      3172,  22.5           ,  15.592105263158,  30.0          
      3173,  22.5           ,  15.986842105263,  30.0          
      3174,  22.5           ,  16.381578947368,  30.0          
      3175,  22.291666666667,  15.789473684211,  30.0          
      3176,  21.875         ,  15.78947368421 ,  30.0          
      3177,  22.5           ,  16.776315789474,  30.0          
      3178,  22.5           ,  17.171052631579,  30.0          
      3179,  22.291666666667,  16.578947368421,  30.0          
      3180,  21.875         ,  16.578947368421,  30.0          
      3181,  22.5           ,  17.565789473684,  30.0          
      3182,  22.5           ,  17.96052631579 ,  30.0          
      3183,  22.291666666667,  17.368421052632,  30.0          
      3184,  21.875         ,  17.368421052632,  30.0          
      3185,  22.5           ,  18.355263157895,  30.0          
      3186,  22.5           ,  18.75          ,  30.0          
      3187,  22.291666666667,  18.157894736842,  30.0          
      3188,  21.875         ,  18.157894736842,  30.0          
      3189,  22.5           ,  19.144736842105,  30.0          
      3190,  22.5           ,  19.53947368421 ,  30.0          
      3191,  22.291666666667,  18.947368421053,  30.0          
      3192,  21.875         ,  18.947368421053,  30.0          
      3193,  22.5           ,  19.934210526316,  30.0          
      3194,  22.5           ,  20.328947368421,  30.0          
      3195,  22.291666666667,  19.736842105263,  30.0          
      3196,  21.875         ,  19.736842105263,  30.0          
      3197,  22.5           ,  20.723684210526,  30.0          
      3198,  22.5           ,  21.118421052632,  30.0          
      3199,  22.291666666667,  20.526315789474,  30.0          
      3200,  21.875         ,  20.526315789474,  30.0          
      3201,  22.5           ,  21.513157894737,  30.0          
      3202,  22.5           ,  21.907894736842,  30.0          
      3203,  22.291666666667,  21.315789473684,  30.0          
      3204,  21.875         ,  21.315789473684,  30.0          
      3205,  22.5           ,  22.302631578947,  30.0          
      3206,  22.5           ,  22.697368421053,  30.0          
      3207,  22.291666666667,  22.105263157895,  30.0          
      3208,  21.875         ,  22.105263157895,  30.0          
      3209,  22.5           ,  23.092105263158,  30.0          
      3210,  22.5           ,  23.486842105263,  30.0          
      3211,  22.291666666667,  22.894736842105,  30.0          
      3212,  21.875         ,  22.894736842105,  30.0          
      3213,  22.5           ,  23.881578947368,  30.0          
      3214,  22.5           ,  24.276315789474,  30.0          
      3215,  22.291666666667,  23.684210526316,  30.0          
      3216,  21.875         ,  23.684210526316,  30.0          
      3217,  22.5           ,  24.671052631579,  30.0          
      3218,  22.5           ,  25.065789473684,  30.0          
      3219,  22.291666666667,  24.473684210526,  30.0          
      3220,  21.875         ,  24.473684210526,  30.0          
      3221,  22.5           ,  25.46052631579 ,  30.0          
      3222,  22.5           ,  25.855263157895,  30.0          
      3223,  22.291666666667,  25.263157894737,  30.0          
      3224,  21.875         ,  25.263157894737,  30.0          
      3225,  22.5           ,  26.25          ,  30.0          
      3226,  22.5           ,  26.644736842105,  30.0          
      3227,  22.291666666667,  26.052631578947,  30.0          
      3228,  21.875         ,  26.052631578947,  30.0          
      3229,  22.5           ,  27.03947368421 ,  30.0          
      3230,  22.5           ,  27.434210526316,  30.0          
      3231,  22.291666666666,  26.842105263158,  30.0          
      3232,  21.875         ,  26.842105263158,  30.0          
      3233,  22.585095490583,  28.068152715733,  30.0          
      3234,  22.5           ,  27.828947368421,  30.0          
      3235,  22.5           ,  28.223684210526,  30.0          
      3236,  22.291666666666,  27.631578947368,  30.0          
      3237,  21.875         ,  27.631578947368,  30.0          
      3238,  22.752855993983,  28.819524226219,  30.0          
      3239,  22.5           ,  28.618421052632,  30.0          
      3240,  22.5           ,  29.013157894737,  30.0          
      3241,  22.291666666666,  28.421052631579,  30.0          
      3242,  21.875         ,  28.421052631579,  30.0          
      3243,  22.689667232151,  29.610361471578,  30.0          
      3244,  22.5           ,  29.407894736842,  30.0          
      3245,  22.5           ,  29.802631578947,  30.0          
      3246,  22.291443749496,  29.21226525748 ,  30.0          
      3247,  21.87433124849 ,  29.215743140862,  30.0          
      3248,  22.884979732151,  29.807729892631,  30.0          
      3249,  22.6953125     ,  30.0           ,  30.0          
      3250,  23.0859375     ,  30.0           ,  30.0          
      3251,  22.486074099909,  30.208530746951,  30.0          
      3252,  22.458222299728,  30.625592240854,  30.0          
      3253,  22.290168010726,  30.0047771871  ,  30.0          
      3254,  21.870504032177,  30.014331561299,  30.0          
      3255,  23.65804018851 ,  29.734023296186,  30.0          
      3256,  23.4765625     ,  30.0           ,  30.0          
      3257,  23.8671875     ,  30.0           ,  30.0          
      3258,  23.272109320162,  30.208686505195,  30.0          
      3259,  23.253827960487,  30.626059515585,  30.0          
      3260,  24.437390048276,  29.914875896302,  30.0          
      3261,  24.2578125     ,  30.0           ,  30.0          
      3262,  24.6484375     ,  30.0           ,  30.0          
      3263,  24.056173386458,  30.20858972506 ,  30.0          
      3264,  24.043520159374,  30.625769175179,  30.0          
      3265,  25.0390625     ,  30.0           ,  30.0          
      3266,  25.4296875     ,  30.0           ,  30.0          
      3267,  24.838682273947,  30.208490766443,  30.0          
      3268,  24.828546821841,  30.625472299329,  30.0          
      3269,  25.8203125     ,  30.0           ,  30.0          
      3270,  26.2109375     ,  30.0           ,  30.0          
      3271,  25.620886479262,  30.20841838404 ,  30.0          
      3272,  25.612659437787,  30.625255152118,  30.0          
      3273,  26.6015625     ,  30.0           ,  30.0          
      3274,  26.9921875     ,  30.0           ,  30.0          
      3275,  26.402479272657,  30.20841838404 ,  30.0          
      3276,  26.394937817971,  30.625255152118,  30.0          
      3277,  27.3828125     ,  30.0           ,  30.0          
      3278,  27.7734375     ,  30.0           ,  30.0          
      3279,  27.184072066052,  30.20841838404 ,  30.0          
      3280,  27.177216198156,  30.625255152118,  30.0          
      3281,  28.1640625     ,  30.0           ,  30.0          
      3282,  28.5546875     ,  30.0           ,  30.0          
      3283,  27.965664859447,  30.20841838404 ,  30.0          
      3284,  27.95949457834 ,  30.625255152118,  30.0          
      3285,  28.9453125     ,  30.0           ,  30.0          
      3286,  29.3359375     ,  30.0           ,  30.0          
      3287,  28.747257652841,  30.20841838404 ,  30.0          
      3288,  28.741772958525,  30.625255152118,  30.0          
      3289,  29.7265625     ,  30.0           ,  30.0          
      3290,  30.1171875     ,  30.0           ,  30.0          
      3291,  29.528850446236,  30.20841838404 ,  30.0          
      3292,  29.524051338709,  30.625255152118,  30.0          
      3293,  30.5078125     ,  30.0           ,  30.0          
      3294,  30.8984375     ,  30.0           ,  30.0          
      3295,  30.310443239631,  30.20841838404 ,  30.0          
      3296,  30.306329718893,  30.625255152118,  30.0          
      3297,  31.2890625     ,  30.0           ,  30.0          
      3298,  31.6796875     ,  30.0           ,  30.0          
      3299,  31.092036033026,  30.20841838404 ,  30.0          
      3300,  31.088608099078,  30.625255152119,  30.0          
      3301,  32.0703125     ,  30.0           ,  30.0          
      3302,  32.4609375     ,  30.0           ,  30.0          
      3303,  31.873628826421,  30.20841838404 ,  30.0          
      3304,  31.870886479262,  30.625255152119,  30.0          
      3305,  32.8515625     ,  30.0           ,  30.0          
      3306,  33.2421875     ,  30.0           ,  30.0          
      3307,  32.655221619815,  30.20841838404 ,  30.0          
      3308,  32.653164859447,  30.625255152119,  30.0          
      3309,  33.6328125     ,  30.0           ,  30.0          
      3310,  34.0234375     ,  30.0           ,  30.0          
      3311,  33.43681441321 ,  30.20841838404 ,  30.0          
      3312,  33.435443239631,  30.625255152119,  30.0          
      3313,  34.4140625     ,  30.0           ,  30.0          
      3314,  34.8046875     ,  30.0           ,  30.0          
      3315,  34.218405247698,  30.208414249154,  30.0          
      3316,  34.217715743095,  30.625242747462,  30.0          
      3317,  35.0           ,  30.208333333334,  30.0          
      3318,  35.0           ,  30.625         ,  30.0          
      3319,  35.0           ,  31.041666666667,  30.0          
      3320,  35.0           ,  31.458333333334,  30.0          
      3321,  34.804342747698,  30.833414249154,  30.0          
      3322,  34.413028243095,  30.833576080795,  30.0          
      3323,  35.0           ,  31.875         ,  30.0          
      3324,  35.0           ,  32.291666666667,  30.0          
      3325,  34.804001998929,  31.666768124383,  30.0          
      3326,  34.412005996787,  31.666971039815,  30.0          
      3327,  35.0           ,  32.708333333334,  30.0          
      3328,  35.0           ,  33.125         ,  30.0          
      3329,  34.803659345759,  32.500101280652,  30.0          
      3330,  34.410978037277,  32.500303841955,  30.0          
      3331,  35.0           ,  33.541666666667,  30.0          
      3332,  35.0           ,  33.958333333334,  30.0          
      3333,  34.803316692588,  33.333434437538,  30.0          
      3334,  34.409950077763,  33.333636645947,  30.0          
      3335,  35.0           ,  34.375         ,  30.0          
      3336,  35.0           ,  34.791666666667,  30.0          
      3337,  34.802976021701,  34.166747068996,  30.0          
      3338,  34.408928065102,  34.166907873653,  30.0          
      3339,  34.802631578947,  35.0           ,  30.0          
      3340,  34.407894736842,  35.0           ,  30.0          
      3341,  34.013157894737,  35.0           ,  30.0          
      3342,  33.618421052631,  35.0           ,  30.0          
      3343,  34.210870758543,  34.791747068996,  30.0          
      3344,  34.21155964405 ,  34.375241206986,  30.0          
      3345,  33.223684210526,  35.0           ,  30.0          
      3346,  32.828947368421,  35.0           ,  30.0          
      3347,  33.421737660582,  34.7917511831  ,  30.0          
      3348,  33.423107718588,  34.3752535493  ,  30.0          
      3349,  32.434210526316,  35.0           ,  30.0          
      3350,  32.03947368421 ,  35.0           ,  30.0          
      3351,  32.632606490873,  34.7917511831  ,  30.0          
      3352,  32.634661577882,  34.3752535493  ,  30.0          
      3353,  31.644736842105,  35.0           ,  30.0          
      3354,  31.25          ,  35.0           ,  30.0          
      3355,  31.843475321164,  34.7917511831  ,  30.0          
      3356,  31.846215437176,  34.3752535493  ,  30.0          
      3357,  30.855263157894,  35.0           ,  30.0          
      3358,  30.460526315789,  35.0           ,  30.0          
      3359,  31.054344151455,  34.7917511831  ,  30.0          
      3360,  31.057769296469,  34.3752535493  ,  30.0          
      3361,  30.065789473684,  35.0           ,  30.0          
      3362,  29.671052631579,  35.0           ,  30.0          
      3363,  30.265212981746,  34.7917511831  ,  30.0          
      3364,  30.269323155763,  34.3752535493  ,  30.0          
      3365,  29.276315789474,  35.0           ,  30.0          
      3366,  28.881578947368,  35.0           ,  30.0          
      3367,  29.476081812036,  34.7917511831  ,  30.0          
      3368,  29.480877015057,  34.3752535493  ,  30.0          
      3369,  28.486842105263,  35.0           ,  30.0          
      3370,  28.092105263158,  35.0           ,  30.0          
      3371,  28.686950642327,  34.7917511831  ,  30.0          
      3372,  28.692430874351,  34.3752535493  ,  30.0          
      3373,  27.697368421052,  35.0           ,  30.0          
      3374,  27.302631578947,  35.0           ,  30.0          
      3375,  27.897819472618,  34.7917511831  ,  30.0          
      3376,  27.903984733645,  34.3752535493  ,  30.0          
      3377,  26.907894736842,  35.0           ,  30.0          
      3378,  26.513157894737,  35.0           ,  30.0          
      3379,  27.108688302909,  34.7917511831  ,  30.0          
      3380,  27.115538592939,  34.3752535493  ,  30.0          
      3381,  26.118421052631,  35.0           ,  30.0          
      3382,  25.723684210526,  35.0           ,  30.0          
      3383,  26.3195571332  ,  34.7917511831  ,  30.0          
      3384,  26.327092452233,  34.3752535493  ,  30.0          
      3385,  25.328947368421,  35.0           ,  30.0          
      3386,  24.934210526316,  35.0           ,  30.0          
      3387,  25.530425963491,  34.7917511831  ,  30.0          
      3388,  25.538646311527,  34.3752535493  ,  30.0          
      3389,  24.53947368421 ,  35.0           ,  30.0          
      3390,  24.144736842105,  35.0           ,  30.0          
      3391,  24.741026384817,  34.791696377858,  30.0          
      3392,  24.749394943924,  34.375089133574,  30.0          
      3393,  23.75          ,  35.0           ,  30.0          
      3394,  23.355263157894,  35.0           ,  30.0          
      3395,  23.951514633793,  34.791590747845,  30.0          
      3396,  23.959807059274,  34.374772243536,  30.0          
      3397,  22.960526315789,  35.0           ,  30.0          
      3398,  22.565789473684,  35.0           ,  30.0          
      3399,  23.161465981037,  34.791485854704,  30.0          
      3400,  23.168608469428,  34.374457564114,  30.0          
      3401,  22.171052631579,  35.0           ,  30.0          
      3402,  21.776315789474,  35.0           ,  30.0          
      3403,  22.371302585947,  34.791431874305,  30.0          
      3404,  22.377065652578,  34.374295622915,  30.0          
      3405,  21.381578947368,  35.0           ,  30.0          
      3406,  20.986842105263,  35.0           ,  30.0          
      3407,  21.580868390631,  34.791431874305,  30.0          
      3408,  21.584710435052,  34.374295622915,  30.0          
      3409,  20.592105263158,  35.0           ,  30.0          
      3410,  20.197368421052,  35.0           ,  30.0          
      3411,  20.790366753503,  34.79141836659 ,  30.0          
      3412,  20.792152892089,  34.374255099771,  30.0          
      3413,  19.999836640049,  34.791392302506,  30.0          
      3414,  19.999509920148,  34.374176907517,  30.0          
      3415,  20.197771410494,  34.165595274108,  30.0          
      3416,  20.594621111086,  34.165647402277,  30.0          
      3417,  19.999196344513,  33.957090982733,  30.0          
      3418,  19.998895913144,  33.540134528154,  30.0          
      3419,  20.991442335352,  34.165686974076,  30.0          
      3420,  21.388235083292,  34.165713989506,  30.0          
      3421,  20.793964023558,  33.957210042567,  30.0          
      3422,  20.795800147912,  33.540283194977,  30.0          
      3423,  20.198238825617,  33.331697168444,  30.0          
      3424,  20.597225081931,  33.331778903603,  30.0          
      3425,  19.998662526346,  33.12317290072 ,  30.0          
      3426,  19.998496184119,  32.706206100432,  30.0          
      3427,  21.78496038942 ,  34.16572749722 ,  30.0          
      3428,  22.181618253736,  34.16572749722 ,  30.0          
      3429,  21.588589009268,  33.957313199996,  30.0          
      3430,  21.592504113281,  33.540484605549,  30.0          
      3431,  20.996154073888,  33.331882405468,  30.0          
      3432,  21.395025801487,  33.332007674039,  30.0          
      3433,  20.797900131236,  33.123362290525,  30.0          
      3434,  20.80026397353 ,  32.706447329211,  30.0          
      3435,  20.199171233424,  32.497789487354,  30.0          
      3436,  20.60068767426 ,  32.497923061487,  30.0          
      3437,  19.998497105469,  32.289242925536,  30.0          
      3438,  19.998665290396,  31.872283376035,  30.0          
      3439,  22.578005317826,  34.16578147762 ,  30.0          
      3440,  22.97412158169 ,  34.165889438419,  30.0          
      3441,  22.382858006705,  33.957364417886,  30.0          
      3442,  22.388679648329,  33.540638259216,  30.0          
      3443,  21.79374386625 ,  33.332121526214,  30.0          
      3444,  22.192308268177,  33.332223961993,  30.0          
      3445,  21.596846153141,  33.123706503043,  30.0          
      3446,  21.60161512885 ,  32.706978892479,  30.0          
      3447,  21.002084325184,  32.498146158214,  30.0          
      3448,  21.403361186197,  32.498458777536,  30.0          
      3449,  20.803394612183,  32.289484976178,  30.0          
      3450,  20.807292047194,  31.872475231427,  30.0          
      3451,  20.201372228319,  31.663845290726,  30.0          
      3452,  20.606617919239,  31.66392866961 ,  30.0          
      3453,  19.998895459111,  31.457774976323,  30.0          
      3454,  19.999187611615,  31.0457177264  ,  30.0          
      3455,  23.370123103221,  34.166048311959,  30.0          
      3456,  23.766009882417,  34.166258098241,  30.0          
      3457,  23.175790024699,  33.957597787414,  30.0          
      3458,  23.183010646851,  33.540906524605,  30.0          
      3459,  22.590348091338,  33.332346608212,  30.0          
      3460,  22.987863335731,  33.332489464871,  30.0          
      3461,  22.394856059825,  33.124018224481,  30.0          
      3462,  22.401387241192,  32.70750431368 ,  30.0          
      3463,  21.804162920497,  32.498773154967,  30.0          
      3464,  22.204489528083,  32.499089290509,  30.0          
      3465,  21.607528343666,  32.290127137281,  30.0          
      3466,  21.61458579759 ,  31.87315123745 ,  30.0          
      3467,  21.011459204662,  31.664143591172,  30.0          
      3468,  21.415896084588,  31.664490055414,  30.0          
      3469,  20.811716008995,  31.457838149079,  30.0          
      3470,  20.816666497586,  31.045573729133,  30.0          
      3471,  20.204285701371,  30.83962720587 ,  30.0          
      3472,  20.614189728378,  30.83950341473 ,  30.0          
      3473,  19.999455878803,  30.634819916314,  30.0          
      3474,  19.999700260676,  30.225081546063,  30.0          
      3475,  24.161359759881,  34.166468621394,  30.0          
      3476,  24.556172735612,  34.166679881419,  30.0          
      3477,  23.968129075491,  33.95803517591 ,  30.0          
      3478,  23.976480682443,  33.541379544967,  30.0          
      3479,  23.385129839925,  33.332683602275,  30.0          
      3480,  23.782147603921,  33.332929020422,  30.0          
      3481,  23.190522008646,  33.124334803738,  30.0          
      3482,  23.198324110085,  32.70788262481 ,  30.0          
      3483,  22.604045914108,  32.499349652546,  30.0          
      3484,  23.002832078572,  32.49955424108 ,  30.0          
      3485,  22.408941021342,  32.290939239008,  30.0          
      3486,  22.417517400272,  31.874323000466,  30.0          
      3487,  21.819037290848,  31.665001185949,  30.0          
      3488,  22.220882823441,  31.66567698278 ,  30.0          
      3489,  21.622944346633,  31.457890899048,  30.0          
      3490,  21.632603990794,  31.044346122075,  30.0          
      3491,  21.02371475963 ,  30.838974572767,  30.0          
      3492,  21.432860795127,  30.838040679982,  30.0          
      3493,  20.821676912631,  30.634535714037,  30.0          
      3494,  20.826747254128,  30.224724103789,  30.0          
      3495,  19.999861927163,  29.819915591029,  30.0          
      3496,  19.999940878266,  29.419322051213,  30.0          
      3497,  20.207187444928,  30.020113845369,  30.0          
      3498,  20.621917431561,  30.019916814234,  30.0          
      3499,  24.950873538995,  34.166840316674,  30.0          
      3500,  25.345462170028,  34.166949927158,  30.0          
      3501,  24.75777933277 ,  33.958475918413,  30.0          
      3502,  24.766179551353,  33.541856732375,  30.0          
      3503,  24.178087279601,  33.333175581961,  30.0          
      3504,  24.572948866964,  33.333423286891,  30.0          
      3505,  23.984945652245,  33.124782536509,  30.0          
      3506,  23.993523984896,  32.708244150535,  30.0          
      3507,  23.401122158409,  32.499736140897,  30.0          
      3508,  23.798916153617,  32.499895351997,  30.0          
      3509,  23.206892158265,  32.291533377512,  30.0          
      3510,  23.216226153186,  31.875287061844,  30.0          
      3511,  22.621577479965,  31.666302136898,  30.0          
      3512,  23.02112126042 ,  31.666876648306,  30.0          
      3513,  22.427428292213,  31.458041907847,  30.0          
      3514,  22.438673697162,  31.042095961152,  30.0          
      3515,  19.999985265363,  29.019532118874,  30.0          
      3516,  19.999995088454,  28.620545794011,  30.0          
      3517,  20.208206948681,  29.218987254203,  30.0          
      3518,  20.624660138409,  29.218911199998,  30.0          
      3519,  21.839149459566,  30.836711047143,  30.0          
      3520,  22.242580752947,  30.834985674251,  30.0          
      3521,  21.643243370382,  30.632957487292,  30.0          
      3522,  21.654862485396,  30.223724994697,  30.0          
      3523,  20.830183501976,  29.819582017223,  30.0          
      3524,  20.831985656174,  29.419109454338,  30.0          
      3525,  21.037129829383,  30.019640911099,  30.0          
      3526,  21.452824638396,  30.019286135966,  30.0          
      3527,  25.739782392096,  34.1670047324  ,  30.0          
      3528,  26.133834205198,  34.1670047324  ,  30.0          
      3529,  25.546867837735,  33.958696221413,  30.0          
      3530,  25.555090542116,  33.54207919944 ,  30.0          
      3531,  24.96758521906 ,  33.33360302663 ,  30.0          
      3532,  25.361996335891,  33.333714801179,  30.0          
      3533,  24.77462876737 ,  33.125234701477,  30.0          
      3534,  24.783126980819,  32.70860982572 ,  30.0          
      3535,  24.195203885302,  32.500055565121,  30.0          
      3536,  24.589985353463,  32.500216780268,  30.0          
      3537,  24.002457730121,  32.291810015263,  30.0          
      3538,  24.01174688792 ,  31.875480130694,  30.0          
      3539,  23.41976772969 ,  31.66720172511 ,  30.0          
      3540,  23.817516887776,  31.66727736731 ,  30.0          
      3541,  23.226841683148,  31.459059433202,  30.0          
      3542,  23.238738748149,  31.042850491587,  30.0          
      3543,  20.0           ,  28.223684210526,  30.0          
      3544,  20.0           ,  27.828947368421,  30.0          
      3545,  20.208333333333,  28.421052631579,  30.0          
      3546,  20.625         ,  28.421052631579,  30.0          
      3547,  22.64439411989 ,  30.834278746049,  30.0          
      3548,  23.044589560396,  30.834590262536,  30.0          
      3549,  20.832998383288,  29.019418037566,  30.0          
      3550,  20.833221683318,  28.620507766908,  30.0          
      3551,  21.041108799452,  29.21852540031 ,  30.0          
      3552,  21.457552931808,  29.217829855138,  30.0          
      3553,  21.661947781674,  29.818702081938,  30.0          
      3554,  21.664499259215,  29.417888749014,  30.0          
      3555,  26.5278860183  ,  34.1670047324  ,  30.0          
      3556,  26.921937831403,  34.1670047324  ,  30.0          
      3557,  26.334628851257,  33.958696221413,  30.0          
      3558,  26.342166330273,  33.54207919944 ,  30.0          
      3559,  25.755885188175,  33.333770688453,  30.0          
      3560,  26.149251775912,  33.333770688453,  30.0          
      3561,  25.563313732646,  33.125437545938,  30.0          
      3562,  25.571537409324,  32.708771260908,  30.0          
      3563,  24.984444377573,  32.500332570479,  30.0          
      3564,  25.378580957633,  32.500402935755,  30.0          
      3565,  24.791770053102,  32.292011452088,  30.0          
      3566,  24.800557984219,  31.875439580581,  30.0          
      3567,  24.213531587559,  31.667274802514,  30.0          
      3568,  24.607811829038,  31.667194030723,  30.0          
      3569,  24.021591986572,  31.459076116367,  30.0          
      3570,  24.031993026079,  31.042597972281,  30.0          
      3571,  20.0           ,  27.434210526316,  30.0          
      3572,  20.0           ,  27.03947368421 ,  30.0          
      3573,  20.208333333333,  27.631578947368,  30.0          
      3574,  20.625         ,  27.631578947368,  30.0          
      3575,  23.442813846945,  30.834649240644,  30.0          
      3576,  23.839066979537,  30.834455680374,  30.0          
      3577,  20.833333333333,  28.223684210526,  30.0          
      3578,  20.833333333333,  27.828947368421,  30.0          
      3579,  21.041666666666,  28.421052631579,  30.0          
      3580,  21.458333333333,  28.421052631579,  30.0          
      3581,  21.665997915156,  29.018374719809,  30.0          
      3582,  21.666443749496,  28.620159994322,  30.0          
      3583,  27.315989644505,  34.1670047324  ,  30.0          
      3584,  27.710041457607,  34.1670047324  ,  30.0          
      3585,  27.122389864779,  33.958696221413,  30.0          
      3586,  27.12924211843 ,  33.54207919944 ,  30.0          
      3587,  26.54261836365 ,  33.333770688453,  30.0          
      3588,  26.935984951387,  33.333770688453,  30.0          
      3589,  26.349704254925,  33.125437545938,  30.0          
      3590,  26.357242625214,  32.708771260908,  30.0          
      3591,  25.771989888337,  32.500438118393,  30.0          
      3592,  26.164671169684,  32.500438118394,  30.0          
      3593,  25.579761085989,  32.292104976546,  30.0          
      3594,  25.587984762641,  31.87543869285 ,  30.0          
      3595,  25.001738112575,  31.667141621371,  30.0          
      3596,  25.39531043817 ,  31.667117574459,  30.0          
      3597,  24.80958373628 ,  31.458856000064,  30.0          
      3598,  24.818847309285,  31.042260710536,  30.0          
      3599,  20.0           ,  26.644736842105,  30.0          
      3600,  20.0           ,  26.25          ,  30.0          
      3601,  20.208333333333,  26.842105263158,  30.0          
      3602,  20.625         ,  26.842105263158,  30.0          
      3603,  20.833333333333,  27.434210526316,  30.0          
      3604,  20.833333333333,  27.03947368421 ,  30.0          
      3605,  21.041666666666,  27.631578947368,  30.0          
      3606,  21.458333333333,  27.631578947368,  30.0          
      3607,  24.233764933321,  30.834259941622,  30.0          
      3608,  24.626907708299,  30.834062024389,  30.0          
      3609,  21.666666666666,  28.223684210526,  30.0          
      3610,  21.666666666666,  27.828947368421,  30.0          
      3611,  28.10409327071 ,  34.1670047324  ,  30.0          
      3612,  28.498145083812,  34.1670047324  ,  30.0          
      3613,  27.910150878301,  33.958696221413,  30.0          
      3614,  27.916317906587,  33.54207919944 ,  30.0          
      3615,  27.329351539124,  33.333770688453,  30.0          
      3616,  27.722718126861,  33.333770688453,  30.0          
      3617,  27.136094777205,  33.125437545938,  30.0          
      3618,  27.142947841103,  32.708771260908,  30.0          
      3619,  26.557352451032,  32.500438118394,  30.0          
      3620,  26.950033732379,  32.500438118394,  30.0          
      3621,  26.36478099549 ,  32.292104976546,  30.0          
      3622,  26.372319365754,  31.87543869285 ,  30.0          
      3623,  25.788094588447,  31.667105551002,  30.0          
      3624,  26.180090563406,  31.667105551002,  30.0          
      3625,  25.596208929988,  31.458747547291,  30.0          
      3626,  25.604433588029,  31.042031539869,  30.0          
      3627,  20.0           ,  25.855263157895,  30.0          
      3628,  20.0           ,  25.46052631579 ,  30.0          
      3629,  20.208333333333,  26.052631578947,  30.0          
      3630,  20.625         ,  26.052631578947,  30.0          
      3631,  20.833333333333,  26.644736842105,  30.0          
      3632,  20.833333333333,  26.25          ,  30.0          
      3633,  21.041666666666,  26.842105263158,  30.0          
      3634,  21.458333333333,  26.842105263158,  30.0          
      3635,  25.019745801103,  30.833890683369,  30.0          
      3636,  25.412279211734,  30.833745918562,  30.0          
      3637,  21.666666666666,  27.434210526316,  30.0          
      3638,  21.666666666666,  27.03947368421 ,  30.0          
      3639,  28.892196896914,  34.1670047324  ,  30.0          
      3640,  29.286248710016,  34.1670047324  ,  30.0          
      3641,  28.697911891823,  33.958696221413,  30.0          
      3642,  28.703393694744,  33.54207919944 ,  30.0          
      3643,  28.116084714598,  33.333770688453,  30.0          
      3644,  28.509451302336,  33.333770688453,  30.0          
      3645,  27.922485299484,  33.125437545938,  30.0          
      3646,  27.928653056993,  32.708771260908,  30.0          
      3647,  27.342715013726,  32.500438118394,  30.0          
      3648,  27.735396295074,  32.500438118394,  30.0          
      3649,  27.149800904991,  32.292104976546,  30.0          
      3650,  27.156653968867,  31.87543869285 ,  30.0          
      3651,  26.572086538366,  31.667105551002,  30.0          
      3652,  26.964082513326,  31.667105551002,  30.0          
      3653,  26.379858185822,  31.458747547291,  30.0          
      3654,  26.387397455693,  31.042031539869,  30.0          
      3655,  20.0           ,  25.065789473684,  30.0          
      3656,  20.0           ,  24.671052631579,  30.0          
      3657,  20.208333333333,  25.263157894737,  30.0          
      3658,  20.625         ,  25.263157894737,  30.0          
      3659,  25.804201210444,  30.833673536158,  30.0          
      3660,  26.195511797234,  30.833673536158,  30.0          
      3661,  20.833333333333,  25.855263157895,  30.0          
      3662,  20.833333333333,  25.46052631579 ,  30.0          
      3663,  21.041666666667,  26.052631578947,  30.0          
      3664,  21.458333333333,  26.052631578947,  30.0          
      3665,  21.666666666666,  26.644736842105,  30.0          
      3666,  21.666666666666,  26.25          ,  30.0          
      3667,  29.680300523119,  34.1670047324  ,  30.0          
      3668,  30.074352336221,  34.1670047324  ,  30.0          
      3669,  29.485672905345,  33.958696221413,  30.0          
      3670,  29.490469482901,  33.54207919944 ,  30.0          
      3671,  28.902817890073,  33.333770688453,  30.0          
      3672,  29.29618447781 ,  33.333770688453,  30.0          
      3673,  28.708875821764,  33.125437545938,  30.0          
      3674,  28.714358272883,  32.708771260908,  30.0          
      3675,  28.128077576421,  32.500438118394,  30.0          
      3676,  28.520758857768,  32.500438118394,  30.0          
      3677,  27.934820814492,  32.292104976546,  30.0          
      3678,  27.940988571981,  31.87543869285 ,  30.0          
      3679,  27.356078488286,  31.667105551002,  30.0          
      3680,  27.748074463245,  31.667105551002,  30.0          
      3681,  27.163507441656,  31.458747547291,  30.0          
      3682,  27.170361323357,  31.042031539869,  30.0          
      3683,  20.0           ,  24.276315789474,  30.0          
      3684,  20.0           ,  23.881578947368,  30.0          
      3685,  20.208333333333,  24.473684210526,  30.0          
      3686,  20.625         ,  24.473684210526,  30.0          
      3687,  26.586822384023,  30.833673536158,  30.0          
      3688,  26.978132970813,  30.833673536158,  30.0          
      3689,  20.833333333333,  25.065789473684,  30.0          
      3690,  20.833333333333,  24.671052631579,  30.0          
      3691,  21.041666666667,  25.263157894737,  30.0          
      3692,  21.458333333333,  25.263157894737,  30.0          
      3693,  21.666666666666,  25.855263157895,  30.0          
      3694,  21.666666666666,  25.46052631579 ,  30.0          
      3695,  30.468404149323,  34.1670047324  ,  30.0          
      3696,  30.862455962426,  34.1670047324  ,  30.0          
      3697,  30.273433918867,  33.958696221413,  30.0          
      3698,  30.277545271058,  33.54207919944 ,  30.0          
      3699,  29.689551065547,  33.333770688453,  30.0          
      3700,  30.082917653285,  33.333770688453,  30.0          
      3701,  29.495266344043,  33.125437545938,  30.0          
      3702,  29.500063488772,  32.708771260908,  30.0          
      3703,  28.913440139116,  32.500438118394,  30.0          
      3704,  29.306121420463,  32.500438118394,  30.0          
      3705,  28.719840723993,  32.292104976546,  30.0          
      3706,  28.725323175094,  31.87543869285 ,  30.0          
      3707,  28.140070438205,  31.667105551002,  30.0          
      3708,  28.532066413165,  31.667105551002,  30.0          
      3709,  27.947156697491,  31.458747547291,  30.0          
      3710,  27.953325191022,  31.042031539869,  30.0          
      3711,  20.0           ,  23.486842105263,  30.0          
      3712,  20.0           ,  23.092105263158,  30.0          
      3713,  20.208333333333,  23.684210526316,  30.0          
      3714,  20.625         ,  23.684210526316,  30.0          
      3715,  27.369443557603,  30.833673536158,  30.0          
      3716,  27.760754144392,  30.833673536158,  30.0          
      3717,  20.833333333333,  24.276315789474,  30.0          
      3718,  20.833333333333,  23.881578947368,  30.0          
      3719,  21.041666666667,  24.473684210526,  30.0          
      3720,  21.458333333333,  24.473684210526,  30.0          
      3721,  21.666666666667,  25.065789473684,  30.0          
      3722,  21.666666666667,  24.671052631579,  30.0          
      3723,  31.256507775528,  34.1670047324  ,  30.0          
      3724,  31.65055958863 ,  34.1670047324  ,  30.0          
      3725,  31.06119493239 ,  33.958696221413,  30.0          
      3726,  31.064621059215,  33.54207919944 ,  30.0          
      3727,  30.476284241022,  33.333770688453,  30.0          
      3728,  30.869650828759,  33.333770688453,  30.0          
      3729,  30.281656866323,  33.125437545938,  30.0          
      3730,  30.285768704662,  32.708771260908,  30.0          
      3731,  29.69880270181 ,  32.500438118394,  30.0          
      3732,  30.091483983158,  32.500438118394,  30.0          
      3733,  29.504860633494,  32.292104976546,  30.0          
      3734,  29.509657778207,  31.87543869285 ,  30.0          
      3735,  28.924062388124,  31.667105551002,  30.0          
      3736,  29.316058363084,  31.667105551002,  30.0          
      3737,  28.730805953325,  31.458747547291,  30.0          
      3738,  28.736289058686,  31.042031539869,  30.0          
      3739,  20.0           ,  22.697368421053,  30.0          
      3740,  20.0           ,  22.302631578947,  30.0          
      3741,  20.208333333333,  22.894736842105,  30.0          
      3742,  20.625         ,  22.894736842105,  30.0          
      3743,  28.152064731182,  30.833673536158,  30.0          
      3744,  28.543375317971,  30.833673536158,  30.0          
      3745,  20.833333333333,  23.486842105263,  30.0          
      3746,  20.833333333333,  23.092105263158,  30.0          
      3747,  21.041666666667,  23.684210526316,  30.0          
      3748,  21.458333333333,  23.684210526316,  30.0          
      3749,  21.666666666667,  24.276315789474,  30.0          
      3750,  21.666666666667,  23.881578947368,  30.0          
      3751,  32.044611401732,  34.1670047324  ,  30.0          
      3752,  32.438663214835,  34.1670047324  ,  30.0          
      3753,  31.848955945912,  33.958696221413,  30.0          
      3754,  31.851696847372,  33.54207919944 ,  30.0          
      3755,  31.263017416496,  33.333770688453,  30.0          
      3756,  31.656384004234,  33.333770688453,  30.0          
      3757,  31.068047388602,  33.125437545938,  30.0          
      3758,  31.071473920552,  32.708771260908,  30.0          
      3759,  30.484165264505,  32.500438118394,  30.0          
      3760,  30.876846545852,  32.500438118394,  30.0          
      3761,  30.289880542994,  32.292104976546,  30.0          
      3762,  30.29399238132 ,  31.87543869285 ,  30.0          
      3763,  29.708054338044,  31.667105551002,  30.0          
      3764,  30.100050313004,  31.667105551002,  30.0          
      3765,  29.514455209159,  31.458747547291,  30.0          
      3766,  29.51925292635 ,  31.042031539869,  30.0          
      3767,  20.0           ,  21.907894736842,  30.0          
      3768,  20.0           ,  21.513157894737,  30.0          
      3769,  20.208333333333,  22.105263157895,  30.0          
      3770,  20.625         ,  22.105263157895,  30.0          
      3771,  28.934685904761,  30.833673536158,  30.0          
      3772,  29.325996491551,  30.833673536158,  30.0          
      3773,  20.833333333333,  22.697368421053,  30.0          
      3774,  20.833333333333,  22.302631578947,  30.0          
      3775,  21.041666666667,  22.894736842105,  30.0          
      3776,  21.458333333333,  22.894736842105,  30.0          
      3777,  21.666666666667,  23.486842105263,  30.0          
      3778,  21.666666666667,  23.092105263158,  30.0          
      3779,  32.832715027937,  34.1670047324  ,  30.0          
      3780,  33.226766841039,  34.1670047324  ,  30.0          
      3781,  32.636716959434,  33.958696221413,  30.0          
      3782,  32.638772635529,  33.54207919944 ,  30.0          
      3783,  32.049750591971,  33.333770688453,  30.0          
      3784,  32.443117179708,  33.333770688453,  30.0          
      3785,  31.854437910882,  33.125437545938,  30.0          
      3786,  31.857179136441,  32.708771260908,  30.0          
      3787,  31.2695278272  ,  32.500438118394,  30.0          
      3788,  31.662209108547,  32.500438118394,  30.0          
      3789,  31.074900452495,  32.292104976546,  30.0          
      3790,  31.078326984434,  31.87543869285 ,  30.0          
      3791,  30.492046287963,  31.667105551002,  30.0          
      3792,  30.884042262923,  31.667105551002,  30.0          
      3793,  30.298104464994,  31.458747547291,  30.0          
      3794,  30.302216794014,  31.042031539869,  30.0          
      3795,  20.0           ,  21.118421052632,  30.0          
      3796,  20.0           ,  20.723684210526,  30.0          
      3797,  20.208333333333,  21.315789473684,  30.0          
      3798,  20.625         ,  21.315789473684,  30.0          
      3799,  29.71730707834 ,  30.833673536158,  30.0          
      3800,  30.10861766513 ,  30.833673536158,  30.0          
      3801,  20.833333333333,  21.907894736842,  30.0          
      3802,  20.833333333333,  21.513157894737,  30.0          
      3803,  21.041666666667,  22.105263157895,  30.0          
      3804,  21.458333333333,  22.105263157895,  30.0          
      3805,  21.666666666667,  22.697368421053,  30.0          
      3806,  21.666666666667,  22.302631578947,  30.0          
      3807,  33.620820582394,  34.167000618295,  30.0          
      3808,  34.014876252   ,  34.166992390086,  30.0          
      3809,  33.424477972956,  33.958696221413,  30.0          
      3810,  33.425848423686,  33.54207919944 ,  30.0          
      3811,  32.836483767445,  33.333770688453,  30.0          
      3812,  33.229850355182,  33.333770688453,  30.0          
      3813,  32.640828433161,  33.125437545938,  30.0          
      3814,  32.642884352331,  32.708771260908,  30.0          
      3815,  32.054890389895,  32.500438118394,  30.0          
      3816,  32.447571671242,  32.500438118394,  30.0          
      3817,  31.859920361996,  32.292104976546,  30.0          
      3818,  31.862661587547,  31.87543869285 ,  30.0          
      3819,  31.276038237883,  31.667105551002,  30.0          
      3820,  31.668034212842,  31.667105551002,  30.0          
      3821,  31.081753720828,  31.458747547291,  30.0          
      3822,  31.085180661678,  31.042031539869,  30.0          
      3823,  30.499928251919,  30.833673536158,  30.0          
      3824,  30.891238838709,  30.833673536158,  30.0          
      3825,  20.0           ,  20.328947368421,  30.0          
      3826,  20.0           ,  19.934210526316,  30.0          
      3827,  20.208333333333,  20.526315789474,  30.0          
      3828,  20.625         ,  20.526315789474,  30.0          
      3829,  20.833333333333,  21.118421052632,  30.0          
      3830,  20.833333333333,  20.723684210526,  30.0          
      3831,  21.041666666667,  21.315789473684,  30.0          
      3832,  21.458333333333,  21.315789473684,  30.0          
      3833,  21.666666666667,  21.907894736842,  30.0          
      3834,  21.666666666667,  21.513157894737,  30.0          
      3835,  34.21224475769 ,  33.958675644524,  30.0          
      3836,  34.212926099464,  33.542050381609,  30.0          
      3837,  33.623216929376,  33.333762453878,  30.0          
      3838,  34.016583490026,  33.333745984727,  30.0          
      3839,  33.427218955441,  33.125437545938,  30.0          
      3840,  33.42858956822 ,  32.708771260908,  30.0          
      3841,  32.840252952589,  32.500438118394,  30.0          
      3842,  33.232934233937,  32.500438118394,  30.0          
      3843,  32.644940271497,  32.292104976546,  30.0          
      3844,  32.64699619066 ,  31.87543869285 ,  30.0          
      3845,  32.060030187802,  31.667105551002,  30.0          
      3846,  32.452026162762,  31.667105551002,  30.0          
      3847,  31.865402976662,  31.458747547291,  30.0          
      3848,  31.868144529343,  31.042031539869,  30.0          
      3849,  31.282549425499,  30.833673536158,  30.0          
      3850,  31.673860012288,  30.833673536158,  30.0          
      3851,  20.0           ,  19.53947368421 ,  30.0          
      3852,  20.0           ,  19.144736842105,  30.0          
      3853,  20.208333333333,  19.736842105263,  30.0          
      3854,  20.625         ,  19.736842105263,  30.0          
      3855,  20.833333333333,  20.328947368421,  30.0          
      3856,  20.833333333333,  19.934210526316,  30.0          
      3857,  21.041666666667,  20.526315789474,  30.0          
      3858,  21.458333333333,  20.526315789474,  30.0          
      3859,  21.666666666667,  21.118421052632,  30.0          
      3860,  21.666666666667,  20.723684210526,  30.0          
      3861,  34.213609423522,  33.125404593265,  30.0          
      3862,  34.214294729864,  32.708738279493,  30.0          
      3863,  33.625615501717,  32.500429869447,  30.0          
      3864,  34.018296755929,  32.500413371554,  30.0          
      3865,  33.429960180998,  32.292104976546,  30.0          
      3866,  33.431330793773,  31.87543869285 ,  30.0          
      3867,  32.844022137721,  31.667105551002,  30.0          
      3868,  33.236018112681,  31.667105551002,  30.0          
      3869,  32.649052232497,  31.458747547291,  30.0          
      3870,  32.651108397007,  31.042031539869,  30.0          
      3871,  32.065170599078,  30.833673536158,  30.0          
      3872,  32.456481185867,  30.833673536158,  30.0          
      3873,  20.0           ,  18.75          ,  30.0          
      3874,  20.0           ,  18.355263157895,  30.0          
      3875,  20.208333333333,  18.947368421053,  30.0          
      3876,  20.625         ,  18.947368421053,  30.0          
      3877,  20.833333333333,  19.53947368421 ,  30.0          
      3878,  20.833333333333,  19.144736842105,  30.0          
      3879,  21.041666666667,  19.736842105263,  30.0          
      3880,  21.458333333333,  19.736842105263,  30.0          
      3881,  21.666666666667,  20.328947368421,  30.0          
      3882,  21.666666666667,  19.934210526316,  30.0          
      3883,  34.214980036206,  32.292071966338,  30.0          
      3884,  34.215665342546,  31.8754056538  ,  30.0          
      3885,  33.62801407405 ,  31.667097287635,  30.0          
      3886,  34.020010021827,  31.667080760899,  30.0          
      3887,  33.432701488331,  31.458747547291,  30.0          
      3888,  33.434072264671,  31.042031539869,  30.0          
      3889,  32.847791772657,  30.833673536158,  30.0          
      3890,  33.239102359447,  30.833673536158,  30.0          
      3891,  20.0           ,  17.96052631579 ,  30.0          
      3892,  20.0           ,  17.565789473684,  30.0          
      3893,  20.208333333333,  18.157894736842,  30.0          
      3894,  20.625         ,  18.157894736842,  30.0          
      3895,  20.833333333333,  18.75          ,  30.0          
      3896,  20.833333333333,  18.355263157895,  30.0          
      3897,  21.041666666667,  18.947368421053,  30.0          
      3898,  21.458333333333,  18.947368421053,  30.0          
      3899,  21.666666666667,  19.53947368421 ,  30.0          
      3900,  21.666666666667,  19.144736842105,  30.0          
      3901,  34.216348744486,  31.458718622302,  30.0          
      3902,  34.217030242024,  31.042010871844,  30.0          
      3903,  33.63041098733 ,  30.833669401272,  30.0          
      3904,  34.021717656306,  30.833661131501,  30.0          
      3905,  20.0           ,  17.171052631579,  30.0          
      3906,  20.0           ,  16.776315789474,  30.0          
      3907,  20.208333333333,  17.368421052632,  30.0          
      3908,  20.625         ,  17.368421052632,  30.0          
      3909,  20.833333333333,  17.96052631579 ,  30.0          
      3910,  20.833333333333,  17.565789473684,  30.0          
      3911,  21.041666666667,  18.157894736842,  30.0          
      3912,  21.458333333333,  18.157894736842,  30.0          
      3913,  21.666666666667,  18.75          ,  30.0          
      3914,  21.666666666667,  18.355263157895,  30.0          
      3915,  20.0           ,  16.381578947368,  30.0          
      3916,  20.0           ,  15.986842105263,  30.0          
      3917,  20.208333333333,  16.578947368421,  30.0          
      3918,  20.625         ,  16.578947368421,  30.0          
      3919,  20.833333333333,  17.171052631579,  30.0          
      3920,  20.833333333333,  16.776315789474,  30.0          
      3921,  21.041666666667,  17.368421052632,  30.0          
      3922,  21.458333333333,  17.368421052632,  30.0          
      3923,  21.666666666667,  17.96052631579 ,  30.0          
      3924,  21.666666666667,  17.565789473684,  30.0          
      3925,  20.208333333333,  15.78947368421 ,  30.0          
      3926,  20.625         ,  15.78947368421 ,  30.0          
      3927,  20.833333333333,  16.381578947368,  30.0          
      3928,  20.833333333333,  15.986842105263,  30.0          
      3929,  21.041666666667,  16.578947368421,  30.0          
      3930,  21.458333333333,  16.578947368421,  30.0          
      3931,  21.666666666667,  17.171052631579,  30.0          
      3932,  21.666666666667,  16.776315789474,  30.0          
      3933,  21.041666666667,  15.78947368421 ,  30.0          
      3934,  21.458333333333,  15.78947368421 ,  30.0          
      3935,  21.666666666667,  16.381578947368,  30.0          
      3936,  21.666666666667,  15.986842105263,  30.0          
      3937,  20.395101696776,  34.791405334548,  30.0          
      3938,  20.593363187122,  34.582823701139,  30.0          
      3939,  20.197569915773,  34.582797637054,  30.0          
      3940,  20.395831406118,  34.374216003644,  30.0          
      3941,  21.185617572067,  34.791425120448,  30.0          
      3942,  21.38490701533 ,  34.582856994753,  30.0          
      3943,  20.989142220308,  34.582843487038,  30.0          
      3944,  21.18843166357 ,  34.374275361343,  30.0          
      3945,  20.396580184036,  33.95715051265 ,  30.0          
      3946,  20.198005118055,  33.748646221276,  30.0          
      3947,  20.595923096508,  33.74871315294 ,  30.0          
      3948,  20.397348030528,  33.540208861566,  30.0          
      3949,  21.976085488289,  34.791431874305,  30.0          
      3950,  22.176335442657,  34.58286374861 ,  30.0          
      3951,  21.780638089447,  34.58286374861 ,  30.0          
      3952,  21.980888043815,  34.374295622915,  30.0          
      3953,  21.191276516413,  33.957261621282,  30.0          
      3954,  20.99379820462 ,  33.748784689772,  30.0          
      3955,  21.39163044239 ,  33.748860831772,  30.0          
      3956,  21.194152130596,  33.540383900263,  30.0          
      3957,  20.398281328791,  33.123267595623,  30.0          
      3958,  20.19870502952 ,  32.914743327899,  30.0          
      3959,  20.598956378095,  32.914850982545,  30.0          
      3960,  20.399380078825,  32.706326714821,  30.0          
      3961,  22.766384283492,  34.791458864505,  30.0          
      3962,  22.96732394874 ,  34.582944719209,  30.0          
      3963,  22.571897395755,  34.58289073881 ,  30.0          
      3964,  22.772837061003,  34.374376593514,  30.0          
      3965,  21.985723507987,  33.957338808941,  30.0          
      3966,  21.789352127835,  33.748924511717,  30.0          
      3967,  22.186963260957,  33.748975729606,  30.0          
      3968,  21.990591880805,  33.540561432383,  30.0          
      3969,  21.197373142188,  33.123534396784,  30.0          
      3970,  20.999119199536,  32.915014281841,  30.0          
      3971,  21.399193493842,  32.915233225788,  30.0          
      3972,  21.20093955119 ,  32.706713110845,  30.0          
      3973,  20.400945858826,  32.289363950857,  30.0          
      3974,  20.200271730872,  32.08081738904 ,  30.0          
      3975,  20.60365279675 ,  32.080925865548,  30.0          
      3976,  20.402978668795,  31.872379303731,  30.0          
      3977,  23.556490307415,  34.791538301275,  30.0          
      3978,  23.758004941208,  34.58312904912 ,  30.0          
      3979,  23.362693130558,  34.58302415598 ,  30.0          
      3980,  23.564207764351,  34.374614903825,  30.0          
      3981,  22.779324015702,  33.95748110265 ,  30.0          
      3982,  22.584176704582,  33.749064042916,  30.0          
      3983,  22.98099245871 ,  33.749189451645,  30.0          
      3984,  22.78584514759 ,  33.540772391911,  30.0          
      3985,  21.995851106483,  33.123862363762,  30.0          
      3986,  21.798953393374,  32.915447340591,  30.0          
      3987,  22.19839889813 ,  32.915656626251,  30.0          
      3988,  22.001501185021,  32.70724160308 ,  30.0          
      3989,  21.205461477924,  32.28980605673 ,  30.0          
      3990,  21.006771764923,  32.081144874693,  30.0          
      3991,  21.409628635393,  32.081474416475,  30.0          
      3992,  21.210938922392,  31.872813234438,  30.0          
      3993,  20.405305734053,  31.457806562701,  30.0          
      3994,  20.202828964845,  31.251736248298,  30.0          
      3995,  20.610403823809,  31.25171604217 ,  30.0          
      3996,  20.407927054601,  31.045645727767,  30.0          
      3997,  24.346270509305,  34.791643562852,  30.0          
      3998,  24.547823209911,  34.58333994071 ,  30.0          
      3999,  24.153048300993,  34.583234310697,  30.0          
      4000,  24.354601001599,  34.374930688555,  30.0          
      4001,  23.571959550095,  33.957816481662,  30.0          
      4002,  23.377626471573,  33.749365957117,  30.0          
      4003,  23.774078743169,  33.749593559331,  30.0          
      4004,  23.579745664647,  33.541143034786,  30.0          
      4005,  22.792689034236,  33.124176514109,  30.0          
      4006,  22.597197002723,  32.915848130379,  30.0          
      4007,  22.995347707152,  32.916021852976,  30.0          
      4008,  22.799855675639,  32.707693469245,  30.0          
      4009,  22.008234682504,  32.290533188145,  30.0          
      4010,  21.811600105672,  32.081887170458,  30.0          
      4011,  22.212686175762,  32.082383136644,  30.0          
      4012,  22.016051598931,  31.873737118958,  30.0          
      4013,  21.217330177814,  31.457864524063,  30.0          
      4014,  21.017586982146,  31.25155908197 ,  30.0          
      4015,  21.424378439858,  31.251265367698,  30.0          
      4016,  21.22463524419 ,  31.044959925604,  30.0          
      4017,  20.410566395717,  30.634677815175,  30.0          
      4018,  20.205736573149,  30.42987052562 ,  30.0          
      4019,  20.618053579969,  30.429710114482,  30.0          
      4020,  20.413223757402,  30.224902824926,  30.0          
      4021,  25.135726174154,  34.791723780479,  30.0          
      4022,  25.337204769224,  34.583474963579,  30.0          
      4023,  24.942542032655,  34.583420158337,  30.0          
      4024,  25.144020627726,  34.375171341437,  30.0          
      4025,  24.36295420413 ,  33.958255547161,  30.0          
      4026,  24.169723519741,  33.749822101677,  30.0          
      4027,  24.564560801288,  33.750051584155,  30.0          
      4028,  24.371330116898,  33.541618138671,  30.0          
      4029,  23.587733830446,  33.124558670123,  30.0          
      4030,  23.393125999167,  32.916209871586,  30.0          
      4031,  23.790531878769,  32.91641218621 ,  30.0          
      4032,  23.595924047491,  32.708063387672,  30.0          
      4033,  22.807916589803,  32.29123630826 ,  30.0          
      4034,  22.612811697037,  32.082825894722,  30.0          
      4035,  23.011976669496,  32.083215444693,  30.0          
      4036,  22.816871776729,  31.874805031155,  30.0          
      4037,  22.025186319423,  31.457966403448,  30.0          
      4038,  21.829093375207,  31.250856116546,  30.0          
      4039,  22.231731788194,  31.250331328515,  30.0          
      4040,  22.035638843978,  31.043221041614,  30.0          
      4041,  20.207697196805,  29.619550549786,  30.0          
      4042,  20.41502271457 ,  29.819748804126,  30.0          
      4043,  20.41596326722 ,  29.419215752776,  30.0          
      4044,  20.623288784985,  29.619414007116,  30.0          
      4045,  21.232460141506,  30.633746600664,  30.0          
      4046,  21.030422294507,  30.429307741933,  30.0          
      4047,  21.442842716762,  30.428663407974,  30.0          
      4048,  21.240804869762,  30.224224549243,  30.0          
      4049,  25.924991548346,  34.7917511831  ,  30.0          
      4050,  26.126127628915,  34.5835023662  ,  30.0          
      4051,  25.731733301311,  34.5835023662  ,  30.0          
      4052,  25.93286938188 ,  34.3752535493  ,  30.0          
      4053,  25.152323585252,  33.958586069913,  30.0          
      4054,  24.959229379028,  33.750221671652,  30.0          
      4055,  25.35372925296 ,  33.750332364168,  30.0          
      4056,  25.160635046735,  33.541967965907,  30.0          
      4057,  24.379787209807,  33.125008618993,  30.0          
      4058,  24.186645582452,  32.916615573541,  30.0          
      4059,  24.581467110213,  32.916820033579,  30.0          
      4060,  24.388325482858,  32.708426988127,  30.0          
      4061,  23.604674944193,  32.291671696388,  30.0          
      4062,  23.410444944049,  32.083468933003,  30.0          
      4063,  23.808216520697,  32.083586359654,  30.0          
      4064,  23.613986520553,  31.875383596269,  30.0          
      4065,  22.82713498768 ,  31.458550670525,  30.0          
      4066,  22.632985799928,  31.250290441474,  30.0          
      4067,  23.032855410408,  31.250733455421,  30.0          
      4068,  22.838706222656,  31.04247322637 ,  30.0          
      4069,  20.208270141007,  28.820019942891,  30.0          
      4070,  20.416491824326,  29.01947507822 ,  30.0          
      4071,  20.416608385886,  28.620526780459,  30.0          
      4072,  20.624830069205,  28.819981915788,  30.0          
      4073,  21.039119314418,  29.619083155704,  30.0          
      4074,  21.246065641825,  29.81914204958 ,  30.0          
      4075,  21.248242457695,  29.418499101676,  30.0          
      4076,  21.455188785102,  29.618557995552,  30.0          
      4077,  22.266374381836,  30.419881430676,  30.0          
      4078,  22.070468292652,  30.216127870824,  30.0          
      4079,  22.050732835055,  30.629274864073,  30.0          
      4080,  21.854826745871,  30.425521304221,  30.0          
      4081,  26.714122718055,  34.7917511831  ,  30.0          
      4082,  26.914916284122,  34.5835023662  ,  30.0          
      4083,  26.520521956518,  34.5835023662  ,  30.0          
      4084,  26.721315522586,  34.3752535493  ,  30.0          
      4085,  25.940748344496,  33.958696221413,  30.0          
      4086,  25.747833790136,  33.750387710426,  30.0          
      4087,  26.141542990555,  33.750387710427,  30.0          
      4088,  25.948628436195,  33.54207919944 ,  30.0          
      4089,  25.168971250008,  33.125336123708,  30.0          
      4090,  24.976014798317,  32.916967798555,  30.0          
      4091,  25.370288646762,  32.917058868467,  30.0          
      4092,  25.177332195071,  32.708690543314,  30.0          
      4093,  24.397113891612,  32.291910733676,  30.0          
      4094,  24.20436773643 ,  32.083665183818,  30.0          
      4095,  24.598898591251,  32.083705405496,  30.0          
      4096,  24.40615243607 ,  31.875459855638,  30.0          
      4097,  23.62421683486 ,  31.459067774784,  30.0          
      4098,  23.431290788318,  31.250925482877,  30.0          
      4099,  23.828291933656,  31.250866523842,  30.0          
      4100,  23.635365887114,  31.042724231934,  30.0          
      4101,  20.208333333333,  28.026315789474,  30.0          
      4102,  20.416666666666,  28.223684210526,  30.0          
      4103,  20.416666666666,  27.828947368421,  30.0          
      4104,  20.625         ,  28.026315789474,  30.0          
      4105,  21.041387733059,  28.819789015944,  30.0          
      4106,  21.249498149222,  29.018896378688,  30.0          
      4107,  21.249832716407,  28.620333880615,  30.0          
      4108,  21.457943132571,  28.819441243359,  30.0          
      4109,  22.879091710036,  30.208608626073,  30.0          
      4110,  22.669853309945,  30.417139373024,  30.0          
      4111,  23.065263530198,  30.417295131268,  30.0          
      4112,  22.856025130108,  30.625825878219,  30.0          
      4113,  22.290805880111,  29.60852122229 ,  30.0          
      4114,  22.082249629608,  29.412891742928,  30.0          
      4115,  22.080973890837,  29.810666830442,  30.0          
      4116,  21.872417640333,  29.615037351081,  30.0          
      4117,  27.503253887764,  34.7917511831  ,  30.0          
      4118,  27.70370493933 ,  34.5835023662  ,  30.0          
      4119,  27.309310611726,  34.5835023662  ,  30.0          
      4120,  27.509761663292,  34.3752535493  ,  30.0          
      4121,  26.728509358018,  33.958696221413,  30.0          
      4122,  26.535252190975,  33.750387710427,  30.0          
      4123,  26.928961391395,  33.750387710427,  30.0          
      4124,  26.735704224352,  33.54207919944 ,  30.0          
      4125,  25.956508993786,  33.125437545938,  30.0          
      4126,  25.763937538256,  32.917104403423,  30.0          
      4127,  26.156961472798,  32.917104403423,  30.0          
      4128,  25.964390017269,  32.708771260908,  30.0          
      4129,  25.185765569546,  32.292058214317,  30.0          
      4130,  24.993091245074,  32.083737095925,  30.0          
      4131,  25.386945697901,  32.083760255107,  30.0          
      4132,  25.19427137343 ,  31.875439136716,  30.0          
      4133,  24.415587861426,  31.458966058216,  30.0          
      4134,  24.22364826044 ,  31.250767372068,  30.0          
      4135,  24.617359768669,  31.250628027556,  30.0          
      4136,  24.425420167682,  31.042429341409,  30.0          
      4137,  20.208333333333,  27.236842105263,  30.0          
      4138,  20.416666666666,  27.434210526316,  30.0          
      4139,  20.416666666666,  27.03947368421 ,  30.0          
      4140,  20.625         ,  27.236842105263,  30.0          
      4141,  21.041666666666,  28.026315789474,  30.0          
      4142,  21.25          ,  28.223684210526,  30.0          
      4143,  21.25          ,  27.828947368421,  30.0          
      4144,  21.458333333333,  28.026315789474,  30.0          
      4145,  23.66414135331 ,  30.208638115127,  30.0          
      4146,  23.459688173472,  30.417324620322,  30.0          
      4147,  23.853127239768,  30.417227840187,  30.0          
      4148,  23.648674059931,  30.625914345382,  30.0          
      4149,  22.291555208082,  28.81665894453 ,  30.0          
      4150,  22.083221874748,  28.619290523477,  30.0          
      4151,  22.082998957578,  29.015766307273,  30.0          
      4152,  21.874665624245,  28.81839788622 ,  30.0          
      4153,  28.292385057473,  34.7917511831  ,  30.0          
      4154,  28.492493594537,  34.5835023662  ,  30.0          
      4155,  28.098099266934,  34.5835023662  ,  30.0          
      4156,  28.298207803998,  34.3752535493  ,  30.0          
      4157,  27.51627037154 ,  33.958696221413,  30.0          
      4158,  27.322670591814,  33.750387710427,  30.0          
      4159,  27.716379792234,  33.750387710427,  30.0          
      4160,  27.522780012508,  33.54207919944 ,  30.0          
      4161,  26.742899516065,  33.125437545938,  30.0          
      4162,  26.549985407341,  32.917104403423,  30.0          
      4163,  26.943009341883,  32.917104403423,  30.0          
      4164,  26.750095233158,  32.708771260908,  30.0          
      4165,  25.97227104074 ,  32.292104976546,  30.0          
      4166,  25.780042238392,  32.083771834698,  30.0          
      4167,  26.172380866545,  32.083771834698,  30.0          
      4168,  25.980152064198,  31.87543869285 ,  30.0          
      4169,  25.202896333134,  31.458801773678,  30.0          
      4170,  25.010741956839,  31.25051615237 ,  30.0          
      4171,  25.403794824952,  31.25043174651 ,  30.0          
      4172,  25.211640448657,  31.042146125203,  30.0          
      4173,  20.208333333333,  26.447368421053,  30.0          
      4174,  20.416666666666,  26.644736842105,  30.0          
      4175,  20.416666666666,  26.25          ,  30.0          
      4176,  20.625         ,  26.447368421053,  30.0          
      4177,  21.041666666666,  27.236842105263,  30.0          
      4178,  21.25          ,  27.434210526316,  30.0          
      4179,  21.25          ,  27.03947368421 ,  30.0          
      4180,  21.458333333333,  27.236842105263,  30.0          
      4181,  24.447427830202,  30.208540245751,  30.0          
      4182,  24.24578871666 ,  30.417129970811,  30.0          
      4183,  24.637672604149,  30.417031012194,  30.0          
      4184,  24.436033490608,  30.625620737254,  30.0          
      4185,  22.291666666666,  28.026315789474,  30.0          
      4186,  22.083333333333,  27.828947368421,  30.0          
      4187,  22.083333333333,  28.223684210526,  30.0          
      4188,  21.875         ,  28.026315789474,  30.0          
      4189,  29.081516227182,  34.7917511831  ,  30.0          
      4190,  29.281282249745,  34.5835023662  ,  30.0          
      4191,  28.886887922141,  34.5835023662  ,  30.0          
      4192,  29.086653944704,  34.3752535493  ,  30.0          
      4193,  28.304031385062,  33.958696221413,  30.0          
      4194,  28.110088992654,  33.750387710427,  30.0          
      4195,  28.503798193074,  33.750387710427,  30.0          
      4196,  28.309855800666,  33.54207919944 ,  30.0          
      4197,  27.529290038344,  33.125437545938,  30.0          
      4198,  27.336033276425,  32.917104403423,  30.0          
      4199,  27.729057210968,  32.917104403423,  30.0          
      4200,  27.535800449048,  32.708771260908,  30.0          
      4201,  26.75729095024 ,  32.292104976546,  30.0          
      4202,  26.564719494699,  32.083771834698,  30.0          
      4203,  26.957058122852,  32.083771834698,  30.0          
      4204,  26.764486667311,  31.87543869285 ,  30.0          
      4205,  25.988033557905,  31.458747547291,  30.0          
      4206,  25.796147899445,  31.25038954358 ,  30.0          
      4207,  26.18780118032 ,  31.25038954358 ,  30.0          
      4208,  25.995915521861,  31.042031539869,  30.0          
      4209,  20.208333333333,  25.657894736842,  30.0          
      4210,  20.416666666667,  25.855263157895,  30.0          
      4211,  20.416666666667,  25.46052631579 ,  30.0          
      4212,  20.625         ,  25.657894736842,  30.0          
      4213,  21.041666666666,  26.447368421053,  30.0          
      4214,  21.25          ,  26.644736842105,  30.0          
      4215,  21.25          ,  26.25          ,  30.0          
      4216,  21.458333333333,  26.447368421053,  30.0          
      4217,  25.229784376604,  30.208454575241,  30.0          
      4218,  25.029404150552,  30.416945341684,  30.0          
      4219,  25.420983355867,  30.416872959281,  30.0          
      4220,  25.220603129814,  30.625363725724,  30.0          
      4221,  22.291666666666,  27.236842105263,  30.0          
      4222,  22.083333333333,  27.03947368421 ,  30.0          
      4223,  22.083333333333,  27.434210526316,  30.0          
      4224,  21.875         ,  27.236842105263,  30.0          
      4225,  29.870647396891,  34.7917511831  ,  30.0          
      4226,  30.070070904952,  34.5835023662  ,  30.0          
      4227,  29.675676577349,  34.5835023662  ,  30.0          
      4228,  29.87510008541 ,  34.3752535493  ,  30.0          
      4229,  29.091792398584,  33.958696221413,  30.0          
      4230,  28.897507393494,  33.750387710427,  30.0          
      4231,  29.291216593913,  33.750387710427,  30.0          
      4232,  29.096931588822,  33.54207919944 ,  30.0          
      4233,  28.315680560624,  33.125437545938,  30.0          
      4234,  28.12208114551 ,  32.917104403423,  30.0          
      4235,  28.515105080052,  32.917104403423,  30.0          
      4236,  28.321505664938,  32.708771260908,  30.0          
      4237,  27.542310859741,  32.292104976546,  30.0          
      4238,  27.349396751006,  32.083771834698,  30.0          
      4239,  27.741735379159,  32.083771834698,  30.0          
      4240,  27.548821270424,  31.87543869285 ,  30.0          
      4241,  26.771682813739,  31.458747547291,  30.0          
      4242,  26.579454461195,  31.25038954358 ,  30.0          
      4243,  26.971107742069,  31.25038954358 ,  30.0          
      4244,  26.778879389525,  31.042031539869,  30.0          
      4245,  20.208333333333,  24.868421052632,  30.0          
      4246,  20.416666666667,  25.065789473684,  30.0          
      4247,  20.416666666667,  24.671052631579,  30.0          
      4248,  20.625         ,  24.868421052632,  30.0          
      4249,  26.01168287596 ,  30.20841838404 ,  30.0          
      4250,  25.812256855222,  30.416836768079,  30.0          
      4251,  26.203224648617,  30.416836768079,  30.0          
      4252,  26.003798627879,  30.625255152118,  30.0          
      4253,  21.041666666667,  25.657894736842,  30.0          
      4254,  21.25          ,  25.855263157895,  30.0          
      4255,  21.25          ,  25.46052631579 ,  30.0          
      4256,  21.458333333333,  25.657894736842,  30.0          
      4257,  22.291666666666,  26.447368421053,  30.0          
      4258,  22.083333333333,  26.25          ,  30.0          
      4259,  22.083333333333,  26.644736842105,  30.0          
      4260,  21.875         ,  26.447368421053,  30.0          
      4261,  30.6597785666  ,  34.7917511831  ,  30.0          
      4262,  30.85885956016 ,  34.5835023662  ,  30.0          
      4263,  30.464465232556,  34.5835023662  ,  30.0          
      4264,  30.663546226116,  34.3752535493  ,  30.0          
      4265,  29.879553412106,  33.958696221413,  30.0          
      4266,  29.684925794333,  33.750387710427,  30.0          
      4267,  30.078634994753,  33.750387710427,  30.0          
      4268,  29.88400737698 ,  33.54207919944 ,  30.0          
      4269,  29.102071082904,  33.125437545938,  30.0          
      4270,  28.908129014594,  32.917104403423,  30.0          
      4271,  29.301152949137,  32.917104403423,  30.0          
      4272,  29.107210880827,  32.708771260908,  30.0          
      4273,  28.327330769242,  32.292104976546,  30.0          
      4274,  28.134074007313,  32.083771834698,  30.0          
      4275,  28.526412635466,  32.083771834698,  30.0          
      4276,  28.333155873537,  31.87543869285 ,  30.0          
      4277,  27.555332069573,  31.458747547291,  30.0          
      4278,  27.362761022944,  31.25038954358 ,  30.0          
      4279,  27.754414303819,  31.25038954358 ,  30.0          
      4280,  27.561843257189,  31.042031539869,  30.0          
      4281,  20.208333333333,  24.078947368421,  30.0          
      4282,  20.416666666667,  24.276315789474,  30.0          
      4283,  20.416666666667,  23.881578947368,  30.0          
      4284,  20.625         ,  24.078947368421,  30.0          
      4285,  26.793275669354,  30.20841838404 ,  30.0          
      4286,  26.594192442012,  30.416836768079,  30.0          
      4287,  26.985160235406,  30.416836768079,  30.0          
      4288,  26.786077008064,  30.625255152118,  30.0          
      4289,  21.041666666667,  24.868421052632,  30.0          
      4290,  21.25          ,  25.065789473684,  30.0          
      4291,  21.25          ,  24.671052631579,  30.0          
      4292,  21.458333333333,  24.868421052632,  30.0          
      4293,  22.291666666667,  25.657894736842,  30.0          
      4294,  22.083333333333,  25.46052631579 ,  30.0          
      4295,  22.083333333333,  25.855263157895,  30.0          
      4296,  21.875         ,  25.657894736842,  30.0          
      4297,  31.448909736309,  34.7917511831  ,  30.0          
      4298,  31.647648215368,  34.5835023662  ,  30.0          
      4299,  31.253253887764,  34.5835023662  ,  30.0          
      4300,  31.451992366822,  34.3752535493  ,  30.0          
      4301,  30.667314425628,  33.958696221413,  30.0          
      4302,  30.472344195173,  33.750387710427,  30.0          
      4303,  30.866053395592,  33.750387710427,  30.0          
      4304,  30.671083165136,  33.54207919944 ,  30.0          
      4305,  29.888461605183,  33.125437545938,  30.0          
      4306,  29.694176883679,  32.917104403423,  30.0          
      4307,  30.087200818221,  32.917104403423,  30.0          
      4308,  29.892916096717,  32.708771260908,  30.0          
      4309,  29.112350678743,  32.292104976546,  30.0          
      4310,  28.91875126362 ,  32.083771834698,  30.0          
      4311,  29.311089891774,  32.083771834698,  30.0          
      4312,  29.11749047665 ,  31.87543869285 ,  30.0          
      4313,  28.338981325408,  31.458747547291,  30.0          
      4314,  28.146067584693,  31.25038954358 ,  30.0          
      4315,  28.537720865568,  31.25038954358 ,  30.0          
      4316,  28.344807124854,  31.042031539869,  30.0          
      4317,  20.208333333333,  23.28947368421 ,  30.0          
      4318,  20.416666666667,  23.486842105263,  30.0          
      4319,  20.416666666667,  23.092105263158,  30.0          
      4320,  20.625         ,  23.28947368421 ,  30.0          
      4321,  27.574868462749,  30.20841838404 ,  30.0          
      4322,  27.376128028801,  30.416836768079,  30.0          
      4323,  27.767095822196,  30.416836768079,  30.0          
      4324,  27.568355388248,  30.625255152118,  30.0          
      4325,  21.041666666667,  24.078947368421,  30.0          
      4326,  21.25          ,  24.276315789474,  30.0          
      4327,  21.25          ,  23.881578947368,  30.0          
      4328,  21.458333333333,  24.078947368421,  30.0          
      4329,  22.291666666667,  24.868421052632,  30.0          
      4330,  22.083333333333,  24.671052631579,  30.0          
      4331,  22.083333333333,  25.065789473684,  30.0          
      4332,  21.875         ,  24.868421052632,  30.0          
      4333,  32.238040906018,  34.7917511831  ,  30.0          
      4334,  32.436436870575,  34.5835023662  ,  30.0          
      4335,  32.042042542971,  34.5835023662  ,  30.0          
      4336,  32.240438507528,  34.3752535493  ,  30.0          
      4337,  31.45507543915 ,  33.958696221413,  30.0          
      4338,  31.259762596012,  33.750387710427,  30.0          
      4339,  31.653471796432,  33.750387710427,  30.0          
      4340,  31.458158953293,  33.54207919944 ,  30.0          
      4341,  30.674852127462,  33.125437545938,  30.0          
      4342,  30.480224752764,  32.917104403423,  30.0          
      4343,  30.873248687306,  32.917104403423,  30.0          
      4344,  30.678621312607,  32.708771260908,  30.0          
      4345,  29.897370588244,  32.292104976546,  30.0          
      4346,  29.703428519927,  32.083771834698,  30.0          
      4347,  30.095767148081,  32.083771834698,  30.0          
      4348,  29.901825079764,  31.87543869285 ,  30.0          
      4349,  29.122630581242,  31.458747547291,  30.0          
      4350,  28.929374146443,  31.25038954358 ,  30.0          
      4351,  29.321027427317,  31.25038954358 ,  30.0          
      4352,  29.127770992518,  31.042031539869,  30.0          
      4353,  20.208333333333,  22.5           ,  30.0          
      4354,  20.416666666667,  22.697368421053,  30.0          
      4355,  20.416666666667,  22.302631578947,  30.0          
      4356,  20.625         ,  22.5           ,  30.0          
      4357,  28.356461256144,  30.20841838404 ,  30.0          
      4358,  28.158063615591,  30.416836768079,  30.0          
      4359,  28.549031408986,  30.416836768079,  30.0          
      4360,  28.350633768432,  30.625255152118,  30.0          
      4361,  21.041666666667,  23.28947368421 ,  30.0          
      4362,  21.25          ,  23.486842105263,  30.0          
      4363,  21.25          ,  23.092105263158,  30.0          
      4364,  21.458333333333,  23.28947368421 ,  30.0          
      4365,  22.291666666667,  24.078947368421,  30.0          
      4366,  22.083333333333,  23.881578947368,  30.0          
      4367,  22.083333333333,  24.276315789474,  30.0          
      4368,  21.875         ,  24.078947368421,  30.0          
      4369,  33.027172075727,  34.7917511831  ,  30.0          
      4370,  33.225225525783,  34.5835023662  ,  30.0          
      4371,  32.830831198179,  34.5835023662  ,  30.0          
      4372,  33.028884648235,  34.3752535493  ,  30.0          
      4373,  32.242836452673,  33.958696221413,  30.0          
      4374,  32.047180996852,  33.750387710427,  30.0          
      4375,  32.440890197271,  33.750387710427,  30.0          
      4376,  32.24523474145 ,  33.54207919944 ,  30.0          
      4377,  31.461242649742,  33.125437545938,  30.0          
      4378,  31.266272621848,  32.917104403423,  30.0          
      4379,  31.65929655639 ,  32.917104403423,  30.0          
      4380,  31.464326528496,  32.708771260908,  30.0          
      4381,  30.682390497745,  32.292104976546,  30.0          
      4382,  30.488105776234,  32.083771834698,  30.0          
      4383,  30.880444404388,  32.083771834698,  30.0          
      4384,  30.686159682877,  31.87543869285 ,  30.0          
      4385,  29.906279837076,  31.458747547291,  30.0          
      4386,  29.712680708192,  31.25038954358 ,  30.0          
      4387,  30.104333989067,  31.25038954358 ,  30.0          
      4388,  29.910734860182,  31.042031539869,  30.0          
      4389,  20.208333333333,  21.71052631579 ,  30.0          
      4390,  20.416666666667,  21.907894736842,  30.0          
      4391,  20.416666666667,  21.513157894737,  30.0          
      4392,  20.625         ,  21.71052631579 ,  30.0          
      4393,  29.138054049539,  30.20841838404 ,  30.0          
      4394,  28.93999920238 ,  30.416836768079,  30.0          
      4395,  29.330966995775,  30.416836768079,  30.0          
      4396,  29.132912148617,  30.625255152118,  30.0          
      4397,  21.041666666667,  22.5           ,  30.0          
      4398,  21.25          ,  22.697368421053,  30.0          
      4399,  21.25          ,  22.302631578947,  30.0          
      4400,  21.458333333333,  22.5           ,  30.0          
      4401,  22.291666666667,  23.28947368421 ,  30.0          
      4402,  22.083333333333,  23.092105263158,  30.0          
      4403,  22.083333333333,  23.486842105263,  30.0          
      4404,  21.875         ,  23.28947368421 ,  30.0          
      4405,  33.816304209562,  34.791749126048,  30.0          
      4406,  34.014017073368,  34.583496195043,  30.0          
      4407,  33.619620817513,  34.583500309148,  30.0          
      4408,  33.817333681319,  34.375247378143,  30.0          
      4409,  33.030597466195,  33.958696221413,  30.0          
      4410,  32.834599397691,  33.750387710427,  30.0          
      4411,  33.228308598111,  33.750387710427,  30.0          
      4412,  33.032310529607,  33.54207919944 ,  30.0          
      4413,  32.247633172022,  33.125437545938,  30.0          
      4414,  32.052320490933,  32.917104403423,  30.0          
      4415,  32.445344425475,  32.917104403423,  30.0          
      4416,  32.250031744386,  32.708771260908,  30.0          
      4417,  31.467410407246,  32.292104976546,  30.0          
      4418,  31.272783032541,  32.083771834698,  30.0          
      4419,  31.665121660695,  32.083771834698,  30.0          
      4420,  31.47049428599 ,  31.87543869285 ,  30.0          
      4421,  30.689929092911,  31.458747547291,  30.0          
      4422,  30.495987269941,  31.25038954358 ,  30.0          
      4423,  30.887640550816,  31.25038954358 ,  30.0          
      4424,  30.693698727846,  31.042031539869,  30.0          
      4425,  20.208333333333,  20.921052631579,  30.0          
      4426,  20.416666666667,  21.118421052632,  30.0          
      4427,  20.416666666667,  20.723684210526,  30.0          
      4428,  20.625         ,  20.921052631579,  30.0          
      4429,  29.919646842934,  30.20841838404 ,  30.0          
      4430,  29.72193478917 ,  30.416836768079,  30.0          
      4431,  30.112902582565,  30.416836768079,  30.0          
      4432,  29.915190528801,  30.625255152118,  30.0          
      4433,  21.041666666667,  21.71052631579 ,  30.0          
      4434,  21.25          ,  21.907894736842,  30.0          
      4435,  21.25          ,  21.513157894737,  30.0          
      4436,  21.458333333333,  21.71052631579 ,  30.0          
      4437,  22.291666666667,  22.5           ,  30.0          
      4438,  22.083333333333,  22.302631578947,  30.0          
      4439,  22.083333333333,  22.697368421053,  30.0          
      4440,  21.875         ,  22.5           ,  30.0          
      4441,  34.802803800324,  34.583373534498,  30.0          
      4442,  34.605779822025,  34.375120603493,  30.0          
      4443,  34.605435379271,  34.791706867831,  30.0          
      4444,  34.408411400972,  34.583453936826,  30.0          
      4445,  33.818361365323,  33.958685932968,  30.0          
      4446,  33.622018755885,  33.750381536086,  30.0          
      4447,  34.015729871013,  33.750369187406,  30.0          
      4448,  33.819387261575,  33.542064790524,  30.0          
      4449,  33.034023694301,  33.125437545938,  30.0          
      4450,  32.838368360017,  32.917104403423,  30.0          
      4451,  33.23139229456 ,  32.917104403423,  30.0          
      4452,  33.035736960276,  32.708771260908,  30.0          
      4453,  32.252430316747,  32.292104976546,  30.0          
      4454,  32.057460288848,  32.083771834698,  30.0          
      4455,  32.449798917002,  32.083771834698,  30.0          
      4456,  32.254828889104,  31.87543869285 ,  30.0          
      4457,  31.473578348745,  31.458747547291,  30.0          
      4458,  31.279293831691,  31.25038954358 ,  30.0          
      4459,  31.670947112565,  31.25038954358 ,  30.0          
      4460,  31.476662595511,  31.042031539869,  30.0          
      4461,  30.701239636328,  30.20841838404 ,  30.0          
      4462,  30.50387037596 ,  30.416836768079,  30.0          
      4463,  30.894838169354,  30.416836768079,  30.0          
      4464,  30.697468908986,  30.625255152118,  30.0          
      4465,  20.208333333333,  20.131578947368,  30.0          
      4466,  20.416666666667,  20.328947368421,  30.0          
      4467,  20.416666666667,  19.934210526316,  30.0          
      4468,  20.625         ,  20.131578947368,  30.0          
      4469,  21.041666666667,  20.921052631579,  30.0          
      4470,  21.25          ,  21.118421052632,  30.0          
      4471,  21.25          ,  20.723684210526,  30.0          
      4472,  21.458333333333,  20.921052631579,  30.0          
      4473,  22.291666666667,  21.71052631579 ,  30.0          
      4474,  22.083333333333,  21.513157894737,  30.0          
      4475,  22.083333333333,  21.907894736842,  30.0          
      4476,  21.875         ,  21.71052631579 ,  30.0          
      4477,  34.803146357144,  33.750090753267,  30.0          
      4478,  34.606463049732,  33.541858524138,  30.0          
      4479,  34.606122378845,  33.958504488929,  30.0          
      4480,  34.409439071433,  33.7502722598  ,  30.0          
      4481,  33.820414189481,  33.125421069602,  30.0          
      4482,  33.624416215546,  32.917096161662,  30.0          
      4483,  34.017440122978,  32.91707967814 ,  30.0          
      4484,  33.821442149042,  32.708754770201,  30.0          
      4485,  33.037450226248,  32.292104976546,  30.0          
      4486,  32.842137545155,  32.083771834698,  30.0          
      4487,  33.234476173309,  32.083771834698,  30.0          
      4488,  33.039163492217,  31.87543869285 ,  30.0          
      4489,  32.25722760458 ,  31.458747547291,  30.0          
      4490,  32.06260039344 ,  31.25038954358 ,  30.0          
      4491,  32.454253674315,  31.25038954358 ,  30.0          
      4492,  32.259626463175,  31.042031539869,  30.0          
      4493,  31.482832429723,  30.20841838404 ,  30.0          
      4494,  31.285805962749,  30.416836768079,  30.0          
      4495,  31.676773756144,  30.416836768079,  30.0          
      4496,  31.47974728917 ,  30.625255152119,  30.0          
      4497,  20.208333333333,  19.342105263158,  30.0          
      4498,  20.416666666667,  19.53947368421 ,  30.0          
      4499,  20.416666666667,  19.144736842105,  30.0          
      4500,  20.625         ,  19.342105263158,  30.0          
      4501,  21.041666666667,  20.131578947368,  30.0          
      4502,  21.25          ,  20.328947368421,  30.0          
      4503,  21.25          ,  19.934210526316,  30.0          
      4504,  21.458333333333,  20.131578947368,  30.0          
      4505,  22.291666666667,  20.921052631579,  30.0          
      4506,  22.083333333333,  20.723684210526,  30.0          
      4507,  22.083333333333,  21.118421052632,  30.0          
      4508,  21.875         ,  20.921052631579,  30.0          
      4509,  34.803488019173,  32.916767859095,  30.0          
      4510,  34.607147364932,  32.708535806413,  30.0          
      4511,  34.606804711761,  33.125202296633,  30.0          
      4512,  34.41046405752 ,  32.916970243951,  30.0          
      4513,  33.822470108602,  32.292088471442,  30.0          
      4514,  33.626814787883,  32.083763578541,  30.0          
      4515,  34.019153388878,  32.083747066226,  30.0          
      4516,  33.82349806816 ,  31.875422173325,  30.0          
      4517,  33.040876860414,  31.458747547291,  30.0          
      4518,  32.845906955189,  31.25038954358 ,  30.0          
      4519,  33.237560236064,  31.25038954358 ,  30.0          
      4520,  33.042590330839,  31.042031539869,  30.0          
      4521,  32.264425223118,  30.20841838404 ,  30.0          
      4522,  32.067741549539,  30.416836768079,  30.0          
      4523,  32.458709342934,  30.416836768079,  30.0          
      4524,  32.262025669354,  30.625255152119,  30.0          
      4525,  20.208333333333,  18.552631578947,  30.0          
      4526,  20.416666666667,  18.75          ,  30.0          
      4527,  20.416666666667,  18.355263157895,  30.0          
      4528,  20.625         ,  18.552631578947,  30.0          
      4529,  21.041666666667,  19.342105263158,  30.0          
      4530,  21.25          ,  19.53947368421 ,  30.0          
      4531,  21.25          ,  19.144736842105,  30.0          
      4532,  21.458333333333,  19.342105263158,  30.0          
      4533,  22.291666666667,  20.131578947368,  30.0          
      4534,  22.083333333333,  19.934210526316,  30.0          
      4535,  22.083333333333,  20.328947368421,  30.0          
      4536,  21.875         ,  20.131578947368,  30.0          
      4537,  34.803830672344,  32.083434702517,  30.0          
      4538,  34.607832671273,  31.8752028269  ,  30.0          
      4539,  34.607490018103,  32.291869316502,  30.0          
      4540,  34.411492017032,  32.083637440885,  30.0          
      4541,  33.824525116408,  31.458733084797,  30.0          
      4542,  33.62921253069 ,  31.250383344454,  30.0          
      4543,  34.020863839067,  31.2503709462  ,  30.0          
      4544,  33.825551253348,  31.042021205857,  30.0          
      4545,  33.046018016513,  30.20841838404 ,  30.0          
      4546,  32.849677136328,  30.416836768079,  30.0          
      4547,  33.240644929723,  30.416836768079,  30.0          
      4548,  33.044304049539,  30.625255152119,  30.0          
      4549,  20.208333333333,  17.763157894737,  30.0          
      4550,  20.416666666667,  17.96052631579 ,  30.0          
      4551,  20.416666666667,  17.565789473684,  30.0          
      4552,  20.625         ,  17.763157894737,  30.0          
      4553,  21.041666666667,  18.552631578947,  30.0          
      4554,  21.25          ,  18.75          ,  30.0          
      4555,  21.25          ,  18.355263157895,  30.0          
      4556,  21.458333333333,  18.552631578947,  30.0          
      4557,  22.291666666667,  19.342105263158,  30.0          
      4558,  22.083333333333,  19.144736842105,  30.0          
      4559,  22.083333333333,  19.53947368421 ,  30.0          
      4560,  24.84375000001 ,  29.905359513747,  30.0          
      4561,  24.421655096553,  29.829751792603,  30.0          
      4562,  24.018341113712,  29.682960906319,  30.0          
      4563,  23.64420537702 ,  29.468046592371,  30.0          
      4564,  23.299734911456,  29.179172445865,  30.0          
      4565,  23.005711987966,  28.823258978754,  30.0          
      4566,  22.786785675885,  28.429873681636,  30.0          
      4567,  22.670190981166,  28.109989641992,  30.0          
      4568,  22.581205430777,  27.631578947352,  30.0          
      4569,  22.857105027244,  29.241601922156,  30.0          
      4570,  23.109575234124,  29.36323189699 ,  30.0          
      4571,  23.224442736538,  29.62069068079 ,  30.0          
      4572,  22.879334464302,  29.615459785262,  30.0          
      4573,  21.875         ,  19.342105263158,  30.0          
      4574,  34.804172373314,  31.250091186768,  30.0          
      4575,  34.608515121012,  31.041838769256,  30.0          
      4576,  34.608174372243,  31.458525977818,  30.0          
      4577,  34.412517119941,  31.250273560305,  30.0          
      4578,  33.827609830454,  30.208416316597,  30.0          
      4579,  33.631611743665,  30.416834700636,  30.0          
      4580,  34.022577578153,  30.416830565751,  30.0          
      4581,  33.826579491363,  30.62524894979 ,  30.0          
      4582,  20.208333333333,  16.973684210526,  30.0          
      4583,  45.15624999999 ,  29.905359513748,  30.0          
      4584,  45.578344903447,  29.829751792604,  30.0          
      4585,  45.981658886287,  29.682960906319,  30.0          
      4586,  49.583333333333,  15.592105263158,  30.0          
      4587,  49.791666666667,  15.394736842106,  30.0          
      4588,  49.375         ,  15.394736842106,  30.0          
      4589,  49.583333333333,  15.197368421053,  30.0          
      4590,  46.35579462298 ,  29.468046592371,  30.0          
      4591,  46.700265088544,  29.179172445865,  30.0          
      4592,  46.994288012034,  28.823258978754,  30.0          
      4593,  47.213214324114,  28.429873681636,  30.0          
      4594,  47.329809018834,  28.109989641992,  30.0          
      4595,  47.418794569223,  27.631578947352,  30.0          
      4596,  47.142894972756,  29.241601922156,  30.0          
      4597,  46.890424765876,  29.363231896991,  30.0          
      4598,  46.775557263462,  29.62069068079 ,  30.0          
      4599,  47.120665535698,  29.615459785262,  30.0          
      4600,  49.791666666667,  16.184210526316,  30.0          
      4601,  49.583333333333,  15.986842105264,  30.0          
      4602,  49.583333333333,  16.381578947369,  30.0          
      4603,  49.375         ,  16.184210526316,  30.0          
      4604,  48.75          ,  15.592105263158,  30.0          
      4605,  48.958333333333,  15.394736842106,  30.0          
      4606,  48.541666666667,  15.394736842106,  30.0          
      4607,  48.75          ,  15.197368421053,  30.0          
      4608,  49.791666666667,  16.973684210527,  30.0          
      4609,  49.583333333333,  16.776315789474,  30.0          
      4610,  49.583333333333,  17.171052631579,  30.0          
      4611,  49.375         ,  16.973684210527,  30.0          
      4612,  48.958333333333,  16.184210526316,  30.0          
      4613,  48.75          ,  15.986842105264,  30.0          
      4614,  48.75          ,  16.381578947369,  30.0          
      4615,  48.541666666667,  16.184210526316,  30.0          
      4616,  48.125         ,  15.394736842106,  30.0          
      4617,  47.916666666667,  15.197368421053,  30.0          
      4618,  47.916666666667,  15.592105263158,  30.0          
      4619,  47.708333333333,  15.394736842106,  30.0          
      4620,  49.791666666667,  17.763157894737,  30.0          
      4621,  49.583333333333,  17.565789473684,  30.0          
      4622,  49.583333333333,  17.96052631579 ,  30.0          
      4623,  49.375         ,  17.763157894737,  30.0          
      4624,  48.958333333333,  16.973684210527,  30.0          
      4625,  48.75          ,  16.776315789474,  30.0          
      4626,  48.75          ,  17.171052631579,  30.0          
      4627,  48.541666666667,  16.973684210527,  30.0          
      4628,  48.125         ,  16.184210526316,  30.0          
      4629,  47.916666666667,  15.986842105264,  30.0          
      4630,  47.916666666667,  16.381578947369,  30.0          
      4631,  47.708333333333,  16.184210526316,  30.0          
      4632,  49.791666666667,  18.552631578948,  30.0          
      4633,  49.583333333333,  18.355263157895,  30.0          
      4634,  49.583333333333,  18.75          ,  30.0          
      4635,  49.375         ,  18.552631578948,  30.0          
      4636,  48.958333333333,  17.763157894737,  30.0          
      4637,  48.75          ,  17.565789473684,  30.0          
      4638,  48.75          ,  17.96052631579 ,  30.0          
      4639,  48.541666666667,  17.763157894737,  30.0          
      4640,  48.125         ,  16.973684210527,  30.0          
      4641,  47.916666666667,  16.776315789474,  30.0          
      4642,  47.916666666667,  17.171052631579,  30.0          
      4643,  47.708333333333,  16.973684210527,  30.0          
      4644,  49.791666666667,  19.342105263158,  30.0          
      4645,  49.583333333333,  19.144736842106,  30.0          
      4646,  49.583333333333,  19.539473684211,  30.0          
      4647,  49.375         ,  19.342105263158,  30.0          
      4648,  48.958333333333,  18.552631578948,  30.0          
      4649,  48.75          ,  18.355263157895,  30.0          
      4650,  48.75          ,  18.75          ,  30.0          
      4651,  48.541666666667,  18.552631578948,  30.0          
      4652,  48.125         ,  17.763157894737,  30.0          
      4653,  47.916666666667,  17.565789473684,  30.0          
      4654,  47.916666666667,  17.96052631579 ,  30.0          
      4655,  47.708333333333,  17.763157894737,  30.0          
      4656,  49.791666666667,  20.131578947369,  30.0          
      4657,  49.583333333333,  19.934210526316,  30.0          
      4658,  49.583333333333,  20.328947368421,  30.0          
      4659,  49.375         ,  20.131578947369,  30.0          
      4660,  48.958333333333,  19.342105263158,  30.0          
      4661,  48.75          ,  19.144736842106,  30.0          
      4662,  48.75          ,  19.539473684211,  30.0          
      4663,  48.541666666667,  19.342105263158,  30.0          
      4664,  48.125         ,  18.552631578948,  30.0          
      4665,  47.916666666667,  18.355263157895,  30.0          
      4666,  47.916666666667,  18.75          ,  30.0          
      4667,  47.708333333333,  18.552631578948,  30.0          
      4668,  49.791666666667,  20.921052631579,  30.0          
      4669,  49.583333333333,  20.723684210527,  30.0          
      4670,  49.583333333333,  21.118421052632,  30.0          
      4671,  49.375         ,  20.921052631579,  30.0          
      4672,  48.958333333333,  20.131578947369,  30.0          
      4673,  48.75          ,  19.934210526316,  30.0          
      4674,  48.75          ,  20.328947368421,  30.0          
      4675,  48.541666666667,  20.131578947369,  30.0          
      4676,  48.125         ,  19.342105263158,  30.0          
      4677,  47.916666666667,  19.144736842106,  30.0          
      4678,  47.916666666667,  19.539473684211,  30.0          
      4679,  47.708333333333,  19.342105263158,  30.0          
      4680,  49.791666666667,  21.71052631579 ,  30.0          
      4681,  49.583333333333,  21.513157894737,  30.0          
      4682,  49.583333333333,  21.907894736842,  30.0          
      4683,  49.375         ,  21.71052631579 ,  30.0          
      4684,  48.958333333333,  20.921052631579,  30.0          
      4685,  48.75          ,  20.723684210527,  30.0          
      4686,  48.75          ,  21.118421052632,  30.0          
      4687,  48.541666666667,  20.921052631579,  30.0          
      4688,  48.125         ,  20.131578947369,  30.0          
      4689,  47.916666666667,  19.934210526316,  30.0          
      4690,  47.916666666667,  20.328947368421,  30.0          
      4691,  47.708333333333,  20.131578947369,  30.0          
      4692,  49.791666666667,  22.5           ,  30.0          
      4693,  49.583333333333,  22.302631578948,  30.0          
      4694,  49.583333333333,  22.697368421053,  30.0          
      4695,  49.375         ,  22.5           ,  30.0          
      4696,  48.958333333333,  21.71052631579 ,  30.0          
      4697,  48.75          ,  21.513157894737,  30.0          
      4698,  48.75          ,  21.907894736842,  30.0          
      4699,  48.541666666667,  21.71052631579 ,  30.0          
      4700,  48.125         ,  20.921052631579,  30.0          
      4701,  47.916666666667,  20.723684210527,  30.0          
      4702,  47.916666666667,  21.118421052632,  30.0          
      4703,  47.708333333333,  20.921052631579,  30.0          
      4704,  49.791666666667,  23.289473684211,  30.0          
      4705,  49.583333333333,  23.092105263158,  30.0          
      4706,  49.583333333333,  23.486842105264,  30.0          
      4707,  49.375         ,  23.289473684211,  30.0          
      4708,  48.958333333333,  22.5           ,  30.0          
      4709,  48.75          ,  22.302631578948,  30.0          
      4710,  48.75          ,  22.697368421053,  30.0          
      4711,  48.541666666667,  22.5           ,  30.0          
      4712,  48.125         ,  21.71052631579 ,  30.0          
      4713,  47.916666666667,  21.513157894737,  30.0          
      4714,  47.916666666667,  21.907894736842,  30.0          
      4715,  47.708333333333,  21.71052631579 ,  30.0          
      4716,  49.791666666667,  24.078947368421,  30.0          
      4717,  49.583333333333,  23.881578947369,  30.0          
      4718,  49.583333333333,  24.276315789474,  30.0          
      4719,  49.375         ,  24.078947368421,  30.0          
      4720,  48.958333333333,  23.289473684211,  30.0          
      4721,  48.75          ,  23.092105263158,  30.0          
      4722,  48.75          ,  23.486842105264,  30.0          
      4723,  48.541666666667,  23.289473684211,  30.0          
      4724,  48.125         ,  22.5           ,  30.0          
      4725,  47.916666666667,  22.302631578948,  30.0          
      4726,  47.916666666667,  22.697368421053,  30.0          
      4727,  47.708333333333,  22.5           ,  30.0          
      4728,  49.791666666667,  24.868421052632,  30.0          
      4729,  49.583333333333,  24.671052631579,  30.0          
      4730,  49.583333333333,  25.065789473684,  30.0          
      4731,  49.375         ,  24.868421052632,  30.0          
      4732,  48.958333333333,  24.078947368421,  30.0          
      4733,  48.75          ,  23.881578947369,  30.0          
      4734,  48.75          ,  24.276315789474,  30.0          
      4735,  48.541666666667,  24.078947368421,  30.0          
      4736,  48.125         ,  23.289473684211,  30.0          
      4737,  47.916666666667,  23.092105263158,  30.0          
      4738,  47.916666666667,  23.486842105263,  30.0          
      4739,  47.708333333333,  23.289473684211,  30.0          
      4740,  35.78125       ,  30.0           ,  30.0          
      4741,  36.5625        ,  30.0           ,  30.0          
      4742,  37.34375       ,  30.0           ,  30.0          
      4743,  38.125         ,  30.0           ,  30.0          
      4744,  38.90625       ,  30.0           ,  30.0          
      4745,  39.6875        ,  30.0           ,  30.0          
      4746,  40.46875       ,  30.0           ,  30.0          
      4747,  49.791666666667,  25.657894736842,  30.0          
      4748,  49.583333333333,  25.46052631579 ,  30.0          
      4749,  49.583333333333,  25.855263157895,  30.0          
      4750,  49.375         ,  25.657894736842,  30.0          
      4751,  48.958333333333,  24.868421052632,  30.0          
      4752,  48.75          ,  24.671052631579,  30.0          
      4753,  48.75          ,  25.065789473684,  30.0          
      4754,  48.541666666667,  24.868421052632,  30.0          
      4755,  48.125         ,  24.078947368421,  30.0          
      4756,  47.916666666667,  23.881578947369,  30.0          
      4757,  47.916666666667,  24.276315789474,  30.0          
      4758,  47.708333333333,  24.078947368421,  30.0          
      4759,  49.791666666666,  26.447368421053,  30.0          
      4760,  49.583333333333,  26.25          ,  30.0          
      4761,  49.583333333333,  26.644736842106,  30.0          
      4762,  49.375         ,  26.447368421053,  30.0          
      4763,  48.958333333333,  25.657894736842,  30.0          
      4764,  48.75          ,  25.46052631579 ,  30.0          
      4765,  48.75          ,  25.855263157895,  30.0          
      4766,  48.541666666667,  25.657894736842,  30.0          
      4767,  48.125         ,  24.868421052632,  30.0          
      4768,  47.916666666667,  24.671052631579,  30.0          
      4769,  47.916666666667,  25.065789473684,  30.0          
      4770,  47.708333333333,  24.868421052632,  30.0          
      4771,  41.25          ,  30.0           ,  30.0          
      4772,  42.03125       ,  30.0           ,  30.0          
      4773,  42.8125        ,  30.0           ,  30.0          
      4774,  43.59375       ,  30.0           ,  30.0          
      4775,  44.375         ,  30.0           ,  30.0          
      4776,  45.15625       ,  30.0           ,  30.0          
      4777,  45.9375        ,  30.0           ,  30.0          
      4778,  46.71875       ,  30.0           ,  30.0          
      4779,  47.5           ,  30.0           ,  30.0          
      4780,  47.5           ,  29.21052631579 ,  30.0          
      4781,  47.5           ,  28.421052631579,  30.0          
      4782,  47.5           ,  27.631578947369,  30.0          
      4783,  47.5           ,  26.842105263158,  30.0          
      4784,  47.5           ,  26.052631578948,  30.0          
      4785,  47.5           ,  25.263157894737,  30.0          
      4786,  47.5           ,  24.473684210527,  30.0          
      4787,  47.5           ,  23.684210526316,  30.0          
      4788,  47.5           ,  22.894736842106,  30.0          
      4789,  47.5           ,  22.105263157895,  30.0          
      4790,  47.5           ,  21.315789473684,  30.0          
      4791,  49.791666666666,  27.236842105264,  30.0          
      4792,  49.583333333333,  27.039473684211,  30.0          
      4793,  49.583333333333,  27.434210526316,  30.0          
      4794,  49.375         ,  27.236842105264,  30.0          
      4795,  48.958333333333,  26.447368421053,  30.0          
      4796,  48.75          ,  26.25          ,  30.0          
      4797,  48.75          ,  26.644736842106,  30.0          
      4798,  48.541666666666,  26.447368421053,  30.0          
      4799,  48.125         ,  25.657894736842,  30.0          
      4800,  47.916666666667,  25.46052631579 ,  30.0          
      4801,  47.916666666666,  25.855263157895,  30.0          
      4802,  47.708333333333,  25.657894736842,  30.0          
      4803,  49.791666666666,  28.026315789474,  30.0          
      4804,  49.583333333333,  27.828947368421,  30.0          
      4805,  49.583333333333,  28.223684210527,  30.0          
      4806,  49.375         ,  28.026315789474,  30.0          
      4807,  48.958333333333,  27.236842105264,  30.0          
      4808,  48.75          ,  27.039473684211,  30.0          
      4809,  48.75          ,  27.434210526316,  30.0          
      4810,  48.541666666666,  27.236842105263,  30.0          
      4811,  48.125         ,  26.447368421053,  30.0          
      4812,  47.916666666666,  26.25          ,  30.0          
      4813,  47.916666666666,  26.644736842106,  30.0          
      4814,  47.708333333333,  26.447368421053,  30.0          
      4815,  49.791703303237,  28.820029444642,  30.0          
      4816,  49.58337488145 ,  28.62053628221 ,  30.0          
      4817,  49.583457977682,  29.019503583472,  30.0          
      4818,  49.375129555895,  28.820010421041,  30.0          
      4819,  48.958333333333,  28.026315789474,  30.0          
      4820,  48.75          ,  27.828947368421,  30.0          
      4821,  48.75          ,  28.223684210527,  30.0          
      4822,  48.541666666666,  28.026315789474,  30.0          
      4823,  48.125         ,  27.236842105263,  30.0          
      4824,  47.916666666666,  27.039473684211,  30.0          
      4825,  47.916666666666,  27.434210526316,  30.0          
      4826,  47.708333333333,  27.236842105263,  30.0          
      4827,  49.792044934528,  29.619587424662,  30.0          
      4828,  49.58384399607 ,  29.419271631153,  30.0          
      4829,  49.584532936613,  29.819840425251,  30.0          
      4830,  49.376331998156,  29.619524631742,  30.0          
      4831,  48.958575273297,  28.819829285713,  30.0          
      4832,  48.750153932185,  28.620355146883,  30.0          
      4833,  48.750461796556,  29.018960177489,  30.0          
      4834,  48.542040455444,  28.819486038659,  30.0          
      4835,  48.125         ,  28.026315789474,  30.0          
      4836,  47.916666666666,  27.828947368421,  30.0          
      4837,  47.916666666666,  28.223684210527,  30.0          
      4838,  47.708333333333,  28.026315789474,  30.0          
      4839,  49.585857300486,  30.225018231773,  30.0          
      4840,  49.793207631913,  30.429931186218,  30.0          
      4841,  49.380466756261,  30.429892096276,  30.0          
      4842,  49.587817087689,  30.63480505072 ,  30.0          
      4843,  48.960436965894,  29.619261003831,  30.0          
      4844,  48.75150706528 ,  29.418645732587,  30.0          
      4845,  48.753289738357,  29.819411812174,  30.0          
      4846,  48.544359837743,  29.61879654093 ,  30.0          
      4847,  48.125329784888,  28.81843317977 ,  30.0          
      4848,  47.916776594963,  28.619302287994,  30.0          
      4849,  47.916996451555,  29.015801600822,  30.0          
      4850,  47.708443261629,  28.816670709046,  30.0          
      4851,  48.967650455246,  30.429600378282,  30.0          
      4852,  48.757692833477,  30.224561528614,  30.0          
      4853,  48.764716350638,  30.634094881905,  30.0          
      4854,  48.554758728868,  30.429056032236,  30.0          
      4855,  49.58977170744 ,  31.045761693248,  30.0          
      4856,  49.794893984476,  31.251785638831,  30.0          
      4857,  49.386598882703,  31.251864213771,  30.0          
      4858,  49.59172115974 ,  31.457888159354,  30.0          
      4859,  48.127240955251,  29.615239021583,  30.0          
      4860,  47.917633508342,  29.412982495462,  30.0          
      4861,  47.918687765326,  29.810844971912,  30.0          
      4862,  47.709080318417,  29.608588445791,  30.0          
      4863,  48.771432500542,  31.045255380024,  30.0          
      4864,  48.978544111841,  31.25177635137 ,  30.0          
      4865,  48.57072967189 ,  31.251522051628,  30.0          
      4866,  48.777841283189,  31.458043022973,  30.0          
      4867,  48.142592700185,  30.425855260743,  30.0          
      4868,  47.945701355127,  30.629501888341,  30.0          
      4869,  47.928043714254,  30.216351436205,  30.0          
      4870,  47.731152369196,  30.419998063803,  30.0          
      4871,  49.593555405623,  31.872419797594,  30.0          
      4872,  49.796498061644,  32.080825676783,  30.0          
      4873,  49.392331789068,  32.080950728777,  30.0          
      4874,  49.59527444509 ,  32.289356607966,  30.0          
      4875,  47.139794323705,  30.625752901725,  30.0          
      4876,  47.327543376419,  30.417119033242,  30.0          
      4877,  46.931765721855,  30.417218169059,  30.0          
      4878,  47.119514774568,  30.208584300575,  30.0          
      4879,  47.959261368552,  31.043402222435,  30.0          
      4880,  48.165407506727,  31.25106111611 ,  30.0          
      4881,  47.762577616352,  31.250393544814,  30.0          
      4882,  47.968723754528,  31.458052438488,  30.0          
      4883,  48.783657303795,  31.872868052936,  30.0          
      4884,  48.988258792929,  32.081156258099,  30.0          
      4885,  48.584279073226,  32.081442264749,  30.0          
      4886,  48.788880562361,  32.289730469912,  30.0          
      4887,  49.596904300821,  32.706277376326,  30.0          
      4888,  49.798126996026,  32.914709620038,  30.0          
      4889,  49.397222277612,  32.914749858962,  30.0          
      4890,  49.598444972817,  33.123182102675,  30.0          
      4891,  46.347942549391,  30.6257206495  ,  30.0          
      4892,  46.537606797083,  30.417207418317,  30.0          
      4893,  46.145066602105,  30.417086781016,  30.0          
      4894,  46.334730849797,  30.208573549833,  30.0          
      4895,  47.15520371004 ,  31.042371423756,  30.0          
      4896,  47.360817996485,  31.250232702189,  30.0          
      4897,  46.960128647127,  31.250578588235,  30.0          
      4898,  47.165742933572,  31.458439866668,  30.0          
      4899,  47.977287223209,  31.873715834242,  30.0          
      4900,  48.181704356139,  32.081819695022,  30.0          
      4901,  47.780534641667,  32.082288548917,  30.0          
      4902,  47.984951774596,  32.290392409697,  30.0          
      4903,  48.793629657842,  32.706537844086,  30.0          
      4904,  48.996268521222,  32.914841994098,  30.0          
      4905,  48.595265726856,  32.914986025445,  30.0          
      4906,  48.797904590237,  33.123290175457,  30.0          
      4907,  49.599968430493,  33.540105142407,  30.0          
      4908,  49.7998838405  ,  33.748594287204,  30.0          
      4909,  49.401559263842,  33.748557350726,  30.0          
      4910,  49.601474673849,  33.957046495523,  30.0          
      4911,  45.56203184966 ,  30.625397422834,  30.0          
      4912,  45.752888035528,  30.416979038794,  30.0          
      4913,  45.361071097352,  30.416884191651,  30.0          
      4914,  45.55192728322 ,  30.208465807611,  30.0          
      4915,  46.359744494257,  31.042482982746,  30.0          
      4916,  46.562362280887,  31.250711648709,  30.0          
      4917,  46.167518897766,  31.250631883611,  30.0          
      4918,  46.370136684396,  31.458860549574,  30.0          
      4919,  47.175503911182,  31.8747069196  ,  30.0          
      4920,  47.379972530728,  32.08273136347 ,  30.0          
      4921,  46.980018023322,  32.083148138681,  30.0          
      4922,  47.184486642867,  32.291172582552,  30.0          
      4923,  47.992051799613,  32.707031875031,  30.0          
      4924,  48.195041939304,  32.915195546878,  30.0          
      4925,  47.795597158567,  32.915470558397,  30.0          
      4926,  47.998587298259,  33.123634230244,  30.0          
      4927,  48.802014863782,  33.540109310964,  30.0          
      4928,  49.003192323321,  33.748545581635,  30.0          
      4929,  48.604783018937,  33.748558979934,  30.0          
      4930,  48.805960478477,  33.956995250605,  30.0          
      4931,  49.602986636119,  34.374137879061,  30.0          
      4932,  49.405781575017,  34.582745576555,  30.0          
      4933,  49.801709378405,  34.582771595526,  30.0          
      4934,  49.604504317303,  34.79137929302 ,  30.0          
      4935,  44.778479752305,  30.625255152119,  30.0          
      4936,  44.969678731567,  30.416836768079,  30.0          
      4937,  44.578710938172,  30.416836768079,  30.0          
      4938,  44.769909917435,  30.20841838404 ,  30.0          
      4939,  45.571812693677,  31.042177001383,  30.0          
      4940,  45.773319230339,  31.250541386692,  30.0          
      4941,  45.379763278607,  31.250440157951,  30.0          
      4942,  45.581269815269,  31.45880454326 ,  30.0          
      4943,  46.380039156968,  31.875283579247,  30.0          
      4944,  46.582393152045,  32.083437175897,  30.0          
      4945,  46.187097916897,  32.083598475117,  30.0          
      4946,  46.389451911974,  32.291752071766,  30.0          
      4947,  47.193068071606,  32.707677722509,  30.0          
      4948,  47.39651645135 ,  32.915779047573,  30.0          
      4949,  46.997799817652,  32.916121014406,  30.0          
      4950,  47.201248197396,  33.12422233947 ,  30.0          
      4951,  48.00492232684 ,  33.540337998617,  30.0          
      4952,  48.206783986422,  33.748653134233,  30.0          
      4953,  47.809195225775,  33.748828044534,  30.0          
      4954,  48.011056885357,  33.95714318015 ,  30.0          
      4955,  48.809897332789,  34.37407866532 ,  30.0          
      4956,  48.613883232969,  34.582712381785,  30.0          
      4957,  49.009839526539,  34.582725838641,  30.0          
      4958,  48.813825426719,  34.791359555107,  30.0          
      4959,  43.99620137212 ,  30.625255152119,  30.0          
      4960,  44.187743144778,  30.416836768079,  30.0          
      4961,  43.796775351383,  30.416836768079,  30.0          
      4962,  43.98831712404 ,  30.20841838404 ,  30.0          
      4963,  44.787048345803,  31.042031539869,  30.0          
      4964,  44.987158662304,  31.25038954358 ,  30.0          
      4965,  44.595505381429,  31.25038954358 ,  30.0          
      4966,  44.795615697929,  31.458747547292,  30.0          
      4967,  45.590562845862,  31.875421896955,  30.0          
      4968,  45.792288807491,  32.083702302219,  30.0          
      4969,  45.397965823825,  32.083748657205,  30.0          
      4970,  45.599691785454,  32.29202906247 ,  30.0          
      4971,  46.398650113212,  32.70827986003 ,  30.0          
      4972,  46.600791718876,  32.916432699929,  30.0          
      4973,  46.20549215502 ,  32.91671410414 ,  30.0          
      4974,  46.407633760683,  33.124866944039,  30.0          
      4975,  47.209289893703,  33.540856409814,  30.0          
      4976,  47.411821186283,  33.749066835681,  30.0          
      4977,  47.014661867947,  33.749369507674,  30.0          
      4978,  47.217193160527,  33.95757993354 ,  30.0          
      4979,  48.01717207083 ,  34.374159328188,  30.0          
      4980,  47.822377422474,  34.582806501509,  30.0          
      4981,  48.218062531614,  34.582739269408,  30.0          
      4982,  48.023267883259,  34.79138644273 ,  30.0          
      4983,  43.213922991936,  30.625255152119,  30.0          
      4984,  43.405807557988,  30.416836768079,  30.0          
      4985,  43.014839764593,  30.416836768079,  30.0          
      4986,  43.206724330645,  30.20841838404 ,  30.0          
      4987,  44.004084478139,  31.042031539869,  30.0          
      4988,  44.203852100554,  31.25038954358 ,  30.0          
      4989,  43.81219881968 ,  31.25038954358 ,  30.0          
      4990,  44.011966442095,  31.458747547292,  30.0          
      4991,  44.804182538915,  31.87543869285 ,  30.0          
      4992,  45.004635017915,  32.083771834698,  30.0          
      4993,  44.612296389761,  32.083771834698,  30.0          
      4994,  44.812748868761,  32.292104976546,  30.0          
      4995,  45.608744295423,  32.708656125031,  30.0          
      4996,  45.810537354344,  32.916917205541,  30.0          
      4997,  45.415927316847,  32.917042004129,  30.0          
      4998,  45.617720375768,  33.125303084639,  30.0          
      4999,  46.416543107572,  33.541487091837,  30.0          
      5000,  46.618521419753,  33.74966727065 ,  30.0          
      5001,  46.223399841701,  33.749960124611,  30.0          
      5002,  46.425378153882,  33.958140303425,  30.0          
      5003,  47.22506912177 ,  34.374456271553,  30.0          
      5004,  47.03122274045 ,  34.583036212773,  30.0          
      5005,  47.426764158753,  34.582905482631,  30.0          
      5006,  47.232917777432,  34.791485423851,  30.0          
      5007,  42.431644611752,  30.625255152119,  30.0          
      5008,  42.623871971198,  30.416836768079,  30.0          
      5009,  42.232904177804,  30.416836768079,  30.0          
      5010,  42.42513153725 ,  30.20841838404 ,  30.0          
      5011,  43.221120610474,  31.042031539869,  30.0          
      5012,  43.420545538805,  31.25038954358 ,  30.0          
      5013,  43.02889225793 ,  31.25038954358 ,  30.0          
      5014,  43.228317186261,  31.458747547292,  30.0          
      5015,  44.019847935802,  31.87543869285 ,  30.0          
      5016,  44.219957761608,  32.083771834698,  30.0          
      5017,  43.827619133454,  32.083771834698,  30.0          
      5018,  44.02772895926 ,  32.292104976546,  30.0          
      5019,  44.82131519862 ,  32.708771260909,  30.0          
      5020,  45.022110330828,  32.917104403424,  30.0          
      5021,  44.629086396286,  32.917104403424,  30.0          
      5022,  44.829881528494,  33.125437545938,  30.0          
      5023,  45.626673773868,  33.541936847726,  30.0          
      5024,  45.828489092235,  33.750176841301,  30.0          
      5025,  45.433789171354,  33.750317420718,  30.0          
      5026,  45.635604489721,  33.958557414292,  30.0          
      5027,  46.434188863041,  34.374850181914,  30.0          
      5028,  46.241147057918,  34.583299392993,  30.0          
      5029,  46.636017040171,  34.583167516227,  30.0          
      5030,  46.442975235049,  34.791616727305,  30.0          
      5031,  41.649366231567,  30.625255152119,  30.0          
      5032,  41.841936384409,  30.416836768079,  30.0          
      5033,  41.450968591014,  30.416836768079,  30.0          
      5034,  41.643538743856,  30.20841838404 ,  30.0          
      5035,  42.43815674281 ,  31.042031539869,  30.0          
      5036,  42.637238977056,  31.25038954358 ,  30.0          
      5037,  42.245585696181,  31.25038954358 ,  30.0          
      5038,  42.444667930426,  31.458747547292,  30.0          
      5039,  43.235513332689,  31.87543869285 ,  30.0          
      5040,  43.435280505301,  32.083771834698,  30.0          
      5041,  43.042941877147,  32.083771834698,  30.0          
      5042,  43.242709049759,  32.292104976546,  30.0          
      5043,  44.035609982731,  32.708771260909,  30.0          
      5044,  44.236062461744,  32.917104403424,  30.0          
      5045,  43.843038527201,  32.917104403424,  30.0          
      5046,  44.043491006214,  33.125437545938,  30.0          
      5047,  44.838447351962,  33.54207919944 ,  30.0          
      5048,  45.039584610704,  33.750387710427,  30.0          
      5049,  44.645875410284,  33.750387710427,  30.0          
      5050,  44.847012669026,  33.958696221413,  30.0          
      5051,  45.644526069946,  34.375150773182,  30.0          
      5052,  45.451617404971,  34.583468107494,  30.0          
      5053,  45.846347179518,  34.583399590082,  30.0          
      5054,  45.653438514543,  34.791716924394,  30.0          
      5055,  40.867087851383,  30.625255152119,  30.0          
      5056,  41.060000797619,  30.416836768079,  30.0          
      5057,  40.669033004224,  30.416836768079,  30.0          
      5058,  40.861945950461,  30.20841838404 ,  30.0          
      5059,  41.655192875146,  31.042031539869,  30.0          
      5060,  41.853932415306,  31.25038954358 ,  30.0          
      5061,  41.462279134432,  31.25038954358 ,  30.0          
      5062,  41.661018674592,  31.458747547292,  30.0          
      5063,  42.451178729576,  31.87543869285 ,  30.0          
      5064,  42.650603248994,  32.083771834698,  30.0          
      5065,  42.25826462084 ,  32.083771834698,  30.0          
      5066,  42.457689140258,  32.292104976546,  30.0          
      5067,  43.249904766841,  32.708771260909,  30.0          
      5068,  43.450014592659,  32.917104403424,  30.0          
      5069,  43.056990658117,  32.917104403424,  30.0          
      5070,  43.257100483935,  33.125437545938,  30.0          
      5071,  44.051371563805,  33.54207919944 ,  30.0          
      5072,  44.252166209864,  33.750387710427,  30.0          
      5073,  43.858457009444,  33.750387710427,  30.0          
      5074,  44.059251655504,  33.958696221413,  30.0          
      5075,  44.855576758826,  34.3752535493  ,  30.0          
      5076,  44.662661026292,  34.5835023662  ,  30.0          
      5077,  45.057055353896,  34.5835023662  ,  30.0          
      5078,  44.864139621363,  34.7917511831  ,  30.0          
      5079,  40.084809471198,  30.625255152119,  30.0          
      5080,  40.27806521083 ,  30.416836768079,  30.0          
      5081,  39.887097417435,  30.416836768079,  30.0          
      5082,  40.080353157066,  30.20841838404 ,  30.0          
      5083,  40.872229007482,  31.042031539869,  30.0          
      5084,  41.070625853557,  31.25038954358 ,  30.0          
      5085,  40.678972572682,  31.25038954358 ,  30.0          
      5086,  40.877369418758,  31.458747547292,  30.0          
      5087,  41.666844126462,  31.87543869285 ,  30.0          
      5088,  41.865925992687,  32.083771834698,  30.0          
      5089,  41.473587364533,  32.083771834698,  30.0          
      5090,  41.672669230757,  32.292104976546,  30.0          
      5091,  42.464199550952,  32.708771260909,  30.0          
      5092,  42.663966723574,  32.917104403424,  30.0          
      5093,  42.270942789032,  32.917104403424,  30.0          
      5094,  42.470709961655,  33.125437545938,  30.0          
      5095,  43.264295775648,  33.54207919944 ,  30.0          
      5096,  43.464747809025,  33.750387710427,  30.0          
      5097,  43.071038608605,  33.750387710427,  30.0          
      5098,  43.271490641981,  33.958696221413,  30.0          
      5099,  44.06713061812 ,  34.3752535493  ,  30.0          
      5100,  43.873872371085,  34.5835023662  ,  30.0          
      5101,  44.268266698689,  34.5835023662  ,  30.0          
      5102,  44.075008451654,  34.7917511831  ,  30.0          
      5103,  39.302531091014,  30.625255152119,  30.0          
      5104,  39.49612962404 ,  30.416836768079,  30.0          
      5105,  39.105161830645,  30.416836768079,  30.0          
      5106,  39.298760363671,  30.20841838404 ,  30.0          
      5107,  40.089265139818,  31.042031539869,  30.0          
      5108,  40.287319291808,  31.25038954358 ,  30.0          
      5109,  39.895666010933,  31.25038954358 ,  30.0          
      5110,  40.093720162923,  31.458747547292,  30.0          
      5111,  40.882509523349,  31.87543869285 ,  30.0          
      5112,  41.08124873638 ,  32.083771834698,  30.0          
      5113,  40.688910108226,  32.083771834698,  30.0          
      5114,  40.887649321256,  32.292104976546,  30.0          
      5115,  41.678494335062,  32.708771260909,  30.0          
      5116,  41.87791885449 ,  32.917104403424,  30.0          
      5117,  41.484894919948,  32.917104403424,  30.0          
      5118,  41.684319439376,  33.125437545938,  30.0          
      5119,  42.477219987491,  33.54207919944 ,  30.0          
      5120,  42.677329408185,  33.750387710427,  30.0          
      5121,  42.283620207765,  33.750387710427,  30.0          
      5122,  42.483729628459,  33.958696221413,  30.0          
      5123,  43.278684477414,  34.3752535493  ,  30.0          
      5124,  43.085083715877,  34.5835023662  ,  30.0          
      5125,  43.479478043481,  34.5835023662  ,  30.0          
      5126,  43.285877281945,  34.7917511831  ,  30.0          
      5127,  38.52025271083 ,  30.625255152119,  30.0          
      5128,  38.71419403725 ,  30.416836768079,  30.0          
      5129,  38.323226243856,  30.416836768079,  30.0          
      5130,  38.517167570276,  30.20841838404 ,  30.0          
      5131,  39.306301272153,  31.042031539869,  30.0          
      5132,  39.504012730058,  31.25038954358 ,  30.0          
      5133,  39.112359449184,  31.25038954358 ,  30.0          
      5134,  39.310070907089,  31.458747547292,  30.0          
      5135,  40.098174920236,  31.87543869285 ,  30.0          
      5136,  40.296571480072,  32.083771834698,  30.0          
      5137,  39.904232851919,  32.083771834698,  30.0          
      5138,  40.102629411756,  32.292104976546,  30.0          
      5139,  40.892789119172,  32.708771260909,  30.0          
      5140,  41.091870985405,  32.917104403424,  30.0          
      5141,  40.698847050863,  32.917104403424,  30.0          
      5142,  40.897928917096,  33.125437545938,  30.0          
      5143,  41.690144199334,  33.54207919944 ,  30.0          
      5144,  41.889911007346,  33.750387710427,  30.0          
      5145,  41.496201806926,  33.750387710427,  30.0          
      5146,  41.695968614937,  33.958696221413,  30.0          
      5147,  42.490238336708,  34.3752535493  ,  30.0          
      5148,  42.29629506067 ,  34.5835023662  ,  30.0          
      5149,  42.690689388274,  34.5835023662  ,  30.0          
      5150,  42.496746112236,  34.7917511831  ,  30.0          
      5151,  37.737974330645,  30.625255152119,  30.0          
      5152,  37.932258450461,  30.416836768079,  30.0          
      5153,  37.541290657066,  30.416836768079,  30.0          
      5154,  37.735574776882,  30.20841838404 ,  30.0          
      5155,  38.523337404489,  31.042031539869,  30.0          
      5156,  38.720706168309,  31.25038954358 ,  30.0          
      5157,  38.329052887434,  31.25038954358 ,  30.0          
      5158,  38.526421651254,  31.458747547291,  30.0          
      5159,  39.313840317123,  31.87543869285 ,  30.0          
      5160,  39.511894223766,  32.083771834698,  30.0          
      5161,  39.119555595612,  32.083771834698,  30.0          
      5162,  39.317609502255,  32.292104976546,  30.0          
      5163,  40.107083903283,  32.708771260909,  30.0          
      5164,  40.305823116321,  32.917104403424,  30.0          
      5165,  39.912799181778,  32.917104403424,  30.0          
      5166,  40.111538394817,  33.125437545938,  30.0          
      5167,  40.903068411177,  33.54207919944 ,  30.0          
      5168,  41.102492606506,  33.750387710427,  30.0          
      5169,  40.708783406086,  33.750387710427,  30.0          
      5170,  40.908207601415,  33.958696221413,  30.0          
      5171,  41.701792196002,  34.3752535493  ,  30.0          
      5172,  41.507506405462,  34.5835023662  ,  30.0          
      5173,  41.901900733066,  34.5835023662  ,  30.0          
      5174,  41.707614942527,  34.7917511831  ,  30.0          
      5175,  36.955695950461,  30.625255152119,  30.0          
      5176,  37.150322863671,  30.416836768079,  30.0          
      5177,  36.759355070276,  30.416836768079,  30.0          
      5178,  36.953981983487,  30.20841838404 ,  30.0          
      5179,  37.740373536825,  31.042031539869,  30.0          
      5180,  37.93739960656 ,  31.25038954358 ,  30.0          
      5181,  37.545746325685,  31.25038954358 ,  30.0          
      5182,  37.74277239542 ,  31.458747547291,  30.0          
      5183,  38.529505714009,  31.87543869285 ,  30.0          
      5184,  38.727216967458,  32.083771834698,  30.0          
      5185,  38.334878339305,  32.083771834698,  30.0          
      5186,  38.532589592754,  32.292104976546,  30.0          
      5187,  39.321378687393,  32.708771260908,  30.0          
      5188,  39.519775247236,  32.917104403424,  30.0          
      5189,  39.126751312694,  32.917104403424,  30.0          
      5190,  39.325147872537,  33.125437545938,  30.0          
      5191,  40.11599262302 ,  33.54207919944 ,  30.0          
      5192,  40.315074205666,  33.750387710427,  30.0          
      5193,  39.921365005247,  33.750387710427,  30.0          
      5194,  40.120446587893,  33.958696221413,  30.0          
      5195,  40.913346055295,  34.3752535493  ,  30.0          
      5196,  40.718717750255,  34.5835023662  ,  30.0          
      5197,  41.113112077858,  34.5835023662  ,  30.0          
      5198,  40.918483772818,  34.7917511831  ,  30.0          
      5199,  36.173420508636,  30.62524894979 ,  30.0          
      5200,  36.368388256335,  30.416834700636,  30.0          
      5201,  35.977422421847,  30.416830565751,  30.0          
      5202,  36.172390169545,  30.208416316597,  30.0          
      5203,  36.95740966916 ,  31.042031539869,  30.0          
      5204,  37.15409304481 ,  31.25038954358 ,  30.0          
      5205,  36.762439763936,  31.25038954358 ,  30.0          
      5206,  36.959123139586,  31.458747547291,  30.0          
      5207,  37.745171110896,  31.87543869285 ,  30.0          
      5208,  37.942539711151,  32.083771834698,  30.0          
      5209,  37.550201082998,  32.083771834698,  30.0          
      5210,  37.747569683253,  32.292104976546,  30.0          
      5211,  38.535673471503,  32.708771260908,  30.0          
      5212,  38.733727378152,  32.917104403424,  30.0          
      5213,  38.340703443609,  32.917104403424,  30.0          
      5214,  38.538757350258,  33.125437545938,  30.0          
      5215,  39.328916834863,  33.54207919944 ,  30.0          
      5216,  39.527655804827,  33.750387710427,  30.0          
      5217,  39.133946604407,  33.750387710427,  30.0          
      5218,  39.332685574371,  33.958696221413,  30.0          
      5219,  40.124899914589,  34.3752535493  ,  30.0          
      5220,  39.929929095047,  34.5835023662  ,  30.0          
      5221,  40.324323422651,  34.5835023662  ,  30.0          
      5222,  40.129352603109,  34.7917511831  ,  30.0          
      5223,  35.391142128452,  30.625121373731,  30.0          
      5224,  35.586454628452,  30.416788040398,  30.0          
      5225,  35.195484876151,  30.416707124577,  30.0          
      5226,  35.390797376151,  30.208373791244,  30.0          
      5227,  36.174448746652,  31.042021205857,  30.0          
      5228,  36.37078746931 ,  31.250383344454,  30.0          
      5229,  35.979136160933,  31.2503709462  ,  30.0          
      5230,  36.175474883591,  31.458733084797,  30.0          
      5231,  36.960836507783,  31.87543869285 ,  30.0          
      5232,  37.157862454844,  32.083771834698,  30.0          
      5233,  36.765523826691,  32.083771834698,  30.0          
      5234,  36.962549773752,  32.292104976546,  30.0          
      5235,  37.749968255614,  32.708771260908,  30.0          
      5236,  37.947679509067,  32.917104403424,  30.0          
      5237,  37.554655574525,  32.917104403424,  30.0          
      5238,  37.752366827978,  33.125437545938,  30.0          
      5239,  38.541841046706,  33.54207919944 ,  30.0          
      5240,  38.740237403988,  33.750387710427,  30.0          
      5241,  38.346528203568,  33.750387710427,  30.0          
      5242,  38.544924560849,  33.958696221413,  30.0          
      5243,  39.336453773883,  34.3752535493  ,  30.0          
      5244,  39.14114043984 ,  34.5835023662  ,  30.0          
      5245,  39.535534767443,  34.5835023662  ,  30.0          
      5246,  39.3402214334  ,  34.7917511831  ,  30.0          
      5247,  35.587482880058,  31.250273560305,  30.0          
      5248,  35.391484878988,  31.041838769256,  30.0          
      5249,  35.391825627757,  31.458525977818,  30.0          
      5250,  35.195827626686,  31.250091186768,  30.0          
      5251,  36.17650193184 ,  31.875422173325,  30.0          
      5252,  36.373185212116,  32.083763578541,  30.0          
      5253,  35.980846611121,  32.083747066226,  30.0          
      5254,  36.177529891398,  32.292088471442,  30.0          
      5255,  36.964263039724,  32.708771260908,  30.0          
      5256,  37.161631639982,  32.917104403424,  30.0          
      5257,  36.76860770544 ,  32.917104403424,  30.0          
      5258,  36.965976305699,  33.125437545938,  30.0          
      5259,  37.754765258549,  33.54207919944 ,  30.0          
      5260,  37.952819003148,  33.750387710427,  30.0          
      5261,  37.559109802728,  33.750387710427,  30.0          
      5262,  37.757163547327,  33.958696221413,  30.0          
      5263,  38.548007633177,  34.3752535493  ,  30.0          
      5264,  38.352351784632,  34.5835023662  ,  30.0          
      5265,  38.746746112236,  34.5835023662  ,  30.0          
      5266,  38.55109026369 ,  34.7917511831  ,  30.0          
      5267,  35.588507982968,  32.083637440885,  30.0          
      5268,  35.392167328727,  31.8752028269  ,  30.0          
      5269,  35.392509981897,  32.291869316502,  30.0          
      5270,  35.196169327656,  32.083434702517,  30.0          
      5271,  36.178557850957,  32.708754770201,  30.0          
      5272,  36.375583784453,  32.917096161662,  30.0          
      5273,  35.982559877022,  32.91707967814 ,  30.0          
      5274,  36.179585810518,  33.125421069602,  30.0          
      5275,  36.967689470392,  33.54207919944 ,  30.0          
      5276,  37.165400602308,  33.750387710427,  30.0          
      5277,  36.771691401889,  33.750387710427,  30.0          
      5278,  36.969402533805,  33.958696221413,  30.0          
      5279,  37.759561492471,  34.3752535493  ,  30.0          
      5280,  37.563563129424,  34.5835023662  ,  30.0          
      5281,  37.957957457028,  34.5835023662  ,  30.0          
      5282,  37.761959093982,  34.7917511831  ,  30.0          
      5283,  35.58953594248 ,  32.916970243951,  30.0          
      5284,  35.392852635068,  32.708535806413,  30.0          
      5285,  35.393195288239,  33.125202296633,  30.0          
      5286,  35.196511980826,  32.916767859095,  30.0          
      5287,  36.180612738425,  33.542064790524,  30.0          
      5288,  36.377981244115,  33.750381536087,  30.0          
      5289,  35.984270128987,  33.750369187406,  30.0          
      5290,  36.181638634677,  33.958685932969,  30.0          
      5291,  36.971115351765,  34.3752535493  ,  30.0          
      5292,  36.774774474217,  34.5835023662  ,  30.0          
      5293,  37.169168801821,  34.5835023662  ,  30.0          
      5294,  36.972827924272,  34.7917511831  ,  30.0          
      5295,  35.590560928567,  33.7502722598  ,  30.0          
      5296,  35.393536950268,  33.541858524138,  30.0          
      5297,  35.393877621155,  33.958504488929,  30.0          
      5298,  35.196853642856,  33.750090753267,  30.0          
      5299,  36.182666318681,  34.375247378143,  30.0          
      5300,  35.985982926631,  34.583496195043,  30.0          
      5301,  36.380379182487,  34.583500309148,  30.0          
      5302,  36.183695790437,  34.791749126048,  30.0          
      5303,  35.394220177975,  34.375120603493,  30.0          
      5304,  35.197196199676,  34.583373534498,  30.0          
      5305,  35.591588599028,  34.583453936826,  30.0          
      5306,  35.394564620728,  34.791706867831,  30.0          
      5307,  50.0           ,  15.986842105264,  30.0          
      5308,  50.0           ,  16.381578947369,  30.0          
      5309,  49.791666666667,  15.789473684211,  30.0          
      5310,  49.375         ,  15.789473684211,  30.0          
      5311,  50.0           ,  16.776315789474,  30.0          
      5312,  50.0           ,  17.171052631579,  30.0          
      5313,  49.791666666667,  16.578947368421,  30.0          
      5314,  49.375         ,  16.578947368421,  30.0          
      5315,  49.166666666667,  15.986842105264,  30.0          
      5316,  49.166666666667,  16.381578947369,  30.0          
      5317,  48.958333333333,  15.789473684211,  30.0          
      5318,  48.541666666667,  15.789473684211,  30.0          
      5319,  50.0           ,  17.565789473684,  30.0          
      5320,  50.0           ,  17.96052631579 ,  30.0          
      5321,  49.791666666667,  17.368421052632,  30.0          
      5322,  49.375         ,  17.368421052632,  30.0          
      5323,  49.166666666667,  16.776315789474,  30.0          
      5324,  49.166666666667,  17.171052631579,  30.0          
      5325,  48.958333333333,  16.578947368421,  30.0          
      5326,  48.541666666667,  16.578947368421,  30.0          
      5327,  48.333333333333,  15.986842105264,  30.0          
      5328,  48.333333333333,  16.381578947369,  30.0          
      5329,  50.0           ,  18.355263157895,  30.0          
      5330,  50.0           ,  18.75          ,  30.0          
      5331,  49.791666666667,  18.157894736842,  30.0          
      5332,  49.375         ,  18.157894736842,  30.0          
      5333,  49.166666666667,  17.565789473684,  30.0          
      5334,  49.166666666667,  17.96052631579 ,  30.0          
      5335,  48.958333333333,  17.368421052632,  30.0          
      5336,  48.541666666667,  17.368421052632,  30.0          
      5337,  48.333333333333,  16.776315789474,  30.0          
      5338,  48.333333333333,  17.171052631579,  30.0          
      5339,  50.0           ,  19.144736842106,  30.0          
      5340,  50.0           ,  19.539473684211,  30.0          
      5341,  49.791666666667,  18.947368421053,  30.0          
      5342,  49.375         ,  18.947368421053,  30.0          
      5343,  49.166666666667,  18.355263157895,  30.0          
      5344,  49.166666666667,  18.75          ,  30.0          
      5345,  48.958333333333,  18.157894736842,  30.0          
      5346,  48.541666666667,  18.157894736842,  30.0          
      5347,  48.333333333333,  17.565789473684,  30.0          
      5348,  48.333333333333,  17.96052631579 ,  30.0          
      5349,  50.0           ,  19.934210526316,  30.0          
      5350,  50.0           ,  20.328947368421,  30.0          
      5351,  49.791666666667,  19.736842105264,  30.0          
      5352,  49.375         ,  19.736842105264,  30.0          
      5353,  49.166666666667,  19.144736842106,  30.0          
      5354,  49.166666666667,  19.539473684211,  30.0          
      5355,  48.958333333333,  18.947368421053,  30.0          
      5356,  48.541666666667,  18.947368421053,  30.0          
      5357,  48.333333333333,  18.355263157895,  30.0          
      5358,  48.333333333333,  18.75          ,  30.0          
      5359,  50.0           ,  20.723684210527,  30.0          
      5360,  50.0           ,  21.118421052632,  30.0          
      5361,  49.791666666667,  20.526315789474,  30.0          
      5362,  49.375         ,  20.526315789474,  30.0          
      5363,  49.166666666667,  19.934210526316,  30.0          
      5364,  49.166666666667,  20.328947368421,  30.0          
      5365,  48.958333333333,  19.736842105264,  30.0          
      5366,  48.541666666667,  19.736842105264,  30.0          
      5367,  48.333333333333,  19.144736842106,  30.0          
      5368,  48.333333333333,  19.539473684211,  30.0          
      5369,  50.0           ,  21.513157894737,  30.0          
      5370,  50.0           ,  21.907894736842,  30.0          
      5371,  49.791666666667,  21.315789473684,  30.0          
      5372,  49.375         ,  21.315789473684,  30.0          
      5373,  49.166666666667,  20.723684210527,  30.0          
      5374,  49.166666666667,  21.118421052632,  30.0          
      5375,  48.958333333333,  20.526315789474,  30.0          
      5376,  48.541666666667,  20.526315789474,  30.0          
      5377,  48.333333333333,  19.934210526316,  30.0          
      5378,  48.333333333333,  20.328947368421,  30.0          
      5379,  50.0           ,  22.302631578948,  30.0          
      5380,  50.0           ,  22.697368421053,  30.0          
      5381,  49.791666666667,  22.105263157895,  30.0          
      5382,  49.375         ,  22.105263157895,  30.0          
      5383,  49.166666666667,  21.513157894737,  30.0          
      5384,  49.166666666667,  21.907894736842,  30.0          
      5385,  48.958333333333,  21.315789473684,  30.0          
      5386,  48.541666666667,  21.315789473684,  30.0          
      5387,  48.333333333333,  20.723684210527,  30.0          
      5388,  48.333333333333,  21.118421052632,  30.0          
      5389,  50.0           ,  23.092105263158,  30.0          
      5390,  50.0           ,  23.486842105264,  30.0          
      5391,  49.791666666667,  22.894736842106,  30.0          
      5392,  49.375         ,  22.894736842106,  30.0          
      5393,  49.166666666667,  22.302631578948,  30.0          
      5394,  49.166666666667,  22.697368421053,  30.0          
      5395,  48.958333333333,  22.105263157895,  30.0          
      5396,  48.541666666667,  22.105263157895,  30.0          
      5397,  48.333333333333,  21.513157894737,  30.0          
      5398,  48.333333333333,  21.907894736842,  30.0          
      5399,  50.0           ,  23.881578947369,  30.0          
      5400,  50.0           ,  24.276315789474,  30.0          
      5401,  49.791666666667,  23.684210526316,  30.0          
      5402,  49.375         ,  23.684210526316,  30.0          
      5403,  49.166666666667,  23.092105263158,  30.0          
      5404,  49.166666666667,  23.486842105264,  30.0          
      5405,  48.958333333333,  22.894736842106,  30.0          
      5406,  48.541666666667,  22.894736842106,  30.0          
      5407,  48.333333333333,  22.302631578948,  30.0          
      5408,  48.333333333333,  22.697368421053,  30.0          
      5409,  50.0           ,  24.671052631579,  30.0          
      5410,  50.0           ,  25.065789473684,  30.0          
      5411,  49.791666666667,  24.473684210527,  30.0          
      5412,  49.375         ,  24.473684210527,  30.0          
      5413,  49.166666666667,  23.881578947369,  30.0          
      5414,  49.166666666667,  24.276315789474,  30.0          
      5415,  48.958333333333,  23.684210526316,  30.0          
      5416,  48.541666666667,  23.684210526316,  30.0          
      5417,  48.333333333333,  23.092105263158,  30.0          
      5418,  48.333333333333,  23.486842105263,  30.0          
      5419,  50.0           ,  25.46052631579 ,  30.0          
      5420,  50.0           ,  25.855263157895,  30.0          
      5421,  49.791666666667,  25.263157894737,  30.0          
      5422,  49.375         ,  25.263157894737,  30.0          
      5423,  49.166666666667,  24.671052631579,  30.0          
      5424,  49.166666666667,  25.065789473684,  30.0          
      5425,  48.958333333333,  24.473684210527,  30.0          
      5426,  48.541666666667,  24.473684210527,  30.0          
      5427,  48.333333333333,  23.881578947369,  30.0          
      5428,  48.333333333333,  24.276315789474,  30.0          
      5429,  50.0           ,  26.25          ,  30.0          
      5430,  50.0           ,  26.644736842106,  30.0          
      5431,  49.791666666666,  26.052631578948,  30.0          
      5432,  49.375         ,  26.052631578948,  30.0          
      5433,  49.166666666667,  25.46052631579 ,  30.0          
      5434,  49.166666666666,  25.855263157895,  30.0          
      5435,  48.958333333333,  25.263157894737,  30.0          
      5436,  48.541666666667,  25.263157894737,  30.0          
      5437,  48.333333333333,  24.671052631579,  30.0          
      5438,  48.333333333333,  25.065789473684,  30.0          
      5439,  50.0           ,  27.039473684211,  30.0          
      5440,  50.0           ,  27.434210526316,  30.0          
      5441,  49.791666666666,  26.842105263158,  30.0          
      5442,  49.375         ,  26.842105263158,  30.0          
      5443,  49.166666666666,  26.25          ,  30.0          
      5444,  49.166666666666,  26.644736842106,  30.0          
      5445,  48.958333333333,  26.052631578948,  30.0          
      5446,  48.541666666666,  26.052631578948,  30.0          
      5447,  48.333333333333,  25.46052631579 ,  30.0          
      5448,  48.333333333333,  25.855263157895,  30.0          
      5449,  50.0           ,  27.828947368421,  30.0          
      5450,  50.0           ,  28.223684210527,  30.0          
      5451,  49.791666666666,  27.631578947369,  30.0          
      5452,  49.375         ,  27.631578947369,  30.0          
      5453,  49.166666666666,  27.039473684211,  30.0          
      5454,  49.166666666666,  27.434210526316,  30.0          
      5455,  48.958333333333,  26.842105263158,  30.0          
      5456,  48.541666666666,  26.842105263158,  30.0          
      5457,  48.333333333333,  26.25          ,  30.0          
      5458,  48.333333333333,  26.644736842106,  30.0          
      5459,  49.999995088454,  28.620545794011,  30.0          
      5460,  49.999985265363,  29.019532118874,  30.0          
      5461,  49.791666666666,  28.421052631579,  30.0          
      5462,  49.375         ,  28.421052631579,  30.0          
      5463,  49.166666666666,  27.828947368421,  30.0          
      5464,  49.166666666666,  28.223684210527,  30.0          
      5465,  48.958333333333,  27.631578947369,  30.0          
      5466,  48.541666666666,  27.631578947369,  30.0          
      5467,  48.333333333333,  27.039473684211,  30.0          
      5468,  48.333333333333,  27.434210526316,  30.0          
      5469,  49.999940878266,  29.419322051214,  30.0          
      5470,  49.999861927163,  29.81991559103 ,  30.0          
      5471,  49.791739939808,  29.219006257705,  30.0          
      5472,  49.37525911179 ,  29.218968210502,  30.0          
      5473,  49.166754674445,  28.62052677041 ,  30.0          
      5474,  49.166930690002,  29.019475048071,  30.0          
      5475,  48.958333333333,  28.421052631579,  30.0          
      5476,  48.541666666666,  28.421052631579,  30.0          
      5477,  48.333333333333,  27.828947368421,  30.0          
      5478,  48.333333333333,  28.223684210527,  30.0          
      5479,  49.792349929248,  30.020168591619,  30.0          
      5480,  49.377404884521,  30.020081052981,  30.0          
      5481,  49.167747113875,  29.419221211092,  30.0          
      5482,  49.169203946064,  29.819765259472,  30.0          
      5483,  49.999700260676,  30.225081546063,  30.0          
      5484,  49.999455878803,  30.634819916314,  30.0          
      5485,  48.958817213261,  29.218605939847,  30.0          
      5486,  48.542414244221,  29.217919445738,  30.0          
      5487,  48.333553189925,  28.620183523356,  30.0          
      5488,  48.333992903109,  29.018445306908,  30.0          
      5489,  49.172014340297,  30.224954917483,  30.0          
      5490,  49.176178296574,  30.634790185127,  30.0          
      5491,  49.794065334578,  30.839693780817,  30.0          
      5492,  49.383528628002,  30.839703139571,  30.0          
      5493,  48.962056718527,  30.019916067815,  30.0          
      5494,  48.546305431265,  30.019673636121,  30.0          
      5495,  48.335267016685,  29.418070254082,  30.0          
      5496,  48.337375530651,  29.819058364877,  30.0          
      5497,  49.999187611615,  31.045717726401,  30.0          
      5498,  49.998895459111,  31.457774976323,  30.0          
      5499,  48.973244191966,  30.839284688749,  30.0          
      5500,  48.563212026472,  30.838438428351,  30.0          
      5501,  48.343371326657,  30.224168139744,  30.0          
      5502,  48.353254404702,  30.633399578682,  30.0          
      5503,  49.180355803265,  31.045805660094,  30.0          
      5504,  49.184546860368,  31.458001342386,  30.0          
      5505,  49.795722634374,  31.663877496846,  30.0          
      5506,  49.389669137404,  31.66402528797 ,  30.0          
      5507,  49.998665290396,  31.872283376035,  30.0          
      5508,  49.998497105469,  32.289242925537,  30.0          
      5509,  48.156363059644,  30.83704620628 ,  30.0          
      5510,  47.752697291483,  30.835108022537,  30.0          
      5511,  48.36250919782 ,  31.044705099955,  30.0          
      5512,  48.37113570601 ,  31.45808470356 ,  30.0          
      5513,  48.983844031716,  31.66426801399 ,  30.0          
      5514,  48.578247317308,  31.664605674906,  30.0          
      5515,  49.18844552085 ,  31.872556219153,  30.0          
      5516,  49.192051784711,  32.289470290394,  30.0          
      5517,  49.797273488914,  32.49777385672 ,  30.0          
      5518,  49.394994440733,  32.497876169583,  30.0          
      5519,  49.998496184119,  32.706206100432,  30.0          
      5520,  49.998662526346,  33.12317290072 ,  30.0          
      5521,  47.350399252838,  30.834238066483,  30.0          
      5522,  46.94946894371 ,  30.834436338118,  30.0          
      5523,  47.556013539284,  31.042099344916,  30.0          
      5524,  47.566311803046,  31.458020173415,  30.0          
      5525,  48.17445195381 ,  31.665076025939,  30.0          
      5526,  47.772457941221,  31.66567906709 ,  30.0          
      5527,  48.37886908674 ,  31.873179886719,  30.0          
      5528,  48.385709340011,  32.28999064943 ,  30.0          
      5529,  48.992673554143,  32.498044502208,  30.0          
      5530,  48.590310829145,  32.498278854593,  30.0          
      5531,  49.195312417523,  32.70634865222 ,  30.0          
      5532,  49.198227419287,  33.123191304629,  30.0          
      5533,  49.798980503137,  33.331645383357,  30.0          
      5534,  49.399450114492,  33.331623548341,  30.0          
      5535,  49.998895913144,  33.540134528154,  30.0          
      5536,  49.999196344513,  33.957090982734,  30.0          
      5537,  46.551776094167,  30.834414836634,  30.0          
      5538,  46.15732070421 ,  30.834173562032,  30.0          
      5539,  46.754393880797,  31.042643502597,  30.0          
      5540,  46.765174064099,  31.45885955992 ,  30.0          
      5541,  47.371236740133,  31.666227337894,  30.0          
      5542,  46.970788350544,  31.666720838352,  30.0          
      5543,  47.575705359679,  31.874251781765,  30.0          
      5544,  47.584194209182,  32.290794169964,  30.0          
      5545,  48.188956758468,  32.498563364105,  30.0          
      5546,  47.788611342112,  32.498898030744,  30.0          
      5547,  48.39194689816 ,  32.706727035952,  30.0          
      5548,  48.397581761187,  33.123389046285,  30.0          
      5549,  48.999863488302,  33.331639485988,  30.0          
      5550,  48.600220624567,  33.331693196297,  30.0          
      5551,  49.201040947841,  33.54007575666 ,  30.0          
      5552,  49.203753003186,  33.957002008312,  30.0          
      5553,  49.800787177863,  34.165543191052,  30.0          
      5554,  49.403668413193,  34.16549115311 ,  30.0          
      5555,  45.763588571056,  30.833958077588,  30.0          
      5556,  45.370579694705,  30.833768383301,  30.0          
      5557,  45.965095107718,  31.042322462896,  30.0          
      5558,  45.975099304692,  31.458861539228,  30.0          
      5559,  46.572948467608,  31.667008460784,  30.0          
      5560,  46.177717091322,  31.66709020519 ,  30.0          
      5561,  46.775302462684,  31.875162057434,  30.0          
      5562,  46.784779076552,  32.29155099514 ,  30.0          
      5563,  47.388708321322,  32.499235389046,  30.0          
      5564,  46.989247696098,  32.49957543901 ,  30.0          
      5565,  47.592156701066,  32.70733671411 ,  30.0          
      5566,  47.59959283533 ,  33.123879414203,  30.0          
      5567,  48.201127120141,  33.331827729651,  30.0          
      5568,  47.802582975022,  33.33204308605 ,  30.0          
      5569,  48.402988779723,  33.540142865267,  30.0          
      5570,  48.408167953768,  33.956988492898,  30.0          
      5571,  49.006521158341,  34.165451677282,  30.0          
      5572,  48.609345413307,  34.16542476357 ,  30.0          
      5573,  44.978419963135,  30.833673536158,  30.0          
      5574,  44.587109376345,  30.833673536158,  30.0          
      5575,  45.178530279635,  31.042031539869,  30.0          
      5576,  45.187440325846,  31.458747547292,  30.0          
      5577,  45.783049889622,  31.667124695796,  30.0          
      5578,  45.388946862509,  31.6671119326  ,  30.0          
      5579,  45.984775851251,  31.87540510106 ,  30.0          
      5580,  45.994124747396,  32.291953148393,  30.0          
      5581,  46.591837836482,  32.499865891009,  30.0          
      5582,  46.196478742473,  32.500106745043,  30.0          
      5583,  46.793979442145,  32.708018730908,  30.0          
      5584,  46.802903559462,  33.124565264738,  30.0          
      5585,  47.404324581377,  33.3323227061  ,  30.0          
      5586,  47.006351939206,  33.332666589802,  30.0          
      5587,  47.606855873957,  33.540533131967,  30.0          
      5588,  47.613945816946,  33.957297867402,  30.0          
      5589,  48.212440852702,  34.165478538816,  30.0          
      5590,  47.815807476528,  34.165613003018,  30.0          
      5591,  44.195798789556,  30.833673536158,  30.0          
      5592,  43.804488202766,  30.833673536158,  30.0          
      5593,  44.395566411971,  31.042031539869,  30.0          
      5594,  44.403791070012,  31.458747547292,  30.0          
      5595,  44.995897361472,  31.667105551003,  30.0          
      5596,  44.603901386513,  31.667105551003,  30.0          
      5597,  45.196349840472,  31.87543869285 ,  30.0          
      5598,  45.205258823512,  32.292104976546,  30.0          
      5599,  45.801527725359,  32.500279908643,  30.0          
      5600,  45.40698478514 ,  32.50038538181 ,  30.0          
      5601,  46.00332078428 ,  32.708540989153,  30.0          
      5602,  46.012363961903,  33.12516862334 ,  30.0          
      5603,  46.609745601269,  33.332999508848,  30.0          
      5604,  46.214505567566,  33.333321463238,  30.0          
      5605,  46.81172391345 ,  33.541179687662,  30.0          
      5606,  46.820440504109,  33.957861999679,  30.0          
      5607,  47.41931779119 ,  34.165810965262,  30.0          
      5608,  47.022971796689,  34.166072425545,  30.0          
      5609,  43.413177615976,  30.833673536158,  30.0          
      5610,  43.021867029187,  30.833673536158,  30.0          
      5611,  43.612602544307,  31.042031539869,  30.0          
      5612,  43.620141814178,  31.458747547292,  30.0          
      5613,  44.211905411553,  31.667105551003,  30.0          
      5614,  43.819909436593,  31.667105551003,  30.0          
      5615,  44.412015237359,  31.87543869285 ,  30.0          
      5616,  44.420238914011,  32.292104976546,  30.0          
      5617,  45.013372674358,  32.500438118394,  30.0          
      5618,  44.62069139301 ,  32.500438118394,  30.0          
      5619,  45.214167806565,  32.708771260909,  30.0          
      5620,  45.223076789633,  33.125437545938,  30.0          
      5621,  45.819546983328,  33.333554502438,  30.0          
      5622,  45.424869848554,  33.333698626448,  30.0          
      5623,  46.021362301695,  33.541794496012,  30.0          
      5624,  46.030315803655,  33.958418607171,  30.0          
      5625,  46.627297238238,  34.166335032453,  30.0          
      5626,  46.232294115836,  34.166598785985,  30.0          
      5627,  42.630556442397,  30.833673536158,  30.0          
      5628,  42.239245855608,  30.833673536158,  30.0          
      5629,  42.829638676642,  31.042031539869,  30.0          
      5630,  42.836492558343,  31.458747547292,  30.0          
      5631,  43.427913461634,  31.667105551003,  30.0          
      5632,  43.035917486674,  31.667105551003,  30.0          
      5633,  43.627680634246,  31.87543869285 ,  30.0          
      5634,  43.63521900451 ,  32.292104976546,  30.0          
      5635,  44.228010111663,  32.500438118394,  30.0          
      5636,  43.835328830316,  32.500438118394,  30.0          
      5637,  44.428462590676,  32.708771260909,  30.0          
      5638,  44.436686267354,  33.125437545938,  30.0          
      5639,  45.030847987299,  33.333770688454,  30.0          
      5640,  44.637481399562,  33.333770688454,  30.0          
      5641,  45.23198524604 ,  33.54207919944 ,  30.0          
      5642,  45.240893175787,  33.958696221413,  30.0          
      5643,  45.837431201141,  34.166799180163,  30.0          
      5644,  45.442708494154,  34.166936214988,  30.0          
      5645,  41.847935268818,  30.833673536158,  30.0          
      5646,  41.456624682028,  30.833673536158,  30.0          
      5647,  42.046674808978,  31.042031539869,  30.0          
      5648,  42.052843302509,  31.458747547292,  30.0          
      5649,  42.643921511714,  31.667105551003,  30.0          
      5650,  42.251925536754,  31.667105551003,  30.0          
      5651,  42.843346031132,  31.87543869285 ,  30.0          
      5652,  42.850199095009,  32.292104976546,  30.0          
      5653,  43.442647548968,  32.500438118394,  30.0          
      5654,  43.049966267621,  32.500438118394,  30.0          
      5655,  43.642757374786,  32.708771260909,  30.0          
      5656,  43.650295745074,  33.125437545938,  30.0          
      5657,  44.244114811824,  33.333770688454,  30.0          
      5658,  43.850748224087,  33.333770688454,  30.0          
      5659,  44.444909457884,  33.54207919944 ,  30.0          
      5660,  44.453132162264,  33.958696221413,  30.0          
      5661,  45.048321234108,  34.1670047324  ,  30.0          
      5662,  44.654269421006,  34.1670047324  ,  30.0          
      5663,  41.065314095239,  30.833673536158,  30.0          
      5664,  40.674003508449,  30.833673536158,  30.0          
      5665,  41.263710941314,  31.042031539869,  30.0          
      5666,  41.269194046675,  31.458747547292,  30.0          
      5667,  41.859929561795,  31.667105551003,  30.0          
      5668,  41.467933586835,  31.667105551003,  30.0          
      5669,  42.059011428019,  31.87543869285 ,  30.0          
      5670,  42.065179185508,  32.292104976546,  30.0          
      5671,  42.657284986273,  32.500438118394,  30.0          
      5672,  42.264603704926,  32.500438118394,  30.0          
      5673,  42.857052158896,  32.708771260909,  30.0          
      5674,  42.863905222795,  33.125437545938,  30.0          
      5675,  43.45738163635 ,  33.333770688454,  30.0          
      5676,  43.064015048613,  33.333770688454,  30.0          
      5677,  43.657833669726,  33.54207919944 ,  30.0          
      5678,  43.665371148742,  33.958696221413,  30.0          
      5679,  44.260217607904,  34.1670047324  ,  30.0          
      5680,  43.866165794802,  34.1670047324  ,  30.0          
      5681,  40.28269292166 ,  30.833673536158,  30.0          
      5682,  39.89138233487 ,  30.833673536158,  30.0          
      5683,  40.48074707365 ,  31.042031539869,  30.0          
      5684,  40.48554479084 ,  31.458747547292,  30.0          
      5685,  41.075937611875,  31.667105551003,  30.0          
      5686,  40.683941636916,  31.667105551003,  30.0          
      5687,  41.274676824906,  31.87543869285 ,  30.0          
      5688,  41.280159276007,  32.292104976546,  30.0          
      5689,  41.871922423579,  32.500438118394,  30.0          
      5690,  41.479241142231,  32.500438118394,  30.0          
      5691,  42.071346943007,  32.708771260909,  30.0          
      5692,  42.077514700515,  33.125437545938,  30.0          
      5693,  42.670648460876,  33.333770688454,  30.0          
      5694,  42.277281873138,  33.333770688454,  30.0          
      5695,  42.87075788157 ,  33.54207919944 ,  30.0          
      5696,  42.87761013522 ,  33.958696221413,  30.0          
      5697,  43.472113981699,  34.1670047324  ,  30.0          
      5698,  43.078062168597,  34.1670047324  ,  30.0          
      5699,  39.50007174808 ,  30.833673536158,  30.0          
      5700,  39.108761161291,  30.833673536158,  30.0          
      5701,  39.697783205985,  31.042031539869,  30.0          
      5702,  39.701895535006,  31.458747547292,  30.0          
      5703,  40.291945661956,  31.667105551003,  30.0          
      5704,  39.899949686996,  31.667105551003,  30.0          
      5705,  40.490342221792,  31.87543869285 ,  30.0          
      5706,  40.495139366506,  32.292104976546,  30.0          
      5707,  41.086559860884,  32.500438118394,  30.0          
      5708,  40.693878579537,  32.500438118394,  30.0          
      5709,  41.285641727117,  32.708771260909,  30.0          
      5710,  41.291124178236,  33.125437545938,  30.0          
      5711,  41.883915285401,  33.333770688453,  30.0          
      5712,  41.490548697664,  33.333770688453,  30.0          
      5713,  42.083682093413,  33.54207919944 ,  30.0          
      5714,  42.089849121698,  33.958696221413,  30.0          
      5715,  42.684010355495,  34.1670047324  ,  30.0          
      5716,  42.289958542392,  34.1670047324  ,  30.0          
      5717,  38.717450574501,  30.833673536158,  30.0          
      5718,  38.326139987712,  30.833673536158,  30.0          
      5719,  38.914819338321,  31.042031539869,  30.0          
      5720,  38.918246279172,  31.458747547291,  30.0          
      5721,  39.507953712036,  31.667105551003,  30.0          
      5722,  39.115957737077,  31.667105551003,  30.0          
      5723,  39.706007618679,  31.87543869285 ,  30.0          
      5724,  39.710119457005,  32.292104976546,  30.0          
      5725,  40.301197298189,  32.500438118394,  30.0          
      5726,  39.908516016842,  32.500438118394,  30.0          
      5727,  40.499936511227,  32.708771260909,  30.0          
      5728,  40.504733655956,  33.125437545938,  30.0          
      5729,  41.097182109927,  33.333770688453,  30.0          
      5730,  40.703815522189,  33.333770688453,  30.0          
      5731,  41.296606305256,  33.54207919944 ,  30.0          
      5732,  41.302088108176,  33.958696221413,  30.0          
      5733,  41.89590672929 ,  34.1670047324  ,  30.0          
      5734,  41.501854916188,  34.1670047324  ,  30.0          
      5735,  37.934829400922,  30.833673536158,  30.0          
      5736,  37.543518814132,  30.833673536158,  30.0          
      5737,  38.131855470657,  31.042031539869,  30.0          
      5738,  38.134597023337,  31.458747547291,  30.0          
      5739,  38.723961762117,  31.667105551003,  30.0          
      5740,  38.331965787157,  31.667105551003,  30.0          
      5741,  38.921673015566,  31.87543869285 ,  30.0          
      5742,  38.925099547504,  32.292104976546,  30.0          
      5743,  39.515834735494,  32.500438118394,  30.0          
      5744,  39.123153454147,  32.500438118394,  30.0          
      5745,  39.714231295338,  32.708771260908,  30.0          
      5746,  39.718343133677,  33.125437545938,  30.0          
      5747,  40.310448934452,  33.333770688453,  30.0          
      5748,  39.917082346715,  33.333770688453,  30.0          
      5749,  40.509530517099,  33.54207919944 ,  30.0          
      5750,  40.514327094654,  33.958696221413,  30.0          
      5751,  41.107803103086,  34.1670047324  ,  30.0          
      5752,  40.713751289983,  34.1670047324  ,  30.0          
      5753,  37.152208227343,  30.833673536158,  30.0          
      5754,  36.760897640553,  30.833673536158,  30.0          
      5755,  37.348891602993,  31.042031539869,  30.0          
      5756,  37.350947767503,  31.458747547291,  30.0          
      5757,  37.939969812198,  31.667105551002,  30.0          
      5758,  37.547973837238,  31.667105551002,  30.0          
      5759,  38.137338412453,  31.87543869285 ,  30.0          
      5760,  38.140079638003,  32.292104976546,  30.0          
      5761,  38.7304721728  ,  32.500438118394,  30.0          
      5762,  38.337790891452,  32.500438118394,  30.0          
      5763,  38.928526079448,  32.708771260908,  30.0          
      5764,  38.931952611397,  33.125437545938,  30.0          
      5765,  39.523715758978,  33.333770688453,  30.0          
      5766,  39.130349171241,  33.333770688453,  30.0          
      5767,  39.722454728942,  33.54207919944 ,  30.0          
      5768,  39.726566081132,  33.958696221413,  30.0          
      5769,  40.319699476881,  34.1670047324  ,  30.0          
      5770,  39.925647663779,  34.1670047324  ,  30.0          
      5771,  36.36958901267 ,  30.833669401272,  30.0          
      5772,  35.978282343694,  30.833661131501,  30.0          
      5773,  36.565927735328,  31.042031539869,  30.0          
      5774,  36.567298511669,  31.458747547291,  30.0          
      5775,  37.155977862278,  31.667105551002,  30.0          
      5776,  36.763981887318,  31.667105551002,  30.0          
      5777,  37.35300380934 ,  31.87543869285 ,  30.0          
      5778,  37.355059728502,  32.292104976546,  30.0          
      5779,  37.945109610105,  32.500438118394,  30.0          
      5780,  37.552428328758,  32.500438118394,  30.0          
      5781,  38.142820863558,  32.708771260908,  30.0          
      5782,  38.145562089118,  33.125437545938,  30.0          
      5783,  38.736982583503,  33.333770688453,  30.0          
      5784,  38.343615995766,  33.333770688453,  30.0          
      5785,  38.935378940785,  33.54207919944 ,  30.0          
      5786,  38.93880506761 ,  33.958696221413,  30.0          
      5787,  39.531595850676,  34.1670047324  ,  30.0          
      5788,  39.137544037574,  34.1670047324  ,  30.0          
      5789,  35.782969757975,  31.042010871844,  30.0          
      5790,  35.783651255514,  31.458718622302,  30.0          
      5791,  36.37198592595 ,  31.667097287635,  30.0          
      5792,  35.979989978172,  31.667080760899,  30.0          
      5793,  36.568669206226,  31.87543869285 ,  30.0          
      5794,  36.570039819002,  32.292104976546,  30.0          
      5795,  37.15974704741 ,  32.500438118394,  30.0          
      5796,  36.767065766063,  32.500438118394,  30.0          
      5797,  37.357115647669,  32.708771260908,  30.0          
      5798,  37.359171566838,  33.125437545938,  30.0          
      5799,  37.950249408029,  33.333770688453,  30.0          
      5800,  37.556882820292,  33.333770688453,  30.0          
      5801,  38.148303152628,  33.54207919944 ,  30.0          
      5802,  38.151044054088,  33.958696221413,  30.0          
      5803,  38.743492224472,  34.1670047324  ,  30.0          
      5804,  38.349440411369,  34.1670047324  ,  30.0          
      5805,  35.784334657454,  31.8754056538  ,  30.0          
      5806,  35.785019963794,  32.292071966338,  30.0          
      5807,  36.374384498283,  32.500429869447,  30.0          
      5808,  35.98170324407 ,  32.500413371554,  30.0          
      5809,  36.571410431779,  32.708771260908,  30.0          
      5810,  36.572781044559,  33.125437545938,  30.0          
      5811,  37.163516232554,  33.333770688453,  30.0          
      5812,  36.770149644817,  33.333770688453,  30.0          
      5813,  37.361227364471,  33.54207919944 ,  30.0          
      5814,  37.363283040566,  33.958696221413,  30.0          
      5815,  37.955388598267,  34.1670047324  ,  30.0          
      5816,  37.561336785165,  34.1670047324  ,  30.0          
      5817,  35.785705270135,  32.708738279493,  30.0          
      5818,  35.786390576478,  33.125404593265,  30.0          
      5819,  36.376783070624,  33.333762453878,  30.0          
      5820,  35.983416509974,  33.333745984727,  30.0          
      5821,  36.574151576314,  33.54207919944 ,  30.0          
      5822,  36.575522027044,  33.958696221413,  30.0          
      5823,  37.167284972062,  34.1670047324  ,  30.0          
      5824,  36.77323315896 ,  34.1670047324  ,  30.0          
      5825,  35.787073900536,  33.542050381609,  30.0          
      5826,  35.78775524231 ,  33.958675644524,  30.0          
      5827,  36.379179417606,  34.167000618295,  30.0          
      5828,  35.985123748   ,  34.166992390086,  30.0          
      5829,  35.586971756904,  30.833576080795,  30.0          
      5830,  35.195657252301,  30.833414249154,  30.0          
      5831,  35.587994003213,  31.666971039815,  30.0          
      5832,  35.195998001071,  31.666768124383,  30.0          
      5833,  35.589021962723,  32.500303841955,  30.0          
      5834,  35.196340654241,  32.500101280652,  30.0          
      5835,  35.590049922237,  33.333636645947,  30.0          
      5836,  35.196683307412,  33.333434437538,  30.0          
      5837,  35.591071934897,  34.166907873653,  30.0          
      5838,  35.197023978299,  34.166747068996,  30.0          
      5839,  35.78844035595 ,  34.375241206986,  30.0          
      5840,  35.789129241457,  34.791747068996,  30.0          
      5841,  35.197368421052,  35.0           ,  30.0          
      5842,  35.592105263158,  35.0           ,  30.0          
      5843,  36.576892281412,  34.3752535493  ,  30.0          
      5844,  36.578262339418,  34.7917511831  ,  30.0          
      5845,  35.986842105263,  35.0           ,  30.0          
      5846,  36.381578947368,  35.0           ,  30.0          
      5847,  37.365338422118,  34.3752535493  ,  30.0          
      5848,  37.367393509127,  34.7917511831  ,  30.0          
      5849,  36.776315789474,  35.0           ,  30.0          
      5850,  37.171052631579,  35.0           ,  30.0          
      5851,  38.153784562824,  34.3752535493  ,  30.0          
      5852,  38.156524678836,  34.7917511831  ,  30.0          
      5853,  37.565789473684,  35.0           ,  30.0          
      5854,  37.960526315789,  35.0           ,  30.0          
      5855,  38.94223070353 ,  34.3752535493  ,  30.0          
      5856,  38.945655848545,  34.7917511831  ,  30.0          
      5857,  38.355263157894,  35.0           ,  30.0          
      5858,  38.75          ,  35.0           ,  30.0          
      5859,  20.416666666667,  17.171052631579,  30.0          
      5860,  20.416666666667,  16.776315789474,  30.0          
      5861,  20.625         ,  16.973684210526,  30.0          
      5862,  21.041666666667,  17.763157894737,  30.0          
      5863,  21.25          ,  17.96052631579 ,  30.0          
      5864,  21.25          ,  17.565789473684,  30.0          
      5865,  21.458333333333,  17.763157894737,  30.0          
      5866,  22.291666666667,  18.552631578947,  30.0          
      5867,  22.083333333333,  18.355263157895,  30.0          
      5868,  22.083333333333,  18.75          ,  30.0          
      5869,  21.875         ,  18.552631578947,  30.0          
      5870,  34.609202623849,  30.208373791244,  30.0          
      5871,  34.413545371548,  30.416788040398,  30.0          
      5872,  34.804515123849,  30.416707124577,  30.0          
      5873,  34.608857871548,  30.625121373731,  30.0          
      5874,  20.208333333333,  16.184210526316,  30.0          
      5875,  20.416666666667,  16.381578947368,  30.0          
      5876,  20.416666666667,  15.986842105263,  30.0          
      5877,  20.625         ,  16.184210526316,  30.0          
      5878,  21.041666666667,  16.973684210526,  30.0          
      5879,  21.25          ,  17.171052631579,  30.0          
      5880,  21.25          ,  16.776315789474,  30.0          
      5881,  21.458333333333,  16.973684210526,  30.0          
      5882,  22.291666666667,  17.763157894737,  30.0          
      5883,  22.083333333333,  17.565789473684,  30.0          
      5884,  22.083333333333,  17.96052631579 ,  30.0          
      5885,  21.875         ,  17.763157894737,  30.0          
      5886,  20.416666666667,  15.197368421053,  30.0          
      5887,  20.208333333333,  15.394736842105,  30.0          
      5888,  20.625         ,  15.394736842105,  30.0          
      5889,  20.416666666667,  15.592105263158,  30.0          
      5890,  21.041666666667,  16.184210526316,  30.0          
      5891,  21.25          ,  16.381578947368,  30.0          
      5892,  21.25          ,  15.986842105263,  30.0          
      5893,  21.458333333333,  16.184210526316,  30.0          
      5894,  22.291666666667,  16.973684210526,  30.0          
      5895,  22.083333333333,  16.776315789474,  30.0          
      5896,  22.083333333333,  17.171052631579,  30.0          
      5897,  21.875         ,  16.973684210526,  30.0          
      5898,  21.25          ,  15.197368421053,  30.0          
      5899,  21.041666666667,  15.394736842105,  30.0          
      5900,  21.458333333333,  15.394736842105,  30.0          
      5901,  21.25          ,  15.592105263158,  30.0          
      5902,  22.291666666667,  16.184210526316,  30.0          
      5903,  22.083333333333,  15.986842105263,  30.0          
      5904,  22.083333333333,  16.381578947368,  30.0          
      5905,  21.875         ,  16.184210526316,  30.0          
      5906,  22.083333333333,  15.197368421053,  30.0          
      5907,  21.875         ,  15.394736842105,  30.0          
      5908,  22.291666666667,  15.394736842105,  30.0          
      5909,  22.083333333333,  15.592105263158,  30.0          
*ELEMENT,TYPE=S4
         1,        42,      1269,      5005,       636
         2,       635,        43,      1270,      5006
         3,        43,       386,        38,      1270
         4,      1270,        38,       638,      5004
         5,      5006,      1270,      5004,      1008
         6,      1008,      5004,      1271,      5003
         7,      5004,       638,        37,      1271
         8,      1271,        37,       461,      5608
         9,      5003,      1271,      5608,       782
        10,       636,      5005,      1272,        41
        11,      5005,      1008,      5003,      1272
        12,      1272,      5003,       782,      5607
        13,        41,      1272,      5607,       466
        14,       461,      5625,      1273,      5606
        15,      5625,       773,      5002,      1273
        16,      1273,      5002,      1009,      5000
        17,      5606,      1273,      5000,       783
        18,       773,      5626,      1274,      5002
        19,      5626,       456,      5624,      1274
        20,      1274,      5624,       774,      5001
        21,      5002,      1274,      5001,      1009
        22,      1009,      5001,      1275,      4999
        23,      5001,       774,      5623,      1275
        24,      1275,      5623,       462,      5604
        25,      4999,      1275,      5604,       784
        26,       783,      5000,      1276,      5605
        27,      5000,      1009,      4999,      1276
        28,      1276,      4999,       784,      5603
        29,      5605,      1276,      5603,       467
        30,       462,      5621,      1277,      5602
        31,      5621,       775,      4998,      1277
        32,      1277,      4998,      1010,      4996
        33,      5602,      1277,      4996,       785
        34,       775,      5622,      1278,      4998
        35,      5622,       457,      5620,      1278
        36,      1278,      5620,       776,      4997
        37,      4998,      1278,      4997,      1010
        38,      1010,      4997,      1279,      4995
        39,      4997,       776,      5619,      1279
        40,      1279,      5619,       463,      5600
        41,      4995,      1279,      5600,       786
        42,       785,      4996,      1280,      5601
        43,      4996,      1010,      4995,      1280
        44,      1280,      4995,       786,      5599
        45,      5601,      1280,      5599,       468
        46,       464,      5596,      1281,      5615
        47,      5596,       788,      4991,      1281
        48,      1281,      4991,      1011,      4993
        49,      5615,      1281,      4993,       778
        50,       788,      5595,      1282,      4991
        51,      5595,       469,      5597,      1282
        52,      1282,      5597,       787,      4992
        53,      4991,      1282,      4992,      1011
        54,      1011,      4992,      1283,      4994
        55,      4992,       787,      5598,      1283
        56,      1283,      5598,       463,      5617
        57,      4994,      1283,      5617,       777
        58,       778,      4993,      1284,      5616
        59,      4993,      1011,      4994,      1284
        60,      1284,      4994,       777,      5618
        61,      5616,      1284,      5618,       458
        62,       464,      5613,      1285,      5594
        63,      5613,       779,      4990,      1285
        64,      1285,      4990,      1012,      4988
        65,      5594,      1285,      4988,       789
        66,       779,      5614,      1286,      4990
        67,      5614,       459,      5612,      1286
        68,      1286,      5612,       780,      4989
        69,      4990,      1286,      4989,      1012
        70,      1012,      4989,      1287,      4987
        71,      4989,       780,      5611,      1287
        72,      1287,      5611,       465,      5592
        73,      4987,      1287,      5592,       790
        74,       789,      4988,      1288,      5593
        75,      4988,      1012,      4987,      1288
        76,      1288,      4987,       790,      5591
        77,      5593,      1288,      5591,       470
        78,       465,      5609,      1289,       169
        79,      5609,       781,      4983,      1289
        80,      1289,      4983,      1013,      4984
        81,       169,      1289,      4984,       575
        82,       781,      5610,      1290,      4983
        83,      5610,       460,       173,      1290
        84,      1290,       173,       573,      4985
        85,      4983,      1290,      4985,      1013
        86,      1013,      4985,      1291,      4986
        87,      4985,       573,       174,      1291
        88,      1291,       174,      4773,       176
        89,      4986,      1291,       176,       572
        90,       575,      4984,      1292,       170
        91,      4984,      1013,      4986,      1292
        92,      1292,      4986,       572,       175
        93,       170,      1292,       175,      4774
        94,       384,        48,      1293,        46
        95,        48,       633,      4982,      1293
        96,      1293,      4982,      1014,      4981
        97,        46,      1293,      4981,       634
        98,       633,        47,      1294,      4982
        99,        47,       385,        42,      1294
       100,      1294,        42,       636,      4980
       101,      4982,      1294,      4980,      1014
       102,      1014,      4980,      1295,      4979
       103,      4980,       636,        41,      1295
       104,      1295,        41,       466,      5590
       105,      4979,      1295,      5590,       791
       106,       634,      4981,      1296,        45
       107,      4981,      1014,      4979,      1296
       108,      1296,      4979,       791,      5589
       109,        45,      1296,      5589,       471
       110,       466,      5607,      1297,      5588
       111,      5607,       782,      4978,      1297
       112,      1297,      4978,      1015,      4976
       113,      5588,      1297,      4976,       792
       114,       782,      5608,      1298,      4978
       115,      5608,       461,      5606,      1298
       116,      1298,      5606,       783,      4977
       117,      4978,      1298,      4977,      1015
       118,      1015,      4977,      1299,      4975
       119,      4977,       783,      5605,      1299
       120,      1299,      5605,       467,      5586
       121,      4975,      1299,      5586,       793
       122,       792,      4976,      1300,      5587
       123,      4976,      1015,      4975,      1300
       124,      1300,      4975,       793,      5585
       125,      5587,      1300,      5585,       472
       126,       467,      5603,      1301,      5584
       127,      5603,       784,      4974,      1301
       128,      1301,      4974,      1016,      4972
       129,      5584,      1301,      4972,       794
       130,       784,      5604,      1302,      4974
       131,      5604,       462,      5602,      1302
       132,      1302,      5602,       785,      4973
       133,      4974,      1302,      4973,      1016
       134,      1016,      4973,      1303,      4971
       135,      4973,       785,      5601,      1303
       136,      1303,      5601,       468,      5582
       137,      4971,      1303,      5582,       795
       138,       794,      4972,      1304,      5583
       139,      4972,      1016,      4971,      1304
       140,      1304,      4971,       795,      5581
       141,      5583,      1304,      5581,       473
       142,       469,      5578,      1305,      5597
       143,      5578,       797,      4967,      1305
       144,      1305,      4967,      1017,      4969
       145,      5597,      1305,      4969,       787
       146,       797,      5577,      1306,      4967
       147,      5577,       474,      5579,      1306
       148,      1306,      5579,       796,      4968
       149,      4967,      1306,      4968,      1017
       150,      1017,      4968,      1307,      4970
       151,      4968,       796,      5580,      1307
       152,      1307,      5580,       468,      5599
       153,      4970,      1307,      5599,       786
       154,       787,      4969,      1308,      5598
       155,      4969,      1017,      4970,      1308
       156,      1308,      4970,       786,      5600
       157,      5598,      1308,      5600,       463
       158,       470,      5574,      1309,      5593
       159,      5574,       799,      4963,      1309
       160,      1309,      4963,      1018,      4965
       161,      5593,      1309,      4965,       789
       162,       799,      5573,      1310,      4963
       163,      5573,       475,      5575,      1310
       164,      1310,      5575,       798,      4964
       165,      4963,      1310,      4964,      1018
       166,      1018,      4964,      1311,      4966
       167,      4964,       798,      5576,      1311
       168,      1311,      5576,       469,      5595
       169,      4966,      1311,      5595,       788
       170,       789,      4965,      1312,      5594
       171,      4965,      1018,      4966,      1312
       172,      1312,      4966,       788,      5596
       173,      5594,      1312,      5596,       464
       174,       470,      5591,      1313,       165
       175,      5591,       790,      4959,      1313
       176,      1313,      4959,      1019,      4960
       177,       165,      1313,      4960,       577
       178,       790,      5592,      1314,      4959
       179,      5592,       465,       169,      1314
       180,      1314,       169,       575,      4961
       181,      4959,      1314,      4961,      1019
       182,      1019,      4961,      1315,      4962
       183,      4961,       575,       170,      1315
       184,      1315,       170,      4774,       172
       185,      4962,      1315,       172,       574
       186,       577,      4960,      1316,       166
       187,      4960,      1019,      4962,      1316
       188,      1316,      4962,       574,       171
       189,       166,      1316,       171,      4775
       190,       383,        52,      1317,        50
       191,        52,       631,      4958,      1317
       192,      1317,      4958,      1020,      4957
       193,        50,      1317,      4957,       632
       194,       631,        51,      1318,      4958
       195,        51,       384,        46,      1318
       196,      1318,        46,       634,      4956
       197,      4958,      1318,      4956,      1020
       198,      1020,      4956,      1319,      4955
       199,      4956,       634,        45,      1319
       200,      1319,        45,       471,      5572
       201,      4955,      1319,      5572,       800
       202,       632,      4957,      1320,        49
       203,      4957,      1020,      4955,      1320
       204,      1320,      4955,       800,      5571
       205,        49,      1320,      5571,       476
       206,       471,      5589,      1321,      5570
       207,      5589,       791,      4954,      1321
       208,      1321,      4954,      1021,      4952
       209,      5570,      1321,      4952,       801
       210,       791,      5590,      1322,      4954
       211,      5590,       466,      5588,      1322
       212,      1322,      5588,       792,      4953
       213,      4954,      1322,      4953,      1021
       214,      1021,      4953,      1323,      4951
       215,      4953,       792,      5587,      1323
       216,      1323,      5587,       472,      5568
       217,      4951,      1323,      5568,       802
       218,       801,      4952,      1324,      5569
       219,      4952,      1021,      4951,      1324
       220,      1324,      4951,       802,      5567
       221,      5569,      1324,      5567,       477
       222,       472,      5585,      1325,      5566
       223,      5585,       793,      4950,      1325
       224,      1325,      4950,      1022,      4948
       225,      5566,      1325,      4948,       803
       226,       793,      5586,      1326,      4950
       227,      5586,       467,      5584,      1326
       228,      1326,      5584,       794,      4949
       229,      4950,      1326,      4949,      1022
       230,      1022,      4949,      1327,      4947
       231,      4949,       794,      5583,      1327
       232,      1327,      5583,       473,      5564
       233,      4947,      1327,      5564,       804
       234,       803,      4948,      1328,      5565
       235,      4948,      1022,      4947,      1328
       236,      1328,      4947,       804,      5563
       237,      5565,      1328,      5563,       478
       238,       473,      5581,      1329,      5562
       239,      5581,       795,      4946,      1329
       240,      3152,      1667,      3260,      4561
       241,      1329,      4946,      1023,      4944
       242,      5562,      1329,      4944,       805
       243,       795,      5582,      1330,      4946
       244,      5582,       468,      5580,      1330
       245,      1330,      5580,       796,      4945
       246,      4946,      1330,      4945,      1023
       247,      1023,      4945,      1331,      4943
       248,      4945,       796,      5579,      1331
       249,      1331,      5579,       474,      5560
       250,      4943,      1331,      5560,       806
       251,       805,      4944,      1332,      5561
       252,      4944,      1023,      4943,      1332
       253,      1332,      4943,       806,      5559
       254,      5561,      1332,      5559,       479
       255,       475,      5556,      1333,      5575
       256,      5556,       808,      4939,      1333
       257,      1333,      4939,      1024,      4941
       258,      5575,      1333,      4941,       798
       259,       808,      5555,      1334,      4939
       260,      5555,       480,      5557,      1334
       261,      1334,      5557,       807,      4940
       262,      4939,      1334,      4940,      1024
       263,      1024,      4940,      1335,      4942
       264,      4940,       807,      5558,      1335
       265,      1335,      5558,       474,      5577
       266,      4942,      1335,      5577,       797
       267,       798,      4941,      1336,      5576
       268,      4941,      1024,      4942,      1336
       269,      1336,      4942,       797,      5578
       270,      5576,      1336,      5578,       469
       271,       475,      5573,      1337,       160
       272,      5573,       799,      4935,      1337
       273,      1337,      4935,      1025,      4936
       274,       160,      1337,      4936,       579
       275,       799,      5574,      1338,      4935
       276,      5574,       470,       165,      1338
       277,      1338,       165,       577,      4937
       278,      4935,      1338,      4937,      1025
       279,      1025,      4937,      1339,      4938
       280,      4937,       577,       166,      1339
       281,      1339,       166,      4775,       168
       282,      4938,      1339,       168,       576
       283,       579,      4936,      1340,       161
       284,      4936,      1025,      4938,      1340
       285,      1340,      4938,       576,       167
       286,       161,      1340,       167,      4776
       287,       382,        56,      1341,        54
       288,        56,       629,      4934,      1341
       289,      1341,      4934,      1026,      4933
       290,        54,      1341,      4933,       630
       291,       629,        55,      1342,      4934
       292,        55,       383,        50,      1342
       293,      1342,        50,       632,      4932
       294,      4934,      1342,      4932,      1026
       295,      1026,      4932,      1343,      4931
       296,      4932,       632,        49,      1343
       297,      1343,        49,       476,      5554
       298,      4931,      1343,      5554,       809
       299,       630,      4933,      1344,        53
       300,      4933,      1026,      4931,      1344
       301,      1344,      4931,       809,      5553
       302,        53,      1344,      5553,       481
       303,       476,      5571,      1345,      5552
       304,      5571,       800,      4930,      1345
       305,      1345,      4930,      1027,      4928
       306,      5552,      1345,      4928,       810
       307,       800,      5572,      1346,      4930
       308,      5572,       471,      5570,      1346
       309,      1346,      5570,       801,      4929
       310,      4930,      1346,      4929,      1027
       311,      1027,      4929,      1347,      4927
       312,      4929,       801,      5569,      1347
       313,      1347,      5569,       477,      5550
       314,      4927,      1347,      5550,       811
       315,       810,      4928,      1348,      5551
       316,      4928,      1027,      4927,      1348
       317,      1348,      4927,       811,      5549
       318,      5551,      1348,      5549,       482
       319,       477,      5567,      1349,      5548
       320,      5567,       802,      4926,      1349
       321,      1349,      4926,      1028,      4924
       322,      5548,      1349,      4924,       812
       323,       802,      5568,      1350,      4926
       324,      5568,       472,      5566,      1350
       325,      1350,      5566,       803,      4925
       326,      4926,      1350,      4925,      1028
       327,      1028,      4925,      1351,      4923
       328,      4925,       803,      5565,      1351
       329,      1351,      5565,       478,      5546
       330,      4923,      1351,      5546,       813
       331,       812,      4924,      1352,      5547
       332,      4924,      1028,      4923,      1352
       333,      1352,      4923,       813,      5545
       334,      5547,      1352,      5545,       483
       335,       478,      5563,      1353,      5544
       336,      5563,       804,      4922,      1353
       337,      1353,      4922,      1029,      4920
       338,      5544,      1353,      4920,       814
       339,       804,      5564,      1354,      4922
       340,      5564,       473,      5562,      1354
       341,      1354,      5562,       805,      4921
       342,      4922,      1354,      4921,      1029
       343,      1029,      4921,      1355,      4919
       344,      4921,       805,      5561,      1355
       345,      1355,      5561,       479,      5542
       346,      4919,      1355,      5542,       815
       347,       814,      4920,      1356,      5543
       348,      4920,      1029,      4919,      1356
       349,      1356,      4919,       815,      5541
       350,      5543,      1356,      5541,       484
       351,       479,      5559,      1357,      5540
       352,      5559,       806,      4918,      1357
       353,      1357,      4918,      1030,      4916
       354,      5540,      1357,      4916,       816
       355,       806,      5560,      1358,      4918
       356,      5560,       474,      5558,      1358
       357,      1358,      5558,       807,      4917
       358,      4918,      1358,      4917,      1030
       359,      1030,      4917,      1359,      4915
       360,      4917,       807,      5557,      1359
       361,      1359,      5557,       480,      5538
       362,      4915,      1359,      5538,       817
       363,       816,      4916,      1360,      5539
       364,      4916,      1030,      4915,      1360
       365,      1360,      4915,       817,      5537
       366,      5539,      1360,      5537,       485
       367,       480,      5555,      1361,       155
       368,      5555,       808,      4911,      1361
       369,      1361,      4911,      1031,      4912
       370,       155,      1361,      4912,       581
       371,       808,      5556,      1362,      4911
       372,      5556,       475,       160,      1362
       373,      1362,       160,       579,      4913
       374,      4911,      1362,      4913,      1031
       375,      1031,      4913,      1363,      4914
       376,      4913,       579,       161,      1363
       377,      1363,       161,      4776,       163
       378,      4914,      1363,       163,       578
       379,       581,      4912,      1364,       156
       380,      4912,      1031,      4914,      1364
       381,      1364,      4914,       578,       162
       382,       156,      1364,       162,      4777
       383,       481,      5553,      1365,      5536
       384,      5553,       809,      4910,      1365
       385,      1365,      4910,      1032,      4908
       386,      5536,      1365,      4908,       818
       387,       809,      5554,      1366,      4910
       388,      5554,       476,      5552,      1366
       389,      1366,      5552,       810,      4909
       390,      4910,      1366,      4909,      1032
       391,      1032,      4909,      1367,      4907
       392,      4909,       810,      5551,      1367
       393,      1367,      5551,       482,      5534
       394,      4907,      1367,      5534,       819
       395,       818,      4908,      1368,      5535
       396,      4908,      1032,      4907,      1368
       397,      1368,      4907,       819,      5533
       398,      5535,      1368,      5533,       486
       399,       482,      5549,      1369,      5532
       400,      5549,       811,      4906,      1369
       401,      1369,      4906,      1033,      4904
       402,      5532,      1369,      4904,       820
       403,       811,      5550,      1370,      4906
       404,      5550,       477,      5548,      1370
       405,      1370,      5548,       812,      4905
       406,      4906,      1370,      4905,      1033
       407,      1033,      4905,      1371,      4903
       408,      4905,       812,      5547,      1371
       409,      1371,      5547,       483,      5530
       410,      4903,      1371,      5530,       821
       411,       820,      4904,      1372,      5531
       412,      4904,      1033,      4903,      1372
       413,      1372,      4903,       821,      5529
       414,      5531,      1372,      5529,       487
       415,       483,      5545,      1373,      5528
       416,      5545,       813,      4902,      1373
       417,      1373,      4902,      1034,      4900
       418,      5528,      1373,      4900,       822
       419,       813,      5546,      1374,      4902
       420,      5546,       478,      5544,      1374
       421,      1374,      5544,       814,      4901
       422,      4902,      1374,      4901,      1034
       423,      1034,      4901,      1375,      4899
       424,      4901,       814,      5543,      1375
       425,      1375,      5543,       484,      5526
       426,      4899,      1375,      5526,       823
       427,       822,      4900,      1376,      5527
       428,      4900,      1034,      4899,      1376
       429,      1376,      4899,       823,      5525
       430,      5527,      1376,      5525,       488
       431,       484,      5541,      1377,      5524
       432,      5541,       815,      4898,      1377
       433,      1377,      4898,      1035,      4896
       434,      5524,      1377,      4896,       824
       435,       815,      5542,      1378,      4898
       436,      5542,       479,      5540,      1378
       437,      1378,      5540,       816,      4897
       438,      4898,      1378,      4897,      1035
       439,      1035,      4897,      1379,      4895
       440,      4897,       816,      5539,      1379
       441,      1379,      5539,       485,      5522
       442,      4895,      1379,      5522,       825
       443,       824,      4896,      1380,      5523
       444,      4896,      1035,      4895,      1380
       445,      1380,      4895,       825,      5521
       446,      5523,      1380,      5521,       489
       447,       485,      5537,      1381,       150
       448,      5537,       817,      4891,      1381
       449,      1381,      4891,      1036,      4892
       450,       150,      1381,      4892,       583
       451,       817,      5538,      1382,      4891
       452,      5538,       480,       155,      1382
       453,      1382,       155,       581,      4893
       454,      4891,      1382,      4893,      1036
       455,      1036,      4893,      1383,      4894
       456,      4893,       581,       156,      1383
       457,      1383,       156,      4777,       158
       458,      4894,      1383,       158,       580
       459,       583,      4892,      1384,       151
       460,      4892,      1036,      4894,      1384
       461,      1384,      4894,       580,       157
       462,       151,      1384,       157,      4778
       463,       486,      5533,      1385,      5520
       464,      5533,       819,      4890,      1385
       465,      1385,      4890,      1037,      4888
       466,      5520,      1385,      4888,       826
       467,       819,      5534,      1386,      4890
       468,      5534,       482,      5532,      1386
       469,      1386,      5532,       820,      4889
       470,      4890,      1386,      4889,      1037
       471,      1037,      4889,      1387,      4887
       472,      4889,       820,      5531,      1387
       473,      1387,      5531,       487,      5518
       474,      4887,      1387,      5518,       827
       475,       826,      4888,      1388,      5519
       476,      4888,      1037,      4887,      1388
       477,      1388,      4887,       827,      5517
       478,      5519,      1388,      5517,       490
       479,       487,      5529,      1389,      5516
       480,      5529,       821,      4886,      1389
       481,      1389,      4886,      1038,      4884
       482,      5516,      1389,      4884,       828
       483,       821,      5530,      1390,      4886
       484,      5530,       483,      5528,      1390
       485,      1390,      5528,       822,      4885
       486,      4886,      1390,      4885,      1038
       487,      1038,      4885,      1391,      4883
       488,      4885,       822,      5527,      1391
       489,      1391,      5527,       488,      5514
       490,      4883,      1391,      5514,       829
       491,       828,      4884,      1392,      5515
       492,      4884,      1038,      4883,      1392
       493,      1392,      4883,       829,      5513
       494,      5515,      1392,      5513,       491
       495,       488,      5525,      1393,      5512
       496,      5525,       823,      4882,      1393
       497,      1393,      4882,      1039,      4880
       498,      5512,      1393,      4880,       830
       499,       823,      5526,      1394,      4882
       500,      5526,       484,      5524,      1394
       501,      1394,      5524,       824,      4881
       502,      4882,      1394,      4881,      1039
       503,      1039,      4881,      1395,      4879
       504,      4881,       824,      5523,      1395
       505,      1395,      5523,       489,      5510
       506,      4879,      1395,      5510,       831
       507,       830,      4880,      1396,      5511
       508,      4880,      1039,      4879,      1396
       509,      1396,      4879,       831,      5509
       510,      5511,      1396,      5509,       492
       511,       489,      5521,      1397,       145
       512,      5521,       825,      4875,      1397
       513,      1397,      4875,      1040,      4876
       514,       145,      1397,      4876,       585
       515,       825,      5522,      1398,      4875
       516,      5522,       485,       150,      1398
       517,      1398,       150,       583,      4877
       518,      4875,      1398,      4877,      1040
       519,      1040,      4877,      1399,      4878
       520,      4877,       583,       151,      1399
       521,      1399,       151,      4778,       153
       522,      4878,      1399,       153,       582
       523,       585,      4876,      1400,       146
       524,      4876,      1040,      4878,      1400
       525,      1400,      4878,       582,       152
       526,       146,      1400,       152,      4779
       527,       490,      5517,      1401,      5508
       528,      5517,       827,      4874,      1401
       529,      1401,      4874,      1041,      4872
       530,      5508,      1401,      4872,       832
       531,       827,      5518,      1402,      4874
       532,      5518,       487,      5516,      1402
       533,      1402,      5516,       828,      4873
       534,      4874,      1402,      4873,      1041
       535,      1041,      4873,      1403,      4871
       536,      4873,       828,      5515,      1403
       537,      1403,      5515,       491,      5506
       538,      4871,      1403,      5506,       833
       539,       832,      4872,      1404,      5507
       540,      4872,      1041,      4871,      1404
       541,      1404,      4871,       833,      5505
       542,      5507,      1404,      5505,       493
       543,       492,      5509,      1405,      5502
       544,      5509,       831,      4868,      1405
       545,      1405,      4868,      1042,      4867
       546,      5502,      1405,      4867,       835
       547,       831,      5510,      1406,      4868
       548,      5510,       489,       145,      1406
       549,      1406,       145,       585,      4870
       550,      4868,      1406,      4870,      1042
       551,      1042,      4870,      1407,      4869
       552,      4870,       585,       146,      1407
       553,      1407,       146,      4779,       144
       554,      4869,      1407,       144,       586
       555,       835,      4867,      1408,      5501
       556,      4867,      1042,      4869,      1408
       557,      1408,      4869,       586,       143
       558,      5501,      1408,       143,       494
       559,       491,      5513,      1409,      5504
       560,      5513,       829,      4866,      1409
       561,      1409,      4866,      1043,      4864
       562,      5504,      1409,      4864,       834
       563,       829,      5514,      1410,      4866
       564,      5514,       488,      5512,      1410
       565,      1410,      5512,       830,      4865
       566,      4866,      1410,      4865,      1043
       567,      1043,      4865,      1411,      4863
       568,      4865,       830,      5511,      1411
       569,      1411,      5511,       492,      5500
       570,      4863,      1411,      5500,       836
       571,       834,      4864,      1412,      5503
       572,      4864,      1043,      4863,      1412
       573,      1412,      4863,       836,      5499
       574,      5503,      1412,      5499,       495
       575,      4779,       148,      1413,       144
       576,       148,       584,      4862,      1413
       577,      1413,      4862,      1044,      4861
       578,       144,      1413,      4861,       586
       579,       584,       147,      1414,      4862
       580,       147,      4780,       139,      1414
       581,      1414,       139,       588,      4860
       582,      4862,      1414,      4860,      1044
       583,      1044,      4860,      1415,      4859
       584,      4860,       588,       138,      1415
       585,      1415,       138,       496,      5495
       586,      4859,      1415,      5495,       838
       587,       586,      4861,      1416,       143
       588,      4861,      1044,      4859,      1416
       589,      1416,      4859,       838,      5496
       590,       143,      1416,      5496,       494
       591,       493,      5505,      1417,      5498
       592,      5505,       833,      4858,      1417
       593,      1417,      4858,      1045,      4856
       594,      5498,      1417,      4856,       837
       595,       833,      5506,      1418,      4858
       596,      5506,       491,      5504,      1418
       597,      1418,      5504,       834,      4857
       598,      4858,      1418,      4857,      1045
       599,      1045,      4857,      1419,      4855
       600,      4857,       834,      5503,      1419
       601,      1419,      5503,       495,      5492
       602,      4855,      1419,      5492,       840
       603,       837,      4856,      1420,      5497
       604,      4856,      1045,      4855,      1420
       605,      1420,      4855,       840,      5491
       606,      5497,      1420,      5491,       497
       607,       495,      5499,      1421,      5490
       608,      5499,       836,      4853,      1421
       609,      1421,      4853,      1046,      4851
       610,      5490,      1421,      4851,       841
       611,       836,      5500,      1422,      4853
       612,      5500,       492,      5502,      1422
       613,      1422,      5502,       835,      4854
       614,      4853,      1422,      4854,      1046
       615,      1046,      4854,      1423,      4852
       616,      4854,       835,      5501,      1423
       617,      1423,      5501,       494,      5494
       618,      4852,      1423,      5494,       839
       619,       841,      4851,      1424,      5489
       620,      4851,      1046,      4852,      1424
       621,      1424,      4852,       839,      5493
       622,      5489,      1424,      5493,       498
       623,      4780,       141,      1425,       139
       624,       141,       587,      4850,      1425
       625,      1425,      4850,      1047,      4849
       626,       139,      1425,      4849,       588
       627,       587,       140,      1426,      4850
       628,       140,      4781,       134,      1426
       629,      1426,       134,       590,      4848
       630,      4850,      1426,      4848,      1047
       631,      1047,      4848,      1427,      4847
       632,      4848,       590,       133,      1427
       633,      1427,       133,       499,      5487
       634,      4847,      1427,      5487,       842
       635,       588,      4849,      1428,       138
       636,      4849,      1047,      4847,      1428
       637,      1428,      4847,       842,      5488
       638,       138,      1428,      5488,       496
       639,       494,      5496,      1429,      5494
       640,      5496,       838,      4846,      1429
       641,      1429,      4846,      1048,      4845
       642,      5494,      1429,      4845,       839
       643,       838,      5495,      1430,      4846
       644,      5495,       496,      5486,      1430
       645,      1430,      5486,       843,      4844
       646,      4846,      1430,      4844,      1048
       647,      1048,      4844,      1431,      4843
       648,      4844,       843,      5485,      1431
       649,      1431,      5485,       500,      5481
       650,      4843,      1431,      5481,       845
       651,       839,      4845,      1432,      5493
       652,      4845,      1048,      4843,      1432
       653,      1432,      4843,       845,      5482
       654,      5493,      1432,      5482,       498
       655,       497,      5491,      1433,      5484
       656,      5491,       840,      4842,      1433
       657,      1433,      4842,      1049,      4840
       658,      5484,      1433,      4840,       844
       659,       840,      5492,      1434,      4842
       660,      5492,       495,      5490,      1434
       661,      1434,      5490,       841,      4841
       662,      4842,      1434,      4841,      1049
       663,      1049,      4841,      1435,      4839
       664,      4841,       841,      5489,      1435
       665,      1435,      5489,       498,      5480
       666,      4839,      1435,      5480,       846
       667,       844,      4840,      1436,      5483
       668,      4840,      1049,      4839,      1436
       669,      1436,      4839,       846,      5479
       670,      5483,      1436,      5479,       501
       671,      4781,       136,      1437,       134
       672,       136,       589,      4838,      1437
       673,      1437,      4838,      1050,      4837
       674,       134,      1437,      4837,       590
       675,       589,       135,      1438,      4838
       676,       135,      4782,       130,      1438
       677,      1438,       130,       592,      4836
       678,      4838,      1438,      4836,      1050
       679,      1050,      4836,      1439,      4835
       680,      4836,       592,       129,      1439
       681,      1439,       129,       502,      5477
       682,      4835,      1439,      5477,       847
       683,       590,      4837,      1440,       133
       684,      4837,      1050,      4835,      1440
       685,      1440,      4835,       847,      5478
       686,       133,      1440,      5478,       499
       687,       496,      5488,      1441,      5486
       688,      5488,       842,      4834,      1441
       689,      1441,      4834,      1051,      4833
       690,      5486,      1441,      4833,       843
       691,       842,      5487,      1442,      4834
       692,      5487,       499,      5476,      1442
       693,      1442,      5476,       848,      4832
       694,      4834,      1442,      4832,      1051
       695,      1051,      4832,      1443,      4831
       696,      4832,       848,      5475,      1443
       697,      1443,      5475,       503,      5473
       698,      4831,      1443,      5473,       849
       699,       843,      4833,      1444,      5485
       700,      4833,      1051,      4831,      1444
       701,      1444,      4831,       849,      5474
       702,      5485,      1444,      5474,       500
       703,       498,      5482,      1445,      5480
       704,      5482,       845,      4830,      1445
       705,      1445,      4830,      1052,      4829
       706,      5480,      1445,      4829,       846
       707,       845,      5481,      1446,      4830
       708,      5481,       500,      5472,      1446
       709,      1446,      5472,       850,      4828
       710,      4830,      1446,      4828,      1052
       711,      1052,      4828,      1447,      4827
       712,      4828,       850,      5471,      1447
       713,      1447,      5471,       504,      5469
       714,      4827,      1447,      5469,       851
       715,       846,      4829,      1448,      5479
       716,      4829,      1052,      4827,      1448
       717,      1448,      4827,       851,      5470
       718,      5479,      1448,      5470,       501
       719,      4782,       132,      1449,       130
       720,       132,       591,      4826,      1449
       721,      1449,      4826,      1053,      4825
       722,       130,      1449,      4825,       592
       723,       591,       131,      1450,      4826
       724,       131,      4783,       126,      1450
       725,      1450,       126,       594,      4824
       726,      4826,      1450,      4824,      1053
       727,      1053,      4824,      1451,      4823
       728,      4824,       594,       125,      1451
       729,      1451,       125,       505,      5467
       730,      4823,      1451,      5467,       852
       731,       592,      4825,      1452,       129
       732,      4825,      1053,      4823,      1452
       733,      1452,      4823,       852,      5468
       734,       129,      1452,      5468,       502
       735,       499,      5478,      1453,      5476
       736,      5478,       847,      4822,      1453
       737,      1453,      4822,      1054,      4821
       738,      5476,      1453,      4821,       848
       739,       847,      5477,      1454,      4822
       740,      5477,       502,      5466,      1454
       741,      1454,      5466,       853,      4820
       742,      4822,      1454,      4820,      1054
       743,      1054,      4820,      1455,      4819
       744,      4820,       853,      5465,      1455
       745,      1455,      5465,       506,      5463
       746,      4819,      1455,      5463,       854
       747,       848,      4821,      1456,      5475
       748,      4821,      1054,      4819,      1456
       749,      1456,      4819,       854,      5464
       750,      5475,      1456,      5464,       503
       751,       500,      5474,      1457,      5472
       752,      5474,       849,      4818,      1457
       753,      1457,      4818,      1055,      4817
       754,      5472,      1457,      4817,       850
       755,       849,      5473,      1458,      4818
       756,      5473,       503,      5462,      1458
       757,      1458,      5462,       855,      4816
       758,      4818,      1458,      4816,      1055
       759,      1055,      4816,      1459,      4815
       760,      4816,       855,      5461,      1459
       761,      1459,      5461,       507,      5459
       762,      4815,      1459,      5459,       856
       763,       850,      4817,      1460,      5471
       764,      4817,      1055,      4815,      1460
       765,      1460,      4815,       856,      5460
       766,      5471,      1460,      5460,       504
       767,      4783,       128,      1461,       126
       768,       128,       593,      4814,      1461
       769,      1461,      4814,      1056,      4813
       770,       126,      1461,      4813,       594
       771,       593,       127,      1462,      4814
       772,       127,      4784,       122,      1462
       773,      1462,       122,       596,      4812
       774,      4814,      1462,      4812,      1056
       775,      1056,      4812,      1463,      4811
       776,      4812,       596,       121,      1463
       777,      1463,       121,       508,      5457
       778,      4811,      1463,      5457,       857
       779,       594,      4813,      1464,       125
       780,      4813,      1056,      4811,      1464
       781,      1464,      4811,       857,      5458
       782,       125,      1464,      5458,       505
       783,       502,      5468,      1465,      5466
       784,      5468,       852,      4810,      1465
       785,      1465,      4810,      1057,      4809
       786,      5466,      1465,      4809,       853
       787,       852,      5467,      1466,      4810
       788,      5467,       505,      5456,      1466
       789,      1466,      5456,       858,      4808
       790,      4810,      1466,      4808,      1057
       791,      1057,      4808,      1467,      4807
       792,      4808,       858,      5455,      1467
       793,      1467,      5455,       509,      5453
       794,      4807,      1467,      5453,       859
       795,       853,      4809,      1468,      5465
       796,      4809,      1057,      4807,      1468
       797,      1468,      4807,       859,      5454
       798,      5465,      1468,      5454,       506
       799,       503,      5464,      1469,      5462
       800,      5464,       854,      4806,      1469
       801,      1469,      4806,      1058,      4805
       802,      5462,      1469,      4805,       855
       803,       854,      5463,      1470,      4806
       804,      5463,       506,      5452,      1470
       805,      1470,      5452,       860,      4804
       806,      4806,      1470,      4804,      1058
       807,      1058,      4804,      1471,      4803
       808,      4804,       860,      5451,      1471
       809,      1471,      5451,       510,      5449
       810,      4803,      1471,      5449,       861
       811,       855,      4805,      1472,      5461
       812,      4805,      1058,      4803,      1472
       813,      1472,      4803,       861,      5450
       814,      5461,      1472,      5450,       507
       815,       511,      5447,      1473,       117
       816,      5447,       862,      4799,      1473
       817,      1473,      4799,      1059,      4800
       818,       117,      1473,      4800,       598
       819,       862,      5448,      1474,      4799
       820,      5448,       508,       121,      1474
       821,      1474,       121,       596,      4801
       822,      4799,      1474,      4801,      1059
       823,      1059,      4801,      1475,      4802
       824,      4801,       596,       122,      1475
       825,      1475,       122,      4784,       124
       826,      4802,      1475,       124,       595
       827,       598,      4800,      1476,       118
       828,      4800,      1059,      4802,      1476
       829,      1476,      4802,       595,       123
       830,       118,      1476,       123,      4785
       831,       505,      5458,      1477,      5456
       832,      5458,       857,      4798,      1477
       833,      1477,      4798,      1060,      4797
       834,      5456,      1477,      4797,       858
       835,       857,      5457,      1478,      4798
       836,      5457,       508,      5446,      1478
       837,      1478,      5446,       863,      4796
       838,      4798,      1478,      4796,      1060
       839,      1060,      4796,      1479,      4795
       840,      4796,       863,      5445,      1479
       841,      1479,      5445,       512,      5443
       842,      4795,      1479,      5443,       864
       843,       858,      4797,      1480,      5455
       844,      4797,      1060,      4795,      1480
       845,      1480,      4795,       864,      5444
       846,      5455,      1480,      5444,       509
       847,       506,      5454,      1481,      5452
       848,      5454,       859,      4794,      1481
       849,      1481,      4794,      1061,      4793
       850,      5452,      1481,      4793,       860
       851,       859,      5453,      1482,      4794
       852,      5453,       509,      5442,      1482
       853,      1482,      5442,       865,      4792
       854,      4794,      1482,      4792,      1061
       855,      1061,      4792,      1483,      4791
       856,      4792,       865,      5441,      1483
       857,      1483,      5441,       513,      5439
       858,      4791,      1483,      5439,       866
       859,       860,      4793,      1484,      5451
       860,      4793,      1061,      4791,      1484
       861,      1484,      4791,       866,      5440
       862,      5451,      1484,      5440,       510
       863,       514,      5437,      1485,       113
       864,      5437,       867,      4767,      1485
       865,      1485,      4767,      1062,      4768
       866,       113,      1485,      4768,       600
       867,       867,      5438,      1486,      4767
       868,      5438,       511,       117,      1486
       869,      1486,       117,       598,      4769
       870,      4767,      1486,      4769,      1062
       871,      1062,      4769,      1487,      4770
       872,      4769,       598,       118,      1487
       873,      1487,       118,      4785,       120
       874,      4770,      1487,       120,       597
       875,       600,      4768,      1488,       114
       876,      4768,      1062,      4770,      1488
       877,      1488,      4770,       597,       119
       878,       114,      1488,       119,      4786
       879,       515,      5433,      1489,      5435
       880,      5433,       869,      4763,      1489
       881,      1489,      4763,      1063,      4764
       882,      5435,      1489,      4764,       868
       883,       869,      5434,      1490,      4763
       884,      5434,       512,      5445,      1490
       885,      1490,      5445,       863,      4765
       886,      4763,      1490,      4765,      1063
       887,      1063,      4765,      1491,      4766
       888,      4765,       863,      5446,      1491
       889,      1491,      5446,       508,      5448
       890,      4766,      1491,      5448,       862
       891,       868,      4764,      1492,      5436
       892,      4764,      1063,      4766,      1492
       893,      1492,      4766,       862,      5447
       894,      5436,      1492,      5447,       511
       895,       509,      5444,      1493,      5442
       896,      5444,       864,      4762,      1493
       897,      1493,      4762,      1064,      4761
       898,      5442,      1493,      4761,       865
       899,       864,      5443,      1494,      4762
       900,      5443,       512,      5432,      1494
       901,      1494,      5432,       870,      4760
       902,      4762,      1494,      4760,      1064
       903,      1064,      4760,      1495,      4759
       904,      4760,       870,      5431,      1495
       905,      1495,      5431,       516,      5429
       906,      4759,      1495,      5429,       871
       907,       865,      4761,      1496,      5441
       908,      4761,      1064,      4759,      1496
       909,      1496,      4759,       871,      5430
       910,      5441,      1496,      5430,       513
       911,      4786,       116,      1497,       114
       912,       116,       599,      4758,      1497
       913,      1497,      4758,      1065,      4757
       914,       114,      1497,      4757,       600
       915,       599,       115,      1498,      4758
       916,       115,      4787,       110,      1498
       917,      1498,       110,       602,      4756
       918,      4758,      1498,      4756,      1065
       919,      1065,      4756,      1499,      4755
       920,      4756,       602,       109,      1499
       921,      1499,       109,       517,      5427
       922,      4755,      1499,      5427,       872
       923,       600,      4757,      1500,       113
       924,      4757,      1065,      4755,      1500
       925,      1500,      4755,       872,      5428
       926,       113,      1500,      5428,       514
       927,       518,      5423,      1501,      5425
       928,      5423,       874,      4751,      1501
       929,      1501,      4751,      1066,      4752
       930,      5425,      1501,      4752,       873
       931,       874,      5424,      1502,      4751
       932,      5424,       515,      5435,      1502
       933,      1502,      5435,       868,      4753
       934,      4751,      1502,      4753,      1066
       935,      1066,      4753,      1503,      4754
       936,      4753,       868,      5436,      1503
       937,      1503,      5436,       511,      5438
       938,      4754,      1503,      5438,       867
       939,       873,      4752,      1504,      5426
       940,      4752,      1066,      4754,      1504
       941,      1504,      4754,       867,      5437
       942,      5426,      1504,      5437,       514
       943,       512,      5434,      1505,      5432
       944,      5434,       869,      4750,      1505
       945,      1505,      4750,      1067,      4749
       946,      5432,      1505,      4749,       870
       947,       869,      5433,      1506,      4750
       948,      5433,       515,      5422,      1506
       949,      1506,      5422,       875,      4748
       950,      4750,      1506,      4748,      1067
       951,      1067,      4748,      1507,      4747
       952,      4748,       875,      5421,      1507
       953,      1507,      5421,       519,      5419
       954,      4747,      1507,      5419,       876
       955,       870,      4749,      1508,      5431
       956,      4749,      1067,      4747,      1508
       957,      1508,      4747,       876,      5420
       958,      5431,      1508,      5420,       516
       959,      4787,       112,      1509,       110
       960,       112,       601,      4739,      1509
       961,      1509,      4739,      1068,      4738
       962,       110,      1509,      4738,       602
       963,       601,       111,      1510,      4739
       964,       111,      4788,       106,      1510
       965,      1510,       106,       604,      4737
       966,      4739,      1510,      4737,      1068
       967,      1068,      4737,      1511,      4736
       968,      4737,       604,       105,      1511
       969,      1511,       105,       520,      5417
       970,      4736,      1511,      5417,       877
       971,       602,      4738,      1512,       109
       972,      4738,      1068,      4736,      1512
       973,      1512,      4736,       877,      5418
       974,       109,      1512,      5418,       517
       975,       514,      5428,      1513,      5426
       976,      5428,       872,      4735,      1513
       977,      1513,      4735,      1069,      4734
       978,      5426,      1513,      4734,       873
       979,       872,      5427,      1514,      4735
       980,      5427,       517,      5416,      1514
       981,      1514,      5416,       878,      4733
       982,      4735,      1514,      4733,      1069
       983,      1069,      4733,      1515,      4732
       984,      4733,       878,      5415,      1515
       985,      1515,      5415,       521,      5413
       986,      4732,      1515,      5413,       879
       987,       873,      4734,      1516,      5425
       988,      4734,      1069,      4732,      1516
       989,      1516,      4732,       879,      5414
       990,      5425,      1516,      5414,       518
       991,       515,      5424,      1517,      5422
       992,      5424,       874,      4731,      1517
       993,      1517,      4731,      1070,      4730
       994,      5422,      1517,      4730,       875
       995,       874,      5423,      1518,      4731
       996,      5423,       518,      5412,      1518
       997,      1518,      5412,       880,      4729
       998,      4731,      1518,      4729,      1070
       999,      1070,      4729,      1519,      4728
      1000,      4729,       880,      5411,      1519
      1001,      1519,      5411,       522,      5409
      1002,      4728,      1519,      5409,       881
      1003,       875,      4730,      1520,      5421
      1004,      4730,      1070,      4728,      1520
      1005,      1520,      4728,       881,      5410
      1006,      5421,      1520,      5410,       519
      1007,      4788,       108,      1521,       106
      1008,       108,       603,      4727,      1521
      1009,      1521,      4727,      1071,      4726
      1010,       106,      1521,      4726,       604
      1011,       603,       107,      1522,      4727
      1012,       107,      4789,       102,      1522
      1013,      1522,       102,       606,      4725
      1014,      4727,      1522,      4725,      1071
      1015,      1071,      4725,      1523,      4724
      1016,      4725,       606,       101,      1523
      1017,      1523,       101,       523,      5407
      1018,      4724,      1523,      5407,       882
      1019,       604,      4726,      1524,       105
      1020,      4726,      1071,      4724,      1524
      1021,      1524,      4724,       882,      5408
      1022,       105,      1524,      5408,       520
      1023,       517,      5418,      1525,      5416
      1024,      5418,       877,      4723,      1525
      1025,      1525,      4723,      1072,      4722
      1026,      5416,      1525,      4722,       878
      1027,       877,      5417,      1526,      4723
      1028,      5417,       520,      5406,      1526
      1029,      1526,      5406,       883,      4721
      1030,      4723,      1526,      4721,      1072
      1031,      1072,      4721,      1527,      4720
      1032,      4721,       883,      5405,      1527
      1033,      1527,      5405,       524,      5403
      1034,      4720,      1527,      5403,       884
      1035,       878,      4722,      1528,      5415
      1036,      4722,      1072,      4720,      1528
      1037,      1528,      4720,       884,      5404
      1038,      5415,      1528,      5404,       521
      1039,       518,      5414,      1529,      5412
      1040,      5414,       879,      4719,      1529
      1041,      1529,      4719,      1073,      4718
      1042,      5412,      1529,      4718,       880
      1043,       879,      5413,      1530,      4719
      1044,      5413,       521,      5402,      1530
      1045,      1530,      5402,       885,      4717
      1046,      4719,      1530,      4717,      1073
      1047,      1073,      4717,      1531,      4716
      1048,      4717,       885,      5401,      1531
      1049,      1531,      5401,       525,      5399
      1050,      4716,      1531,      5399,       886
      1051,       880,      4718,      1532,      5411
      1052,      4718,      1073,      4716,      1532
      1053,      1532,      4716,       886,      5400
      1054,      5411,      1532,      5400,       522
      1055,       526,      5397,      1533,        97
      1056,      5397,       887,      4712,      1533
      1057,      1533,      4712,      1074,      4713
      1058,        97,      1533,      4713,       608
      1059,       887,      5398,      1534,      4712
      1060,      5398,       523,       101,      1534
      1061,      1534,       101,       606,      4714
      1062,      4712,      1534,      4714,      1074
      1063,      1074,      4714,      1535,      4715
      1064,      4714,       606,       102,      1535
      1065,      1535,       102,      4789,       104
      1066,      4715,      1535,       104,       605
      1067,       608,      4713,      1536,        98
      1068,      4713,      1074,      4715,      1536
      1069,      1536,      4715,       605,       103
      1070,        98,      1536,       103,      4790
      1071,       520,      5408,      1537,      5406
      1072,      5408,       882,      4711,      1537
      1073,      1537,      4711,      1075,      4710
      1074,      5406,      1537,      4710,       883
      1075,       882,      5407,      1538,      4711
      1076,      5407,       523,      5396,      1538
      1077,      1538,      5396,       888,      4709
      1078,      4711,      1538,      4709,      1075
      1079,      1075,      4709,      1539,      4708
      1080,      4709,       888,      5395,      1539
      1081,      1539,      5395,       527,      5393
      1082,      4708,      1539,      5393,       889
      1083,       883,      4710,      1540,      5405
      1084,      4710,      1075,      4708,      1540
      1085,      1540,      4708,       889,      5394
      1086,      5405,      1540,      5394,       524
      1087,       521,      5404,      1541,      5402
      1088,      5404,       884,      4707,      1541
      1089,      1541,      4707,      1076,      4706
      1090,      5402,      1541,      4706,       885
      1091,       884,      5403,      1542,      4707
      1092,      5403,       524,      5392,      1542
      1093,      1542,      5392,       890,      4705
      1094,      4707,      1542,      4705,      1076
      1095,      1076,      4705,      1543,      4704
      1096,      4705,       890,      5391,      1543
      1097,      1543,      5391,       528,      5389
      1098,      4704,      1543,      5389,       891
      1099,       885,      4706,      1544,      5401
      1100,      4706,      1076,      4704,      1544
      1101,      1544,      4704,       891,      5390
      1102,      5401,      1544,      5390,       525
      1103,       529,      5387,      1545,        93
      1104,      5387,       892,      4700,      1545
      1105,      1545,      4700,      1077,      4701
      1106,        93,      1545,      4701,       610
      1107,       892,      5388,      1546,      4700
      1108,      5388,       526,        97,      1546
      1109,      1546,        97,       608,      4702
      1110,      4700,      1546,      4702,      1077
      1111,      1077,      4702,      1547,      4703
      1112,      4702,       608,        98,      1547
      1113,      1547,        98,      4790,       100
      1114,      4703,      1547,       100,       607
      1115,       610,      4701,      1548,        94
      1116,      4701,      1077,      4703,      1548
      1117,      1548,      4703,       607,        99
      1118,        94,      1548,        99,       371
      1119,       530,      5383,      1549,      5385
      1120,      5383,       894,      4696,      1549
      1121,      1549,      4696,      1078,      4697
      1122,      5385,      1549,      4697,       893
      1123,       894,      5384,      1550,      4696
      1124,      5384,       527,      5395,      1550
      1125,      1550,      5395,       888,      4698
      1126,      4696,      1550,      4698,      1078
      1127,      1078,      4698,      1551,      4699
      1128,      4698,       888,      5396,      1551
      1129,      1551,      5396,       523,      5398
      1130,      4699,      1551,      5398,       887
      1131,       893,      4697,      1552,      5386
      1132,      4697,      1078,      4699,      1552
      1133,      1552,      4699,       887,      5397
      1134,      5386,      1552,      5397,       526
      1135,       524,      5394,      1553,      5392
      1136,      5394,       889,      4695,      1553
      1137,      1553,      4695,      1079,      4694
      1138,      5392,      1553,      4694,       890
      1139,       889,      5393,      1554,      4695
      1140,      5393,       527,      5382,      1554
      1141,      1554,      5382,       895,      4693
      1142,      4695,      1554,      4693,      1079
      1143,      1079,      4693,      1555,      4692
      1144,      4693,       895,      5381,      1555
      1145,      1555,      5381,       531,      5379
      1146,      4692,      1555,      5379,       896
      1147,       890,      4694,      1556,      5391
      1148,      4694,      1079,      4692,      1556
      1149,      1556,      4692,       896,      5380
      1150,      5391,      1556,      5380,       528
      1151,       371,        96,      1557,        94
      1152,        96,       609,      4691,      1557
      1153,      1557,      4691,      1080,      4690
      1154,        94,      1557,      4690,       610
      1155,       609,        95,      1558,      4691
      1156,        95,       372,        90,      1558
      1157,      1558,        90,       612,      4689
      1158,      4691,      1558,      4689,      1080
      1159,      1080,      4689,      1559,      4688
      1160,      4689,       612,        89,      1559
      1161,      1559,        89,       532,      5377
      1162,      4688,      1559,      5377,       897
      1163,       610,      4690,      1560,        93
      1164,      4690,      1080,      4688,      1560
      1165,      1560,      4688,       897,      5378
      1166,        93,      1560,      5378,       529
      1167,       533,      5373,      1561,      5375
      1168,      5373,       899,      4684,      1561
      1169,      1561,      4684,      1081,      4685
      1170,      5375,      1561,      4685,       898
      1171,       899,      5374,      1562,      4684
      1172,      5374,       530,      5385,      1562
      1173,      1562,      5385,       893,      4686
      1174,      4684,      1562,      4686,      1081
      1175,      1081,      4686,      1563,      4687
      1176,      4686,       893,      5386,      1563
      1177,      1563,      5386,       526,      5388
      1178,      4687,      1563,      5388,       892
      1179,       898,      4685,      1564,      5376
      1180,      4685,      1081,      4687,      1564
      1181,      1564,      4687,       892,      5387
      1182,      5376,      1564,      5387,       529
      1183,       527,      5384,      1565,      5382
      1184,      5384,       894,      4683,      1565
      1185,      1565,      4683,      1082,      4682
      1186,      5382,      1565,      4682,       895
      1187,       894,      5383,      1566,      4683
      1188,      5383,       530,      5372,      1566
      1189,      1566,      5372,       900,      4681
      1190,      4683,      1566,      4681,      1082
      1191,      1082,      4681,      1567,      4680
      1192,      4681,       900,      5371,      1567
      1193,      1567,      5371,       534,      5369
      1194,      4680,      1567,      5369,       901
      1195,       895,      4682,      1568,      5381
      1196,      4682,      1082,      4680,      1568
      1197,      1568,      4680,       901,      5370
      1198,      5381,      1568,      5370,       531
      1199,       372,        92,      1569,        90
      1200,        92,       611,      4679,      1569
      1201,      1569,      4679,      1083,      4678
      1202,        90,      1569,      4678,       612
      1203,       611,        91,      1570,      4679
      1204,        91,       373,        86,      1570
      1205,      1570,        86,       614,      4677
      1206,      4679,      1570,      4677,      1083
      1207,      1083,      4677,      1571,      4676
      1208,      4677,       614,        85,      1571
      1209,      1571,        85,       535,      5367
      1210,      4676,      1571,      5367,       902
      1211,       612,      4678,      1572,        89
      1212,      4678,      1083,      4676,      1572
      1213,      1572,      4676,       902,      5368
      1214,        89,      1572,      5368,       532
      1215,       529,      5378,      1573,      5376
      1216,      5378,       897,      4675,      1573
      1217,      1573,      4675,      1084,      4674
      1218,      5376,      1573,      4674,       898
      1219,       897,      5377,      1574,      4675
      1220,      5377,       532,      5366,      1574
      1221,      1574,      5366,       903,      4673
      1222,      4675,      1574,      4673,      1084
      1223,      1084,      4673,      1575,      4672
      1224,      4673,       903,      5365,      1575
      1225,      1575,      5365,       536,      5363
      1226,      4672,      1575,      5363,       904
      1227,       898,      4674,      1576,      5375
      1228,      4674,      1084,      4672,      1576
      1229,      1576,      4672,       904,      5364
      1230,      5375,      1576,      5364,       533
      1231,       530,      5374,      1577,      5372
      1232,      5374,       899,      4671,      1577
      1233,      1577,      4671,      1085,      4670
      1234,      5372,      1577,      4670,       900
      1235,       899,      5373,      1578,      4671
      1236,      5373,       533,      5362,      1578
      1237,      1578,      5362,       905,      4669
      1238,      4671,      1578,      4669,      1085
      1239,      1085,      4669,      1579,      4668
      1240,      4669,       905,      5361,      1579
      1241,      1579,      5361,       537,      5359
      1242,      4668,      1579,      5359,       906
      1243,       900,      4670,      1580,      5371
      1244,      4670,      1085,      4668,      1580
      1245,      1580,      4668,       906,      5360
      1246,      5371,      1580,      5360,       534
      1247,       373,        88,      1581,        86
      1248,        88,       613,      4667,      1581
      1249,      1581,      4667,      1086,      4666
      1250,        86,      1581,      4666,       614
      1251,       613,        87,      1582,      4667
      1252,        87,       374,        82,      1582
      1253,      1582,        82,       616,      4665
      1254,      4667,      1582,      4665,      1086
      1255,      1086,      4665,      1583,      4664
      1256,      4665,       616,        81,      1583
      1257,      1583,        81,       538,      5357
      1258,      4664,      1583,      5357,       907
      1259,       614,      4666,      1584,        85
      1260,      4666,      1086,      4664,      1584
      1261,      1584,      4664,       907,      5358
      1262,        85,      1584,      5358,       535
      1263,       532,      5368,      1585,      5366
      1264,      5368,       902,      4663,      1585
      1265,      1585,      4663,      1087,      4662
      1266,      5366,      1585,      4662,       903
      1267,       902,      5367,      1586,      4663
      1268,      5367,       535,      5356,      1586
      1269,      1586,      5356,       908,      4661
      1270,      4663,      1586,      4661,      1087
      1271,      1087,      4661,      1587,      4660
      1272,      4661,       908,      5355,      1587
      1273,      1587,      5355,       539,      5353
      1274,      4660,      1587,      5353,       909
      1275,       903,      4662,      1588,      5365
      1276,      4662,      1087,      4660,      1588
      1277,      1588,      4660,       909,      5354
      1278,      5365,      1588,      5354,       536
      1279,       533,      5364,      1589,      5362
      1280,      5364,       904,      4659,      1589
      1281,      1589,      4659,      1088,      4658
      1282,      5362,      1589,      4658,       905
      1283,       904,      5363,      1590,      4659
      1284,      5363,       536,      5352,      1590
      1285,      1590,      5352,       910,      4657
      1286,      4659,      1590,      4657,      1088
      1287,      1088,      4657,      1591,      4656
      1288,      4657,       910,      5351,      1591
      1289,      1591,      5351,       540,      5349
      1290,      4656,      1591,      5349,       911
      1291,       905,      4658,      1592,      5361
      1292,      4658,      1088,      4656,      1592
      1293,      1592,      4656,       911,      5350
      1294,      5361,      1592,      5350,       537
      1295,       541,      5347,      1593,        77
      1296,      5347,       912,      4652,      1593
      1297,      1593,      4652,      1089,      4653
      1298,        77,      1593,      4653,       618
      1299,       912,      5348,      1594,      4652
      1300,      5348,       538,        81,      1594
      1301,      1594,        81,       616,      4654
      1302,      4652,      1594,      4654,      1089
      1303,      1089,      4654,      1595,      4655
      1304,      4654,       616,        82,      1595
      1305,      1595,        82,       374,        84
      1306,      4655,      1595,        84,       615
      1307,       618,      4653,      1596,        78
      1308,      4653,      1089,      4655,      1596
      1309,      1596,      4655,       615,        83
      1310,        78,      1596,        83,       375
      1311,       535,      5358,      1597,      5356
      1312,      5358,       907,      4651,      1597
      1313,      1597,      4651,      1090,      4650
      1314,      5356,      1597,      4650,       908
      1315,       907,      5357,      1598,      4651
      1316,      5357,       538,      5346,      1598
      1317,      1598,      5346,       913,      4649
      1318,      4651,      1598,      4649,      1090
      1319,      1090,      4649,      1599,      4648
      1320,      4649,       913,      5345,      1599
      1321,      1599,      5345,       542,      5343
      1322,      4648,      1599,      5343,       914
      1323,       908,      4650,      1600,      5355
      1324,      4650,      1090,      4648,      1600
      1325,      1600,      4648,       914,      5344
      1326,      5355,      1600,      5344,       539
      1327,       536,      5354,      1601,      5352
      1328,      5354,       909,      4647,      1601
      1329,      1601,      4647,      1091,      4646
      1330,      5352,      1601,      4646,       910
      1331,       909,      5353,      1602,      4647
      1332,      5353,       539,      5342,      1602
      1333,      1602,      5342,       915,      4645
      1334,      4647,      1602,      4645,      1091
      1335,      1091,      4645,      1603,      4644
      1336,      4645,       915,      5341,      1603
      1337,      1603,      5341,       543,      5339
      1338,      4644,      1603,      5339,       916
      1339,       910,      4646,      1604,      5351
      1340,      4646,      1091,      4644,      1604
      1341,      1604,      4644,       916,      5340
      1342,      5351,      1604,      5340,       540
      1343,       544,      5337,      1605,        73
      1344,      5337,       917,      4640,      1605
      1345,      1605,      4640,      1092,      4641
      1346,        73,      1605,      4641,       620
      1347,       917,      5338,      1606,      4640
      1348,      5338,       541,        77,      1606
      1349,      1606,        77,       618,      4642
      1350,      4640,      1606,      4642,      1092
      1351,      1092,      4642,      1607,      4643
      1352,      4642,       618,        78,      1607
      1353,      1607,        78,       375,        80
      1354,      4643,      1607,        80,       617
      1355,       620,      4641,      1608,        74
      1356,      4641,      1092,      4643,      1608
      1357,      1608,      4643,       617,        79
      1358,        74,      1608,        79,       376
      1359,       545,      5333,      1609,      5335
      1360,      5333,       919,      4636,      1609
      1361,      1609,      4636,      1093,      4637
      1362,      5335,      1609,      4637,       918
      1363,       919,      5334,      1610,      4636
      1364,      5334,       542,      5345,      1610
      1365,      1610,      5345,       913,      4638
      1366,      4636,      1610,      4638,      1093
      1367,      1093,      4638,      1611,      4639
      1368,      4638,       913,      5346,      1611
      1369,      1611,      5346,       538,      5348
      1370,      4639,      1611,      5348,       912
      1371,       918,      4637,      1612,      5336
      1372,      4637,      1093,      4639,      1612
      1373,      1612,      4639,       912,      5347
      1374,      5336,      1612,      5347,       541
      1375,       539,      5344,      1613,      5342
      1376,      5344,       914,      4635,      1613
      1377,      1613,      4635,      1094,      4634
      1378,      5342,      1613,      4634,       915
      1379,       914,      5343,      1614,      4635
      1380,      5343,       542,      5332,      1614
      1381,      1614,      5332,       920,      4633
      1382,      4635,      1614,      4633,      1094
      1383,      1094,      4633,      1615,      4632
      1384,      4633,       920,      5331,      1615
      1385,      1615,      5331,       546,      5329
      1386,      4632,      1615,      5329,       921
      1387,       915,      4634,      1616,      5341
      1388,      4634,      1094,      4632,      1616
      1389,      1616,      4632,       921,      5330
      1390,      5341,      1616,      5330,       543
      1391,       376,        76,      1617,        74
      1392,        76,       619,      4631,      1617
      1393,      1617,      4631,      1095,      4630
      1394,        74,      1617,      4630,       620
      1395,       619,        75,      1618,      4631
      1396,        75,       377,        70,      1618
      1397,      1618,        70,       622,      4629
      1398,      4631,      1618,      4629,      1095
      1399,      1095,      4629,      1619,      4628
      1400,      4629,       622,        69,      1619
      1401,      1619,        69,       547,      5327
      1402,      4628,      1619,      5327,       922
      1403,       620,      4630,      1620,        73
      1404,      4630,      1095,      4628,      1620
      1405,      1620,      4628,       922,      5328
      1406,        73,      1620,      5328,       544
      1407,       548,      5323,      1621,      5325
      1408,      5323,       924,      4624,      1621
      1409,      1621,      4624,      1096,      4625
      1410,      5325,      1621,      4625,       923
      1411,       924,      5324,      1622,      4624
      1412,      5324,       545,      5335,      1622
      1413,      1622,      5335,       918,      4626
      1414,      4624,      1622,      4626,      1096
      1415,      1096,      4626,      1623,      4627
      1416,      4626,       918,      5336,      1623
      1417,      1623,      5336,       541,      5338
      1418,      4627,      1623,      5338,       917
      1419,       923,      4625,      1624,      5326
      1420,      4625,      1096,      4627,      1624
      1421,      1624,      4627,       917,      5337
      1422,      5326,      1624,      5337,       544
      1423,       542,      5334,      1625,      5332
      1424,      5334,       919,      4623,      1625
      1425,      1625,      4623,      1097,      4622
      1426,      5332,      1625,      4622,       920
      1427,       919,      5333,      1626,      4623
      1428,      5333,       545,      5322,      1626
      1429,      1626,      5322,       925,      4621
      1430,      4623,      1626,      4621,      1097
      1431,      1097,      4621,      1627,      4620
      1432,      4621,       925,      5321,      1627
      1433,      1627,      5321,       549,      5319
      1434,      4620,      1627,      5319,       926
      1435,       920,      4622,      1628,      5331
      1436,      4622,      1097,      4620,      1628
      1437,      1628,      4620,       926,      5320
      1438,      5331,      1628,      5320,       546
      1439,       377,        72,      1629,        70
      1440,        72,       621,      4619,      1629
      1441,      1629,      4619,      1098,      4618
      1442,        70,      1629,      4618,       622
      1443,       621,        71,      1630,      4619
      1444,        71,       378,        68,      1630
      1445,      1630,        68,       623,      4617
      1446,      4619,      1630,      4617,      1098
      1447,      1098,      4617,      1631,      4616
      1448,      4617,       623,        67,      1631
      1449,      1631,        67,       379,        64
      1450,      4616,      1631,        64,       625
      1451,       622,      4618,      1632,        69
      1452,      4618,      1098,      4616,      1632
      1453,      1632,      4616,       625,        63
      1454,        69,      1632,        63,       547
      1455,       544,      5328,      1633,      5326
      1456,      5328,       922,      4615,      1633
      1457,      1633,      4615,      1099,      4614
      1458,      5326,      1633,      4614,       923
      1459,       922,      5327,      1634,      4615
      1460,      5327,       547,      5318,      1634
      1461,      1634,      5318,       927,      4613
      1462,      4615,      1634,      4613,      1099
      1463,      1099,      4613,      1635,      4612
      1464,      4613,       927,      5317,      1635
      1465,      1635,      5317,       550,      5315
      1466,      4612,      1635,      5315,       928
      1467,       923,      4614,      1636,      5325
      1468,      4614,      1099,      4612,      1636
      1469,      1636,      4612,       928,      5316
      1470,      5325,      1636,      5316,       548
      1471,       545,      5324,      1637,      5322
      1472,      5324,       924,      4611,      1637
      1473,      1637,      4611,      1100,      4610
      1474,      5322,      1637,      4610,       925
      1475,       924,      5323,      1638,      4611
      1476,      5323,       548,      5314,      1638
      1477,      1638,      5314,       929,      4609
      1478,      4611,      1638,      4609,      1100
      1479,      1100,      4609,      1639,      4608
      1480,      4609,       929,      5313,      1639
      1481,      1639,      5313,       551,      5311
      1482,      4608,      1639,      5311,       930
      1483,       925,      4610,      1640,      5321
      1484,      4610,      1100,      4608,      1640
      1485,      1640,      4608,       930,      5312
      1486,      5321,      1640,      5312,       549
      1487,       547,        63,      1641,      5318
      1488,        63,       625,      4606,      1641
      1489,      1641,      4606,      1101,      4604
      1490,      5318,      1641,      4604,       927
      1491,       625,        64,      1642,      4606
      1492,        64,       379,        66,      1642
      1493,      1642,        66,       624,      4607
      1494,      4606,      1642,      4607,      1101
      1495,      1101,      4607,      1643,      4605
      1496,      4607,       624,        65,      1643
      1497,      1643,        65,       380,        60
      1498,      4605,      1643,        60,       627
      1499,       927,      4604,      1644,      5317
      1500,      4604,      1101,      4605,      1644
      1501,      1644,      4605,       627,        59
      1502,      5317,      1644,        59,       550
      1503,       548,      5316,      1645,      5314
      1504,      5316,       928,      4603,      1645
      1505,      1645,      4603,      1102,      4602
      1506,      5314,      1645,      4602,       929
      1507,       928,      5315,      1646,      4603
      1508,      5315,       550,      5310,      1646
      1509,      1646,      5310,       931,      4601
      1510,      4603,      1646,      4601,      1102
      1511,      1102,      4601,      1647,      4600
      1512,      4601,       931,      5309,      1647
      1513,      1647,      5309,       552,      5307
      1514,      4600,      1647,      5307,       932
      1515,       929,      4602,      1648,      5313
      1516,      4602,      1102,      4600,      1648
      1517,      1648,      4600,       932,      5308
      1518,      5313,      1648,      5308,       551
      1519,       550,        59,      1649,      5310
      1520,        59,       627,      4588,      1649
      1521,      1649,      4588,      1103,      4586
      1522,      5310,      1649,      4586,       931
      1523,       627,        60,      1650,      4588
      1524,        60,       380,        62,      1650
      1525,      1650,        62,       626,      4589
      1526,      4588,      1650,      4589,      1103
      1527,      1103,      4589,      1651,      4587
      1528,      4589,       626,        61,      1651
      1529,      1651,        61,       381,        58
      1530,      4587,      1651,        58,       628
      1531,       931,      4586,      1652,      5309
      1532,      4586,      1103,      4587,      1652
      1533,      1652,      4587,       628,        57
      1534,      5309,      1652,        57,       552
      1535,       665,      5841,       237,      5306
      1536,      5841,      3093,      3336,       237
      1537,       237,      3336,      2836,      5304
      1538,      5306,       237,      5304,       933
      1539,       933,      5304,       238,      5303
      1540,      5304,      2836,      3335,       238
      1541,       238,      3335,      3094,      5838
      1542,      5303,       238,      5838,       667
      1543,       666,      5305,       239,      5839
      1544,      5305,       933,      5303,       239
      1545,       239,      5303,       667,      5837
      1546,      5839,       239,      5837,       401
      1547,       399,      5846,       240,      5844
      1548,      5846,       663,      5302,       240
      1549,       240,      5302,       934,      5301
      1550,      5844,       240,      5301,       664
      1551,       663,      5845,       241,      5302
      1552,      5845,       400,      5840,       241
      1553,       241,      5840,       666,      5300
      1554,      5302,       241,      5300,       934
      1555,       934,      5300,       242,      5299
      1556,      5300,       666,      5839,       242
      1557,       242,      5839,       401,      5828
      1558,      4583,       235,      1653,       220
      1559,      5299,       242,      5828,       672
      1560,       664,      5301,       243,      5843
      1561,      5301,       934,      5299,       243
      1562,       243,      5299,       672,      5827
      1563,      5843,       243,      5827,       402
      1564,       401,      5837,       244,      5826
      1565,      5837,       667,      5297,       244
      1566,       244,      5297,       935,      5295
      1567,      5826,       244,      5295,       673
      1568,       667,      5838,       245,      5297
      1569,      5838,      3094,      3332,       245
      1570,       245,      3332,      2838,      5298
      1571,      5297,       245,      5298,       935
      1572,       935,      5298,       246,      5296
      1573,      5298,      2838,      3331,       246
      1574,       246,      3331,      3095,      5836
      1575,      5296,       246,      5836,       668
      1576,       673,      5295,       247,      5825
      1577,      5295,       935,      5296,       247
      1578,       247,      5296,       668,      5835
      1579,      5825,       247,      5835,       403
      1580,       402,      5824,       248,      5843
      1581,      5824,       674,      5291,       248
      1582,       235,      4584,       164,      1653
      1583,      1653,       164,       578,       163
      1584,       220,      1653,       163,      4776
      1585,      4782,       135,      1654,       215
      1586,       135,       589,       137,      1654
      1587,      1654,       137,      4594,       228
      1588,       215,      1654,       228,      4595
      1589,      4596,       222,      1655,       225
      1590,       222,      4599,       221,      1655
      1591,      1655,       221,      4598,       223
      1592,       225,      1655,       223,      4597
      1593,       584,       148,      1656,       149
      1594,       148,      4779,       152,      1656
      1595,      1656,       152,       582,       154
      1596,       149,      1656,       154,      4599
      1597,      4596,       217,      1657,       222
      1598,       217,      4780,       147,      1657
      1599,      1657,       147,       584,       149
      1600,       222,      1657,       149,      4599
      1601,       582,       153,      1658,       154
      1602,       153,      4778,       218,      1658
      1603,      1658,       218,      4598,       221
      1604,       154,      1658,       221,      4599
      1605,      4598,       224,      1659,       223
      1606,       224,      4590,       232,      1659
      1607,      1659,       232,      4591,       226
      1608,       223,      1659,       226,      4597
      1609,      1667,      3262,      2873,      3260
      1610,      3158,      3112,      3262,      1667
      1611,      4560,      3158,      1667,      3152
      1612,      3234,      1668,      3233,      2884
      1613,      1668,      3142,      4567,      3233
      1614,      3153,      4568,      3142,      1668
      1615,      3118,      3153,      1668,      3234
      1616,      3140,      1669,      3138,      4572
      1617,      1669,      3139,      4571,      3138
      1618,      3141,      4570,      3139,      1669
      1619,      4569,      3141,      1669,      3140
      1620,      3245,      1670,      3249,      3115
      1621,      1670,      3248,      2878,      3249
      1622,      3243,      4572,      3248,      1670
      1623,      2880,      3243,      1670,      3245
      1624,      3155,      1671,      3244,      3116
      1625,      1671,      3243,      2880,      3244
      1626,      3140,      4572,      3243,      1671
      1627,      4569,      3140,      1671,      3155
      1628,      3250,      1672,      3156,      3114
      1629,      1672,      3138,      4571,      3156
      1630,      3248,      4572,      3138,      1672
      1631,      2878,      3248,      1672,      3250
      1632,      3148,      1673,      3149,      4563
      1633,      1673,      3146,      4564,      3149
      1634,      3139,      4570,      3146,      1673
      1635,      4571,      3139,      1673,      3148
      1636,      3256,      1674,      3255,      2875
      1637,      1674,      3148,      4563,      3255
      1638,      3156,      4571,      3148,      1674
      1639,      3114,      3156,      1674,      3256
      1640,      3257,      1675,      3157,      3113
      1641,      1675,      3150,      4562,      3157
      1642,      3255,      4563,      3150,      1675
      1643,      2875,      3255,      1675,      3257
      1644,      3147,      1676,      3144,      4565
      1645,      1676,      3141,      4569,      3144
      1646,      3146,      4570,      3141,      1676
      1647,      4564,      3146,      1676,      3147
      1648,      3238,      1677,      3240,      2882
      1649,      1677,      3155,      3116,      3240
      1650,      3144,      4569,      3155,      1677
      1651,      4565,      3144,      1677,      3238
      1652,      3154,      1678,      3239,      3117
      1653,      1678,      3238,      2882,      3239
      1654,      3145,      4565,      3238,      1678
      1655,      4566,      3145,      1678,      3154
      1656,      3261,      1679,      3260,      2873
      1657,      1679,      3151,      4561,      3260
      1658,      3157,      4562,      3151,      1679
      1659,      3113,      3157,      1679,      3261
      1660,      3143,      1680,      3233,      4567
      1661,      1680,      3235,      2884,      3233
      1662,      3154,      3117,      3235,      1680
      1663,      4566,      3154,      1680,      3143
      1664,      3175,      1681,      3172,      3133
      1665,      1681,      5908,      2915,      3172
      1666,      5909,      2365,      5908,      1681
      1667,      2913,      5909,      1681,      3175
      1668,      5908,      1682,      3171,      2915
      1669,      1682,      3168,      3134,      3171
      1670,      5906,      2917,      3168,      1682
      1671,      2365,      5906,      1682,      5908
      1672,      5907,      1683,      5906,      2365
      1673,      1683,      3167,      2917,      5906
      1674,      3169,      3135,      3167,      1683
      1675,      2916,      3169,      1683,      5907
      1676,      3176,      1684,      5909,      2913
      1677,      1684,      5907,      2365,      5909
      1678,      3170,      2916,      5907,      1684
      1679,      2922,      3170,      1684,      3176
      1680,      3179,      1685,      3174,      3132
      1681,      1685,      5902,      2914,      3174
      1682,      5904,      2366,      5902,      1685
      1683,      2911,      5904,      1685,      3179
      1684,      5902,      1686,      3173,      2914
      1685,      1686,      3175,      3133,      3173
      1686,      5903,      2913,      3175,      1686
      1687,      2366,      5903,      1686,      5902
      1688,      5905,      1687,      5903,      2366
      1689,      1687,      3176,      2913,      5903
      1690,      3936,      2922,      3176,      1687
      1691,      2536,      3936,      1687,      5905
      1692,      3180,      1688,      5904,      2911
      1693,      1688,      5905,      2366,      5904
      1694,      3935,      2536,      5905,      1688
      1695,      2923,      3935,      1688,      3180
      1696,      3934,      1689,      3170,      2922
      1697,      1689,      5900,      2916,      3170
      1698,      5901,      2367,      5900,      1689
      1699,      2537,      5901,      1689,      3934
      1700,      5900,      1690,      3169,      2916
      1701,      1690,      3164,      3135,      3169
      1702,      5898,      2919,      3164,      1690
      1703,      2367,      5898,      1690,      5900
      1704,      5899,      1691,      5898,      2367
      1705,      1691,      3163,      2919,      5898
      1706,      3165,      3136,      3163,      1691
      1707,      2918,      3165,      1691,      5899
      1708,      3933,      1692,      5901,      2537
      1709,      1692,      5899,      2367,      5901
      1710,      3166,      2918,      5899,      1692
      1711,      2924,      3166,      1692,      3933
      1712,      3183,      1693,      3178,      3131
      1713,      1693,      5894,      2912,      3178
      1714,      5896,      2368,      5894,      1693
      1715,      2909,      5896,      1693,      3183
      1716,      5894,      1694,      3177,      2912
      1717,      1694,      3179,      3132,      3177
      1718,      5895,      2911,      3179,      1694
      1719,      2368,      5895,      1694,      5894
      1720,      5897,      1695,      5895,      2368
      1721,      1695,      3180,      2911,      5895
      1722,      3932,      2923,      3180,      1695
      1723,      2538,      3932,      1695,      5897
      1724,      3184,      1696,      5896,      2909
      1725,      1696,      5897,      2368,      5896
      1726,      3931,      2538,      5897,      1696
      1727,      2925,      3931,      1696,      3184
      1728,      3930,      1697,      3935,      2923
      1729,      1697,      5893,      2536,      3935
      1730,      5891,      2369,      5893,      1697
      1731,      2539,      5891,      1697,      3930
      1732,      5893,      1698,      3936,      2536
      1733,      1698,      3934,      2922,      3936
      1734,      5892,      2537,      3934,      1698
      1735,      2369,      5892,      1698,      5893
      1736,      5890,      1699,      5892,      2369
      1737,      1699,      3933,      2537,      5892
      1738,      3928,      2924,      3933,      1699
      1739,      2540,      3928,      1699,      5890
      1740,      3929,      1700,      5891,      2539
      1741,      1700,      5890,      2369,      5891
      1742,      3927,      2540,      5890,      1700
      1743,      2926,      3927,      1700,      3929
      1744,      3926,      1701,      3166,      2924
      1745,      1701,      5888,      2918,      3166
      1746,      5889,      2370,      5888,      1701
      1747,      2541,      5889,      1701,      3926
      1748,      5888,      1702,      3165,      2918
      1749,      1702,      3160,      3136,      3165
      1750,      5886,      2921,      3160,      1702
      1751,      2370,      5886,      1702,      5888
      1752,      5887,      1703,      5886,      2370
      1753,      1703,      3159,      2921,      5886
      1754,      3161,      3137,      3159,      1703
      1755,      2920,      3161,      1703,      5887
      1756,      3925,      1704,      5889,      2541
      1757,      1704,      5887,      2370,      5889
      1758,      3162,      2920,      5887,      1704
      1759,      2927,      3162,      1704,      3925
      1760,      3187,      1705,      3182,      3130
      1761,      1705,      5882,      2910,      3182
      1762,      5884,      2371,      5882,      1705
      1763,      2907,      5884,      1705,      3187
      1764,      5882,      1706,      3181,      2910
      1765,      1706,      3183,      3131,      3181
      1766,      5883,      2909,      3183,      1706
      1767,      2371,      5883,      1706,      5882
      1768,      5885,      1707,      5883,      2371
      1769,      1707,      3184,      2909,      5883
      1770,      3924,      2925,      3184,      1707
      1771,      2542,      3924,      1707,      5885
      1772,      3188,      1708,      5884,      2907
      1773,      1708,      5885,      2371,      5884
      1774,      3923,      2542,      5885,      1708
      1775,      2928,      3923,      1708,      3188
      1776,      3929,      1709,      3920,      2926
      1777,      1709,      5878,      2544,      3920
      1778,      5880,      2372,      5878,      1709
      1779,      2539,      5880,      1709,      3929
      1780,      5878,      1710,      3919,      2544
      1781,      1710,      3921,      2929,      3919
      1782,      5879,      2543,      3921,      1710
      1783,      2372,      5879,      1710,      5878
      1784,      5881,      1711,      5879,      2372
      1785,      1711,      3922,      2543,      5879
      1786,      3931,      2925,      3922,      1711
      1787,      2538,      3931,      1711,      5881
      1788,      3930,      1712,      5880,      2539
      1789,      1712,      5881,      2372,      5880
      1790,      3932,      2538,      5881,      1712
      1791,      2923,      3932,      1712,      3930
      1792,      3918,      1713,      3927,      2926
      1793,      1713,      5877,      2540,      3927
      1794,      5875,      2373,      5877,      1713
      1795,      2545,      5875,      1713,      3918
      1796,      5877,      1714,      3928,      2540
      1797,      1714,      3926,      2924,      3928
      1798,      5876,      2541,      3926,      1714
      1799,      2373,      5876,      1714,      5877
      1800,      5874,      1715,      5876,      2373
      1801,      1715,      3925,      2541,      5876
      1802,      3916,      2927,      3925,      1715
      1803,      2546,      3916,      1715,      5874
      1804,      3917,      1716,      5875,      2545
      1805,      1716,      5874,      2373,      5875
      1806,      3915,      2546,      5874,      1716
      1807,      2930,      3915,      1716,      3917
      1808,      3317,      1717,      3314,      3099
      1809,      1717,      5870,      2847,      3314
      1810,      5872,      2374,      5870,      1717
      1811,      2845,      5872,      1717,      3317
      1812,      5870,      1718,      3313,      2847
      1813,      1718,      3315,      3100,      3313
      1814,      5871,      2846,      3315,      1718
      1815,      2374,      5871,      1718,      5870
      1816,      5873,      1719,      5871,      2374
      1817,      1719,      3316,      2846,      5871
      1818,      3322,      2931,      3316,      1719
      1819,      2843,      3322,      1719,      5873
      1820,      3318,      1720,      5872,      2845
      1821,      1720,      5873,      2374,      5872
      1822,      3321,      2843,      5873,      1720
      1823,      3098,      3321,      1720,      3318
      1824,      3191,      1721,      3186,      3129
      1825,      1721,      5866,      2908,      3186
      1826,      5868,      2375,      5866,      1721
      1827,      2905,      5868,      1721,      3191
      1828,      5866,      1722,      3185,      2908
      1829,      1722,      3187,      3130,      3185
      1830,      5867,      2907,      3187,      1722
      1831,      2375,      5867,      1722,      5866
      1832,      5869,      1723,      5867,      2375
      1833,      1723,      3188,      2907,      5867
      1834,      3914,      2928,      3188,      1723
      1835,      2547,      3914,      1723,      5869
      1836,      3192,      1724,      5868,      2905
      1837,      1724,      5869,      2375,      5868
      1838,      3913,      2547,      5869,      1724
      1839,      2932,      3913,      1724,      3192
      1840,      3921,      1725,      3910,      2929
      1841,      1725,      5862,      2549,      3910
      1842,      5864,      2376,      5862,      1725
      1843,      2543,      5864,      1725,      3921
      1844,      5862,      1726,      3909,      2549
      1845,      1726,      3911,      2933,      3909
      1846,      5863,      2548,      3911,      1726
      1847,      2376,      5863,      1726,      5862
      1848,      5865,      1727,      5863,      2376
      1849,      1727,      3912,      2548,      5863
      1850,      3923,      2928,      3912,      1727
      1851,      2542,      3923,      1727,      5865
      1852,      3922,      1728,      5864,      2543
      1853,      1728,      5865,      2376,      5864
      1854,      3924,      2542,      5865,      1728
      1855,      2925,      3924,      1728,      3922
      1856,      3917,      1729,      3906,      2930
      1857,      1729,      4582,      2551,      3906
      1858,      5860,      2377,      4582,      1729
      1859,      2545,      5860,      1729,      3917
      1860,      4582,      1730,      3905,      2551
      1861,      1730,      3907,      2934,      3905
      1862,      5859,      2550,      3907,      1730
      1863,      2377,      5859,      1730,      4582
      1864,      5861,      1731,      5859,      2377
      1865,      1731,      3908,      2550,      5859
      1866,      3919,      2929,      3908,      1731
      1867,      2544,      3919,      1731,      5861
      1868,      3918,      1732,      5860,      2545
      1869,      1732,      5861,      2377,      5860
      1870,      3920,      2544,      5861,      1732
      1871,      2926,      3920,      1732,      3918
      1872,      3315,      1733,      3310,      3100
      1873,      1733,      4578,      2849,      3310
      1874,      4580,      2378,      4578,      1733
      1875,      2846,      4580,      1733,      3315
      1876,      4578,      1734,      3309,      2849
      1877,      1734,      3311,      3101,      3309
      1878,      4579,      2848,      3311,      1734
      1879,      2378,      4579,      1734,      4578
      1880,      4581,      1735,      4579,      2378
      1881,      1735,      3312,      2848,      4579
      1882,      3903,      2935,      3312,      1735
      1883,      2552,      3903,      1735,      4581
      1884,      3316,      1736,      4580,      2846
      1885,      1736,      4581,      2378,      4580
      1886,      3904,      2552,      4581,      1736
      1887,      2931,      3904,      1736,      3316
      1888,      3319,      1737,      3321,      3098
      1889,      1737,      4575,      2843,      3321
      1890,      4574,      2379,      4575,      1737
      1891,      2844,      4574,      1737,      3319
      1892,      4575,      1738,      3322,      2843
      1893,      1738,      3902,      2931,      3322
      1894,      4577,      2553,      3902,      1738
      1895,      2379,      4577,      1738,      4575
      1896,      4576,      1739,      4577,      2379
      1897,      1739,      3901,      2553,      4577
      1898,      3326,      2936,      3901,      1739
      1899,      2841,      3326,      1739,      4576
      1900,      3320,      1740,      4574,      2844
      1901,      1740,      4576,      2379,      4574
      1902,      3325,      2841,      4576,      1740
      1903,      3097,      3325,      1740,      3320
      1904,      3195,      1741,      3190,      3128
      1905,      1741,      4557,      2906,      3190
      1906,      4559,      2380,      4557,      1741
      1907,      2903,      4559,      1741,      3195
      1908,      4557,      1742,      3189,      2906
      1909,      1742,      3191,      3129,      3189
      1910,      4558,      2905,      3191,      1742
      1911,      2380,      4558,      1742,      4557
      1912,      4573,      1743,      4558,      2380
      1913,      1743,      3192,      2905,      4558
      1914,      3900,      2932,      3192,      1743
      1915,      2554,      3900,      1743,      4573
      1916,      3196,      1744,      4559,      2903
      1917,      1744,      4573,      2380,      4559
      1918,      3899,      2554,      4573,      1744
      1919,      2937,      3899,      1744,      3196
      1920,      3898,      1745,      3913,      2932
      1921,      1745,      4556,      2547,      3913
      1922,      4554,      2381,      4556,      1745
      1923,      2555,      4554,      1745,      3898
      1924,      4556,      1746,      3914,      2547
      1925,      1746,      3912,      2928,      3914
      1926,      4555,      2548,      3912,      1746
      1927,      2381,      4555,      1746,      4556
      1928,      4553,      1747,      4555,      2381
      1929,      1747,      3911,      2548,      4555
      1930,      3896,      2933,      3911,      1747
      1931,      2556,      3896,      1747,      4553
      1932,      3897,      1748,      4554,      2555
      1933,      1748,      4553,      2381,      4554
      1934,      3895,      2556,      4553,      1748
      1935,      2938,      3895,      1748,      3897
      1936,      3907,      1749,      3892,      2934
      1937,      1749,      4549,      2558,      3892
      1938,      4551,      2382,      4549,      1749
      1939,      2550,      4551,      1749,      3907
      1940,      4549,      1750,      3891,      2558
      1941,      1750,      3893,      2939,      3891
      1942,      4550,      2557,      3893,      1750
      1943,      2382,      4550,      1750,      4549
      1944,      4552,      1751,      4550,      2382
      1945,      1751,      3894,      2557,      4550
      1946,      3909,      2933,      3894,      1751
      1947,      2549,      3909,      1751,      4552
      1948,      3908,      1752,      4551,      2550
      1949,      1752,      4552,      2382,      4551
      1950,      3910,      2549,      4552,      1752
      1951,      2929,      3910,      1752,      3908
      1952,      3311,      1753,      3306,      3101
      1953,      1753,      4545,      2851,      3306
      1954,      4547,      2383,      4545,      1753
      1955,      2848,      4547,      1753,      3311
      1956,      4545,      1754,      3305,      2851
      1957,      1754,      3307,      3102,      3305
      1958,      4546,      2850,      3307,      1754
      1959,      2383,      4546,      1754,      4545
      1960,      4548,      1755,      4546,      2383
      1961,      1755,      3308,      2850,      4546
      1962,      3889,      2940,      3308,      1755
      1963,      2559,      3889,      1755,      4548
      1964,      3312,      1756,      4547,      2848
      1965,      1756,      4548,      2383,      4547
      1966,      3890,      2559,      4548,      1756
      1967,      2935,      3890,      1756,      3312
      1968,      3902,      1757,      3904,      2931
      1969,      1757,      4544,      2552,      3904
      1970,      4543,      2384,      4544,      1757
      1971,      2553,      4543,      1757,      3902
      1972,      4544,      1758,      3903,      2552
      1973,      1758,      3888,      2935,      3903
      1974,      4542,      2560,      3888,      1758
      1975,      2384,      4542,      1758,      4544
      1976,      4541,      1759,      4542,      2384
      1977,      1759,      3887,      2560,      4542
      1978,      3885,      2941,      3887,      1759
      1979,      2561,      3885,      1759,      4541
      1980,      3901,      1760,      4543,      2553
      1981,      1760,      4541,      2384,      4543
      1982,      3886,      2561,      4541,      1760
      1983,      2936,      3886,      1760,      3901
      1984,      3323,      1761,      3325,      3097
      1985,      1761,      4538,      2841,      3325
      1986,      4537,      2385,      4538,      1761
      1987,      2842,      4537,      1761,      3323
      1988,      4538,      1762,      3326,      2841
      1989,      1762,      3884,      2936,      3326
      1990,      4540,      2562,      3884,      1762
      1991,      2385,      4540,      1762,      4538
      1992,      4539,      1763,      4540,      2385
      1993,      1763,      3883,      2562,      4540
      1994,      3330,      2942,      3883,      1763
      1995,      2839,      3330,      1763,      4539
      1996,      3324,      1764,      4537,      2842
      1997,      1764,      4539,      2385,      4537
      1998,      3329,      2839,      4539,      1764
      1999,      3096,      3329,      1764,      3324
      2000,      3199,      1765,      3194,      3127
      2001,      1765,      4533,      2904,      3194
      2002,      4535,      2386,      4533,      1765
      2003,      2901,      4535,      1765,      3199
      2004,      4533,      1766,      3193,      2904
      2005,      1766,      3195,      3128,      3193
      2006,      4534,      2903,      3195,      1766
      2007,      2386,      4534,      1766,      4533
      2008,      4536,      1767,      4534,      2386
      2009,      1767,      3196,      2903,      4534
      2010,      3882,      2937,      3196,      1767
      2011,      2563,      3882,      1767,      4536
      2012,      3200,      1768,      4535,      2901
      2013,      1768,      4536,      2386,      4535
      2014,      3881,      2563,      4536,      1768
      2015,      2943,      3881,      1768,      3200
      2016,      3880,      1769,      3899,      2937
      2017,      1769,      4532,      2554,      3899
      2018,      4530,      2387,      4532,      1769
      2019,      2564,      4530,      1769,      3880
      2020,      4532,      1770,      3900,      2554
      2021,      1770,      3898,      2932,      3900
      2022,      4531,      2555,      3898,      1770
      2023,      2387,      4531,      1770,      4532
      2024,      4529,      1771,      4531,      2387
      2025,      1771,      3897,      2555,      4531
      2026,      3878,      2938,      3897,      1771
      2027,      2565,      3878,      1771,      4529
      2028,      3879,      1772,      4530,      2564
      2029,      1772,      4529,      2387,      4530
      2030,      3877,      2565,      4529,      1772
      2031,      2944,      3877,      1772,      3879
      2032,      3876,      1773,      3895,      2938
      2033,      1773,      4528,      2556,      3895
      2034,      4526,      2388,      4528,      1773
      2035,      2566,      4526,      1773,      3876
      2036,      4528,      1774,      3896,      2556
      2037,      1774,      3894,      2933,      3896
      2038,      4527,      2557,      3894,      1774
      2039,      2388,      4527,      1774,      4528
      2040,      4525,      1775,      4527,      2388
      2041,      1775,      3893,      2557,      4527
      2042,      3874,      2939,      3893,      1775
      2043,      2567,      3874,      1775,      4525
      2044,      3875,      1776,      4526,      2566
      2045,      1776,      4525,      2388,      4526
      2046,      3873,      2567,      4525,      1776
      2047,      2945,      3873,      1776,      3875
      2048,      3307,      1777,      3302,      3102
      2049,      1777,      4521,      2853,      3302
      2050,      4523,      2389,      4521,      1777
      2051,      2850,      4523,      1777,      3307
      2052,      4521,      1778,      3301,      2853
      2053,      1778,      3303,      3103,      3301
      2054,      4522,      2852,      3303,      1778
      2055,      2389,      4522,      1778,      4521
      2056,      4524,      1779,      4522,      2389
      2057,      1779,      3304,      2852,      4522
      2058,      3871,      2946,      3304,      1779
      2059,      2568,      3871,      1779,      4524
      2060,      3308,      1780,      4523,      2850
      2061,      1780,      4524,      2389,      4523
      2062,      3872,      2568,      4524,      1780
      2063,      2940,      3872,      1780,      3308
      2064,      3888,      1781,      3890,      2935
      2065,      1781,      4520,      2559,      3890
      2066,      4519,      2390,      4520,      1781
      2067,      2560,      4519,      1781,      3888
      2068,      4520,      1782,      3889,      2559
      2069,      1782,      3870,      2940,      3889
      2070,      4518,      2569,      3870,      1782
      2071,      2390,      4518,      1782,      4520
      2072,      4517,      1783,      4518,      2390
      2073,      1783,      3869,      2569,      4518
      2074,      3867,      2947,      3869,      1783
      2075,      2570,      3867,      1783,      4517
      2076,      3887,      1784,      4519,      2560
      2077,      1784,      4517,      2390,      4519
      2078,      3868,      2570,      4517,      1784
      2079,      2941,      3868,      1784,      3887
      2080,      3884,      1785,      3886,      2936
      2081,      1785,      4516,      2561,      3886
      2082,      4515,      2391,      4516,      1785
      2083,      2562,      4515,      1785,      3884
      2084,      4516,      1786,      3885,      2561
      2085,      1786,      3866,      2941,      3885
      2086,      4514,      2571,      3866,      1786
      2087,      2391,      4514,      1786,      4516
      2088,      4513,      1787,      4514,      2391
      2089,      1787,      3865,      2571,      4514
      2090,      3863,      2948,      3865,      1787
      2091,      2572,      3863,      1787,      4513
      2092,      3883,      1788,      4515,      2562
      2093,      1788,      4513,      2391,      4515
      2094,      3864,      2572,      4513,      1788
      2095,      2942,      3864,      1788,      3883
      2096,      3327,      1789,      3329,      3096
      2097,      1789,      4510,      2839,      3329
      2098,      4509,      2392,      4510,      1789
      2099,      2840,      4509,      1789,      3327
      2100,      4510,      1790,      3330,      2839
      2101,      1790,      3862,      2942,      3330
      2102,      4512,      2573,      3862,      1790
      2103,      2392,      4512,      1790,      4510
      2104,      4511,      1791,      4512,      2392
      2105,      1791,      3861,      2573,      4512
      2106,      3334,      2949,      3861,      1791
      2107,      2837,      3334,      1791,      4511
      2108,      3328,      1792,      4509,      2840
      2109,      1792,      4511,      2392,      4509
      2110,      3333,      2837,      4511,      1792
      2111,      3095,      3333,      1792,      3328
      2112,      3203,      1793,      3198,      3126
      2113,      1793,      4505,      2902,      3198
      2114,      4507,      2393,      4505,      1793
      2115,      2899,      4507,      1793,      3203
      2116,      4505,      1794,      3197,      2902
      2117,      1794,      3199,      3127,      3197
      2118,      4506,      2901,      3199,      1794
      2119,      2393,      4506,      1794,      4505
      2120,      4508,      1795,      4506,      2393
      2121,      1795,      3200,      2901,      4506
      2122,      3860,      2943,      3200,      1795
      2123,      2574,      3860,      1795,      4508
      2124,      3204,      1796,      4507,      2899
      2125,      1796,      4508,      2393,      4507
      2126,      3859,      2574,      4508,      1796
      2127,      2950,      3859,      1796,      3204
      2128,      3858,      1797,      3881,      2943
      2129,      1797,      4504,      2563,      3881
      2130,      4502,      2394,      4504,      1797
      2131,      2575,      4502,      1797,      3858
      2132,      4504,      1798,      3882,      2563
      2133,      1798,      3880,      2937,      3882
      2134,      4503,      2564,      3880,      1798
      2135,      2394,      4503,      1798,      4504
      2136,      4501,      1799,      4503,      2394
      2137,      1799,      3879,      2564,      4503
      2138,      3856,      2944,      3879,      1799
      2139,      2576,      3856,      1799,      4501
      2140,      3857,      1800,      4502,      2575
      2141,      1800,      4501,      2394,      4502
      2142,      3855,      2576,      4501,      1800
      2143,      2951,      3855,      1800,      3857
      2144,      3854,      1801,      3877,      2944
      2145,      1801,      4500,      2565,      3877
      2146,      4498,      2395,      4500,      1801
      2147,      2577,      4498,      1801,      3854
      2148,      4500,      1802,      3878,      2565
      2149,      1802,      3876,      2938,      3878
      2150,      4499,      2566,      3876,      1802
      2151,      2395,      4499,      1802,      4500
      2152,      4497,      1803,      4499,      2395
      2153,      1803,      3875,      2566,      4499
      2154,      3852,      2945,      3875,      1803
      2155,      2578,      3852,      1803,      4497
      2156,      3853,      1804,      4498,      2577
      2157,      1804,      4497,      2395,      4498
      2158,      3851,      2578,      4497,      1804
      2159,      2952,      3851,      1804,      3853
      2160,      3303,      1805,      3298,      3103
      2161,      1805,      4493,      2855,      3298
      2162,      4495,      2396,      4493,      1805
      2163,      2852,      4495,      1805,      3303
      2164,      4493,      1806,      3297,      2855
      2165,      1806,      3299,      3104,      3297
      2166,      4494,      2854,      3299,      1806
      2167,      2396,      4494,      1806,      4493
      2168,      4496,      1807,      4494,      2396
      2169,      1807,      3300,      2854,      4494
      2170,      3849,      2953,      3300,      1807
      2171,      2579,      3849,      1807,      4496
      2172,      3304,      1808,      4495,      2852
      2173,      1808,      4496,      2396,      4495
      2174,      3850,      2579,      4496,      1808
      2175,      2946,      3850,      1808,      3304
      2176,      3870,      1809,      3872,      2940
      2177,      1809,      4492,      2568,      3872
      2178,      4491,      2397,      4492,      1809
      2179,      2569,      4491,      1809,      3870
      2180,      4492,      1810,      3871,      2568
      2181,      1810,      3848,      2946,      3871
      2182,      4490,      2580,      3848,      1810
      2183,      2397,      4490,      1810,      4492
      2184,      4489,      1811,      4490,      2397
      2185,      1811,      3847,      2580,      4490
      2186,      3845,      2954,      3847,      1811
      2187,      2581,      3845,      1811,      4489
      2188,      3869,      1812,      4491,      2569
      2189,      1812,      4489,      2397,      4491
      2190,      3846,      2581,      4489,      1812
      2191,      2947,      3846,      1812,      3869
      2192,      3866,      1813,      3868,      2941
      2193,      1813,      4488,      2570,      3868
      2194,      4487,      2398,      4488,      1813
      2195,      2571,      4487,      1813,      3866
      2196,      4488,      1814,      3867,      2570
      2197,      1814,      3844,      2947,      3867
      2198,      4486,      2582,      3844,      1814
      2199,      2398,      4486,      1814,      4488
      2200,      4485,      1815,      4486,      2398
      2201,      1815,      3843,      2582,      4486
      2202,      3841,      2955,      3843,      1815
      2203,      2583,      3841,      1815,      4485
      2204,      3865,      1816,      4487,      2571
      2205,      1816,      4485,      2398,      4487
      2206,      3842,      2583,      4485,      1816
      2207,      2948,      3842,      1816,      3865
      2208,      3862,      1817,      3864,      2942
      2209,      1817,      4484,      2572,      3864
      2210,      4483,      2399,      4484,      1817
      2211,      2573,      4483,      1817,      3862
      2212,      4484,      1818,      3863,      2572
      2213,      1818,      3840,      2948,      3863
      2214,      4482,      2584,      3840,      1818
      2215,      2399,      4482,      1818,      4484
      2216,      4481,      1819,      4482,      2399
      2217,      1819,      3839,      2584,      4482
      2218,      3837,      2956,      3839,      1819
      2219,      2585,      3837,      1819,      4481
      2220,      3861,      1820,      4483,      2573
      2221,      1820,      4481,      2399,      4483
      2222,      3838,      2585,      4481,      1820
      2223,      2949,      3838,      1820,      3861
      2224,      3331,      1821,      3333,      3095
      2225,      1821,      4478,      2837,      3333
      2226,      4477,      2400,      4478,      1821
      2227,      2838,      4477,      1821,      3331
      2228,      4478,      1822,      3334,      2837
      2229,      1822,      3836,      2949,      3334
      2230,      4480,      2586,      3836,      1822
      2231,      2400,      4480,      1822,      4478
      2232,      4479,      1823,      4480,      2400
      2233,      1823,      3835,      2586,      4480
      2234,      3338,      2957,      3835,      1823
      2235,      2835,      3338,      1823,      4479
      2236,      3332,      1824,      4477,      2838
      2237,      1824,      4479,      2400,      4477
      2238,      3337,      2835,      4479,      1824
      2239,      3094,      3337,      1824,      3332
      2240,      3207,      1825,      3202,      3125
      2241,      1825,      4473,      2900,      3202
      2242,      4475,      2401,      4473,      1825
      2243,      2897,      4475,      1825,      3207
      2244,      4473,      1826,      3201,      2900
      2245,      1826,      3203,      3126,      3201
      2246,      4474,      2899,      3203,      1826
      2247,      2401,      4474,      1826,      4473
      2248,      4476,      1827,      4474,      2401
      2249,      1827,      3204,      2899,      4474
      2250,      3834,      2950,      3204,      1827
      2251,      2587,      3834,      1827,      4476
      2252,      3208,      1828,      4475,      2897
      2253,      1828,      4476,      2401,      4475
      2254,      3833,      2587,      4476,      1828
      2255,      2958,      3833,      1828,      3208
      2256,      3857,      1829,      3830,      2951
      2257,      1829,      4469,      2589,      3830
      2258,      4471,      2402,      4469,      1829
      2259,      2575,      4471,      1829,      3857
      2260,      4469,      1830,      3829,      2589
      2261,      1830,      3831,      2959,      3829
      2262,      4470,      2588,      3831,      1830
      2263,      2402,      4470,      1830,      4469
      2264,      4472,      1831,      4470,      2402
      2265,      1831,      3832,      2588,      4470
      2266,      3859,      2950,      3832,      1831
      2267,      2574,      3859,      1831,      4472
      2268,      3858,      1832,      4471,      2575
      2269,      1832,      4472,      2402,      4471
      2270,      3860,      2574,      4472,      1832
      2271,      2943,      3860,      1832,      3858
      2272,      3828,      1833,      3855,      2951
      2273,      1833,      4468,      2576,      3855
      2274,      4466,      2403,      4468,      1833
      2275,      2590,      4466,      1833,      3828
      2276,      4468,      1834,      3856,      2576
      2277,      1834,      3854,      2944,      3856
      2278,      4467,      2577,      3854,      1834
      2279,      2403,      4467,      1834,      4468
      2280,      4465,      1835,      4467,      2403
      2281,      1835,      3853,      2577,      4467
      2282,      3826,      2952,      3853,      1835
      2283,      2591,      3826,      1835,      4465
      2284,      3827,      1836,      4466,      2590
      2285,      1836,      4465,      2403,      4466
      2286,      3825,      2591,      4465,      1836
      2287,      2960,      3825,      1836,      3827
      2288,      3299,      1837,      3294,      3104
      2289,      1837,      4461,      2857,      3294
      2290,      4463,      2404,      4461,      1837
      2291,      2854,      4463,      1837,      3299
      2292,      4461,      1838,      3293,      2857
      2293,      1838,      3295,      3105,      3293
      2294,      4462,      2856,      3295,      1838
      2295,      2404,      4462,      1838,      4461
      2296,      4464,      1839,      4462,      2404
      2297,      1839,      3296,      2856,      4462
      2298,      3823,      2961,      3296,      1839
      2299,      2592,      3823,      1839,      4464
      2300,      3300,      1840,      4463,      2854
      2301,      1840,      4464,      2404,      4463
      2302,      3824,      2592,      4464,      1840
      2303,      2953,      3824,      1840,      3300
      2304,      3848,      1841,      3850,      2946
      2305,      1841,      4460,      2579,      3850
      2306,      4459,      2405,      4460,      1841
      2307,      2580,      4459,      1841,      3848
      2308,      4460,      1842,      3849,      2579
      2309,      1842,      3822,      2953,      3849
      2310,      4458,      2593,      3822,      1842
      2311,      2405,      4458,      1842,      4460
      2312,      4457,      1843,      4458,      2405
      2313,      1843,      3821,      2593,      4458
      2314,      3819,      2962,      3821,      1843
      2315,      2594,      3819,      1843,      4457
      2316,      3847,      1844,      4459,      2580
      2317,      1844,      4457,      2405,      4459
      2318,      3820,      2594,      4457,      1844
      2319,      2954,      3820,      1844,      3847
      2320,      3844,      1845,      3846,      2947
      2321,      1845,      4456,      2581,      3846
      2322,      4455,      2406,      4456,      1845
      2323,      2582,      4455,      1845,      3844
      2324,      4456,      1846,      3845,      2581
      2325,      1846,      3818,      2954,      3845
      2326,      4454,      2595,      3818,      1846
      2327,      2406,      4454,      1846,      4456
      2328,      4453,      1847,      4454,      2406
      2329,      1847,      3817,      2595,      4454
      2330,      3815,      2963,      3817,      1847
      2331,      2596,      3815,      1847,      4453
      2332,      3843,      1848,      4455,      2582
      2333,      1848,      4453,      2406,      4455
      2334,      3816,      2596,      4453,      1848
      2335,      2955,      3816,      1848,      3843
      2336,      3840,      1849,      3842,      2948
      2337,      1849,      4452,      2583,      3842
      2338,      4451,      2407,      4452,      1849
      2339,      2584,      4451,      1849,      3840
      2340,      4452,      1850,      3841,      2583
      2341,      1850,      3814,      2955,      3841
      2342,      4450,      2597,      3814,      1850
      2343,      2407,      4450,      1850,      4452
      2344,      4449,      1851,      4450,      2407
      2345,      1851,      3813,      2597,      4450
      2346,      3811,      2964,      3813,      1851
      2347,      2598,      3811,      1851,      4449
      2348,      3839,      1852,      4451,      2584
      2349,      1852,      4449,      2407,      4451
      2350,      3812,      2598,      4449,      1852
      2351,      2956,      3812,      1852,      3839
      2352,      3836,      1853,      3838,      2949
      2353,      1853,      4448,      2585,      3838
      2354,      4447,      2408,      4448,      1853
      2355,      2586,      4447,      1853,      3836
      2356,      4448,      1854,      3837,      2585
      2357,      1854,      3810,      2956,      3837
      2358,      4446,      2599,      3810,      1854
      2359,      2408,      4446,      1854,      4448
      2360,      4445,      1855,      4446,      2408
      2361,      1855,      3809,      2599,      4446
      2362,      3807,      2965,      3809,      1855
      2363,      2600,      3807,      1855,      4445
      2364,      3835,      1856,      4447,      2586
      2365,      1856,      4445,      2408,      4447
      2366,      3808,      2600,      4445,      1856
      2367,      2957,      3808,      1856,      3835
      2368,      3335,      1857,      3337,      3094
      2369,      1857,      4442,      2835,      3337
      2370,      4441,      2409,      4442,      1857
      2371,      2836,      4441,      1857,      3335
      2372,      4442,      1858,      3338,      2835
      2373,      1858,      3344,      2957,      3338
      2374,      4444,      2832,      3344,      1858
      2375,      2409,      4444,      1858,      4442
      2376,      4443,      1859,      4444,      2409
      2377,      1859,      3343,      2832,      4444
      2378,      3340,      3092,      3343,      1859
      2379,      2834,      3340,      1859,      4443
      2380,      3336,      1860,      4441,      2836
      2381,      1860,      4443,      2409,      4441
      2382,      3339,      2834,      4443,      1860
      2383,      3093,      3339,      1860,      3336
      2384,      3211,      1861,      3206,      3124
      2385,      1861,      4437,      2898,      3206
      2386,      4439,      2410,      4437,      1861
      2387,      2895,      4439,      1861,      3211
      2388,      4437,      1862,      3205,      2898
      2389,      1862,      3207,      3125,      3205
      2390,      4438,      2897,      3207,      1862
      2391,      2410,      4438,      1862,      4437
      2392,      4440,      1863,      4438,      2410
      2393,      1863,      3208,      2897,      4438
      2394,      3806,      2958,      3208,      1863
      2395,      2601,      3806,      1863,      4440
      2396,      3212,      1864,      4439,      2895
      2397,      1864,      4440,      2410,      4439
      2398,      3805,      2601,      4440,      1864
      2399,      2966,      3805,      1864,      3212
      2400,      3831,      1865,      3802,      2959
      2401,      1865,      4433,      2603,      3802
      2402,      4435,      2411,      4433,      1865
      2403,      2588,      4435,      1865,      3831
      2404,      4433,      1866,      3801,      2603
      2405,      1866,      3803,      2967,      3801
      2406,      4434,      2602,      3803,      1866
      2407,      2411,      4434,      1866,      4433
      2408,      4436,      1867,      4434,      2411
      2409,      1867,      3804,      2602,      4434
      2410,      3833,      2958,      3804,      1867
      2411,      2587,      3833,      1867,      4436
      2412,      3832,      1868,      4435,      2588
      2413,      1868,      4436,      2411,      4435
      2414,      3834,      2587,      4436,      1868
      2415,      2950,      3834,      1868,      3832
      2416,      3295,      1869,      3290,      3105
      2417,      1869,      4429,      2859,      3290
      2418,      4431,      2412,      4429,      1869
      2419,      2856,      4431,      1869,      3295
      2420,      4429,      1870,      3289,      2859
      2421,      1870,      3291,      3106,      3289
      2422,      4430,      2858,      3291,      1870
      2423,      2412,      4430,      1870,      4429
      2424,      4432,      1871,      4430,      2412
      2425,      1871,      3292,      2858,      4430
      2426,      3799,      2968,      3292,      1871
      2427,      2604,      3799,      1871,      4432
      2428,      3296,      1872,      4431,      2856
      2429,      1872,      4432,      2412,      4431
      2430,      3800,      2604,      4432,      1872
      2431,      2961,      3800,      1872,      3296
      2432,      3827,      1873,      3796,      2960
      2433,      1873,      4425,      2606,      3796
      2434,      4427,      2413,      4425,      1873
      2435,      2590,      4427,      1873,      3827
      2436,      4425,      1874,      3795,      2606
      2437,      1874,      3797,      2969,      3795
      2438,      4426,      2605,      3797,      1874
      2439,      2413,      4426,      1874,      4425
      2440,      4428,      1875,      4426,      2413
      2441,      1875,      3798,      2605,      4426
      2442,      3829,      2959,      3798,      1875
      2443,      2589,      3829,      1875,      4428
      2444,      3828,      1876,      4427,      2590
      2445,      1876,      4428,      2413,      4427
      2446,      3830,      2589,      4428,      1876
      2447,      2951,      3830,      1876,      3828
      2448,      3793,      1877,      3791,      2970
      2449,      1877,      4421,      2608,      3791
      2450,      4422,      2414,      4421,      1877
      2451,      2607,      4422,      1877,      3793
      2452,      4421,      1878,      3792,      2608
      2453,      1878,      3821,      2962,      3792
      2454,      4423,      2593,      3821,      1878
      2455,      2414,      4423,      1878,      4421
      2456,      4424,      1879,      4423,      2414
      2457,      1879,      3822,      2593,      4423
      2458,      3824,      2953,      3822,      1879
      2459,      2592,      3824,      1879,      4424
      2460,      3794,      1880,      4422,      2607
      2461,      1880,      4424,      2414,      4422
      2462,      3823,      2592,      4424,      1880
      2463,      2961,      3823,      1880,      3794
      2464,      3818,      1881,      3820,      2954
      2465,      1881,      4420,      2594,      3820
      2466,      4419,      2415,      4420,      1881
      2467,      2595,      4419,      1881,      3818
      2468,      4420,      1882,      3819,      2594
      2469,      1882,      3790,      2962,      3819
      2470,      4418,      2609,      3790,      1882
      2471,      2415,      4418,      1882,      4420
      2472,      4417,      1883,      4418,      2415
      2473,      1883,      3789,      2609,      4418
      2474,      3787,      2971,      3789,      1883
      2475,      2610,      3787,      1883,      4417
      2476,      3817,      1884,      4419,      2595
      2477,      1884,      4417,      2415,      4419
      2478,      3788,      2610,      4417,      1884
      2479,      2963,      3788,      1884,      3817
      2480,      3814,      1885,      3816,      2955
      2481,      1885,      4416,      2596,      3816
      2482,      4415,      2416,      4416,      1885
      2483,      2597,      4415,      1885,      3814
      2484,      4416,      1886,      3815,      2596
      2485,      1886,      3786,      2963,      3815
      2486,      4414,      2611,      3786,      1886
      2487,      2416,      4414,      1886,      4416
      2488,      4413,      1887,      4414,      2416
      2489,      1887,      3785,      2611,      4414
      2490,      3783,      2972,      3785,      1887
      2491,      2612,      3783,      1887,      4413
      2492,      3813,      1888,      4415,      2597
      2493,      1888,      4413,      2416,      4415
      2494,      3784,      2612,      4413,      1888
      2495,      2964,      3784,      1888,      3813
      2496,      3810,      1889,      3812,      2956
      2497,      1889,      4412,      2598,      3812
      2498,      4411,      2417,      4412,      1889
      2499,      2599,      4411,      1889,      3810
      2500,      4412,      1890,      3811,      2598
      2501,      1890,      3782,      2964,      3811
      2502,      4410,      2613,      3782,      1890
      2503,      2417,      4410,      1890,      4412
      2504,      4409,      1891,      4410,      2417
      2505,      1891,      3781,      2613,      4410
      2506,      3779,      2973,      3781,      1891
      2507,      2614,      3779,      1891,      4409
      2508,      3809,      1892,      4411,      2599
      2509,      1892,      4409,      2417,      4411
      2510,      3780,      2614,      4409,      1892
      2511,      2965,      3780,      1892,      3809
      2512,      3344,      1893,      3808,      2957
      2513,      1893,      4408,      2600,      3808
      2514,      4406,      2418,      4408,      1893
      2515,      2832,      4406,      1893,      3344
      2516,      4408,      1894,      3807,      2600
      2517,      1894,      3348,      2965,      3807
      2518,      4407,      2830,      3348,      1894
      2519,      2418,      4407,      1894,      4408
      2520,      4405,      1895,      4407,      2418
      2521,      1895,      3347,      2830,      4407
      2522,      3342,      3091,      3347,      1895
      2523,      2833,      3342,      1895,      4405
      2524,      3343,      1896,      4406,      2832
      2525,      1896,      4405,      2418,      4406
      2526,      3341,      2833,      4405,      1896
      2527,      3092,      3341,      1896,      3343
      2528,      3215,      1897,      3210,      3123
      2529,      1897,      4401,      2896,      3210
      2530,      4403,      2419,      4401,      1897
      2531,      2893,      4403,      1897,      3215
      2532,      4401,      1898,      3209,      2896
      2533,      1898,      3211,      3124,      3209
      2534,      4402,      2895,      3211,      1898
      2535,      2419,      4402,      1898,      4401
      2536,      4404,      1899,      4402,      2419
      2537,      1899,      3212,      2895,      4402
      2538,      3778,      2966,      3212,      1899
      2539,      2615,      3778,      1899,      4404
      2540,      3216,      1900,      4403,      2893
      2541,      1900,      4404,      2419,      4403
      2542,      3777,      2615,      4404,      1900
      2543,      2974,      3777,      1900,      3216
      2544,      3776,      1901,      3805,      2966
      2545,      1901,      4400,      2601,      3805
      2546,      4398,      2420,      4400,      1901
      2547,      2616,      4398,      1901,      3776
      2548,      4400,      1902,      3806,      2601
      2549,      1902,      3804,      2958,      3806
      2550,      4399,      2602,      3804,      1902
      2551,      2420,      4399,      1902,      4400
      2552,      4397,      1903,      4399,      2420
      2553,      1903,      3803,      2602,      4399
      2554,      3774,      2967,      3803,      1903
      2555,      2617,      3774,      1903,      4397
      2556,      3775,      1904,      4398,      2616
      2557,      1904,      4397,      2420,      4398
      2558,      3773,      2617,      4397,      1904
      2559,      2975,      3773,      1904,      3775
      2560,      3291,      1905,      3286,      3106
      2561,      1905,      4393,      2861,      3286
      2562,      4395,      2421,      4393,      1905
      2563,      2858,      4395,      1905,      3291
      2564,      4393,      1906,      3285,      2861
      2565,      1906,      3287,      3107,      3285
      2566,      4394,      2860,      3287,      1906
      2567,      2421,      4394,      1906,      4393
      2568,      4396,      1907,      4394,      2421
      2569,      1907,      3288,      2860,      4394
      2570,      3771,      2976,      3288,      1907
      2571,      2618,      3771,      1907,      4396
      2572,      3292,      1908,      4395,      2858
      2573,      1908,      4396,      2421,      4395
      2574,      3772,      2618,      4396,      1908
      2575,      2968,      3772,      1908,      3292
      2576,      3797,      1909,      3768,      2969
      2577,      1909,      4389,      2620,      3768
      2578,      4391,      2422,      4389,      1909
      2579,      2605,      4391,      1909,      3797
      2580,      4389,      1910,      3767,      2620
      2581,      1910,      3769,      2977,      3767
      2582,      4390,      2619,      3769,      1910
      2583,      2422,      4390,      1910,      4389
      2584,      4392,      1911,      4390,      2422
      2585,      1911,      3770,      2619,      4390
      2586,      3801,      2967,      3770,      1911
      2587,      2603,      3801,      1911,      4392
      2588,      3798,      1912,      4391,      2605
      2589,      1912,      4392,      2422,      4391
      2590,      3802,      2603,      4392,      1912
      2591,      2959,      3802,      1912,      3798
      2592,      3765,      1913,      3763,      2978
      2593,      1913,      4385,      2622,      3763
      2594,      4386,      2423,      4385,      1913
      2595,      2621,      4386,      1913,      3765
      2596,      4385,      1914,      3764,      2622
      2597,      1914,      3793,      2970,      3764
      2598,      4387,      2607,      3793,      1914
      2599,      2423,      4387,      1914,      4385
      2600,      4388,      1915,      4387,      2423
      2601,      1915,      3794,      2607,      4387
      2602,      3800,      2961,      3794,      1915
      2603,      2604,      3800,      1915,      4388
      2604,      3766,      1916,      4386,      2621
      2605,      1916,      4388,      2423,      4386
      2606,      3799,      2604,      4388,      1916
      2607,      2968,      3799,      1916,      3766
      2608,      3761,      1917,      3759,      2979
      2609,      1917,      4381,      2624,      3759
      2610,      4382,      2424,      4381,      1917
      2611,      2623,      4382,      1917,      3761
      2612,      4381,      1918,      3760,      2624
      2613,      1918,      3789,      2971,      3760
      2614,      4383,      2609,      3789,      1918
      2615,      2424,      4383,      1918,      4381
      2616,      4384,      1919,      4383,      2424
      2617,      1919,      3790,      2609,      4383
      2618,      3792,      2962,      3790,      1919
      2619,      2608,      3792,      1919,      4384
      2620,      3762,      1920,      4382,      2623
      2621,      1920,      4384,      2424,      4382
      2622,      3791,      2608,      4384,      1920
      2623,      2970,      3791,      1920,      3762
      2624,      3786,      1921,      3788,      2963
      2625,      1921,      4380,      2610,      3788
      2626,      4379,      2425,      4380,      1921
      2627,      2611,      4379,      1921,      3786
      2628,      4380,      1922,      3787,      2610
      2629,      1922,      3758,      2971,      3787
      2630,      4378,      2625,      3758,      1922
      2631,      2425,      4378,      1922,      4380
      2632,      4377,      1923,      4378,      2425
      2633,      1923,      3757,      2625,      4378
      2634,      3755,      2980,      3757,      1923
      2635,      2626,      3755,      1923,      4377
      2636,      3785,      1924,      4379,      2611
      2637,      1924,      4377,      2425,      4379
      2638,      3756,      2626,      4377,      1924
      2639,      2972,      3756,      1924,      3785
      2640,      3782,      1925,      3784,      2964
      2641,      1925,      4376,      2612,      3784
      2642,      4375,      2426,      4376,      1925
      2643,      2613,      4375,      1925,      3782
      2644,      4376,      1926,      3783,      2612
      2645,      1926,      3754,      2972,      3783
      2646,      4374,      2627,      3754,      1926
      2647,      2426,      4374,      1926,      4376
      2648,      4373,      1927,      4374,      2426
      2649,      1927,      3753,      2627,      4374
      2650,      3751,      2981,      3753,      1927
      2651,      2628,      3751,      1927,      4373
      2652,      3781,      1928,      4375,      2613
      2653,      1928,      4373,      2426,      4375
      2654,      3752,      2628,      4373,      1928
      2655,      2973,      3752,      1928,      3781
      2656,      3348,      1929,      3780,      2965
      2657,      1929,      4372,      2614,      3780
      2658,      4370,      2427,      4372,      1929
      2659,      2830,      4370,      1929,      3348
      2660,      4372,      1930,      3779,      2614
      2661,      1930,      3352,      2973,      3779
      2662,      4371,      2828,      3352,      1930
      2663,      2427,      4371,      1930,      4372
      2664,      4369,      1931,      4371,      2427
      2665,      1931,      3351,      2828,      4371
      2666,      3346,      3090,      3351,      1931
      2667,      2831,      3346,      1931,      4369
      2668,      3347,      1932,      4370,      2830
      2669,      1932,      4369,      2427,      4370
      2670,      3345,      2831,      4369,      1932
      2671,      3091,      3345,      1932,      3347
      2672,      3219,      1933,      3214,      3122
      2673,      1933,      4365,      2894,      3214
      2674,      4367,      2428,      4365,      1933
      2675,      2891,      4367,      1933,      3219
      2676,      4365,      1934,      3213,      2894
      2677,      1934,      3215,      3123,      3213
      2678,      4366,      2893,      3215,      1934
      2679,      2428,      4366,      1934,      4365
      2680,      4368,      1935,      4366,      2428
      2681,      1935,      3216,      2893,      4366
      2682,      3750,      2974,      3216,      1935
      2683,      2629,      3750,      1935,      4368
      2684,      3220,      1936,      4367,      2891
      2685,      1936,      4368,      2428,      4367
      2686,      3749,      2629,      4368,      1936
      2687,      2982,      3749,      1936,      3220
      2688,      3748,      1937,      3777,      2974
      2689,      1937,      4364,      2615,      3777
      2690,      4362,      2429,      4364,      1937
      2691,      2630,      4362,      1937,      3748
      2692,      4364,      1938,      3778,      2615
      2693,      1938,      3776,      2966,      3778
      2694,      4363,      2616,      3776,      1938
      2695,      2429,      4363,      1938,      4364
      2696,      4361,      1939,      4363,      2429
      2697,      1939,      3775,      2616,      4363
      2698,      3746,      2975,      3775,      1939
      2699,      2631,      3746,      1939,      4361
      2700,      3747,      1940,      4362,      2630
      2701,      1940,      4361,      2429,      4362
      2702,      3745,      2631,      4361,      1940
      2703,      2983,      3745,      1940,      3747
      2704,      3287,      1941,      3282,      3107
      2705,      1941,      4357,      2863,      3282
      2706,      4359,      2430,      4357,      1941
      2707,      2860,      4359,      1941,      3287
      2708,      4357,      1942,      3281,      2863
      2709,      1942,      3283,      3108,      3281
      2710,      4358,      2862,      3283,      1942
      2711,      2430,      4358,      1942,      4357
      2712,      4360,      1943,      4358,      2430
      2713,      1943,      3284,      2862,      4358
      2714,      3743,      2984,      3284,      1943
      2715,      2632,      3743,      1943,      4360
      2716,      3288,      1944,      4359,      2860
      2717,      1944,      4360,      2430,      4359
      2718,      3744,      2632,      4360,      1944
      2719,      2976,      3744,      1944,      3288
      2720,      3742,      1945,      3773,      2975
      2721,      1945,      4356,      2617,      3773
      2722,      4354,      2431,      4356,      1945
      2723,      2633,      4354,      1945,      3742
      2724,      4356,      1946,      3774,      2617
      2725,      1946,      3770,      2967,      3774
      2726,      4355,      2619,      3770,      1946
      2727,      2431,      4355,      1946,      4356
      2728,      4353,      1947,      4355,      2431
      2729,      1947,      3769,      2619,      4355
      2730,      3740,      2977,      3769,      1947
      2731,      2634,      3740,      1947,      4353
      2732,      3741,      1948,      4354,      2633
      2733,      1948,      4353,      2431,      4354
      2734,      3739,      2634,      4353,      1948
      2735,      2985,      3739,      1948,      3741
      2736,      3766,      1949,      3772,      2968
      2737,      1949,      4352,      2618,      3772
      2738,      4351,      2432,      4352,      1949
      2739,      2621,      4351,      1949,      3766
      2740,      4352,      1950,      3771,      2618
      2741,      1950,      3738,      2976,      3771
      2742,      4350,      2635,      3738,      1950
      2743,      2432,      4350,      1950,      4352
      2744,      4349,      1951,      4350,      2432
      2745,      1951,      3737,      2635,      4350
      2746,      3735,      2986,      3737,      1951
      2747,      2636,      3735,      1951,      4349
      2748,      3765,      1952,      4351,      2621
      2749,      1952,      4349,      2432,      4351
      2750,      3736,      2636,      4349,      1952
      2751,      2978,      3736,      1952,      3765
      2752,      3733,      1953,      3731,      2987
      2753,      1953,      4345,      2638,      3731
      2754,      4346,      2433,      4345,      1953
      2755,      2637,      4346,      1953,      3733
      2756,      4345,      1954,      3732,      2638
      2757,      1954,      3761,      2979,      3732
      2758,      4347,      2623,      3761,      1954
      2759,      2433,      4347,      1954,      4345
      2760,      4348,      1955,      4347,      2433
      2761,      1955,      3762,      2623,      4347
      2762,      3764,      2970,      3762,      1955
      2763,      2622,      3764,      1955,      4348
      2764,      3734,      1956,      4346,      2637
      2765,      1956,      4348,      2433,      4346
      2766,      3763,      2622,      4348,      1956
      2767,      2978,      3763,      1956,      3734
      2768,      3758,      1957,      3760,      2971
      2769,      1957,      4344,      2624,      3760
      2770,      4343,      2434,      4344,      1957
      2771,      2625,      4343,      1957,      3758
      2772,      4344,      1958,      3759,      2624
      2773,      1958,      3730,      2979,      3759
      2774,      4342,      2639,      3730,      1958
      2775,      2434,      4342,      1958,      4344
      2776,      4341,      1959,      4342,      2434
      2777,      1959,      3729,      2639,      4342
      2778,      3727,      2988,      3729,      1959
      2779,      2640,      3727,      1959,      4341
      2780,      3757,      1960,      4343,      2625
      2781,      1960,      4341,      2434,      4343
      2782,      3728,      2640,      4341,      1960
      2783,      2980,      3728,      1960,      3757
      2784,      3754,      1961,      3756,      2972
      2785,      1961,      4340,      2626,      3756
      2786,      4339,      2435,      4340,      1961
      2787,      2627,      4339,      1961,      3754
      2788,      4340,      1962,      3755,      2626
      2789,      1962,      3726,      2980,      3755
      2790,      4338,      2641,      3726,      1962
      2791,      2435,      4338,      1962,      4340
      2792,      4337,      1963,      4338,      2435
      2793,      1963,      3725,      2641,      4338
      2794,      3723,      2989,      3725,      1963
      2795,      2642,      3723,      1963,      4337
      2796,      3753,      1964,      4339,      2627
      2797,      1964,      4337,      2435,      4339
      2798,      3724,      2642,      4337,      1964
      2799,      2981,      3724,      1964,      3753
      2800,      3352,      1965,      3752,      2973
      2801,      1965,      4336,      2628,      3752
      2802,      4334,      2436,      4336,      1965
      2803,      2828,      4334,      1965,      3352
      2804,      4336,      1966,      3751,      2628
      2805,      1966,      3356,      2981,      3751
      2806,      4335,      2826,      3356,      1966
      2807,      2436,      4335,      1966,      4336
      2808,      4333,      1967,      4335,      2436
      2809,      1967,      3355,      2826,      4335
      2810,      3350,      3089,      3355,      1967
      2811,      2829,      3350,      1967,      4333
      2812,      3351,      1968,      4334,      2828
      2813,      1968,      4333,      2436,      4334
      2814,      3349,      2829,      4333,      1968
      2815,      3090,      3349,      1968,      3351
      2816,      3223,      1969,      3218,      3121
      2817,      1969,      4329,      2892,      3218
      2818,      4331,      2437,      4329,      1969
      2819,      2889,      4331,      1969,      3223
      2820,      4329,      1970,      3217,      2892
      2821,      1970,      3219,      3122,      3217
      2822,      4330,      2891,      3219,      1970
      2823,      2437,      4330,      1970,      4329
      2824,      4332,      1971,      4330,      2437
      2825,      1971,      3220,      2891,      4330
      2826,      3722,      2982,      3220,      1971
      2827,      2643,      3722,      1971,      4332
      2828,      3224,      1972,      4331,      2889
      2829,      1972,      4332,      2437,      4331
      2830,      3721,      2643,      4332,      1972
      2831,      2990,      3721,      1972,      3224
      2832,      3720,      1973,      3749,      2982
      2833,      1973,      4328,      2629,      3749
      2834,      4326,      2438,      4328,      1973
      2835,      2644,      4326,      1973,      3720
      2836,      4328,      1974,      3750,      2629
      2837,      1974,      3748,      2974,      3750
      2838,      4327,      2630,      3748,      1974
      2839,      2438,      4327,      1974,      4328
      2840,      4325,      1975,      4327,      2438
      2841,      1975,      3747,      2630,      4327
      2842,      3718,      2983,      3747,      1975
      2843,      2645,      3718,      1975,      4325
      2844,      3719,      1976,      4326,      2644
      2845,      1976,      4325,      2438,      4326
      2846,      3717,      2645,      4325,      1976
      2847,      2991,      3717,      1976,      3719
      2848,      3283,      1977,      3278,      3108
      2849,      1977,      4321,      2865,      3278
      2850,      4323,      2439,      4321,      1977
      2851,      2862,      4323,      1977,      3283
      2852,      4321,      1978,      3277,      2865
      2853,      1978,      3279,      3109,      3277
      2854,      4322,      2864,      3279,      1978
      2855,      2439,      4322,      1978,      4321
      2856,      4324,      1979,      4322,      2439
      2857,      1979,      3280,      2864,      4322
      2858,      3715,      2992,      3280,      1979
      2859,      2646,      3715,      1979,      4324
      2860,      3284,      1980,      4323,      2862
      2861,      1980,      4324,      2439,      4323
      2862,      3716,      2646,      4324,      1980
      2863,      2984,      3716,      1980,      3284
      2864,      3714,      1981,      3745,      2983
      2865,      1981,      4320,      2631,      3745
      2866,      4318,      2440,      4320,      1981
      2867,      2647,      4318,      1981,      3714
      2868,      4320,      1982,      3746,      2631
      2869,      1982,      3742,      2975,      3746
      2870,      4319,      2633,      3742,      1982
      2871,      2440,      4319,      1982,      4320
      2872,      4317,      1983,      4319,      2440
      2873,      1983,      3741,      2633,      4319
      2874,      3712,      2985,      3741,      1983
      2875,      2648,      3712,      1983,      4317
      2876,      3713,      1984,      4318,      2647
      2877,      1984,      4317,      2440,      4318
      2878,      3711,      2648,      4317,      1984
      2879,      2993,      3711,      1984,      3713
      2880,      3738,      1985,      3744,      2976
      2881,      1985,      4316,      2632,      3744
      2882,      4315,      2441,      4316,      1985
      2883,      2635,      4315,      1985,      3738
      2884,      4316,      1986,      3743,      2632
      2885,      1986,      3710,      2984,      3743
      2886,      4314,      2649,      3710,      1986
      2887,      2441,      4314,      1986,      4316
      2888,      4313,      1987,      4314,      2441
      2889,      1987,      3709,      2649,      4314
      2890,      3707,      2994,      3709,      1987
      2891,      2650,      3707,      1987,      4313
      2892,      3737,      1988,      4315,      2635
      2893,      1988,      4313,      2441,      4315
      2894,      3708,      2650,      4313,      1988
      2895,      2986,      3708,      1988,      3737
      2896,      3734,      1989,      3736,      2978
      2897,      1989,      4312,      2636,      3736
      2898,      4311,      2442,      4312,      1989
      2899,      2637,      4311,      1989,      3734
      2900,      4312,      1990,      3735,      2636
      2901,      1990,      3706,      2986,      3735
      2902,      4310,      2651,      3706,      1990
      2903,      2442,      4310,      1990,      4312
      2904,      4309,      1991,      4310,      2442
      2905,      1991,      3705,      2651,      4310
      2906,      3703,      2995,      3705,      1991
      2907,      2652,      3703,      1991,      4309
      2908,      3733,      1992,      4311,      2637
      2909,      1992,      4309,      2442,      4311
      2910,      3704,      2652,      4309,      1992
      2911,      2987,      3704,      1992,      3733
      2912,      3730,      1993,      3732,      2979
      2913,      1993,      4308,      2638,      3732
      2914,      4307,      2443,      4308,      1993
      2915,      2639,      4307,      1993,      3730
      2916,      4308,      1994,      3731,      2638
      2917,      1994,      3702,      2987,      3731
      2918,      4306,      2653,      3702,      1994
      2919,      2443,      4306,      1994,      4308
      2920,      4305,      1995,      4306,      2443
      2921,      1995,      3701,      2653,      4306
      2922,      3699,      2996,      3701,      1995
      2923,      2654,      3699,      1995,      4305
      2924,      3729,      1996,      4307,      2639
      2925,      1996,      4305,      2443,      4307
      2926,      3700,      2654,      4305,      1996
      2927,      2988,      3700,      1996,      3729
      2928,      3697,      1997,      3695,      2997
      2929,      1997,      4301,      2656,      3695
      2930,      4302,      2444,      4301,      1997
      2931,      2655,      4302,      1997,      3697
      2932,      4301,      1998,      3696,      2656
      2933,      1998,      3725,      2989,      3696
      2934,      4303,      2641,      3725,      1998
      2935,      2444,      4303,      1998,      4301
      2936,      4304,      1999,      4303,      2444
      2937,      1999,      3726,      2641,      4303
      2938,      3728,      2980,      3726,      1999
      2939,      2640,      3728,      1999,      4304
      2940,      3698,      2000,      4302,      2655
      2941,      2000,      4304,      2444,      4302
      2942,      3727,      2640,      4304,      2000
      2943,      2988,      3727,      2000,      3698
      2944,      3356,      2001,      3724,      2981
      2945,      2001,      4300,      2642,      3724
      2946,      4298,      2445,      4300,      2001
      2947,      2826,      4298,      2001,      3356
      2948,      4300,      2002,      3723,      2642
      2949,      2002,      3360,      2989,      3723
      2950,      4299,      2824,      3360,      2002
      2951,      2445,      4299,      2002,      4300
      2952,      4297,      2003,      4299,      2445
      2953,      2003,      3359,      2824,      4299
      2954,      3354,      3088,      3359,      2003
      2955,      2827,      3354,      2003,      4297
      2956,      3355,      2004,      4298,      2826
      2957,      2004,      4297,      2445,      4298
      2958,      3353,      2827,      4297,      2004
      2959,      3089,      3353,      2004,      3355
      2960,      3227,      2005,      3222,      3120
      2961,      2005,      4293,      2890,      3222
      2962,      4295,      2446,      4293,      2005
      2963,      2887,      4295,      2005,      3227
      2964,      4293,      2006,      3221,      2890
      2965,      2006,      3223,      3121,      3221
      2966,      4294,      2889,      3223,      2006
      2967,      2446,      4294,      2006,      4293
      2968,      4296,      2007,      4294,      2446
      2969,      2007,      3224,      2889,      4294
      2970,      3694,      2990,      3224,      2007
      2971,      2657,      3694,      2007,      4296
      2972,      3228,      2008,      4295,      2887
      2973,      2008,      4296,      2446,      4295
      2974,      3693,      2657,      4296,      2008
      2975,      2998,      3693,      2008,      3228
      2976,      3719,      2009,      3690,      2991
      2977,      2009,      4289,      2659,      3690
      2978,      4291,      2447,      4289,      2009
      2979,      2644,      4291,      2009,      3719
      2980,      4289,      2010,      3689,      2659
      2981,      2010,      3691,      2999,      3689
      2982,      4290,      2658,      3691,      2010
      2983,      2447,      4290,      2010,      4289
      2984,      4292,      2011,      4290,      2447
      2985,      2011,      3692,      2658,      4290
      2986,      3721,      2990,      3692,      2011
      2987,      2643,      3721,      2011,      4292
      2988,      3720,      2012,      4291,      2644
      2989,      2012,      4292,      2447,      4291
      2990,      3722,      2643,      4292,      2012
      2991,      2982,      3722,      2012,      3720
      2992,      3279,      2013,      3274,      3109
      2993,      2013,      4285,      2867,      3274
      2994,      4287,      2448,      4285,      2013
      2995,      2864,      4287,      2013,      3279
      2996,      4285,      2014,      3273,      2867
      2997,      2014,      3275,      3110,      3273
      2998,      4286,      2866,      3275,      2014
      2999,      2448,      4286,      2014,      4285
      3000,      4288,      2015,      4286,      2448
      3001,      2015,      3276,      2866,      4286
      3002,      3687,      3000,      3276,      2015
      3003,      2660,      3687,      2015,      4288
      3004,      3280,      2016,      4287,      2864
      3005,      2016,      4288,      2448,      4287
      3006,      3688,      2660,      4288,      2016
      3007,      2992,      3688,      2016,      3280
      3008,      3686,      2017,      3717,      2991
      3009,      2017,      4284,      2645,      3717
      3010,      4282,      2449,      4284,      2017
      3011,      2661,      4282,      2017,      3686
      3012,      4284,      2018,      3718,      2645
      3013,      2018,      3714,      2983,      3718
      3014,      4283,      2647,      3714,      2018
      3015,      2449,      4283,      2018,      4284
      3016,      4281,      2019,      4283,      2449
      3017,      2019,      3713,      2647,      4283
      3018,      3684,      2993,      3713,      2019
      3019,      2662,      3684,      2019,      4281
      3020,      3685,      2020,      4282,      2661
      3021,      2020,      4281,      2449,      4282
      3022,      3683,      2662,      4281,      2020
      3023,      3001,      3683,      2020,      3685
      3024,      3710,      2021,      3716,      2984
      3025,      2021,      4280,      2646,      3716
      3026,      4279,      2450,      4280,      2021
      3027,      2649,      4279,      2021,      3710
      3028,      4280,      2022,      3715,      2646
      3029,      2022,      3682,      2992,      3715
      3030,      4278,      2663,      3682,      2022
      3031,      2450,      4278,      2022,      4280
      3032,      4277,      2023,      4278,      2450
      3033,      2023,      3681,      2663,      4278
      3034,      3679,      3002,      3681,      2023
      3035,      2664,      3679,      2023,      4277
      3036,      3709,      2024,      4279,      2649
      3037,      2024,      4277,      2450,      4279
      3038,      3680,      2664,      4277,      2024
      3039,      2994,      3680,      2024,      3709
      3040,      3706,      2025,      3708,      2986
      3041,      2025,      4276,      2650,      3708
      3042,      4275,      2451,      4276,      2025
      3043,      2651,      4275,      2025,      3706
      3044,      4276,      2026,      3707,      2650
      3045,      2026,      3678,      2994,      3707
      3046,      4274,      2665,      3678,      2026
      3047,      2451,      4274,      2026,      4276
      3048,      4273,      2027,      4274,      2451
      3049,      2027,      3677,      2665,      4274
      3050,      3675,      3003,      3677,      2027
      3051,      2666,      3675,      2027,      4273
      3052,      3705,      2028,      4275,      2651
      3053,      2028,      4273,      2451,      4275
      3054,      3676,      2666,      4273,      2028
      3055,      2995,      3676,      2028,      3705
      3056,      3702,      2029,      3704,      2987
      3057,      2029,      4272,      2652,      3704
      3058,      4271,      2452,      4272,      2029
      3059,      2653,      4271,      2029,      3702
      3060,      4272,      2030,      3703,      2652
      3061,      2030,      3674,      2995,      3703
      3062,      4270,      2667,      3674,      2030
      3063,      2452,      4270,      2030,      4272
      3064,      4269,      2031,      4270,      2452
      3065,      2031,      3673,      2667,      4270
      3066,      3671,      3004,      3673,      2031
      3067,      2668,      3671,      2031,      4269
      3068,      3701,      2032,      4271,      2653
      3069,      2032,      4269,      2452,      4271
      3070,      3672,      2668,      4269,      2032
      3071,      2996,      3672,      2032,      3701
      3072,      3669,      2033,      3667,      3005
      3073,      2033,      4265,      2670,      3667
      3074,      4266,      2453,      4265,      2033
      3075,      2669,      4266,      2033,      3669
      3076,      4265,      2034,      3668,      2670
      3077,      2034,      3697,      2997,      3668
      3078,      4267,      2655,      3697,      2034
      3079,      2453,      4267,      2034,      4265
      3080,      4268,      2035,      4267,      2453
      3081,      2035,      3698,      2655,      4267
      3082,      3700,      2988,      3698,      2035
      3083,      2654,      3700,      2035,      4268
      3084,      3670,      2036,      4266,      2669
      3085,      2036,      4268,      2453,      4266
      3086,      3699,      2654,      4268,      2036
      3087,      2996,      3699,      2036,      3670
      3088,      3363,      2037,      3358,      3087
      3089,      2037,      4261,      2825,      3358
      3090,      4263,      2454,      4261,      2037
      3091,      2822,      4263,      2037,      3363
      3092,      4261,      2038,      3357,      2825
      3093,      2038,      3359,      3088,      3357
      3094,      4262,      2824,      3359,      2038
      3095,      2454,      4262,      2038,      4261
      3096,      4264,      2039,      4262,      2454
      3097,      2039,      3360,      2824,      4262
      3098,      3696,      2989,      3360,      2039
      3099,      2656,      3696,      2039,      4264
      3100,      3364,      2040,      4263,      2822
      3101,      2040,      4264,      2454,      4263
      3102,      3695,      2656,      4264,      2040
      3103,      2997,      3695,      2040,      3364
      3104,      3231,      2041,      3226,      3119
      3105,      2041,      4257,      2888,      3226
      3106,      4259,      2455,      4257,      2041
      3107,      2885,      4259,      2041,      3231
      3108,      4257,      2042,      3225,      2888
      3109,      2042,      3227,      3120,      3225
      3110,      4258,      2887,      3227,      2042
      3111,      2455,      4258,      2042,      4257
      3112,      4260,      2043,      4258,      2455
      3113,      2043,      3228,      2887,      4258
      3114,      3666,      2998,      3228,      2043
      3115,      2671,      3666,      2043,      4260
      3116,      3232,      2044,      4259,      2885
      3117,      2044,      4260,      2455,      4259
      3118,      3665,      2671,      4260,      2044
      3119,      3006,      3665,      2044,      3232
      3120,      3691,      2045,      3662,      2999
      3121,      2045,      4253,      2673,      3662
      3122,      4255,      2456,      4253,      2045
      3123,      2658,      4255,      2045,      3691
      3124,      4253,      2046,      3661,      2673
      3125,      2046,      3663,      3007,      3661
      3126,      4254,      2672,      3663,      2046
      3127,      2456,      4254,      2046,      4253
      3128,      4256,      2047,      4254,      2456
      3129,      2047,      3664,      2672,      4254
      3130,      3693,      2998,      3664,      2047
      3131,      2657,      3693,      2047,      4256
      3132,      3692,      2048,      4255,      2658
      3133,      2048,      4256,      2456,      4255
      3134,      3694,      2657,      4256,      2048
      3135,      2990,      3694,      2048,      3692
      3136,      3275,      2049,      3270,      3110
      3137,      2049,      4249,      2869,      3270
      3138,      4251,      2457,      4249,      2049
      3139,      2866,      4251,      2049,      3275
      3140,      4249,      2050,      3269,      2869
      3141,      2050,      3271,      3111,      3269
      3142,      4250,      2868,      3271,      2050
      3143,      2457,      4250,      2050,      4249
      3144,      4252,      2051,      4250,      2457
      3145,      2051,      3272,      2868,      4250
      3146,      3659,      3008,      3272,      2051
      3147,      2674,      3659,      2051,      4252
      3148,      3276,      2052,      4251,      2866
      3149,      2052,      4252,      2457,      4251
      3150,      3660,      2674,      4252,      2052
      3151,      3000,      3660,      2052,      3276
      3152,      3685,      2053,      3656,      3001
      3153,      2053,      4245,      2676,      3656
      3154,      4247,      2458,      4245,      2053
      3155,      2661,      4247,      2053,      3685
      3156,      4245,      2054,      3655,      2676
      3157,      2054,      3657,      3009,      3655
      3158,      4246,      2675,      3657,      2054
      3159,      2458,      4246,      2054,      4245
      3160,      4248,      2055,      4246,      2458
      3161,      2055,      3658,      2675,      4246
      3162,      3689,      2999,      3658,      2055
      3163,      2659,      3689,      2055,      4248
      3164,      3686,      2056,      4247,      2661
      3165,      2056,      4248,      2458,      4247
      3166,      3690,      2659,      4248,      2056
      3167,      2991,      3690,      2056,      3686
      3168,      3653,      2057,      3651,      3010
      3169,      2057,      4241,      2678,      3651
      3170,      4242,      2459,      4241,      2057
      3171,      2677,      4242,      2057,      3653
      3172,      4241,      2058,      3652,      2678
      3173,      2058,      3681,      3002,      3652
      3174,      4243,      2663,      3681,      2058
      3175,      2459,      4243,      2058,      4241
      3176,      4244,      2059,      4243,      2459
      3177,      2059,      3682,      2663,      4243
      3178,      3688,      2992,      3682,      2059
      3179,      2660,      3688,      2059,      4244
      3180,      3654,      2060,      4242,      2677
      3181,      2060,      4244,      2459,      4242
      3182,      3687,      2660,      4244,      2060
      3183,      3000,      3687,      2060,      3654
      3184,      3678,      2061,      3680,      2994
      3185,      2061,      4240,      2664,      3680
      3186,      4239,      2460,      4240,      2061
      3187,      2665,      4239,      2061,      3678
      3188,      4240,      2062,      3679,      2664
      3189,      2062,      3650,      3002,      3679
      3190,      4238,      2679,      3650,      2062
      3191,      2460,      4238,      2062,      4240
      3192,      4237,      2063,      4238,      2460
      3193,      2063,      3649,      2679,      4238
      3194,      3647,      3011,      3649,      2063
      3195,      2680,      3647,      2063,      4237
      3196,      3677,      2064,      4239,      2665
      3197,      2064,      4237,      2460,      4239
      3198,      3648,      2680,      4237,      2064
      3199,      3003,      3648,      2064,      3677
      3200,      3674,      2065,      3676,      2995
      3201,      2065,      4236,      2666,      3676
      3202,      4235,      2461,      4236,      2065
      3203,      2667,      4235,      2065,      3674
      3204,      4236,      2066,      3675,      2666
      3205,      2066,      3646,      3003,      3675
      3206,      4234,      2681,      3646,      2066
      3207,      2461,      4234,      2066,      4236
      3208,      4233,      2067,      4234,      2461
      3209,      2067,      3645,      2681,      4234
      3210,      3643,      3012,      3645,      2067
      3211,      2682,      3643,      2067,      4233
      3212,      3673,      2068,      4235,      2667
      3213,      2068,      4233,      2461,      4235
      3214,      3644,      2682,      4233,      2068
      3215,      3004,      3644,      2068,      3673
      3216,      3670,      2069,      3672,      2996
      3217,      2069,      4232,      2668,      3672
      3218,      4231,      2462,      4232,      2069
      3219,      2669,      4231,      2069,      3670
      3220,      4232,      2070,      3671,      2668
      3221,      2070,      3642,      3004,      3671
      3222,      4230,      2683,      3642,      2070
      3223,      2462,      4230,      2070,      4232
      3224,      4229,      2071,      4230,      2462
      3225,      2071,      3641,      2683,      4230
      3226,      3639,      3013,      3641,      2071
      3227,      2684,      3639,      2071,      4229
      3228,      3669,      2072,      4231,      2669
      3229,      2072,      4229,      2462,      4231
      3230,      3640,      2684,      4229,      2072
      3231,      3005,      3640,      2072,      3669
      3232,      3367,      2073,      3362,      3086
      3233,      2073,      4225,      2823,      3362
      3234,      4227,      2463,      4225,      2073
      3235,      2820,      4227,      2073,      3367
      3236,      4225,      2074,      3361,      2823
      3237,      2074,      3363,      3087,      3361
      3238,      4226,      2822,      3363,      2074
      3239,      2463,      4226,      2074,      4225
      3240,      4228,      2075,      4226,      2463
      3241,      2075,      3364,      2822,      4226
      3242,      3668,      2997,      3364,      2075
      3243,      2670,      3668,      2075,      4228
      3244,      3368,      2076,      4227,      2820
      3245,      2076,      4228,      2463,      4227
      3246,      3667,      2670,      4228,      2076
      3247,      3005,      3667,      2076,      3368
      3248,      3236,      2077,      3230,      3118
      3249,      2077,      4221,      2886,      3230
      3250,      4223,      2464,      4221,      2077
      3251,      2883,      4223,      2077,      3236
      3252,      4221,      2078,      3229,      2886
      3253,      2078,      3231,      3119,      3229
      3254,      4222,      2885,      3231,      2078
      3255,      2464,      4222,      2078,      4221
      3256,      4224,      2079,      4222,      2464
      3257,      2079,      3232,      2885,      4222
      3258,      3638,      3006,      3232,      2079
      3259,      2685,      3638,      2079,      4224
      3260,      3237,      2080,      4223,      2883
      3261,      2080,      4224,      2464,      4223
      3262,      3637,      2685,      4224,      2080
      3263,      3014,      3637,      2080,      3237
      3264,      3271,      2081,      3266,      3111
      3265,      2081,      4217,      2871,      3266
      3266,      4219,      2465,      4217,      2081
      3267,      2868,      4219,      2081,      3271
      3268,      4217,      2082,      3265,      2871
      3269,      2082,      3267,      3112,      3265
      3270,      4218,      2870,      3267,      2082
      3271,      2465,      4218,      2082,      4217
      3272,      4220,      2083,      4218,      2465
      3273,      2083,      3268,      2870,      4218
      3274,      3635,      3015,      3268,      2083
      3275,      2686,      3635,      2083,      4220
      3276,      3272,      2084,      4219,      2868
      3277,      2084,      4220,      2465,      4219
      3278,      3636,      2686,      4220,      2084
      3279,      3008,      3636,      2084,      3272
      3280,      3634,      2085,      3665,      3006
      3281,      2085,      4216,      2671,      3665
      3282,      4214,      2466,      4216,      2085
      3283,      2687,      4214,      2085,      3634
      3284,      4216,      2086,      3666,      2671
      3285,      2086,      3664,      2998,      3666
      3286,      4215,      2672,      3664,      2086
      3287,      2466,      4215,      2086,      4216
      3288,      4213,      2087,      4215,      2466
      3289,      2087,      3663,      2672,      4215
      3290,      3632,      3007,      3663,      2087
      3291,      2688,      3632,      2087,      4213
      3292,      3633,      2088,      4214,      2687
      3293,      2088,      4213,      2466,      4214
      3294,      3631,      2688,      4213,      2088
      3295,      3016,      3631,      2088,      3633
      3296,      3657,      2089,      3628,      3009
      3297,      2089,      4209,      2690,      3628
      3298,      4211,      2467,      4209,      2089
      3299,      2675,      4211,      2089,      3657
      3300,      4209,      2090,      3627,      2690
      3301,      2090,      3629,      3017,      3627
      3302,      4210,      2689,      3629,      2090
      3303,      2467,      4210,      2090,      4209
      3304,      4212,      2091,      4210,      2467
      3305,      2091,      3630,      2689,      4210
      3306,      3661,      3007,      3630,      2091
      3307,      2673,      3661,      2091,      4212
      3308,      3658,      2092,      4211,      2675
      3309,      2092,      4212,      2467,      4211
      3310,      3662,      2673,      4212,      2092
      3311,      2999,      3662,      2092,      3658
      3312,      3625,      2093,      3623,      3018
      3313,      2093,      4205,      2692,      3623
      3314,      4206,      2468,      4205,      2093
      3315,      2691,      4206,      2093,      3625
      3316,      4205,      2094,      3624,      2692
      3317,      2094,      3653,      3010,      3624
      3318,      4207,      2677,      3653,      2094
      3319,      2468,      4207,      2094,      4205
      3320,      4208,      2095,      4207,      2468
      3321,      2095,      3654,      2677,      4207
      3322,      3660,      3000,      3654,      2095
      3323,      2674,      3660,      2095,      4208
      3324,      3626,      2096,      4206,      2691
      3325,      2096,      4208,      2468,      4206
      3326,      3659,      2674,      4208,      2096
      3327,      3008,      3659,      2096,      3626
      3328,      3621,      2097,      3619,      3019
      3329,      2097,      4201,      2694,      3619
      3330,      4202,      2469,      4201,      2097
      3331,      2693,      4202,      2097,      3621
      3332,      4201,      2098,      3620,      2694
      3333,      2098,      3649,      3011,      3620
      3334,      4203,      2679,      3649,      2098
      3335,      2469,      4203,      2098,      4201
      3336,      4204,      2099,      4203,      2469
      3337,      2099,      3650,      2679,      4203
      3338,      3652,      3002,      3650,      2099
      3339,      2678,      3652,      2099,      4204
      3340,      3622,      2100,      4202,      2693
      3341,      2100,      4204,      2469,      4202
      3342,      3651,      2678,      4204,      2100
      3343,      3010,      3651,      2100,      3622
      3344,      3646,      2101,      3648,      3003
      3345,      2101,      4200,      2680,      3648
      3346,      4199,      2470,      4200,      2101
      3347,      2681,      4199,      2101,      3646
      3348,      4200,      2102,      3647,      2680
      3349,      2102,      3618,      3011,      3647
      3350,      4198,      2695,      3618,      2102
      3351,      2470,      4198,      2102,      4200
      3352,      4197,      2103,      4198,      2470
      3353,      2103,      3617,      2695,      4198
      3354,      3615,      3020,      3617,      2103
      3355,      2696,      3615,      2103,      4197
      3356,      3645,      2104,      4199,      2681
      3357,      2104,      4197,      2470,      4199
      3358,      3616,      2696,      4197,      2104
      3359,      3012,      3616,      2104,      3645
      3360,      3642,      2105,      3644,      3004
      3361,      2105,      4196,      2682,      3644
      3362,      4195,      2471,      4196,      2105
      3363,      2683,      4195,      2105,      3642
      3364,      4196,      2106,      3643,      2682
      3365,      2106,      3614,      3012,      3643
      3366,      4194,      2697,      3614,      2106
      3367,      2471,      4194,      2106,      4196
      3368,      4193,      2107,      4194,      2471
      3369,      2107,      3613,      2697,      4194
      3370,      3611,      3021,      3613,      2107
      3371,      2698,      3611,      2107,      4193
      3372,      3641,      2108,      4195,      2683
      3373,      2108,      4193,      2471,      4195
      3374,      3612,      2698,      4193,      2108
      3375,      3013,      3612,      2108,      3641
      3376,      3368,      2109,      3640,      3005
      3377,      2109,      4192,      2684,      3640
      3378,      4190,      2472,      4192,      2109
      3379,      2820,      4190,      2109,      3368
      3380,      4192,      2110,      3639,      2684
      3381,      2110,      3372,      3013,      3639
      3382,      4191,      2818,      3372,      2110
      3383,      2472,      4191,      2110,      4192
      3384,      4189,      2111,      4191,      2472
      3385,      2111,      3371,      2818,      4191
      3386,      3366,      3085,      3371,      2111
      3387,      2821,      3366,      2111,      4189
      3388,      3367,      2112,      4190,      2820
      3389,      2112,      4189,      2472,      4190
      3390,      3365,      2821,      4189,      2112
      3391,      3086,      3365,      2112,      3367
      3392,      3241,      2113,      3235,      3117
      3393,      2113,      4185,      2884,      3235
      3394,      4187,      2473,      4185,      2113
      3395,      2881,      4187,      2113,      3241
      3396,      4185,      2114,      3234,      2884
      3397,      2114,      3236,      3118,      3234
      3398,      4186,      2883,      3236,      2114
      3399,      2473,      4186,      2114,      4185
      3400,      4188,      2115,      4186,      2473
      3401,      2115,      3237,      2883,      4186
      3402,      3610,      3014,      3237,      2115
      3403,      2699,      3610,      2115,      4188
      3404,      3242,      2116,      4187,      2881
      3405,      2116,      4188,      2473,      4187
      3406,      3609,      2699,      4188,      2116
      3407,      3022,      3609,      2116,      3242
      3408,      3267,      2117,      3262,      3112
      3409,      2117,      4181,      2873,      3262
      3410,      4183,      2474,      4181,      2117
      3411,      2870,      4183,      2117,      3267
      3412,      4181,      2118,      3261,      2873
      3413,      2118,      3263,      3113,      3261
      3414,      4182,      2872,      3263,      2118
      3415,      2474,      4182,      2118,      4181
      3416,      4184,      2119,      4182,      2474
      3417,      2119,      3264,      2872,      4182
      3418,      3607,      3023,      3264,      2119
      3419,      2700,      3607,      2119,      4184
      3420,      3268,      2120,      4183,      2870
      3421,      2120,      4184,      2474,      4183
      3422,      3608,      2700,      4184,      2120
      3423,      3015,      3608,      2120,      3268
      3424,      3606,      2121,      3637,      3014
      3425,      2121,      4180,      2685,      3637
      3426,      4178,      2475,      4180,      2121
      3427,      2701,      4178,      2121,      3606
      3428,      4180,      2122,      3638,      2685
      3429,      2122,      3634,      3006,      3638
      3430,      4179,      2687,      3634,      2122
      3431,      2475,      4179,      2122,      4180
      3432,      4177,      2123,      4179,      2475
      3433,      2123,      3633,      2687,      4179
      3434,      3604,      3016,      3633,      2123
      3435,      2702,      3604,      2123,      4177
      3436,      3605,      2124,      4178,      2701
      3437,      2124,      4177,      2475,      4178
      3438,      3603,      2702,      4177,      2124
      3439,      3024,      3603,      2124,      3605
      3440,      3602,      2125,      3631,      3016
      3441,      2125,      4176,      2688,      3631
      3442,      4174,      2476,      4176,      2125
      3443,      2703,      4174,      2125,      3602
      3444,      4176,      2126,      3632,      2688
      3445,      2126,      3630,      3007,      3632
      3446,      4175,      2689,      3630,      2126
      3447,      2476,      4175,      2126,      4176
      3448,      4173,      2127,      4175,      2476
      3449,      2127,      3629,      2689,      4175
      3450,      3600,      3017,      3629,      2127
      3451,      2704,      3600,      2127,      4173
      3452,      3601,      2128,      4174,      2703
      3453,      2128,      4173,      2476,      4174
      3454,      3599,      2704,      4173,      2128
      3455,      3025,      3599,      2128,      3601
      3456,      3626,      2129,      3636,      3008
      3457,      2129,      4172,      2686,      3636
      3458,      4171,      2477,      4172,      2129
      3459,      2691,      4171,      2129,      3626
      3460,      4172,      2130,      3635,      2686
      3461,      2130,      3598,      3015,      3635
      3462,      4170,      2705,      3598,      2130
      3463,      2477,      4170,      2130,      4172
      3464,      4169,      2131,      4170,      2477
      3465,      2131,      3597,      2705,      4170
      3466,      3595,      3026,      3597,      2131
      3467,      2706,      3595,      2131,      4169
      3468,      3625,      2132,      4171,      2691
      3469,      2132,      4169,      2477,      4171
      3470,      3596,      2706,      4169,      2132
      3471,      3018,      3596,      2132,      3625
      3472,      3593,      2133,      3591,      3027
      3473,      2133,      4165,      2708,      3591
      3474,      4166,      2478,      4165,      2133
      3475,      2707,      4166,      2133,      3593
      3476,      4165,      2134,      3592,      2708
      3477,      2134,      3621,      3019,      3592
      3478,      4167,      2693,      3621,      2134
      3479,      2478,      4167,      2134,      4165
      3480,      4168,      2135,      4167,      2478
      3481,      2135,      3622,      2693,      4167
      3482,      3624,      3010,      3622,      2135
      3483,      2692,      3624,      2135,      4168
      3484,      3594,      2136,      4166,      2707
      3485,      2136,      4168,      2478,      4166
      3486,      3623,      2692,      4168,      2136
      3487,      3018,      3623,      2136,      3594
      3488,      3618,      2137,      3620,      3011
      3489,      2137,      4164,      2694,      3620
      3490,      4163,      2479,      4164,      2137
      3491,      2695,      4163,      2137,      3618
      3492,      4164,      2138,      3619,      2694
      3493,      2138,      3590,      3019,      3619
      3494,      4162,      2709,      3590,      2138
      3495,      2479,      4162,      2138,      4164
      3496,      4161,      2139,      4162,      2479
      3497,      2139,      3589,      2709,      4162
      3498,      3587,      3028,      3589,      2139
      3499,      2710,      3587,      2139,      4161
      3500,      3617,      2140,      4163,      2695
      3501,      2140,      4161,      2479,      4163
      3502,      3588,      2710,      4161,      2140
      3503,      3020,      3588,      2140,      3617
      3504,      3614,      2141,      3616,      3012
      3505,      2141,      4160,      2696,      3616
      3506,      4159,      2480,      4160,      2141
      3507,      2697,      4159,      2141,      3614
      3508,      4160,      2142,      3615,      2696
      3509,      2142,      3586,      3020,      3615
      3510,      4158,      2711,      3586,      2142
      3511,      2480,      4158,      2142,      4160
      3512,      4157,      2143,      4158,      2480
      3513,      2143,      3585,      2711,      4158
      3514,      3583,      3029,      3585,      2143
      3515,      2712,      3583,      2143,      4157
      3516,      3613,      2144,      4159,      2697
      3517,      2144,      4157,      2480,      4159
      3518,      3584,      2712,      4157,      2144
      3519,      3021,      3584,      2144,      3613
      3520,      3372,      2145,      3612,      3013
      3521,      2145,      4156,      2698,      3612
      3522,      4154,      2481,      4156,      2145
      3523,      2818,      4154,      2145,      3372
      3524,      4156,      2146,      3611,      2698
      3525,      2146,      3376,      3021,      3611
      3526,      4155,      2816,      3376,      2146
      3527,      2481,      4155,      2146,      4156
      3528,      4153,      2147,      4155,      2481
      3529,      2147,      3375,      2816,      4155
      3530,      3370,      3084,      3375,      2147
      3531,      2819,      3370,      2147,      4153
      3532,      3371,      2148,      4154,      2818
      3533,      2148,      4153,      2481,      4154
      3534,      3369,      2819,      4153,      2148
      3535,      3085,      3369,      2148,      3371
      3536,      3246,      2149,      3240,      3116
      3537,      2149,      4149,      2882,      3240
      3538,      4151,      2482,      4149,      2149
      3539,      2879,      4151,      2149,      3246
      3540,      4149,      2150,      3239,      2882
      3541,      2150,      3241,      3117,      3239
      3542,      4150,      2881,      3241,      2150
      3543,      2482,      4150,      2150,      4149
      3544,      4152,      2151,      4150,      2482
      3545,      2151,      3242,      2881,      4150
      3546,      3582,      3022,      3242,      2151
      3547,      2713,      3582,      2151,      4152
      3548,      3247,      2152,      4151,      2879
      3549,      2152,      4152,      2482,      4151
      3550,      3581,      2713,      4152,      2152
      3551,      3030,      3581,      2152,      3247
      3552,      3263,      2153,      3257,      3113
      3553,      2153,      4145,      2875,      3257
      3554,      4147,      2483,      4145,      2153
      3555,      2872,      4147,      2153,      3263
      3556,      4145,      2154,      3256,      2875
      3557,      2154,      3258,      3114,      3256
      3558,      4146,      2874,      3258,      2154
      3559,      2483,      4146,      2154,      4145
      3560,      4148,      2155,      4146,      2483
      3561,      2155,      3259,      2874,      4146
      3562,      3575,      3032,      3259,      2155
      3563,      2716,      3575,      2155,      4148
      3564,      3264,      2156,      4147,      2872
      3565,      2156,      4148,      2483,      4147
      3566,      3576,      2716,      4148,      2156
      3567,      3023,      3576,      2156,      3264
      3568,      3580,      2157,      3609,      3022
      3569,      2157,      4144,      2699,      3609
      3570,      4142,      2484,      4144,      2157
      3571,      2714,      4142,      2157,      3580
      3572,      4144,      2158,      3610,      2699
      3573,      2158,      3606,      3014,      3610
      3574,      4143,      2701,      3606,      2158
      3575,      2484,      4143,      2158,      4144
      3576,      4141,      2159,      4143,      2484
      3577,      2159,      3605,      2701,      4143
      3578,      3578,      3024,      3605,      2159
      3579,      2715,      3578,      2159,      4141
      3580,      3579,      2160,      4142,      2714
      3581,      2160,      4141,      2484,      4142
      3582,      3577,      2715,      4141,      2160
      3583,      3031,      3577,      2160,      3579
      3584,      3574,      2161,      3603,      3024
      3585,      2161,      4140,      2702,      3603
      3586,      4138,      2485,      4140,      2161
      3587,      2717,      4138,      2161,      3574
      3588,      4140,      2162,      3604,      2702
      3589,      2162,      3602,      3016,      3604
      3590,      4139,      2703,      3602,      2162
      3591,      2485,      4139,      2162,      4140
      3592,      4137,      2163,      4139,      2485
      3593,      2163,      3601,      2703,      4139
      3594,      3572,      3025,      3601,      2163
      3595,      2718,      3572,      2163,      4137
      3596,      3573,      2164,      4138,      2717
      3597,      2164,      4137,      2485,      4138
      3598,      3571,      2718,      4137,      2164
      3599,      3033,      3571,      2164,      3573
      3600,      3598,      2165,      3608,      3015
      3601,      2165,      4136,      2700,      3608
      3602,      4135,      2486,      4136,      2165
      3603,      2705,      4135,      2165,      3598
      3604,      4136,      2166,      3607,      2700
      3605,      2166,      3570,      3023,      3607
      3606,      4134,      2719,      3570,      2166
      3607,      2486,      4134,      2166,      4136
      3608,      4133,      2167,      4134,      2486
      3609,      2167,      3569,      2719,      4134
      3610,      3567,      3034,      3569,      2167
      3611,      2720,      3567,      2167,      4133
      3612,      3597,      2168,      4135,      2705
      3613,      2168,      4133,      2486,      4135
      3614,      3568,      2720,      4133,      2168
      3615,      3026,      3568,      2168,      3597
      3616,      3594,      2169,      3596,      3018
      3617,      2169,      4132,      2706,      3596
      3618,      4131,      2487,      4132,      2169
      3619,      2707,      4131,      2169,      3594
      3620,      4132,      2170,      3595,      2706
      3621,      2170,      3566,      3026,      3595
      3622,      4130,      2721,      3566,      2170
      3623,      2487,      4130,      2170,      4132
      3624,      4129,      2171,      4130,      2487
      3625,      2171,      3565,      2721,      4130
      3626,      3563,      3035,      3565,      2171
      3627,      2722,      3563,      2171,      4129
      3628,      3593,      2172,      4131,      2707
      3629,      2172,      4129,      2487,      4131
      3630,      3564,      2722,      4129,      2172
      3631,      3027,      3564,      2172,      3593
      3632,      3590,      2173,      3592,      3019
      3633,      2173,      4128,      2708,      3592
      3634,      4127,      2488,      4128,      2173
      3635,      2709,      4127,      2173,      3590
      3636,      4128,      2174,      3591,      2708
      3637,      2174,      3562,      3027,      3591
      3638,      4126,      2723,      3562,      2174
      3639,      2488,      4126,      2174,      4128
      3640,      4125,      2175,      4126,      2488
      3641,      2175,      3561,      2723,      4126
      3642,      3559,      3036,      3561,      2175
      3643,      2724,      3559,      2175,      4125
      3644,      3589,      2176,      4127,      2709
      3645,      2176,      4125,      2488,      4127
      3646,      3560,      2724,      4125,      2176
      3647,      3028,      3560,      2176,      3589
      3648,      3557,      2177,      3555,      3037
      3649,      2177,      4121,      2726,      3555
      3650,      4122,      2489,      4121,      2177
      3651,      2725,      4122,      2177,      3557
      3652,      4121,      2178,      3556,      2726
      3653,      2178,      3585,      3029,      3556
      3654,      4123,      2711,      3585,      2178
      3655,      2489,      4123,      2178,      4121
      3656,      4124,      2179,      4123,      2489
      3657,      2179,      3586,      2711,      4123
      3658,      3588,      3020,      3586,      2179
      3659,      2710,      3588,      2179,      4124
      3660,      3558,      2180,      4122,      2725
      3661,      2180,      4124,      2489,      4122
      3662,      3587,      2710,      4124,      2180
      3663,      3028,      3587,      2180,      3558
      3664,      3376,      2181,      3584,      3021
      3665,      2181,      4120,      2712,      3584
      3666,      4118,      2490,      4120,      2181
      3667,      2816,      4118,      2181,      3376
      3668,      4120,      2182,      3583,      2712
      3669,      2182,      3380,      3029,      3583
      3670,      4119,      2814,      3380,      2182
      3671,      2490,      4119,      2182,      4120
      3672,      4117,      2183,      4119,      2490
      3673,      2183,      3379,      2814,      4119
      3674,      3374,      3083,      3379,      2183
      3675,      2817,      3374,      2183,      4117
      3676,      3375,      2184,      4118,      2816
      3677,      2184,      4117,      2490,      4118
      3678,      3373,      2817,      4117,      2184
      3679,      3084,      3373,      2184,      3375
      3680,      3253,      2185,      3245,      3115
      3681,      2185,      4113,      2880,      3245
      3682,      4115,      2491,      4113,      2185
      3683,      2876,      4115,      2185,      3253
      3684,      4113,      2186,      3244,      2880
      3685,      2186,      3246,      3116,      3244
      3686,      4114,      2879,      3246,      2186
      3687,      2491,      4114,      2186,      4113
      3688,      4116,      2187,      4114,      2491
      3689,      2187,      3247,      2879,      4114
      3690,      3554,      3030,      3247,      2187
      3691,      2727,      3554,      2187,      4116
      3692,      3254,      2188,      4115,      2876
      3693,      2188,      4116,      2491,      4115
      3694,      3553,      2727,      4116,      2188
      3695,      3038,      3553,      2188,      3254
      3696,      3258,      2189,      3250,      3114
      3697,      2189,      4109,      2878,      3250
      3698,      4111,      2492,      4109,      2189
      3699,      2874,      4111,      2189,      3258
      3700,      4109,      2190,      3249,      2878
      3701,      2190,      3251,      3115,      3249
      3702,      4110,      2877,      3251,      2190
      3703,      2492,      4110,      2190,      4109
      3704,      4112,      2191,      4110,      2492
      3705,      2191,      3252,      2877,      4110
      3706,      3547,      3040,      3252,      2191
      3707,      2730,      3547,      2191,      4112
      3708,      3259,      2192,      4111,      2874
      3709,      2192,      4112,      2492,      4111
      3710,      3548,      2730,      4112,      2192
      3711,      3032,      3548,      2192,      3259
      3712,      3552,      2193,      3581,      3030
      3713,      2193,      4108,      2713,      3581
      3714,      4106,      2493,      4108,      2193
      3715,      2728,      4106,      2193,      3552
      3716,      4108,      2194,      3582,      2713
      3717,      2194,      3580,      3022,      3582
      3718,      4107,      2714,      3580,      2194
      3719,      2493,      4107,      2194,      4108
      3720,      4105,      2195,      4107,      2493
      3721,      2195,      3579,      2714,      4107
      3722,      3550,      3031,      3579,      2195
      3723,      2729,      3550,      2195,      4105
      3724,      3551,      2196,      4106,      2728
      3725,      2196,      4105,      2493,      4106
      3726,      3549,      2729,      4105,      2196
      3727,      3039,      3549,      2196,      3551
      3728,      3546,      2197,      3577,      3031
      3729,      2197,      4104,      2715,      3577
      3730,      4102,      2494,      4104,      2197
      3731,      2731,      4102,      2197,      3546
      3732,      4104,      2198,      3578,      2715
      3733,      2198,      3574,      3024,      3578
      3734,      4103,      2717,      3574,      2198
      3735,      2494,      4103,      2198,      4104
      3736,      4101,      2199,      4103,      2494
      3737,      2199,      3573,      2717,      4103
      3738,      3544,      3033,      3573,      2199
      3739,      2732,      3544,      2199,      4101
      3740,      3545,      2200,      4102,      2731
      3741,      2200,      4101,      2494,      4102
      3742,      3543,      2732,      4101,      2200
      3743,      3041,      3543,      2200,      3545
      3744,      3570,      2201,      3576,      3023
      3745,      2201,      4100,      2716,      3576
      3746,      4099,      2495,      4100,      2201
      3747,      2719,      4099,      2201,      3570
      3748,      4100,      2202,      3575,      2716
      3749,      2202,      3542,      3032,      3575
      3750,      4098,      2733,      3542,      2202
      3751,      2495,      4098,      2202,      4100
      3752,      4097,      2203,      4098,      2495
      3753,      2203,      3541,      2733,      4098
      3754,      3539,      3042,      3541,      2203
      3755,      2734,      3539,      2203,      4097
      3756,      3569,      2204,      4099,      2719
      3757,      2204,      4097,      2495,      4099
      3758,      3540,      2734,      4097,      2204
      3759,      3034,      3540,      2204,      3569
      3760,      3566,      2205,      3568,      3026
      3761,      2205,      4096,      2720,      3568
      3762,      4095,      2496,      4096,      2205
      3763,      2721,      4095,      2205,      3566
      3764,      4096,      2206,      3567,      2720
      3765,      2206,      3538,      3034,      3567
      3766,      4094,      2735,      3538,      2206
      3767,      2496,      4094,      2206,      4096
      3768,      4093,      2207,      4094,      2496
      3769,      2207,      3537,      2735,      4094
      3770,      3535,      3043,      3537,      2207
      3771,      2736,      3535,      2207,      4093
      3772,      3565,      2208,      4095,      2721
      3773,      2208,      4093,      2496,      4095
      3774,      3536,      2736,      4093,      2208
      3775,      3035,      3536,      2208,      3565
      3776,      3562,      2209,      3564,      3027
      3777,      2209,      4092,      2722,      3564
      3778,      4091,      2497,      4092,      2209
      3779,      2723,      4091,      2209,      3562
      3780,      4092,      2210,      3563,      2722
      3781,      2210,      3534,      3035,      3563
      3782,      4090,      2737,      3534,      2210
      3783,      2497,      4090,      2210,      4092
      3784,      4089,      2211,      4090,      2497
      3785,      2211,      3533,      2737,      4090
      3786,      3531,      3044,      3533,      2211
      3787,      2738,      3531,      2211,      4089
      3788,      3561,      2212,      4091,      2723
      3789,      2212,      4089,      2497,      4091
      3790,      3532,      2738,      4089,      2212
      3791,      3036,      3532,      2212,      3561
      3792,      3529,      2213,      3527,      3045
      3793,      2213,      4085,      2740,      3527
      3794,      4086,      2498,      4085,      2213
      3795,      2739,      4086,      2213,      3529
      3796,      4085,      2214,      3528,      2740
      3797,      2214,      3557,      3037,      3528
      3798,      4087,      2725,      3557,      2214
      3799,      2498,      4087,      2214,      4085
      3800,      4088,      2215,      4087,      2498
      3801,      2215,      3558,      2725,      4087
      3802,      3560,      3028,      3558,      2215
      3803,      2724,      3560,      2215,      4088
      3804,      3530,      2216,      4086,      2739
      3805,      2216,      4088,      2498,      4086
      3806,      3559,      2724,      4088,      2216
      3807,      3036,      3559,      2216,      3530
      3808,      3383,      2217,      3378,      3082
      3809,      2217,      4081,      2815,      3378
      3810,      4083,      2499,      4081,      2217
      3811,      2812,      4083,      2217,      3383
      3812,      4081,      2218,      3377,      2815
      3813,      2218,      3379,      3083,      3377
      3814,      4082,      2814,      3379,      2218
      3815,      2499,      4082,      2218,      4081
      3816,      4084,      2219,      4082,      2499
      3817,      2219,      3380,      2814,      4082
      3818,      3556,      3029,      3380,      2219
      3819,      2726,      3556,      2219,      4084
      3820,      3384,      2220,      4083,      2812
      3821,      2220,      4084,      2499,      4083
      3822,      3555,      2726,      4084,      2220
      3823,      3037,      3555,      2220,      3384
      3824,      3251,      2221,      3253,      3115
      3825,      2221,      4078,      2876,      3253
      3826,      4077,      2500,      4078,      2221
      3827,      2877,      4077,      2221,      3251
      3828,      4078,      2222,      3254,      2876
      3829,      2222,      3522,      3038,      3254
      3830,      4080,      2743,      3522,      2222
      3831,      2500,      4080,      2222,      4078
      3832,      4079,      2223,      4080,      2500
      3833,      2223,      3521,      2743,      4080
      3834,      3519,      3047,      3521,      2223
      3835,      2744,      3519,      2223,      4079
      3836,      3252,      2224,      4077,      2877
      3837,      2224,      4079,      2500,      4077
      3838,      3520,      2744,      4079,      2224
      3839,      3040,      3520,      2224,      3252
      3840,      3526,      2225,      3553,      3038
      3841,      2225,      4076,      2727,      3553
      3842,      4074,      2501,      4076,      2225
      3843,      2741,      4074,      2225,      3526
      3844,      4076,      2226,      3554,      2727
      3845,      2226,      3552,      3030,      3554
      3846,      4075,      2728,      3552,      2226
      3847,      2501,      4075,      2226,      4076
      3848,      4073,      2227,      4075,      2501
      3849,      2227,      3551,      2728,      4075
      3850,      3524,      3039,      3551,      2227
      3851,      2742,      3524,      2227,      4073
      3852,      3525,      2228,      4074,      2741
      3853,      2228,      4073,      2501,      4074
      3854,      3523,      2742,      4073,      2228
      3855,      3046,      3523,      2228,      3525
      3856,      3518,      2229,      3549,      3039
      3857,      2229,      4072,      2729,      3549
      3858,      4070,      2502,      4072,      2229
      3859,      2745,      4070,      2229,      3518
      3860,      4072,      2230,      3550,      2729
      3861,      2230,      3546,      3031,      3550
      3862,      4071,      2731,      3546,      2230
      3863,      2502,      4071,      2230,      4072
      3864,      4069,      2231,      4071,      2502
      3865,      2231,      3545,      2731,      4071
      3866,      3516,      3041,      3545,      2231
      3867,      2746,      3516,      2231,      4069
      3868,      3517,      2232,      4070,      2745
      3869,      2232,      4069,      2502,      4070
      3870,      3515,      2746,      4069,      2232
      3871,      3048,      3515,      2232,      3517
      3872,      3513,      2233,      3511,      3049
      3873,      2233,      4065,      2748,      3511
      3874,      4066,      2503,      4065,      2233
      3875,      2747,      4066,      2233,      3513
      3876,      4065,      2234,      3512,      2748
      3877,      2234,      3541,      3042,      3512
      3878,      4067,      2733,      3541,      2234
      3879,      2503,      4067,      2234,      4065
      3880,      4068,      2235,      4067,      2503
      3881,      2235,      3542,      2733,      4067
      3882,      3548,      3032,      3542,      2235
      3883,      2730,      3548,      2235,      4068
      3884,      3514,      2236,      4066,      2747
      3885,      2236,      4068,      2503,      4066
      3886,      3547,      2730,      4068,      2236
      3887,      3040,      3547,      2236,      3514
      3888,      3538,      2237,      3540,      3034
      3889,      2237,      4064,      2734,      3540
      3890,      4063,      2504,      4064,      2237
      3891,      2735,      4063,      2237,      3538
      3892,      4064,      2238,      3539,      2734
      3893,      2238,      3510,      3042,      3539
      3894,      4062,      2749,      3510,      2238
      3895,      2504,      4062,      2238,      4064
      3896,      4061,      2239,      4062,      2504
      3897,      2239,      3509,      2749,      4062
      3898,      3507,      3050,      3509,      2239
      3899,      2750,      3507,      2239,      4061
      3900,      3537,      2240,      4063,      2735
      3901,      2240,      4061,      2504,      4063
      3902,      3508,      2750,      4061,      2240
      3903,      3043,      3508,      2240,      3537
      3904,      3534,      2241,      3536,      3035
      3905,      2241,      4060,      2736,      3536
      3906,      4059,      2505,      4060,      2241
      3907,      2737,      4059,      2241,      3534
      3908,      4060,      2242,      3535,      2736
      3909,      2242,      3506,      3043,      3535
      3910,      4058,      2751,      3506,      2242
      3911,      2505,      4058,      2242,      4060
      3912,      4057,      2243,      4058,      2505
      3913,      2243,      3505,      2751,      4058
      3914,      3503,      3051,      3505,      2243
      3915,      2752,      3503,      2243,      4057
      3916,      3533,      2244,      4059,      2737
      3917,      2244,      4057,      2505,      4059
      3918,      3504,      2752,      4057,      2244
      3919,      3044,      3504,      2244,      3533
      3920,      3530,      2245,      3532,      3036
      3921,      2245,      4056,      2738,      3532
      3922,      4055,      2506,      4056,      2245
      3923,      2739,      4055,      2245,      3530
      3924,      4056,      2246,      3531,      2738
      3925,      2246,      3502,      3044,      3531
      3926,      4054,      2753,      3502,      2246
      3927,      2506,      4054,      2246,      4056
      3928,      4053,      2247,      4054,      2506
      3929,      2247,      3501,      2753,      4054
      3930,      3499,      3052,      3501,      2247
      3931,      2754,      3499,      2247,      4053
      3932,      3529,      2248,      4055,      2739
      3933,      2248,      4053,      2506,      4055
      3934,      3500,      2754,      4053,      2248
      3935,      3045,      3500,      2248,      3529
      3936,      3387,      2249,      3382,      3081
      3937,      2249,      4049,      2813,      3382
      3938,      4051,      2507,      4049,      2249
      3939,      2810,      4051,      2249,      3387
      3940,      4049,      2250,      3381,      2813
      3941,      2250,      3383,      3082,      3381
      3942,      4050,      2812,      3383,      2250
      3943,      2507,      4050,      2250,      4049
      3944,      4052,      2251,      4050,      2507
      3945,      2251,      3384,      2812,      4050
      3946,      3528,      3037,      3384,      2251
      3947,      2740,      3528,      2251,      4052
      3948,      3388,      2252,      4051,      2810
      3949,      2252,      4052,      2507,      4051
      3950,      3527,      2740,      4052,      2252
      3951,      3045,      3527,      2252,      3388
      3952,      3522,      2253,      3526,      3038
      3953,      2253,      4048,      2741,      3526
      3954,      4047,      2508,      4048,      2253
      3955,      2743,      4047,      2253,      3522
      3956,      4048,      2254,      3525,      2741
      3957,      2254,      3494,      3046,      3525
      3958,      4046,      2757,      3494,      2254
      3959,      2508,      4046,      2254,      4048
      3960,      4045,      2255,      4046,      2508
      3961,      2255,      3493,      2757,      4046
      3962,      3491,      3054,      3493,      2255
      3963,      2758,      3491,      2255,      4045
      3964,      3521,      2256,      4047,      2743
      3965,      2256,      4045,      2508,      4047
      3966,      3492,      2758,      4045,      2256
      3967,      3047,      3492,      2256,      3521
      3968,      3498,      2257,      3523,      3046
      3969,      2257,      4044,      2742,      3523
      3970,      4042,      2509,      4044,      2257
      3971,      2755,      4042,      2257,      3498
      3972,      4044,      2258,      3524,      2742
      3973,      2258,      3518,      3039,      3524
      3974,      4043,      2745,      3518,      2258
      3975,      2509,      4043,      2258,      4044
      3976,      4041,      2259,      4043,      2509
      3977,      2259,      3517,      2745,      4043
      3978,      3496,      3048,      3517,      2259
      3979,      2756,      3496,      2259,      4041
      3980,      3497,      2260,      4042,      2755
      3981,      2260,      4041,      2509,      4042
      3982,      3495,      2756,      4041,      2260
      3983,      3053,      3495,      2260,      3497
      3984,      3489,      2261,      3487,      3055
      3985,      2261,      4037,      2760,      3487
      3986,      4038,      2510,      4037,      2261
      3987,      2759,      4038,      2261,      3489
      3988,      4037,      2262,      3488,      2760
      3989,      2262,      3513,      3049,      3488
      3990,      4039,      2747,      3513,      2262
      3991,      2510,      4039,      2262,      4037
      3992,      4040,      2263,      4039,      2510
      3993,      2263,      3514,      2747,      4039
      3994,      3520,      3040,      3514,      2263
      3995,      2744,      3520,      2263,      4040
      3996,      3490,      2264,      4038,      2759
      3997,      2264,      4040,      2510,      4038
      3998,      3519,      2744,      4040,      2264
      3999,      3047,      3519,      2264,      3490
      4000,      3485,      2265,      3483,      3056
      4001,      2265,      4033,      2762,      3483
      4002,      4034,      2511,      4033,      2265
      4003,      2761,      4034,      2265,      3485
      4004,      4033,      2266,      3484,      2762
      4005,      2266,      3509,      3050,      3484
      4006,      4035,      2749,      3509,      2266
      4007,      2511,      4035,      2266,      4033
      4008,      4036,      2267,      4035,      2511
      4009,      2267,      3510,      2749,      4035
      4010,      3512,      3042,      3510,      2267
      4011,      2748,      3512,      2267,      4036
      4012,      3486,      2268,      4034,      2761
      4013,      2268,      4036,      2511,      4034
      4014,      3511,      2748,      4036,      2268
      4015,      3049,      3511,      2268,      3486
      4016,      3506,      2269,      3508,      3043
      4017,      2269,      4032,      2750,      3508
      4018,      4031,      2512,      4032,      2269
      4019,      2751,      4031,      2269,      3506
      4020,      4032,      2270,      3507,      2750
      4021,      2270,      3482,      3050,      3507
      4022,      4030,      2763,      3482,      2270
      4023,      2512,      4030,      2270,      4032
      4024,      4029,      2271,      4030,      2512
      4025,      2271,      3481,      2763,      4030
      4026,      3479,      3057,      3481,      2271
      4027,      2764,      3479,      2271,      4029
      4028,      3505,      2272,      4031,      2751
      4029,      2272,      4029,      2512,      4031
      4030,      3480,      2764,      4029,      2272
      4031,      3051,      3480,      2272,      3505
      4032,      3502,      2273,      3504,      3044
      4033,      2273,      4028,      2752,      3504
      4034,      4027,      2513,      4028,      2273
      4035,      2753,      4027,      2273,      3502
      4036,      4028,      2274,      3503,      2752
      4037,      2274,      3478,      3051,      3503
      4038,      4026,      2765,      3478,      2274
      4039,      2513,      4026,      2274,      4028
      4040,      4025,      2275,      4026,      2513
      4041,      2275,      3477,      2765,      4026
      4042,      3475,      3058,      3477,      2275
      4043,      2766,      3475,      2275,      4025
      4044,      3501,      2276,      4027,      2753
      4045,      2276,      4025,      2513,      4027
      4046,      3476,      2766,      4025,      2276
      4047,      3052,      3476,      2276,      3501
      4048,      3388,      2277,      3500,      3045
      4049,      2277,      4024,      2754,      3500
      4050,      4022,      2514,      4024,      2277
      4051,      2810,      4022,      2277,      3388
      4052,      4024,      2278,      3499,      2754
      4053,      2278,      3392,      3052,      3499
      4054,      4023,      2808,      3392,      2278
      4055,      2514,      4023,      2278,      4024
      4056,      4021,      2279,      4023,      2514
      4057,      2279,      3391,      2808,      4023
      4058,      3386,      3080,      3391,      2279
      4059,      2811,      3386,      2279,      4021
      4060,      3387,      2280,      4022,      2810
      4061,      2280,      4021,      2514,      4022
      4062,      3385,      2811,      4021,      2280
      4063,      3081,      3385,      2280,      3387
      4064,      3494,      2281,      3498,      3046
      4065,      2281,      4020,      2755,      3498
      4066,      4019,      2515,      4020,      2281
      4067,      2757,      4019,      2281,      3494
      4068,      4020,      2282,      3497,      2755
      4069,      2282,      3474,      3053,      3497
      4070,      4018,      2767,      3474,      2282
      4071,      2515,      4018,      2282,      4020
      4072,      4017,      2283,      4018,      2515
      4073,      2283,      3473,      2767,      4018
      4074,      3471,      3059,      3473,      2283
      4075,      2768,      3471,      2283,      4017
      4076,      3493,      2284,      4019,      2757
      4077,      2284,      4017,      2515,      4019
      4078,      3472,      2768,      4017,      2284
      4079,      3054,      3472,      2284,      3493
      4080,      3490,      2285,      3492,      3047
      4081,      2285,      4016,      2758,      3492
      4082,      4015,      2516,      4016,      2285
      4083,      2759,      4015,      2285,      3490
      4084,      4016,      2286,      3491,      2758
      4085,      2286,      3470,      3054,      3491
      4086,      4014,      2769,      3470,      2286
      4087,      2516,      4014,      2286,      4016
      4088,      4013,      2287,      4014,      2516
      4089,      2287,      3469,      2769,      4014
      4090,      3467,      3060,      3469,      2287
      4091,      2770,      3467,      2287,      4013
      4092,      3489,      2288,      4015,      2759
      4093,      2288,      4013,      2516,      4015
      4094,      3468,      2770,      4013,      2288
      4095,      3055,      3468,      2288,      3489
      4096,      3465,      2289,      3463,      3061
      4097,      2289,      4009,      2772,      3463
      4098,      4010,      2517,      4009,      2289
      4099,      2771,      4010,      2289,      3465
      4100,      4009,      2290,      3464,      2772
      4101,      2290,      3485,      3056,      3464
      4102,      4011,      2761,      3485,      2290
      4103,      2517,      4011,      2290,      4009
      4104,      4012,      2291,      4011,      2517
      4105,      2291,      3486,      2761,      4011
      4106,      3488,      3049,      3486,      2291
      4107,      2760,      3488,      2291,      4012
      4108,      3466,      2292,      4010,      2771
      4109,      2292,      4012,      2517,      4010
      4110,      3487,      2760,      4012,      2292
      4111,      3055,      3487,      2292,      3466
      4112,      3482,      2293,      3484,      3050
      4113,      2293,      4008,      2762,      3484
      4114,      4007,      2518,      4008,      2293
      4115,      2763,      4007,      2293,      3482
      4116,      4008,      2294,      3483,      2762
      4117,      2294,      3462,      3056,      3483
      4118,      4006,      2773,      3462,      2294
      4119,      2518,      4006,      2294,      4008
      4120,      4005,      2295,      4006,      2518
      4121,      2295,      3461,      2773,      4006
      4122,      3459,      3062,      3461,      2295
      4123,      2774,      3459,      2295,      4005
      4124,      3481,      2296,      4007,      2763
      4125,      2296,      4005,      2518,      4007
      4126,      3460,      2774,      4005,      2296
      4127,      3057,      3460,      2296,      3481
      4128,      3478,      2297,      3480,      3051
      4129,      2297,      4004,      2764,      3480
      4130,      4003,      2519,      4004,      2297
      4131,      2765,      4003,      2297,      3478
      4132,      4004,      2298,      3479,      2764
      4133,      2298,      3458,      3057,      3479
      4134,      4002,      2775,      3458,      2298
      4135,      2519,      4002,      2298,      4004
      4136,      4001,      2299,      4002,      2519
      4137,      2299,      3457,      2775,      4002
      4138,      3455,      3063,      3457,      2299
      4139,      2776,      3455,      2299,      4001
      4140,      3477,      2300,      4003,      2765
      4141,      2300,      4001,      2519,      4003
      4142,      3456,      2776,      4001,      2300
      4143,      3058,      3456,      2300,      3477
      4144,      3392,      2301,      3476,      3052
      4145,      2301,      4000,      2766,      3476
      4146,      3998,      2520,      4000,      2301
      4147,      2808,      3998,      2301,      3392
      4148,      4000,      2302,      3475,      2766
      4149,      2302,      3396,      3058,      3475
      4150,      3999,      2806,      3396,      2302
      4151,      2520,      3999,      2302,      4000
      4152,      3997,      2303,      3999,      2520
      4153,      2303,      3395,      2806,      3999
      4154,      3390,      3079,      3395,      2303
      4155,      2809,      3390,      2303,      3997
      4156,      3391,      2304,      3998,      2808
      4157,      2304,      3997,      2520,      3998
      4158,      3389,      2809,      3997,      2304
      4159,      3080,      3389,      2304,      3391
      4160,      3470,      2305,      3472,      3054
      4161,      2305,      3996,      2768,      3472
      4162,      3995,      2521,      3996,      2305
      4163,      2769,      3995,      2305,      3470
      4164,      3996,      2306,      3471,      2768
      4165,      2306,      3454,      3059,      3471
      4166,      3994,      2777,      3454,      2306
      4167,      2521,      3994,      2306,      3996
      4168,      3993,      2307,      3994,      2521
      4169,      2307,      3453,      2777,      3994
      4170,      3451,      3064,      3453,      2307
      4171,      2778,      3451,      2307,      3993
      4172,      3469,      2308,      3995,      2769
      4173,      2308,      3993,      2521,      3995
      4174,      3452,      2778,      3993,      2308
      4175,      3060,      3452,      2308,      3469
      4176,      3466,      2309,      3468,      3055
      4177,      2309,      3992,      2770,      3468
      4178,      3991,      2522,      3992,      2309
      4179,      2771,      3991,      2309,      3466
      4180,      3992,      2310,      3467,      2770
      4181,      2310,      3450,      3060,      3467
      4182,      3990,      2779,      3450,      2310
      4183,      2522,      3990,      2310,      3992
      4184,      3989,      2311,      3990,      2522
      4185,      2311,      3449,      2779,      3990
      4186,      3447,      3065,      3449,      2311
      4187,      2780,      3447,      2311,      3989
      4188,      3465,      2312,      3991,      2771
      4189,      2312,      3989,      2522,      3991
      4190,      3448,      2780,      3989,      2312
      4191,      3061,      3448,      2312,      3465
      4192,      3462,      2313,      3464,      3056
      4193,      2313,      3988,      2772,      3464
      4194,      3987,      2523,      3988,      2313
      4195,      2773,      3987,      2313,      3462
      4196,      3988,      2314,      3463,      2772
      4197,      2314,      3446,      3061,      3463
      4198,      3986,      2781,      3446,      2314
      4199,      2523,      3986,      2314,      3988
      4200,      3985,      2315,      3986,      2523
      4201,      2315,      3445,      2781,      3986
      4202,      3443,      3066,      3445,      2315
      4203,      2782,      3443,      2315,      3985
      4204,      3461,      2316,      3987,      2773
      4205,      2316,      3985,      2523,      3987
      4206,      3444,      2782,      3985,      2316
      4207,      3062,      3444,      2316,      3461
      4208,      3441,      2317,      3439,      3067
      4209,      2317,      3981,      2784,      3439
      4210,      3982,      2524,      3981,      2317
      4211,      2783,      3982,      2317,      3441
      4212,      3981,      2318,      3440,      2784
      4213,      2318,      3457,      3063,      3440
      4214,      3983,      2775,      3457,      2318
      4215,      2524,      3983,      2318,      3981
      4216,      3984,      2319,      3983,      2524
      4217,      2319,      3458,      2775,      3983
      4218,      3460,      3057,      3458,      2319
      4219,      2774,      3460,      2319,      3984
      4220,      3442,      2320,      3982,      2783
      4221,      2320,      3984,      2524,      3982
      4222,      3459,      2774,      3984,      2320
      4223,      3062,      3459,      2320,      3442
      4224,      3396,      2321,      3456,      3058
      4225,      2321,      3980,      2776,      3456
      4226,      3978,      2525,      3980,      2321
      4227,      2806,      3978,      2321,      3396
      4228,      3980,      2322,      3455,      2776
      4229,      2322,      3400,      3063,      3455
      4230,      3979,      2804,      3400,      2322
      4231,      2525,      3979,      2322,      3980
      4232,      3977,      2323,      3979,      2525
      4233,      2323,      3399,      2804,      3979
      4234,      3394,      3078,      3399,      2323
      4235,      2807,      3394,      2323,      3977
      4236,      3395,      2324,      3978,      2806
      4237,      2324,      3977,      2525,      3978
      4238,      3393,      2807,      3977,      2324
      4239,      3079,      3393,      2324,      3395
      4240,      3450,      2325,      3452,      3060
      4241,      2325,      3976,      2778,      3452
      4242,      3975,      2526,      3976,      2325
      4243,      2779,      3975,      2325,      3450
      4244,      3976,      2326,      3451,      2778
      4245,      2326,      3438,      3064,      3451
      4246,      3974,      2785,      3438,      2326
      4247,      2526,      3974,      2326,      3976
      4248,      3973,      2327,      3974,      2526
      4249,      2327,      3437,      2785,      3974
      4250,      3435,      3068,      3437,      2327
      4251,      2786,      3435,      2327,      3973
      4252,      3449,      2328,      3975,      2779
      4253,      2328,      3973,      2526,      3975
      4254,      3436,      2786,      3973,      2328
      4255,      3065,      3436,      2328,      3449
      4256,      3446,      2329,      3448,      3061
      4257,      2329,      3972,      2780,      3448
      4258,      3971,      2527,      3972,      2329
      4259,      2781,      3971,      2329,      3446
      4260,      3972,      2330,      3447,      2780
      4261,      2330,      3434,      3065,      3447
      4262,      3970,      2787,      3434,      2330
      4263,      2527,      3970,      2330,      3972
      4264,      3969,      2331,      3970,      2527
      4265,      2331,      3433,      2787,      3970
      4266,      3431,      3069,      3433,      2331
      4267,      2788,      3431,      2331,      3969
      4268,      3445,      2332,      3971,      2781
      4269,      2332,      3969,      2527,      3971
      4270,      3432,      2788,      3969,      2332
      4271,      3066,      3432,      2332,      3445
      4272,      3429,      2333,      3427,      3070
      4273,      2333,      3965,      2790,      3427
      4274,      3966,      2528,      3965,      2333
      4275,      2789,      3966,      2333,      3429
      4276,      3965,      2334,      3428,      2790
      4277,      2334,      3441,      3067,      3428
      4278,      3967,      2783,      3441,      2334
      4279,      2528,      3967,      2334,      3965
      4280,      3968,      2335,      3967,      2528
      4281,      2335,      3442,      2783,      3967
      4282,      3444,      3062,      3442,      2335
      4283,      2782,      3444,      2335,      3968
      4284,      3430,      2336,      3966,      2789
      4285,      2336,      3968,      2528,      3966
      4286,      3443,      2782,      3968,      2336
      4287,      3066,      3443,      2336,      3430
      4288,      3403,      2337,      3398,      3077
      4289,      2337,      3961,      2805,      3398
      4290,      3963,      2529,      3961,      2337
      4291,      2802,      3963,      2337,      3403
      4292,      3961,      2338,      3397,      2805
      4293,      2338,      3399,      3078,      3397
      4294,      3962,      2804,      3399,      2338
      4295,      2529,      3962,      2338,      3961
      4296,      3964,      2339,      3962,      2529
      4297,      2339,      3400,      2804,      3962
      4298,      3440,      3063,      3400,      2339
      4299,      2784,      3440,      2339,      3964
      4300,      3404,      2340,      3963,      2802
      4301,      2340,      3964,      2529,      3963
      4302,      3439,      2784,      3964,      2340
      4303,      3067,      3439,      2340,      3404
      4304,      3434,      2341,      3436,      3065
      4305,      2341,      3960,      2786,      3436
      4306,      3959,      2530,      3960,      2341
      4307,      2787,      3959,      2341,      3434
      4308,      3960,      2342,      3435,      2786
      4309,      2342,      3426,      3068,      3435
      4310,      3958,      2791,      3426,      2342
      4311,      2530,      3958,      2342,      3960
      4312,      3957,      2343,      3958,      2530
      4313,      2343,      3425,      2791,      3958
      4314,      3423,      3071,      3425,      2343
      4315,      2792,      3423,      2343,      3957
      4316,      3433,      2344,      3959,      2787
      4317,      2344,      3957,      2530,      3959
      4318,      3424,      2792,      3957,      2344
      4319,      3069,      3424,      2344,      3433
      4320,      3430,      2345,      3432,      3066
      4321,      2345,      3956,      2788,      3432
      4322,      3955,      2531,      3956,      2345
      4323,      2789,      3955,      2345,      3430
      4324,      3956,      2346,      3431,      2788
      4325,      2346,      3422,      3069,      3431
      4326,      3954,      2793,      3422,      2346
      4327,      2531,      3954,      2346,      3956
      4328,      3953,      2347,      3954,      2531
      4329,      2347,      3421,      2793,      3954
      4330,      3419,      3072,      3421,      2347
      4331,      2794,      3419,      2347,      3953
      4332,      3429,      2348,      3955,      2789
      4333,      2348,      3953,      2531,      3955
      4334,      3420,      2794,      3953,      2348
      4335,      3070,      3420,      2348,      3429
      4336,      3407,      2349,      3402,      3076
      4337,      2349,      3949,      2803,      3402
      4338,      3951,      2532,      3949,      2349
      4339,      2800,      3951,      2349,      3407
      4340,      3949,      2350,      3401,      2803
      4341,      2350,      3403,      3077,      3401
      4342,      3950,      2802,      3403,      2350
      4343,      2532,      3950,      2350,      3949
      4344,      3952,      2351,      3950,      2532
      4345,      2351,      3404,      2802,      3950
      4346,      3428,      3067,      3404,      2351
      4347,      2790,      3428,      2351,      3952
      4348,      3408,      2352,      3951,      2800
      4349,      2352,      3952,      2532,      3951
      4350,      3427,      2790,      3952,      2352
      4351,      3070,      3427,      2352,      3408
      4352,      3422,      2353,      3424,      3069
      4353,      2353,      3948,      2792,      3424
      4354,      3947,      2533,      3948,      2353
      4355,      2793,      3947,      2353,      3422
      4356,      3948,      2354,      3423,      2792
      4357,      2354,      3418,      3071,      3423
      4358,      3946,      2795,      3418,      2354
      4359,       400,      5842,       236,      5840
      4360,      5842,       665,      5306,       236
      4361,       236,      5306,       933,      5305
      4362,      5840,       236,      5305,       666
      4363,       248,      5291,       936,      5292
      4364,      5843,       248,      5292,       664
      4365,       674,      5823,       249,      5291
      4366,      5823,       404,      5847,       249
      4367,       249,      5847,       662,      5293
      4368,      5291,       249,      5293,       936
      4369,       936,      5293,       250,      5294
      4370,      5293,       662,      5848,       250
      4371,       250,      5848,       398,      5850
      4372,      5294,       250,      5850,       661
      4373,       664,      5292,       251,      5844
      4374,      5292,       936,      5294,       251
      4375,       251,      5294,       661,      5849
      4376,      5844,       251,      5849,       399
      4377,       402,      5827,       252,      5822
      4378,      5827,       672,      5290,       252
      4379,       252,      5290,       937,      5288
      4380,      5822,       252,      5288,       675
      4381,       672,      5828,       253,      5290
      4382,      5828,       401,      5826,       253
      4383,       253,      5826,       673,      5289
      4384,      5290,       253,      5289,       937
      4385,       937,      5289,       254,      5287
      4386,      5289,       673,      5825,       254
      4387,       254,      5825,       403,      5820
      4388,      5287,       254,      5820,       676
      4389,       675,      5288,       255,      5821
      4390,      5288,       937,      5287,       255
      4391,       255,      5287,       676,      5819
      4392,      5821,       255,      5819,       405
      4393,       403,      5835,       256,      5818
      4394,      5835,       668,      5285,       256
      4395,       256,      5285,       938,      5283
      4396,      5818,       256,      5283,       677
      4397,       668,      5836,       257,      5285
      4398,      5836,      3095,      3328,       257
      4399,       257,      3328,      2840,      5286
      4400,      5285,       257,      5286,       938
      4401,       938,      5286,       258,      5284
      4402,      5286,      2840,      3327,       258
      4403,       258,      3327,      3096,      5834
      4404,      5284,       258,      5834,       669
      4405,       677,      5283,       259,      5817
      4406,      5283,       938,      5284,       259
      4407,       259,      5284,       669,      5833
      4408,      5817,       259,      5833,       406
      4409,       404,      5816,       260,      5847
      4410,      5816,       678,      5279,       260
      4411,       260,      5279,       939,      5280
      4412,      5847,       260,      5280,       662
      4413,       678,      5815,       261,      5279
      4414,      5815,       407,      5851,       261
      4415,       261,      5851,       660,      5281
      4416,      5279,       261,      5281,       939
      4417,       939,      5281,       262,      5282
      4418,      5281,       660,      5852,       262
      4419,       262,      5852,       397,      5854
      4420,      5282,       262,      5854,       659
      4421,       662,      5280,       263,      5848
      4422,      5280,       939,      5282,       263
      4423,       263,      5282,       659,      5853
      4424,      5848,       263,      5853,       398
      4425,       405,      5812,       264,      5821
      4426,      5812,       680,      5275,       264
      4427,       264,      5275,       940,      5277
      4428,      5821,       264,      5277,       675
      4429,       680,      5811,       265,      5275
      4430,      5811,       408,      5813,       265
      4431,       265,      5813,       679,      5276
      4432,      5275,       265,      5276,       940
      4433,       940,      5276,       266,      5278
      4434,      5276,       679,      5814,       266
      4435,       266,      5814,       404,      5823
      4436,      5278,       266,      5823,       674
      4437,       675,      5277,       267,      5822
      4438,      5277,       940,      5278,       267
      4439,       267,      5278,       674,      5824
      4440,      5822,       267,      5824,       402
      4441,       405,      5819,       268,      5810
      4442,      5819,       676,      5274,       268
      4443,       268,      5274,       941,      5272
      4444,      5810,       268,      5272,       681
      4445,       676,      5820,       269,      5274
      4446,      5820,       403,      5818,       269
      4447,       269,      5818,       677,      5273
      4448,      5274,       269,      5273,       941
      4449,       941,      5273,       270,      5271
      4450,      5273,       677,      5817,       270
      4451,       270,      5817,       406,      5808
      4452,      5271,       270,      5808,       682
      4453,       681,      5272,       271,      5809
      4454,      5272,       941,      5271,       271
      4455,       271,      5271,       682,      5807
      4456,      5809,       271,      5807,       409
      4457,       406,      5833,       272,      5806
      4458,      5833,       669,      5269,       272
      4459,       272,      5269,       942,      5267
      4460,      5806,       272,      5267,       683
      4461,       669,      5834,       273,      5269
      4462,      5834,      3096,      3324,       273
      4463,       273,      3324,      2842,      5270
      4464,      5269,       273,      5270,       942
      4465,       942,      5270,       274,      5268
      4466,      5270,      2842,      3323,       274
      4467,       274,      3323,      3097,      5832
      4468,      5268,       274,      5832,       670
      4469,       683,      5267,       275,      5805
      4470,      5267,       942,      5268,       275
      4471,       275,      5268,       670,      5831
      4472,      5805,       275,      5831,       410
      4473,       396,      5858,       276,      5856
      4474,      5858,       657,      5266,       276
      4475,       276,      5266,       943,      5265
      4476,      5856,       276,      5265,       658
      4477,       657,      5857,       277,      5266
      4478,      5857,       397,      5852,       277
      4479,       277,      5852,       660,      5264
      4480,      5266,       277,      5264,       943
      4481,       943,      5264,       278,      5263
      4482,      5264,       660,      5851,       278
      4483,       278,      5851,       407,      5804
      4484,      5263,       278,      5804,       684
      4485,       658,      5265,       279,      5855
      4486,      5265,       943,      5263,       279
      4487,       279,      5263,       684,      5803
      4488,      5855,       279,      5803,       411
      4489,       408,      5800,       280,      5813
      4490,      5800,       686,      5259,       280
      4491,       280,      5259,       944,      5261
      4492,      5813,       280,      5261,       679
      4493,       686,      5799,       281,      5259
      4494,      5799,       412,      5801,       281
      4495,       281,      5801,       685,      5260
      4496,      5259,       281,      5260,       944
      4497,       944,      5260,       282,      5262
      4498,      5260,       685,      5802,       282
      4499,       282,      5802,       407,      5815
      4500,      5262,       282,      5815,       678
      4501,       679,      5261,       283,      5814
      4502,      5261,       944,      5262,       283
      4503,       283,      5262,       678,      5816
      4504,      5814,       283,      5816,       404
      4505,       408,      5811,       284,      5798
      4506,      5811,       680,      5258,       284
      4507,       284,      5258,       945,      5256
      4508,      5798,       284,      5256,       687
      4509,       680,      5812,       285,      5258
      4510,      5812,       405,      5810,       285
      4511,       285,      5810,       681,      5257
      4512,      5258,       285,      5257,       945
      4513,       945,      5257,       286,      5255
      4514,      5257,       681,      5809,       286
      4515,       286,      5809,       409,      5796
      4516,      5255,       286,      5796,       688
      4517,       687,      5256,       287,      5797
      4518,      5256,       945,      5255,       287
      4519,       287,      5255,       688,      5795
      4520,      5797,       287,      5795,       413
      4521,       409,      5807,       288,      5794
      4522,      5807,       682,      5254,       288
      4523,       288,      5254,       946,      5252
      4524,      5794,       288,      5252,       689
      4525,       682,      5808,       289,      5254
      4526,      5808,       406,      5806,       289
      4527,       289,      5806,       683,      5253
      4528,      5254,       289,      5253,       946
      4529,       946,      5253,       290,      5251
      4530,      5253,       683,      5805,       290
      4531,       290,      5805,       410,      5792
      4532,      5251,       290,      5792,       690
      4533,       689,      5252,       291,      5793
      4534,      5252,       946,      5251,       291
      4535,       291,      5251,       690,      5791
      4536,      5793,       291,      5791,       414
      4537,       410,      5831,       292,      5790
      4538,      5831,       670,      5249,       292
      4539,       292,      5249,       947,      5247
      4540,      5790,       292,      5247,       691
      4541,       670,      5832,       293,      5249
      4542,      5832,      3097,      3320,       293
      4543,       293,      3320,      2844,      5250
      4544,      5249,       293,      5250,       947
      4545,       947,      5250,       294,      5248
      4546,      5250,      2844,      3319,       294
      4547,       294,      3319,      3098,      5830
      4548,      5248,       294,      5830,       671
      4549,       691,      5247,       295,      5789
      4550,      5247,       947,      5248,       295
      4551,       295,      5248,       671,      5829
      4552,      5789,       295,      5829,       415
      4553,       395,         4,       296,         2
      4554,         4,       655,      5246,       296
      4555,       296,      5246,       948,      5245
      4556,         2,       296,      5245,       656
      4557,       655,         3,       297,      5246
      4558,         3,       396,      5856,       297
      4559,       297,      5856,       658,      5244
      4560,      5246,       297,      5244,       948
      4561,       948,      5244,       298,      5243
      4562,      5244,       658,      5855,       298
      4563,       298,      5855,       411,      5788
      4564,      5243,       298,      5788,       692
      4565,       656,      5245,       299,         1
      4566,      5245,       948,      5243,       299
      4567,       299,      5243,       692,      5787
      4568,         1,       299,      5787,       416
      4569,       411,      5803,       300,      5786
      4570,      5803,       684,      5242,       300
      4571,       300,      5242,       949,      5240
      4572,      5786,       300,      5240,       693
      4573,       684,      5804,       301,      5242
      4574,      5804,       407,      5802,       301
      4575,       301,      5802,       685,      5241
      4576,      5242,       301,      5241,       949
      4577,       949,      5241,       302,      5239
      4578,      5241,       685,      5801,       302
      4579,       302,      5801,       412,      5784
      4580,      5239,       302,      5784,       694
      4581,       693,      5240,       303,      5785
      4582,      5240,       949,      5239,       303
      4583,       303,      5239,       694,      5783
      4584,      5785,       303,      5783,       417
      4585,       412,      5799,       304,      5782
      4586,      5799,       686,      5238,       304
      4587,       304,      5238,       950,      5236
      4588,      5782,       304,      5236,       695
      4589,       686,      5800,       305,      5238
      4590,      5800,       408,      5798,       305
      4591,       305,      5798,       687,      5237
      4592,      5238,       305,      5237,       950
      4593,       950,      5237,       306,      5235
      4594,      5237,       687,      5797,       306
      4595,       306,      5797,       413,      5780
      4596,      5235,       306,      5780,       696
      4597,       695,      5236,       307,      5781
      4598,      5236,       950,      5235,       307
      4599,       307,      5235,       696,      5779
      4600,      5781,       307,      5779,       418
      4601,       414,      5776,       308,      5793
      4602,      5776,       698,      5231,       308
      4603,       308,      5231,       951,      5233
      4604,      5793,       308,      5233,       689
      4605,       698,      5775,       309,      5231
      4606,      5775,       419,      5777,       309
      4607,       309,      5777,       697,      5232
      4608,      5231,       309,      5232,       951
      4609,       951,      5232,       310,      5234
      4610,      5232,       697,      5778,       310
      4611,       310,      5778,       413,      5795
      4612,      5234,       310,      5795,       688
      4613,       689,      5233,       311,      5794
      4614,      5233,       951,      5234,       311
      4615,       311,      5234,       688,      5796
      4616,      5794,       311,      5796,       409
      4617,       414,      5791,       312,      5774
      4618,      5791,       690,      5230,       312
      4619,       312,      5230,       952,      5228
      4620,      5774,       312,      5228,       699
      4621,       690,      5792,       313,      5230
      4622,      5792,       410,      5790,       313
      4623,       313,      5790,       691,      5229
      4624,      5230,       313,      5229,       952
      4625,       952,      5229,       314,      5227
      4626,      5229,       691,      5789,       314
      4627,       314,      5789,       415,      5772
      4628,      5227,       314,      5772,       700
      4629,       699,      5228,       315,      5773
      4630,      5228,       952,      5227,       315
      4631,       315,      5227,       700,      5771
      4632,      5773,       315,      5771,       420
      4633,       415,      5829,       316,       209
      4634,      5829,       671,      5223,       316
      4635,       316,      5223,       953,      5224
      4636,       209,       316,      5224,       555
      4637,       671,      5830,       317,      5223
      4638,      5830,      3098,      3318,       317
      4639,       317,      3318,      2845,      5225
      4640,      5223,       317,      5225,       953
      4641,       953,      5225,       318,      5226
      4642,      5225,      2845,      3317,       318
      4643,       318,      3317,      3099,       214
      4644,      5226,       318,       214,       553
      4645,       555,      5224,       319,       210
      4646,      5224,       953,      5226,       319
      4647,       319,      5226,       553,       213
      4648,       210,       319,       213,      4740
      4649,       394,         8,       320,         6
      4650,         8,       653,      5222,       320
      4651,       320,      5222,       954,      5221
      4652,         6,       320,      5221,       654
      4653,       653,         7,       321,      5222
      4654,         7,       395,         2,       321
      4655,       321,         2,       656,      5220
      4656,      5222,       321,      5220,       954
      4657,       954,      5220,       322,      5219
      4658,      5220,       656,         1,       322
      4659,       322,         1,       416,      5770
      4660,      5219,       322,      5770,       701
      4661,       654,      5221,       323,         5
      4662,      5221,       954,      5219,       323
      4663,       323,      5219,       701,      5769
      4664,         5,       323,      5769,       421
      4665,       416,      5787,       324,      5768
      4666,      5787,       692,      5218,       324
      4667,       324,      5218,       955,      5216
      4668,      5768,       324,      5216,       702
      4669,       692,      5788,       325,      5218
      4670,      5788,       411,      5786,       325
      4671,       325,      5786,       693,      5217
      4672,      5218,       325,      5217,       955
      4673,       955,      5217,       326,      5215
      4674,      5217,       693,      5785,       326
      4675,       326,      5785,       417,      5766
      4676,      5215,       326,      5766,       703
      4677,       702,      5216,       327,      5767
      4678,      5216,       955,      5215,       327
      4679,       327,      5215,       703,      5765
      4680,      5767,       327,      5765,       422
      4681,       417,      5783,       328,      5764
      4682,      5783,       694,      5214,       328
      4683,       328,      5214,       956,      5212
      4684,      5764,       328,      5212,       704
      4685,       694,      5784,       329,      5214
      4686,      5784,       412,      5782,       329
      4687,       329,      5782,       695,      5213
      4688,      5214,       329,      5213,       956
      4689,       956,      5213,       330,      5211
      4690,      5213,       695,      5781,       330
      4691,       330,      5781,       418,      5762
      4692,      5211,       330,      5762,       705
      4693,       704,      5212,       331,      5763
      4694,      5212,       956,      5211,       331
      4695,       331,      5211,       705,      5761
      4696,      5763,       331,      5761,       423
      4697,       419,      5758,       332,      5777
      4698,      5758,       707,      5207,       332
      4699,       332,      5207,       957,      5209
      4700,      5777,       332,      5209,       697
      4701,       707,      5757,       333,      5207
      4702,      5757,       424,      5759,       333
      4703,       333,      5759,       706,      5208
      4704,      5207,       333,      5208,       957
      4705,       957,      5208,       334,      5210
      4706,      5208,       706,      5760,       334
      4707,       334,      5760,       418,      5779
      4708,      5210,       334,      5779,       696
      4709,       697,      5209,       335,      5778
      4710,      5209,       957,      5210,       335
      4711,       335,      5210,       696,      5780
      4712,      5778,       335,      5780,       413
      4713,       420,      5754,       336,      5773
      4714,      5754,       709,      5203,       336
      4715,       336,      5203,       958,      5205
      4716,      5773,       336,      5205,       699
      4717,       709,      5753,       337,      5203
      4718,      5753,       425,      5755,       337
      4719,       337,      5755,       708,      5204
      4720,      5203,       337,      5204,       958
      4721,       958,      5204,       338,      5206
      4722,      5204,       708,      5756,       338
      4723,       338,      5756,       419,      5775
      4724,      5206,       338,      5775,       698
      4725,       699,      5205,       339,      5774
      4726,      5205,       958,      5206,       339
      4727,       339,      5206,       698,      5776
      4728,      5774,       339,      5776,       414
      4729,       420,      5771,       340,       205
      4730,      5771,       700,      5199,       340
      4731,       340,      5199,       959,      5200
      4732,       205,       340,      5200,       557
      4733,       700,      5772,       341,      5199
      4734,      5772,       415,       209,       341
      4735,       341,       209,       555,      5201
      4736,      5199,       341,      5201,       959
      4737,       959,      5201,       342,      5202
      4738,      5201,       555,       210,       342
      4739,       342,       210,      4740,       212
      4740,      5202,       342,       212,       554
      4741,       557,      5200,       343,       206
      4742,      5200,       959,      5202,       343
      4743,       343,      5202,       554,       211
      4744,       206,       343,       211,      4741
      4745,       421,      5752,       344,         5
      4746,      5752,       710,      5195,       344
      4747,       344,      5195,       960,      5196
      4748,         5,       344,      5196,       654
      4749,       710,      5751,       345,      5195
      4750,      5751,       426,         9,       345
      4751,       345,         9,       652,      5197
      4752,      5195,       345,      5197,       960
      4753,       960,      5197,       346,      5198
      4754,      5197,       652,        10,       346
      4755,       346,        10,       393,        12
      4756,      5198,       346,        12,       651
      4757,       654,      5196,       347,         6
      4758,      5196,       960,      5198,       347
      4759,       347,      5198,       651,        11
      4760,         6,       347,        11,       394
      4761,       421,      5769,       348,      5750
      4762,      5769,       701,      5194,       348
      4763,       348,      5194,       961,      5192
      4764,      5750,       348,      5192,       711
      4765,       701,      5770,       349,      5194
      4766,      5770,       416,      5768,       349
      4767,       349,      5768,       702,      5193
      4768,      5194,       349,      5193,       961
      4769,       961,      5193,       350,      5191
      4770,      5193,       702,      5767,       350
      4771,       350,      5767,       422,      5748
      4772,      5191,       350,      5748,       712
      4773,       711,      5192,       351,      5749
      4774,      5192,       961,      5191,       351
      4775,       351,      5191,       712,      5747
      4776,      5749,       351,      5747,       427
      4777,       422,      5765,       352,      5746
      4778,      5765,       703,      5190,       352
      4779,       352,      5190,       962,      5188
      4780,      5746,       352,      5188,       713
      4781,       703,      5766,       353,      5190
      4782,      5766,       417,      5764,       353
      4783,       353,      5764,       704,      5189
      4784,      5190,       353,      5189,       962
      4785,       962,      5189,       354,      5187
      4786,      5189,       704,      5763,       354
      4787,       354,      5763,       423,      5744
      4788,      5187,       354,      5744,       714
      4789,       713,      5188,       355,      5745
      4790,      5188,       962,      5187,       355
      4791,       355,      5187,       714,      5743
      4792,      5745,       355,      5743,       428
      4793,       423,      5761,       356,      5742
      4794,      5761,       705,      5186,       356
      4795,       356,      5186,       963,      5184
      4796,      5742,       356,      5184,       715
      4797,       705,      5762,       357,      5186
      4798,      5762,       418,      5760,       357
      4799,       357,      5760,       706,      5185
      4800,      5186,       357,      5185,       963
      4801,       963,      5185,       358,      5183
      4802,      5185,       706,      5759,       358
      4803,       358,      5759,       424,      5740
      4804,      5183,       358,      5740,       716
      4805,       715,      5184,       359,      5741
      4806,      5184,       963,      5183,       359
      4807,       359,      5183,       716,      5739
      4808,      5741,       359,      5739,       429
      4809,       425,      5736,       360,      5755
      4810,      5736,       718,      5179,       360
      4811,       360,      5179,       964,      5181
      4812,      5755,       360,      5181,       708
      4813,       718,      5735,       361,      5179
      4814,      5735,       430,      5737,       361
      4815,       361,      5737,       717,      5180
      4816,      5179,       361,      5180,       964
      4817,       964,      5180,       362,      5182
      4818,      5180,       717,      5738,       362
      4819,       362,      5738,       424,      5757
      4820,      5182,       362,      5757,       707
      4821,       708,      5181,       363,      5756
      4822,      5181,       964,      5182,       363
      4823,       363,      5182,       707,      5758
      4824,      5756,       363,      5758,       419
      4825,       425,      5753,       364,       201
      4826,      5753,       709,      5175,       364
      4827,       364,      5175,       965,      5176
      4828,       201,       364,      5176,       559
      4829,       709,      5754,       365,      5175
      4830,      5754,       420,       205,       365
      4831,       365,       205,       557,      5177
      4832,      5175,       365,      5177,       965
      4833,       965,      5177,       366,      5178
      4834,      5177,       557,       206,       366
      4835,       366,       206,      4741,       208
      4836,      5178,       366,       208,       556
      4837,       559,      5176,       367,       202
      4838,      5176,       965,      5178,       367
      4839,       367,      5178,       556,       207
      4840,       202,       367,       207,      4742
      4841,       426,      5734,       368,         9
      4842,      5734,       719,      5171,       368
      4843,       368,      5171,       966,      5172
      4844,         9,       368,      5172,       652
      4845,       719,      5733,       369,      5171
      4846,      5733,       431,        13,       369
      4847,       369,        13,       650,      5173
      4848,      5171,       369,      5173,       966
      4849,       966,      5173,       370,      5174
      4850,      5173,       650,        14,       370
      4851,       370,        14,       392,        16
      4852,      5174,       370,        16,       649
      4853,       652,      5172,      1104,        10
      4854,      5172,       966,      5174,      1104
      4855,      1104,      5174,       649,        15
      4856,        10,      1104,        15,       393
      4857,       427,      5730,      1105,      5749
      4858,      5730,       721,      5167,      1105
      4859,      1105,      5167,       967,      5169
      4860,      5749,      1105,      5169,       711
      4861,       721,      5729,      1106,      5167
      4862,      5729,       432,      5731,      1106
      4863,      1106,      5731,       720,      5168
      4864,      5167,      1106,      5168,       967
      4865,       967,      5168,      1107,      5170
      4866,      5168,       720,      5732,      1107
      4867,      1107,      5732,       426,      5751
      4868,      5170,      1107,      5751,       710
      4869,       711,      5169,      1108,      5750
      4870,      5169,       967,      5170,      1108
      4871,      1108,      5170,       710,      5752
      4872,      5750,      1108,      5752,       421
      4873,       427,      5747,      1109,      5728
      4874,      5747,       712,      5166,      1109
      4875,      1109,      5166,       968,      5164
      4876,      5728,      1109,      5164,       722
      4877,       712,      5748,      1110,      5166
      4878,      5748,       422,      5746,      1110
      4879,      1110,      5746,       713,      5165
      4880,      5166,      1110,      5165,       968
      4881,       968,      5165,      1111,      5163
      4882,      5165,       713,      5745,      1111
      4883,      1111,      5745,       428,      5726
      4884,      5163,      1111,      5726,       723
      4885,       722,      5164,      1112,      5727
      4886,      5164,       968,      5163,      1112
      4887,      1112,      5163,       723,      5725
      4888,      5727,      1112,      5725,       433
      4889,       428,      5743,      1113,      5724
      4890,      5743,       714,      5162,      1113
      4891,      1113,      5162,       969,      5160
      4892,      5724,      1113,      5160,       724
      4893,       714,      5744,      1114,      5162
      4894,      5744,       423,      5742,      1114
      4895,      1114,      5742,       715,      5161
      4896,      5162,      1114,      5161,       969
      4897,       969,      5161,      1115,      5159
      4898,      5161,       715,      5741,      1115
      4899,      1115,      5741,       429,      5722
      4900,      5159,      1115,      5722,       725
      4901,       724,      5160,      1116,      5723
      4902,      5160,       969,      5159,      1116
      4903,      1116,      5159,       725,      5721
      4904,      5723,      1116,      5721,       434
      4905,       429,      5739,      1117,      5720
      4906,      5739,       716,      5158,      1117
      4907,      1117,      5158,       970,      5156
      4908,      5720,      1117,      5156,       726
      4909,       716,      5740,      1118,      5158
      4910,      5740,       424,      5738,      1118
      4911,      1118,      5738,       717,      5157
      4912,      5158,      1118,      5157,       970
      4913,       970,      5157,      1119,      5155
      4914,      5157,       717,      5737,      1119
      4915,      1119,      5737,       430,      5718
      4916,      5155,      1119,      5718,       727
      4917,       726,      5156,      1120,      5719
      4918,      5156,       970,      5155,      1120
      4919,      1120,      5155,       727,      5717
      4920,      5719,      1120,      5717,       435
      4921,       430,      5735,      1121,       197
      4922,      5735,       718,      5151,      1121
      4923,      1121,      5151,       971,      5152
      4924,       197,      1121,      5152,       561
      4925,       718,      5736,      1122,      5151
      4926,      5736,       425,       201,      1122
      4927,      1122,       201,       559,      5153
      4928,      5151,      1122,      5153,       971
      4929,       971,      5153,      1123,      5154
      4930,      5153,       559,       202,      1123
      4931,      1123,       202,      4742,       204
      4932,      5154,      1123,       204,       558
      4933,       561,      5152,      1124,       198
      4934,      5152,       971,      5154,      1124
      4935,      1124,      5154,       558,       203
      4936,       198,      1124,       203,      4743
      4937,       391,        20,      1125,        18
      4938,        20,       647,      5150,      1125
      4939,      1125,      5150,       972,      5149
      4940,        18,      1125,      5149,       648
      4941,       647,        19,      1126,      5150
      4942,        19,       392,        14,      1126
      4943,      1126,        14,       650,      5148
      4944,      5150,      1126,      5148,       972
      4945,       972,      5148,      1127,      5147
      4946,      5148,       650,        13,      1127
      4947,      1127,        13,       431,      5716
      4948,      5147,      1127,      5716,       728
      4949,       648,      5149,      1128,        17
      4950,      5149,       972,      5147,      1128
      4951,      1128,      5147,       728,      5715
      4952,        17,      1128,      5715,       436
      4953,       432,      5712,      1129,      5731
      4954,      5712,       730,      5143,      1129
      4955,      1129,      5143,       973,      5145
      4956,      5731,      1129,      5145,       720
      4957,       730,      5711,      1130,      5143
      4958,      5711,       437,      5713,      1130
      4959,      1130,      5713,       729,      5144
      4960,      5143,      1130,      5144,       973
      4961,       973,      5144,      1131,      5146
      4962,      5144,       729,      5714,      1131
      4963,      1131,      5714,       431,      5733
      4964,      5146,      1131,      5733,       719
      4965,       720,      5145,      1132,      5732
      4966,      5145,       973,      5146,      1132
      4967,      1132,      5146,       719,      5734
      4968,      5732,      1132,      5734,       426
      4969,       432,      5729,      1133,      5710
      4970,      5729,       721,      5142,      1133
      4971,      1133,      5142,       974,      5140
      4972,      5710,      1133,      5140,       731
      4973,       721,      5730,      1134,      5142
      4974,      5730,       427,      5728,      1134
      4975,      1134,      5728,       722,      5141
      4976,      5142,      1134,      5141,       974
      4977,       974,      5141,      1135,      5139
      4978,      5141,       722,      5727,      1135
      4979,      1135,      5727,       433,      5708
      4980,      5139,      1135,      5708,       732
      4981,       731,      5140,      1136,      5709
      4982,      5140,       974,      5139,      1136
      4983,      1136,      5139,       732,      5707
      4984,      5709,      1136,      5707,       438
      4985,       433,      5725,      1137,      5706
      4986,      5725,       723,      5138,      1137
      4987,      1137,      5138,       975,      5136
      4988,      5706,      1137,      5136,       733
      4989,       723,      5726,      1138,      5138
      4990,      5726,       428,      5724,      1138
      4991,      1138,      5724,       724,      5137
      4992,      5138,      1138,      5137,       975
      4993,       975,      5137,      1139,      5135
      4994,      5137,       724,      5723,      1139
      4995,      1139,      5723,       434,      5704
      4996,      5135,      1139,      5704,       734
      4997,       733,      5136,      1140,      5705
      4998,      5136,       975,      5135,      1140
      4999,      1140,      5135,       734,      5703
      5000,      5705,      1140,      5703,       439
      5001,       434,      5721,      1141,      5702
      5002,      5721,       725,      5134,      1141
      5003,      1141,      5134,       976,      5132
      5004,      5702,      1141,      5132,       735
      5005,       725,      5722,      1142,      5134
      5006,      5722,       429,      5720,      1142
      5007,      1142,      5720,       726,      5133
      5008,      5134,      1142,      5133,       976
      5009,       976,      5133,      1143,      5131
      5010,      5133,       726,      5719,      1143
      5011,      1143,      5719,       435,      5700
      5012,      5131,      1143,      5700,       736
      5013,       735,      5132,      1144,      5701
      5014,      5132,       976,      5131,      1144
      5015,      1144,      5131,       736,      5699
      5016,      5701,      1144,      5699,       440
      5017,       435,      5717,      1145,       193
      5018,      5717,       727,      5127,      1145
      5019,      1145,      5127,       977,      5128
      5020,       193,      1145,      5128,       563
      5021,       727,      5718,      1146,      5127
      5022,      5718,       430,       197,      1146
      5023,      1146,       197,       561,      5129
      5024,      5127,      1146,      5129,       977
      5025,       977,      5129,      1147,      5130
      5026,      5129,       561,       198,      1147
      5027,      1147,       198,      4743,       200
      5028,      5130,      1147,       200,       560
      5029,       563,      5128,      1148,       194
      5030,      5128,       977,      5130,      1148
      5031,      1148,      5130,       560,       199
      5032,       194,      1148,       199,      4744
      5033,       390,        24,      1149,        22
      5034,        24,       645,      5126,      1149
      5035,      1149,      5126,       978,      5125
      5036,        22,      1149,      5125,       646
      5037,       645,        23,      1150,      5126
      5038,        23,       391,        18,      1150
      5039,      1150,        18,       648,      5124
      5040,      5126,      1150,      5124,       978
      5041,       978,      5124,      1151,      5123
      5042,      5124,       648,        17,      1151
      5043,      1151,        17,       436,      5698
      5044,      5123,      1151,      5698,       737
      5045,       646,      5125,      1152,        21
      5046,      5125,       978,      5123,      1152
      5047,      1152,      5123,       737,      5697
      5048,        21,      1152,      5697,       441
      5049,       436,      5715,      1153,      5696
      5050,      5715,       728,      5122,      1153
      5051,      1153,      5122,       979,      5120
      5052,      5696,      1153,      5120,       738
      5053,       728,      5716,      1154,      5122
      5054,      5716,       431,      5714,      1154
      5055,      1154,      5714,       729,      5121
      5056,      5122,      1154,      5121,       979
      5057,       979,      5121,      1155,      5119
      5058,      5121,       729,      5713,      1155
      5059,      1155,      5713,       437,      5694
      5060,      5119,      1155,      5694,       739
      5061,       738,      5120,      1156,      5695
      5062,      5120,       979,      5119,      1156
      5063,      1156,      5119,       739,      5693
      5064,      5695,      1156,      5693,       442
      5065,       437,      5711,      1157,      5692
      5066,      5711,       730,      5118,      1157
      5067,      1157,      5118,       980,      5116
      5068,      5692,      1157,      5116,       740
      5069,       730,      5712,      1158,      5118
      5070,      5712,       432,      5710,      1158
      5071,      1158,      5710,       731,      5117
      5072,      5118,      1158,      5117,       980
      5073,       980,      5117,      1159,      5115
      5074,      5117,       731,      5709,      1159
      5075,      1159,      5709,       438,      5690
      5076,      5115,      1159,      5690,       741
      5077,       740,      5116,      1160,      5691
      5078,      5116,       980,      5115,      1160
      5079,      1160,      5115,       741,      5689
      5080,      5691,      1160,      5689,       443
      5081,       439,      5686,      1161,      5705
      5082,      5686,       743,      5111,      1161
      5083,      1161,      5111,       981,      5113
      5084,      5705,      1161,      5113,       733
      5085,       743,      5685,      1162,      5111
      5086,      5685,       444,      5687,      1162
      5087,      1162,      5687,       742,      5112
      5088,      5111,      1162,      5112,       981
      5089,       981,      5112,      1163,      5114
      5090,      5112,       742,      5688,      1163
      5091,      1163,      5688,       438,      5707
      5092,      5114,      1163,      5707,       732
      5093,       733,      5113,      1164,      5706
      5094,      5113,       981,      5114,      1164
      5095,      1164,      5114,       732,      5708
      5096,      5706,      1164,      5708,       433
      5097,       439,      5703,      1165,      5684
      5098,      5703,       734,      5110,      1165
      5099,      1165,      5110,       982,      5108
      5100,      5684,      1165,      5108,       744
      5101,       734,      5704,      1166,      5110
      5102,      5704,       434,      5702,      1166
      5103,      1166,      5702,       735,      5109
      5104,      5110,      1166,      5109,       982
      5105,       982,      5109,      1167,      5107
      5106,      5109,       735,      5701,      1167
      5107,      1167,      5701,       440,      5682
      5108,      5107,      1167,      5682,       745
      5109,       744,      5108,      1168,      5683
      5110,      5108,       982,      5107,      1168
      5111,      1168,      5107,       745,      5681
      5112,      5683,      1168,      5681,       445
      5113,       440,      5699,      1169,       189
      5114,      5699,       736,      5103,      1169
      5115,      1169,      5103,       983,      5104
      5116,       189,      1169,      5104,       565
      5117,       736,      5700,      1170,      5103
      5118,      5700,       435,       193,      1170
      5119,      1170,       193,       563,      5105
      5120,      5103,      1170,      5105,       983
      5121,       983,      5105,      1171,      5106
      5122,      5105,       563,       194,      1171
      5123,      1171,       194,      4744,       196
      5124,      5106,      1171,       196,       562
      5125,       565,      5104,      1172,       190
      5126,      5104,       983,      5106,      1172
      5127,      1172,      5106,       562,       195
      5128,       190,      1172,       195,      4745
      5129,       389,        28,      1173,        26
      5130,        28,       643,      5102,      1173
      5131,      1173,      5102,       984,      5101
      5132,        26,      1173,      5101,       644
      5133,       643,        27,      1174,      5102
      5134,        27,       390,        22,      1174
      5135,      1174,        22,       646,      5100
      5136,      5102,      1174,      5100,       984
      5137,       984,      5100,      1175,      5099
      5138,      5100,       646,        21,      1175
      5139,      1175,        21,       441,      5680
      5140,      5099,      1175,      5680,       746
      5141,       644,      5101,      1176,        25
      5142,      5101,       984,      5099,      1176
      5143,      1176,      5099,       746,      5679
      5144,        25,      1176,      5679,       446
      5145,       441,      5697,      1177,      5678
      5146,      5697,       737,      5098,      1177
      5147,      1177,      5098,       985,      5096
      5148,      5678,      1177,      5096,       747
      5149,       737,      5698,      1178,      5098
      5150,      5698,       436,      5696,      1178
      5151,      1178,      5696,       738,      5097
      5152,      5098,      1178,      5097,       985
      5153,       985,      5097,      1179,      5095
      5154,      5097,       738,      5695,      1179
      5155,      1179,      5695,       442,      5676
      5156,      5095,      1179,      5676,       748
      5157,       747,      5096,      1180,      5677
      5158,      5096,       985,      5095,      1180
      5159,      1180,      5095,       748,      5675
      5160,      5677,      1180,      5675,       447
      5161,       442,      5693,      1181,      5674
      5162,      5693,       739,      5094,      1181
      5163,      1181,      5094,       986,      5092
      5164,      5674,      1181,      5092,       749
      5165,       739,      5694,      1182,      5094
      5166,      5694,       437,      5692,      1182
      5167,      1182,      5692,       740,      5093
      5168,      5094,      1182,      5093,       986
      5169,       986,      5093,      1183,      5091
      5170,      5093,       740,      5691,      1183
      5171,      1183,      5691,       443,      5672
      5172,      5091,      1183,      5672,       750
      5173,       749,      5092,      1184,      5673
      5174,      5092,       986,      5091,      1184
      5175,      1184,      5091,       750,      5671
      5176,      5673,      1184,      5671,       448
      5177,       444,      5668,      1185,      5687
      5178,      5668,       752,      5087,      1185
      5179,      1185,      5087,       987,      5089
      5180,      5687,      1185,      5089,       742
      5181,       752,      5667,      1186,      5087
      5182,      5667,       449,      5669,      1186
      5183,      1186,      5669,       751,      5088
      5184,      5087,      1186,      5088,       987
      5185,       987,      5088,      1187,      5090
      5186,      5088,       751,      5670,      1187
      5187,      1187,      5670,       443,      5689
      5188,      5090,      1187,      5689,       741
      5189,       742,      5089,      1188,      5688
      5190,      5089,       987,      5090,      1188
      5191,      1188,      5090,       741,      5690
      5192,      5688,      1188,      5690,       438
      5193,       445,      5664,      1189,      5683
      5194,      5664,       754,      5083,      1189
      5195,      1189,      5083,       988,      5085
      5196,      5683,      1189,      5085,       744
      5197,       754,      5663,      1190,      5083
      5198,      5663,       450,      5665,      1190
      5199,      1190,      5665,       753,      5084
      5200,      5083,      1190,      5084,       988
      5201,       988,      5084,      1191,      5086
      5202,      5084,       753,      5666,      1191
      5203,      1191,      5666,       444,      5685
      5204,      5086,      1191,      5685,       743
      5205,       744,      5085,      1192,      5684
      5206,      5085,       988,      5086,      1192
      5207,      1192,      5086,       743,      5686
      5208,      5684,      1192,      5686,       439
      5209,       445,      5681,      1193,       185
      5210,      5681,       745,      5079,      1193
      5211,      1193,      5079,       989,      5080
      5212,       185,      1193,      5080,       567
      5213,       745,      5682,      1194,      5079
      5214,      5682,       440,       189,      1194
      5215,      1194,       189,       565,      5081
      5216,      5079,      1194,      5081,       989
      5217,       989,      5081,      1195,      5082
      5218,      5081,       565,       190,      1195
      5219,      1195,       190,      4745,       192
      5220,      5082,      1195,       192,       564
      5221,       567,      5080,      1196,       186
      5222,      5080,       989,      5082,      1196
      5223,      1196,      5082,       564,       191
      5224,       186,      1196,       191,      4746
      5225,       446,      5662,      1197,        25
      5226,      5662,       755,      5075,      1197
      5227,      1197,      5075,       990,      5076
      5228,        25,      1197,      5076,       644
      5229,       755,      5661,      1198,      5075
      5230,      5661,       451,        29,      1198
      5231,      1198,        29,       642,      5077
      5232,      5075,      1198,      5077,       990
      5233,       990,      5077,      1199,      5078
      5234,      5077,       642,        30,      1199
      5235,      1199,        30,       388,        32
      5236,      5078,      1199,        32,       641
      5237,       644,      5076,      1200,        26
      5238,      5076,       990,      5078,      1200
      5239,      1200,      5078,       641,        31
      5240,        26,      1200,        31,       389
      5241,       446,      5679,      1201,      5660
      5242,      5679,       746,      5074,      1201
      5243,      1201,      5074,       991,      5072
      5244,      5660,      1201,      5072,       756
      5245,       746,      5680,      1202,      5074
      5246,      5680,       441,      5678,      1202
      5247,      1202,      5678,       747,      5073
      5248,      5074,      1202,      5073,       991
      5249,       991,      5073,      1203,      5071
      5250,      5073,       747,      5677,      1203
      5251,      1203,      5677,       447,      5658
      5252,      5071,      1203,      5658,       757
      5253,       756,      5072,      1204,      5659
      5254,      5072,       991,      5071,      1204
      5255,      1204,      5071,       757,      5657
      5256,      5659,      1204,      5657,       452
      5257,       447,      5675,      1205,      5656
      5258,      5675,       748,      5070,      1205
      5259,      1205,      5070,       992,      5068
      5260,      5656,      1205,      5068,       758
      5261,       748,      5676,      1206,      5070
      5262,      5676,       442,      5674,      1206
      5263,      1206,      5674,       749,      5069
      5264,      5070,      1206,      5069,       992
      5265,       992,      5069,      1207,      5067
      5266,      5069,       749,      5673,      1207
      5267,      1207,      5673,       448,      5654
      5268,      5067,      1207,      5654,       759
      5269,       758,      5068,      1208,      5655
      5270,      5068,       992,      5067,      1208
      5271,      1208,      5067,       759,      5653
      5272,      5655,      1208,      5653,       453
      5273,       448,      5671,      1209,      5652
      5274,      5671,       750,      5066,      1209
      5275,      1209,      5066,       993,      5064
      5276,      5652,      1209,      5064,       760
      5277,       750,      5672,      1210,      5066
      5278,      5672,       443,      5670,      1210
      5279,      1210,      5670,       751,      5065
      5280,      5066,      1210,      5065,       993
      5281,       993,      5065,      1211,      5063
      5282,      5065,       751,      5669,      1211
      5283,      1211,      5669,       449,      5650
      5284,      5063,      1211,      5650,       761
      5285,       760,      5064,      1212,      5651
      5286,      5064,       993,      5063,      1212
      5287,      1212,      5063,       761,      5649
      5288,      5651,      1212,      5649,       454
      5289,       450,      5646,      1213,      5665
      5290,      5646,       763,      5059,      1213
      5291,      1213,      5059,       994,      5061
      5292,      5665,      1213,      5061,       753
      5293,       763,      5645,      1214,      5059
      5294,      5645,       455,      5647,      1214
      5295,      1214,      5647,       762,      5060
      5296,      5059,      1214,      5060,       994
      5297,       994,      5060,      1215,      5062
      5298,      5060,       762,      5648,      1215
      5299,      1215,      5648,       449,      5667
      5300,      5062,      1215,      5667,       752
      5301,       753,      5061,      1216,      5666
      5302,      5061,       994,      5062,      1216
      5303,      1216,      5062,       752,      5668
      5304,      5666,      1216,      5668,       444
      5305,       450,      5663,      1217,       181
      5306,      5663,       754,      5055,      1217
      5307,      1217,      5055,       995,      5056
      5308,       181,      1217,      5056,       569
      5309,       754,      5664,      1218,      5055
      5310,      5664,       445,       185,      1218
      5311,      1218,       185,       567,      5057
      5312,      5055,      1218,      5057,       995
      5313,       995,      5057,      1219,      5058
      5314,      5057,       567,       186,      1219
      5315,      1219,       186,      4746,       188
      5316,      5058,      1219,       188,       566
      5317,       569,      5056,      1220,       182
      5318,      5056,       995,      5058,      1220
      5319,      1220,      5058,       566,       187
      5320,       182,      1220,       187,      4771
      5321,       451,      5644,      1221,        29
      5322,      5644,       764,      5051,      1221
      5323,      1221,      5051,       996,      5052
      5324,        29,      1221,      5052,       642
      5325,       764,      5643,      1222,      5051
      5326,      5643,       456,        33,      1222
      5327,      1222,        33,       640,      5053
      5328,      5051,      1222,      5053,       996
      5329,       996,      5053,      1223,      5054
      5330,      5053,       640,        34,      1223
      5331,      1223,        34,       387,        36
      5332,      5054,      1223,        36,       639
      5333,       642,      5052,      1224,        30
      5334,      5052,       996,      5054,      1224
      5335,      1224,      5054,       639,        35
      5336,        30,      1224,        35,       388
      5337,       452,      5640,      1225,      5659
      5338,      5640,       766,      5047,      1225
      5339,      1225,      5047,       997,      5049
      5340,      5659,      1225,      5049,       756
      5341,       766,      5639,      1226,      5047
      5342,      5639,       457,      5641,      1226
      5343,      1226,      5641,       765,      5048
      5344,      5047,      1226,      5048,       997
      5345,       997,      5048,      1227,      5050
      5346,      5048,       765,      5642,      1227
      5347,      1227,      5642,       451,      5661
      5348,      5050,      1227,      5661,       755
      5349,       756,      5049,      1228,      5660
      5350,      5049,       997,      5050,      1228
      5351,      1228,      5050,       755,      5662
      5352,      5660,      1228,      5662,       446
      5353,       452,      5657,      1229,      5638
      5354,      5657,       757,      5046,      1229
      5355,      1229,      5046,       998,      5044
      5356,      5638,      1229,      5044,       767
      5357,       757,      5658,      1230,      5046
      5358,      5658,       447,      5656,      1230
      5359,      1230,      5656,       758,      5045
      5360,      5046,      1230,      5045,       998
      5361,       998,      5045,      1231,      5043
      5362,      5045,       758,      5655,      1231
      5363,      1231,      5655,       453,      5636
      5364,      5043,      1231,      5636,       768
      5365,       767,      5044,      1232,      5637
      5366,      5044,       998,      5043,      1232
      5367,      1232,      5043,       768,      5635
      5368,      5637,      1232,      5635,       458
      5369,       453,      5653,      1233,      5634
      5370,      5653,       759,      5042,      1233
      5371,      1233,      5042,       999,      5040
      5372,      5634,      1233,      5040,       769
      5373,       759,      5654,      1234,      5042
      5374,      5654,       448,      5652,      1234
      5375,      1234,      5652,       760,      5041
      5376,      5042,      1234,      5041,       999
      5377,       999,      5041,      1235,      5039
      5378,      5041,       760,      5651,      1235
      5379,      1235,      5651,       454,      5632
      5380,      5039,      1235,      5632,       770
      5381,       769,      5040,      1236,      5633
      5382,      5040,       999,      5039,      1236
      5383,      1236,      5039,       770,      5631
      5384,      5633,      1236,      5631,       459
      5385,       454,      5649,      1237,      5630
      5386,      5649,       761,      5038,      1237
      5387,      1237,      5038,      1000,      5036
      5388,      5630,      1237,      5036,       771
      5389,       761,      5650,      1238,      5038
      5390,      5650,       449,      5648,      1238
      5391,      1238,      5648,       762,      5037
      5392,      5038,      1238,      5037,      1000
      5393,      1000,      5037,      1239,      5035
      5394,      5037,       762,      5647,      1239
      5395,      1239,      5647,       455,      5628
      5396,      5035,      1239,      5628,       772
      5397,       771,      5036,      1240,      5629
      5398,      5036,      1000,      5035,      1240
      5399,      1240,      5035,       772,      5627
      5400,      5629,      1240,      5627,       460
      5401,       455,      5645,      1241,       177
      5402,      5645,       763,      5031,      1241
      5403,      1241,      5031,      1001,      5032
      5404,       177,      1241,      5032,       571
      5405,       763,      5646,      1242,      5031
      5406,      5646,       450,       181,      1242
      5407,      1242,       181,       569,      5033
      5408,      5031,      1242,      5033,      1001
      5409,      1001,      5033,      1243,      5034
      5410,      5033,       569,       182,      1243
      5411,      1243,       182,      4771,       184
      5412,      5034,      1243,       184,       568
      5413,       571,      5032,      1244,       178
      5414,      5032,      1001,      5034,      1244
      5415,      1244,      5034,       568,       183
      5416,       178,      1244,       183,      4772
      5417,       386,        40,      1245,        38
      5418,        40,       637,      5030,      1245
      5419,      1245,      5030,      1002,      5029
      5420,        38,      1245,      5029,       638
      5421,       637,        39,      1246,      5030
      5422,        39,       387,        34,      1246
      5423,      1246,        34,       640,      5028
      5424,      5030,      1246,      5028,      1002
      5425,      1002,      5028,      1247,      5027
      5426,      5028,       640,        33,      1247
      5427,      1247,        33,       456,      5626
      5428,      5027,      1247,      5626,       773
      5429,       638,      5029,      1248,        37
      5430,      5029,      1002,      5027,      1248
      5431,      1248,      5027,       773,      5625
      5432,        37,      1248,      5625,       461
      5433,       457,      5622,      1249,      5641
      5434,      5622,       775,      5023,      1249
      5435,      1249,      5023,      1003,      5025
      5436,      5641,      1249,      5025,       765
      5437,       775,      5621,      1250,      5023
      5438,      5621,       462,      5623,      1250
      5439,      1250,      5623,       774,      5024
      5440,      5023,      1250,      5024,      1003
      5441,      1003,      5024,      1251,      5026
      5442,      5024,       774,      5624,      1251
      5443,      1251,      5624,       456,      5643
      5444,      5026,      1251,      5643,       764
      5445,       765,      5025,      1252,      5642
      5446,      5025,      1003,      5026,      1252
      5447,      1252,      5026,       764,      5644
      5448,      5642,      1252,      5644,       451
      5449,       457,      5639,      1253,      5620
      5450,      5639,       766,      5022,      1253
      5451,      1253,      5022,      1004,      5020
      5452,      5620,      1253,      5020,       776
      5453,       766,      5640,      1254,      5022
      5454,      5640,       452,      5638,      1254
      5455,      1254,      5638,       767,      5021
      5456,      5022,      1254,      5021,      1004
      5457,      1004,      5021,      1255,      5019
      5458,      5021,       767,      5637,      1255
      5459,      1255,      5637,       458,      5618
      5460,      5019,      1255,      5618,       777
      5461,       776,      5020,      1256,      5619
      5462,      5020,      1004,      5019,      1256
      5463,      1256,      5019,       777,      5617
      5464,      5619,      1256,      5617,       463
      5465,       458,      5635,      1257,      5616
      5466,      5635,       768,      5018,      1257
      5467,      1257,      5018,      1005,      5016
      5468,      5616,      1257,      5016,       778
      5469,       768,      5636,      1258,      5018
      5470,      5636,       453,      5634,      1258
      5471,      1258,      5634,       769,      5017
      5472,      5018,      1258,      5017,      1005
      5473,      1005,      5017,      1259,      5015
      5474,      5017,       769,      5633,      1259
      5475,      1259,      5633,       459,      5614
      5476,      5015,      1259,      5614,       779
      5477,       778,      5016,      1260,      5615
      5478,      5016,      1005,      5015,      1260
      5479,      1260,      5015,       779,      5613
      5480,      5615,      1260,      5613,       464
      5481,       459,      5631,      1261,      5612
      5482,      5631,       770,      5014,      1261
      5483,      1261,      5014,      1006,      5012
      5484,      5612,      1261,      5012,       780
      5485,       770,      5632,      1262,      5014
      5486,      5632,       454,      5630,      1262
      5487,      1262,      5630,       771,      5013
      5488,      5014,      1262,      5013,      1006
      5489,      1006,      5013,      1263,      5011
      5490,      5013,       771,      5629,      1263
      5491,      1263,      5629,       460,      5610
      5492,      5011,      1263,      5610,       781
      5493,       780,      5012,      1264,      5611
      5494,      5012,      1006,      5011,      1264
      5495,      1264,      5011,       781,      5609
      5496,      5611,      1264,      5609,       465
      5497,       460,      5627,      1265,       173
      5498,      5627,       772,      5007,      1265
      5499,      1265,      5007,      1007,      5008
      5500,       173,      1265,      5008,       573
      5501,       772,      5628,      1266,      5007
      5502,      5628,       455,       177,      1266
      5503,      1266,       177,       571,      5009
      5504,      5007,      1266,      5009,      1007
      5505,      1007,      5009,      1267,      5010
      5506,      5009,       571,       178,      1267
      5507,      1267,       178,      4772,       180
      5508,      5010,      1267,       180,       570
      5509,       573,      5008,      1268,       174
      5510,      5008,      1007,      5010,      1268
      5511,      1268,      5010,       570,       179
      5512,       174,      1268,       179,      4773
      5513,       385,        44,      1269,        42
      5514,        44,       635,      5006,      1269
      5515,      1269,      5006,      1008,      5005
      5516,      2533,      3946,      2354,      3948
      5517,      3945,      2355,      3946,      2533
      5518,      2355,      3417,      2795,      3946
      5519,      3415,      3073,      3417,      2355
      5520,      2796,      3415,      2355,      3945
      5521,      3421,      2356,      3947,      2793
      5522,      2356,      3945,      2533,      3947
      5523,      3416,      2796,      3945,      2356
      5524,      3072,      3416,      2356,      3421
      5525,      3408,      2357,      3420,      3070
      5526,      2357,      3944,      2794,      3420
      5527,      3942,      2534,      3944,      2357
      5528,      2800,      3942,      2357,      3408
      5529,      3944,      2358,      3419,      2794
      5530,      2358,      3412,      3072,      3419
      5531,      3943,      2798,      3412,      2358
      5532,      2534,      3943,      2358,      3944
      5533,      3941,      2359,      3943,      2534
      5534,      2359,      3411,      2798,      3943
      5535,      3406,      3075,      3411,      2359
      5536,      2801,      3406,      2359,      3941
      5537,      3407,      2360,      3942,      2800
      5538,      2360,      3941,      2534,      3942
      5539,      3405,      2801,      3941,      2360
      5540,      3076,      3405,      2360,      3407
      5541,      3412,      2361,      3416,      3072
      5542,      2361,      3940,      2796,      3416
      5543,      3938,      2535,      3940,      2361
      5544,      2798,      3938,      2361,      3412
      5545,      3940,      2362,      3415,      2796
      5546,      2362,      3414,      3073,      3415
      5547,      3939,      2797,      3414,      2362
      5548,      2535,      3939,      2362,      3940
      5549,      3937,      2363,      3939,      2535
      5550,      2363,      3413,      2797,      3939
      5551,      3410,      3074,      3413,      2363
      5552,      2799,      3410,      2363,      3937
      5553,      3411,      2364,      3938,      2798
      5554,      2364,      3937,      2535,      3938
      5555,      3409,      2799,      3937,      2364
      5556,      3075,      3409,      2364,      3411
      5557,      4778,       157,      1660,       218
      5558,       157,       580,       159,      1660
      5559,      1660,       159,      4590,       224
      5560,       218,      1660,       224,      4598
      5561,       580,       158,      1661,       159
      5562,       158,      4777,       219,      1661
      5563,      1661,       219,      4585,       233
      5564,       159,      1661,       233,      4590
      5565,      4591,       231,      1662,       226
      5566,       231,      4592,       227,      1662
      5567,      1662,       227,      4596,       225
      5568,       226,      1662,       225,      4597
      5569,      4592,       142,      1663,       227
      5570,       142,       587,       141,      1663
      5571,      1663,       141,      4780,       217
      5572,       227,      1663,       217,      4596
      5573,      4593,       216,      1664,       230
      5574,       216,      4781,       140,      1664
      5575,      1664,       140,       587,       142
      5576,       230,      1664,       142,      4592
      5577,      4777,       162,      1665,       219
      5578,       162,       578,       164,      1665
      5579,      1665,       164,      4584,       234
      5580,       219,      1665,       234,      4585
      5581,      4593,       229,      1666,       216
      5582,       229,      4594,       137,      1666
      5583,      1666,       137,       589,       136
      5584,       216,      1666,       136,      4781
*****
