**
**   Template:  Plane Stress Analyzer
**
*NODE
         1,  4.3820595286992,  2.7933547861083,  0.0            
         2,  4.5490185466074,  2.6884474820869,  0.0            
         3,  4.4684847715651,  2.7455892427619,  0.0            
         4,  4.3359470476397,  2.6976012325392,  0.0            
         5,  4.4119412396474,  2.6556007272233,  0.0            
         6,  4.4827550315527,  2.6053556623742,  0.0            
         7,  4.0985676143247,  2.8749817190285,  0.0            
         8,  4.1959424506804,  2.858479968393 ,  0.0            
         9,  4.0867165167008,  2.7693859506732,  0.0            
        10,  4.1722932759653,  2.7548661639756,  0.0            
        11,  4.2908296655838,  2.8311434327041,  0.0            
        12,  4.2557281265869,  2.7308289975982,  0.0            
        13,  4.6812967321934,  2.8543190803497,  0.0            
        14,  4.4741113210375,  2.9845023024915,  0.0            
        15,  4.5813594930845,  2.9252283329792,  0.0            
        16,  4.2431519885283,  3.0653184682628,  0.0            
        17,  4.1223403587886,  3.0858546339489,  0.0            
        18,  4.3609009240426,  3.0313955843284,  0.0            
        19,  4.615008899751 ,  2.7711967675973,  0.0            
        20,  4.5247952108189,  2.8352067934511,  0.0            
        21,  4.4279819176176,  2.888713609279 ,  0.0            
        22,  4.3257865034813,  2.9310443358266,  0.0            
        23,  4.219494135038 ,  2.9616666396466,  0.0            
        24,  4.1104076991091,  2.980220008155 ,  0.0            
        25,  4.8311434327041,  2.2908296655838,  0.0            
        26,  4.8749817190285,  2.0985676143247,  0.0            
        27,  4.858479968393 ,  2.1959424506804,  0.0            
        28,  4.7308289975982,  2.2557281265869,  0.0            
        29,  4.7548661639756,  2.1722932759653,  0.0            
        30,  4.7693859506732,  2.0867165167008,  0.0            
        31,  4.6884474820869,  2.5490185466074,  0.0            
        32,  4.7455892427619,  2.4684847715651,  0.0            
        33,  4.6053556623742,  2.4827550315527,  0.0            
        34,  4.6556007272233,  2.4119412396474,  0.0            
        35,  4.7933547861083,  2.3820595286992,  0.0            
        36,  4.6976012325392,  2.3359470476397,  0.0            
        37,  5.0858546339489,  2.1223403587886,  0.0            
        38,  5.0313955843284,  2.3609009240426,  0.0            
        39,  5.0653184682628,  2.2431519885283,  0.0            
        40,  4.9252283329792,  2.5813594930845,  0.0            
        41,  4.8543190803497,  2.6812967321934,  0.0            
        42,  4.9845023024915,  2.4741113210375,  0.0            
        43,  4.980220008155 ,  2.1104076991091,  0.0            
        44,  4.9616666396466,  2.219494135038 ,  0.0            
        45,  4.9310443358266,  2.3257865034813,  0.0            
        46,  4.888713609279 ,  2.4279819176176,  0.0            
        47,  4.8352067934511,  2.5247952108189,  0.0            
        48,  4.7711967675973,  2.615008899751 ,  0.0            
        49,  4.5474978988352,  2.5474978988352,  0.0            
        50,  4.6226480948781,  2.6226480948781,  0.0            
        51,  4.6974884949321,  2.6974884949321,  0.0            
        52,  4.7726662695974,  2.7726662695974,  0.0            
        53,  4.0            ,  2.7733328      ,  0.0            
        54,  4.0            ,  2.8799996      ,  0.0            
        55,  4.0            ,  2.9866664      ,  0.0            
        56,  4.0            ,  3.0933332      ,  0.0            
        57,  5.0933332      ,  2.0            ,  0.0            
        58,  4.9866664      ,  2.0            ,  0.0            
        59,  4.8799996      ,  2.0            ,  0.0            
        60,  4.7733328      ,  2.0            ,  0.0            
        61,  4.666666       ,  2.0            ,  0.0            
        62,  4.6624741441207,  2.0746429094259,  0.0            
        63,  4.6499512915026,  2.1483471409569,  0.0            
        64,  4.6292549242834,  2.2201858211174,  0.0            
        65,  4.600645311289 ,  2.2892555368226,  0.0            
        66,  4.5644822350027,  2.3546876963222,  0.0            
        67,  4.521220467091 ,  2.415659452246 ,  0.0            
        68,  4.4714040493865,  2.4714040493865,  0.0            
        69,  4.415659452246 ,  2.521220467091 ,  0.0            
        70,  4.3546876963222,  2.5644822350027,  0.0            
        71,  4.2892555368226,  2.600645311289 ,  0.0            
        72,  4.2201858211174,  2.6292549242834,  0.0            
        73,  4.1483471409569,  2.6499512915026,  0.0            
        74,  4.0746429094259,  2.6624741441207,  0.0            
        75,  4.0            ,  2.666666       ,  0.0            
       758,  5.2            ,  2.0            ,  0.0            
       759,  5.1873376630811,  2.1322002138453,  0.0            
       760,  5.1699134946182,  2.2670251207476,  0.0            
       761,  5.13265999637  ,  2.3963348743462,  0.0            
       762,  5.0811626414829,  2.5206604869411,  0.0            
       763,  5.0152448420426,  2.6384384918184,  0.0            
       764,  4.9381977789616,  2.7481877622305,  0.0            
       765,  4.8475901257528,  2.8494661490949,  0.0            
       766,  4.7481877622305,  2.9381977789616,  0.0            
       767,  4.6365568106458,  3.016069039074 ,  0.0            
       768,  4.518951350203 ,  3.0785853609452,  0.0            
       769,  4.3946318756334,  3.1292539989444,  0.0            
       770,  4.2652748166787,  3.1699134946182,  0.0            
       771,  4.1334710388874,  3.1915683194354,  0.0            
       772,  4.0            ,  3.2            ,  0.0            
       781,  4.0            ,  3.73333        ,  0.0            
       783,  4.3820595286992,  4.1399752138917,  0.0            
       784,  4.5490185466074,  4.2448825179131,  0.0            
       785,  4.4684847715651,  4.1877407572381,  0.0            
       786,  4.3359470476397,  4.2357287674608,  0.0            
       787,  4.4119412396474,  4.2777292727767,  0.0            
       788,  4.4827550315527,  4.3279743376258,  0.0            
       789,  4.0985676143247,  4.0583482809715,  0.0            
       790,  4.1959424506804,  4.074850031607 ,  0.0            
       791,  4.0867165167008,  4.1639440493268,  0.0            
       792,  4.1722932759653,  4.1784638360244,  0.0            
       793,  4.2908296655838,  4.1021865672959,  0.0            
       794,  4.2557281265869,  4.2025010024018,  0.0            
       795,  4.6812967321934,  4.0790109196503,  0.0            
       796,  4.4741113210375,  3.9488276975085,  0.0            
       797,  4.5813594930845,  4.0081016670208,  0.0            
       798,  4.2431519885283,  3.8680115317372,  0.0            
       799,  4.1223403587886,  3.8474753660511,  0.0            
       800,  4.3609009240426,  3.9019344156716,  0.0            
       801,  4.615008899751 ,  4.1621332324027,  0.0            
       802,  4.5247952108189,  4.0981232065489,  0.0            
       803,  4.4279819176176,  4.044616390721 ,  0.0            
       804,  4.3257865034813,  4.0022856641734,  0.0            
       805,  4.219494135038 ,  3.9716633603534,  0.0            
       806,  4.1104076991091,  3.953109991845 ,  0.0            
       807,  4.8311434327041,  4.6425003344162,  0.0            
       808,  4.8749817190285,  4.8347623856753,  0.0            
       809,  4.858479968393 ,  4.7373875493196,  0.0            
       810,  4.7308289975982,  4.6776018734131,  0.0            
       811,  4.7548661639756,  4.7610367240347,  0.0            
       812,  4.7693859506732,  4.8466134832992,  0.0            
       813,  4.6884474820869,  4.3843114533926,  0.0            
       814,  4.7455892427619,  4.4648452284349,  0.0            
       815,  4.6053556623742,  4.4505749684473,  0.0            
       816,  4.6556007272233,  4.5213887603526,  0.0            
       817,  4.7933547861083,  4.5512704713008,  0.0            
       818,  4.6976012325392,  4.5973829523603,  0.0            
       819,  5.0858546339489,  4.8109896412114,  0.0            
       820,  5.0313955843284,  4.5724290759574,  0.0            
       821,  5.0653184682628,  4.6901780114717,  0.0            
       822,  4.9252283329792,  4.3519705069155,  0.0            
       823,  4.8543190803497,  4.2520332678066,  0.0            
       824,  4.9845023024915,  4.4592186789625,  0.0            
       825,  4.980220008155 ,  4.8229223008909,  0.0            
       826,  4.9616666396466,  4.713835864962 ,  0.0            
       827,  4.9310443358266,  4.6075434965187,  0.0            
       828,  4.888713609279 ,  4.5053480823824,  0.0            
       829,  4.8352067934511,  4.4085347891811,  0.0            
       830,  4.7711967675973,  4.318321100249 ,  0.0            
       831,  4.5474978988352,  4.3858321011648,  0.0            
       832,  4.6226480948781,  4.3106819051219,  0.0            
       833,  4.6974884949321,  4.2358415050679,  0.0            
       834,  4.7726662695974,  4.1606637304026,  0.0            
       835,  4.0            ,  4.1599972      ,  0.0            
       836,  4.0            ,  4.0533304      ,  0.0            
       837,  4.0            ,  3.9466636      ,  0.0            
       838,  4.0            ,  3.8399968      ,  0.0            
       839,  5.0933332      ,  4.93333        ,  0.0            
       840,  4.9866664      ,  4.93333        ,  0.0            
       841,  4.8799996      ,  4.93333        ,  0.0            
       842,  4.7733328      ,  4.93333        ,  0.0            
       843,  4.666666       ,  4.93333        ,  0.0            
       844,  4.6624741441207,  4.8586870905741,  0.0            
       845,  4.6499512915026,  4.7849828590431,  0.0            
       846,  4.6292549242834,  4.7131441788826,  0.0            
       847,  4.600645311289 ,  4.6440744631774,  0.0            
       848,  4.5644822350027,  4.5786423036778,  0.0            
       849,  4.521220467091 ,  4.517670547754 ,  0.0            
       850,  4.4714040493865,  4.4619259506135,  0.0            
       851,  4.415659452246 ,  4.412109532909 ,  0.0            
       852,  4.3546876963222,  4.3688477649973,  0.0            
       853,  4.2892555368226,  4.332684688711 ,  0.0            
       854,  4.2201858211174,  4.3040750757166,  0.0            
       855,  4.1483471409569,  4.2833787084974,  0.0            
       856,  4.0746429094259,  4.2708558558793,  0.0            
       857,  4.0            ,  4.266664       ,  0.0            
       858,  5.2            ,  4.93333        ,  0.0            
       859,  5.1873376630811,  4.8011297861547,  0.0            
       860,  5.1699134946182,  4.6663048792524,  0.0            
       861,  5.13265999637  ,  4.5369951256538,  0.0            
       862,  5.0811626414829,  4.4126695130589,  0.0            
       863,  5.0152448420426,  4.2948915081816,  0.0            
       864,  4.9381977789616,  4.1851422377695,  0.0            
       865,  4.8475901257528,  4.0838638509051,  0.0            
       866,  4.7481877622305,  3.9951322210384,  0.0            
       867,  4.6365568106458,  3.917260960926 ,  0.0            
       868,  4.518951350203 ,  3.8547446390548,  0.0            
       869,  4.3946318756334,  3.8040760010556,  0.0            
       870,  4.2652748166787,  3.7634165053818,  0.0            
       871,  4.1334710388874,  3.7417616805646,  0.0            
       873,  5.3            ,  2.0            ,  0.0            
       874,  5.4            ,  2.0            ,  0.0            
       875,  5.5            ,  2.0            ,  0.0            
       876,  5.6            ,  2.0            ,  0.0            
       877,  5.7            ,  2.0            ,  0.0            
       878,  5.8            ,  2.0            ,  0.0            
       879,  5.9            ,  2.0            ,  0.0            
       880,  6.0029044685196,  2.0            ,  0.0            
       881,  6.1052297003909,  2.0            ,  0.0            
       882,  6.2075396359347,  2.0            ,  0.0            
       883,  6.3092681251465,  2.0            ,  0.0            
       884,  6.4106569814764,  2.0            ,  0.0            
       885,  6.5081514327559,  2.0            ,  0.0            
       886,  6.6033220160237,  2.0            ,  0.0            
       887,  6.7027825111777,  2.0            ,  0.0            
       888,  6.8005384815653,  2.0            ,  0.0            
       889,  6.9005376139134,  2.0            ,  0.0            
       890,  7.0022705154527,  2.0            ,  0.0            
       891,  7.1078296786459,  2.0            ,  0.0            
       892,  7.2088695761756,  2.0            ,  0.0            
       893,  7.2938630127062,  2.0            ,  0.0            
       894,  7.4            ,  2.0            ,  0.0            
       895,  7.5            ,  2.0            ,  0.0            
       896,  7.6            ,  2.0            ,  0.0            
       897,  7.7            ,  2.0            ,  0.0            
       898,  7.8            ,  2.0            ,  0.0            
       899,  7.9            ,  2.0            ,  0.0            
       900,  8.0            ,  2.0            ,  0.0            
       901,  8.0            ,  2.0977776666667,  0.0            
       902,  8.0            ,  2.1955553333333,  0.0            
       903,  8.0            ,  2.293333       ,  0.0            
       904,  8.0            ,  2.3911106666667,  0.0            
       905,  8.0            ,  2.4888883333333,  0.0            
       906,  8.0            ,  2.586666       ,  0.0            
       907,  8.0            ,  2.6844436666667,  0.0            
       908,  8.0            ,  2.7822213333333,  0.0            
       909,  8.0            ,  2.879999       ,  0.0            
       910,  8.0            ,  2.9777766666667,  0.0            
       911,  8.0            ,  3.0755543333333,  0.0            
       912,  8.0            ,  3.173332       ,  0.0            
       913,  8.0            ,  3.2711096666667,  0.0            
       914,  8.0            ,  3.3688873333333,  0.0            
       915,  8.0            ,  3.466665       ,  0.0            
       916,  7.9            ,  3.466665       ,  0.0            
       917,  7.8            ,  3.466665       ,  0.0            
       918,  7.7            ,  3.466665       ,  0.0            
       919,  7.6            ,  3.466665       ,  0.0            
       920,  7.5            ,  3.466665       ,  0.0            
       921,  7.4            ,  3.466665       ,  0.0            
       922,  7.3003850024476,  3.466665       ,  0.0            
       923,  7.2206892019317,  3.466665       ,  0.0            
       924,  7.1176799899888,  3.466665       ,  0.0            
       925,  7.0128304779287,  3.466665       ,  0.0            
       926,  6.9109368101782,  3.466665       ,  0.0            
       927,  6.8099945144589,  3.466665       ,  0.0            
       928,  6.70915456939  ,  3.466665       ,  0.0            
       929,  6.6071390529374,  3.466665       ,  0.0            
       930,  6.5056526970081,  3.466665       ,  0.0            
       931,  6.4046943920398,  3.466665       ,  0.0            
       932,  6.3            ,  3.466665       ,  0.0            
       933,  6.2            ,  3.466665       ,  0.0            
       934,  6.1            ,  3.466665       ,  0.0            
       935,  6.0            ,  3.466665       ,  0.0            
       936,  5.9            ,  3.466665       ,  0.0            
       937,  5.8            ,  3.466665       ,  0.0            
       938,  5.7            ,  3.466665       ,  0.0            
       939,  5.6            ,  3.466665       ,  0.0            
       940,  5.5            ,  3.466665       ,  0.0            
       941,  5.4            ,  3.466665       ,  0.0            
       942,  5.3            ,  3.466665       ,  0.0            
       943,  5.2            ,  3.466665       ,  0.0            
       944,  5.1            ,  3.466665       ,  0.0            
       945,  5.0            ,  3.466665       ,  0.0            
       946,  4.9            ,  3.466665       ,  0.0            
       947,  4.8            ,  3.466665       ,  0.0            
       948,  4.7            ,  3.466665       ,  0.0            
       949,  4.6089396527042,  3.466665       ,  0.0            
       950,  4.4919071053468,  3.466665       ,  0.0            
       951,  4.41348660066  ,  3.466665       ,  0.0            
       952,  4.331106868001 ,  3.466665       ,  0.0            
       953,  4.2327440817023,  3.466665       ,  0.0            
       954,  4.1173336599839,  3.466665       ,  0.0            
       955,  4.0            ,  3.466665       ,  0.0            
       956,  4.0            ,  3.3777766666667,  0.0            
       957,  4.0            ,  3.2888883333333,  0.0            
       958,  4.1334633837789,  3.2802137657733,  0.0            
       959,  5.2906754345821,  2.138205603453 ,  0.0            
       960,  5.392940183291 ,  2.1325736535813,  0.0            
       961,  5.5027120116773,  2.1269679305122,  0.0            
       962,  5.6036643535478,  2.1267354403975,  0.0            
       963,  5.7085249865174,  2.1276215339218,  0.0            
       964,  5.8124866627263,  2.1277320984007,  0.0            
       965,  5.9165658261599,  2.1274778882923,  0.0            
       966,  6.0204803259936,  2.127714039708 ,  0.0            
       967,  6.123780536636 ,  2.1285831983729,  0.0            
       968,  6.2278400093435,  2.1292596063443,  0.0            
       969,  6.3320713502015,  2.1289553351689,  0.0            
       970,  6.4343331500813,  2.1278657058379,  0.0            
       971,  6.5333927137429,  2.1265908870738,  0.0            
       972,  6.6330070473466,  2.1254946576619,  0.0            
       973,  6.7332348753467,  2.1246917869634,  0.0            
       974,  6.8338856843063,  2.1241463485836,  0.0            
       975,  6.9352414110414,  2.1238264130482,  0.0            
       976,  7.0383313714486,  2.1238602200498,  0.0            
       977,  7.1446623050888,  2.1254994432484,  0.0            
       978,  7.2581293765986,  2.1352003516028,  0.0            
       979,  7.3213885445056,  2.0755746568937,  0.0            
       980,  7.407497484907 ,  2.0867334412468,  0.0            
       981,  7.5052657805523,  2.0991799679206,  0.0            
       982,  7.6040936069849,  2.0992138804911,  0.0            
       983,  7.7034208914584,  2.0989614268669,  0.0            
       984,  7.8025364725861,  2.0985085467666,  0.0            
       985,  7.901246194126 ,  2.0980109778158,  0.0            
       986,  7.9027560449464,  2.1961877892756,  0.0            
       987,  7.9040981078252,  2.2942492608123,  0.0            
       988,  4.1174369688636,  3.3719593392707,  0.0            
       989,  4.2348058466217,  3.3680026692524,  0.0            
       990,  7.9015362217472,  3.3693944525551,  0.0            
       991,  7.8029615385747,  3.3694383835637,  0.0            
       992,  7.7038379100934,  3.3692810328072,  0.0            
       993,  7.6046065441116,  3.3691693300335,  0.0            
       994,  7.5049856319467,  3.3701482806571,  0.0            
       995,  7.407600553352 ,  3.3817686331572,  0.0            
       996,  7.3222075675479,  3.3927208186319,  0.0            
       997,  7.2597503861266,  3.3340040692011,  0.0            
       998,  7.1466460846978,  3.3440196755947,  0.0            
       999,  7.040499576405 ,  3.3462604892729,  0.0            
      1000,  6.9383432575585,  3.346756558696 ,  0.0            
      1001,  6.8363821607544,  3.3469383382328,  0.0            
      1002,  6.734238668929 ,  3.3473394276131,  0.0            
      1003,  6.6301281015013,  3.3488437781223,  0.0            
      1004,  6.5253579128002,  3.3521257779196,  0.0            
      1005,  6.4191830708234,  3.3561061289881,  0.0            
      1006,  6.3134400894478,  3.3589982617634,  0.0            
      1007,  6.2085771397234,  3.3602751421351,  0.0            
      1008,  6.1057882480126,  3.3605275144828,  0.0            
      1009,  6.0043394777711,  3.3606969397027,  0.0            
      1010,  5.9038243638623,  3.3616993574002,  0.0            
      1011,  5.8034724106665,  3.3640532834043,  0.0            
      1012,  5.7024236174583,  3.3669511408269,  0.0            
      1013,  5.601055944808 ,  3.3688223017196,  0.0            
      1014,  5.4992472147493,  3.3686990630278,  0.0            
      1015,  5.3979393361346,  3.3666094911499,  0.0            
      1016,  5.2973181284603,  3.363430315211 ,  0.0            
      1017,  5.1981606776088,  3.3610531364321,  0.0            
      1018,  5.1005649907576,  3.3622894692075,  0.0            
      1019,  5.0019861246251,  3.3674497028557,  0.0            
      1020,  4.9052960266546,  3.3804358163507,  0.0            
      1021,  4.8093843828544,  3.3816110037866,  0.0            
      1022,  4.7143342009772,  3.3361856700429,  0.0            
      1023,  4.6277615581186,  3.2934670563336,  0.0            
      1024,  4.2665082662709,  3.2689322275313,  0.0            
      1025,  4.4963080122326,  3.3391560225629,  0.0            
      1026,  4.4164400893279,  3.3846495424062,  0.0            
      1027,  4.3355964916384,  3.3512770606603,  0.0            
      1028,  7.9049377142547,  2.3921836277902,  0.0            
      1029,  7.9053001919933,  2.489813771348 ,  0.0            
      1030,  7.9053917050515,  2.5873591453773,  0.0            
      1031,  7.9053774416487,  2.6848302919651,  0.0            
      1032,  7.9053415121884,  2.7824174763502,  0.0            
      1033,  7.9052879367979,  2.8800887296225,  0.0            
      1034,  7.9051606212267,  2.9779191770523,  0.0            
      1035,  7.9048347946108,  3.0758367256334,  0.0            
      1036,  7.9041370411736,  3.1738386105688,  0.0            
      1037,  7.9029809842501,  3.2717277464408,  0.0            
      1038,  4.5525167050014,  3.1849818063728,  0.0            
      1039,  4.6632948952495,  3.1109846219376,  0.0            
      1040,  4.7913533405996,  3.0289251795148,  0.0            
      1041,  4.9100881524734,  2.9418930666363,  0.0            
      1042,  5.1121255012637,  2.6943514007207,  0.0            
      1043,  5.1808409586635,  2.5780298075162,  0.0            
      1044,  5.2825585009218,  2.2789515601792,  0.0            
      1045,  4.4002959242266,  3.2467506767919,  0.0            
      1046,  7.8054208697324,  2.1970603648106,  0.0            
      1047,  7.8080266915552,  2.2952040402797,  0.0            
      1048,  7.8097568698496,  2.3930966476689,  0.0            
      1049,  7.8105631811018,  2.4905065457856,  0.0            
      1050,  7.8108093939172,  2.5878543472266,  0.0            
      1051,  7.8108316410462,  2.6850953806062,  0.0            
      1052,  7.8107893686468,  2.7825563313599,  0.0            
      1053,  7.8106863728385,  2.8801527851473,  0.0            
      1054,  7.8103980090997,  2.978009341123 ,  0.0            
      1055,  7.8096570189778,  3.0759540711041,  0.0            
      1056,  7.8081526451795,  3.1739824227672,  0.0            
      1057,  7.8058138507934,  3.2718218048208,  0.0            
      1058,  7.706985713984 ,  2.1976978706917,  0.0            
      1059,  7.7106945819326,  2.2956839350875,  0.0            
      1060,  7.7138277663182,  2.3934184668425,  0.0            
      1061,  7.7157149864275,  2.4907009005535,  0.0            
      1062,  7.7165148634087,  2.5880296492354,  0.0            
      1063,  7.7167336428734,  2.6852116949077,  0.0            
      1064,  7.7166964038595,  2.782676196534 ,  0.0            
      1065,  7.7164020438677,  2.8803021292204,  0.0            
      1066,  7.7155558508793,  2.9782607335133,  0.0            
      1067,  7.7137347231328,  3.0762178215009,  0.0            
      1068,  7.710845628144 ,  3.1741134750869,  0.0            
      1069,  7.7074033853498,  3.2717202164298,  0.0            
      1070,  7.6075109036227,  3.2718882587393,  0.0            
      1071,  7.6118523663087,  3.1749093876172,  0.0            
      1072,  7.6168671666894,  3.0772289344053,  0.0            
      1073,  7.620368332862 ,  2.9791145770168,  0.0            
      1074,  7.6220264687034,  2.8807690276681,  0.0            
      1075,  7.622591583832 ,  2.7828880903755,  0.0            
      1076,  7.6226241276617,  2.6851474506913,  0.0            
      1077,  7.6221233856391,  2.5877520619945,  0.0            
      1078,  7.6204836405792,  2.4900836924224,  0.0            
      1079,  7.6168444081693,  2.3926947315262,  0.0            
      1080,  7.6114967552472,  2.2951692393404,  0.0            
      1081,  7.6068989897515,  2.1977809014382,  0.0            
      1082,  7.5022405398493,  2.1906949707148,  0.0            
      1083,  7.5076577505368,  2.2914767771837,  0.0            
      1084,  7.5173095586716,  2.389397839877 ,  0.0            
      1085,  7.524416755711 ,  2.4878124559171,  0.0            
      1086,  7.5277546058218,  2.5867073385152,  0.0            
      1087,  7.5287996404708,  2.6848111496735,  0.0            
      1088,  7.5287571326266,  2.7833763608159,  0.0            
      1089,  7.5276234248473,  2.882000975406 ,  0.0            
      1090,  7.5242605100706,  2.981597080466 ,  0.0            
      1091,  7.517342715557 ,  3.0807636969475,  0.0            
      1092,  7.5081186149533,  3.178801615213 ,  0.0            
      1093,  7.5021020318829,  3.279408258568 ,  0.0            
      1094,  7.3864165768819,  3.2943298450918,  0.0            
      1095,  7.3998546100591,  3.1918321978016,  0.0            
      1096,  7.4164873899138,  3.0892098980124,  0.0            
      1097,  7.42758846075  ,  2.9866159738666,  0.0            
      1098,  7.4327882281298,  2.8843301448235,  0.0            
      1099,  7.4344511463271,  2.7842419074149,  0.0            
      1100,  7.434506306661 ,  2.6841704839591,  0.0            
      1101,  7.4329496010853,  2.5846623892055,  0.0            
      1102,  7.4277122580345,  2.4830965878253,  0.0            
      1103,  7.4161949006441,  2.3812424417911,  0.0            
      1104,  7.3988201777148,  2.2785402403718,  0.0            
      1105,  7.3846635306048,  2.1755102274935,  0.0            
      1106,  4.7146304223782,  3.1925247022051,  0.0            
      1107,  7.2861714044756,  2.2541167272538,  0.0            
      1108,  7.3138486892205,  2.3696851713438,  0.0            
      1109,  7.3307220200186,  2.4771811770977,  0.0            
      1110,  7.3382651963777,  2.5821914068038,  0.0            
      1111,  7.3404048827873,  2.6834700897164,  0.0            
      1112,  7.3403255651292,  2.7852616072459,  0.0            
      1113,  7.3380351807082,  2.887219796682 ,  0.0            
      1114,  7.3305659646863,  2.9930132059025,  0.0            
      1115,  7.3143188287247,  3.1012287472279,  0.0            
      1116,  7.2867802861847,  3.2163627263726,  0.0            
      1117,  4.8296497447272,  3.1193450258844,  0.0            
      1118,  4.8684247667325,  3.1987531622648,  0.0            
      1119,  4.9092001268015,  3.2937200493512,  0.0            
      1120,  4.9986296611241,  3.2688544084857,  0.0            
      1121,  5.0939415557308,  3.2517071039348,  0.0            
      1122,  5.1912496543626,  3.2509877269151,  0.0            
      1123,  5.2922509396426,  3.2570406926091,  0.0            
      1124,  5.3951800723439,  3.2645966765897,  0.0            
      1125,  5.4987390673836,  3.2695791040558,  0.0            
      1126,  5.603435031957 ,  3.270060940708 ,  0.0            
      1127,  5.7073068579708,  3.2658902005542,  0.0            
      1128,  5.8111730292419,  3.2592821217884,  0.0            
      1129,  5.9133322982207,  3.2539749508499,  0.0            
      1130,  6.0163088890114,  3.2518659631754,  0.0            
      1131,  6.119018717968 ,  3.2519851208148,  0.0            
      1132,  6.2229607841803,  3.2522666499744,  0.0            
      1133,  6.3310475609295,  3.2508417404664,  0.0            
      1134,  6.4416676751897,  3.2463131563105,  0.0            
      1135,  6.5535703746858,  3.239369748048 ,  0.0            
      1136,  7.1813422406634,  2.2458184777119,  0.0            
      1137,  7.2132857967196,  2.3627916221976,  0.0            
      1138,  7.2332471211035,  2.4733347323046,  0.0            
      1139,  7.2432370074745,  2.5805462158139,  0.0            
      1140,  7.2456417048794,  2.683094330995 ,  0.0            
      1141,  7.2454775165671,  2.786060626581 ,  0.0            
      1142,  7.2427992465323,  2.889413542481 ,  0.0            
      1143,  7.2338146286893,  2.9975490298336,  0.0            
      1144,  7.2139878891388,  3.1089043551077,  0.0            
      1145,  7.1833949934804,  3.2253394960129,  0.0            
      1146,  5.3952583681466,  2.2605798938555,  0.0            
      1147,  5.5106908163183,  2.2528113627532,  0.0            
      1148,  5.6203653908399,  2.2516423866216,  0.0            
      1149,  5.7260487007574,  2.2530720459172,  0.0            
      1150,  5.8341457201512,  2.2527189734925,  0.0            
      1151,  5.94214419206  ,  2.2517604193444,  0.0            
      1152,  6.0500131988548,  2.2519584730752,  0.0            
      1153,  6.1582967056749,  2.2533173234656,  0.0            
      1154,  7.077414309702 ,  2.2438770632425,  0.0            
      1155,  7.1138746604267,  2.3609955977031,  0.0            
      1156,  7.1362966320664,  2.4723007485702,  0.0            
      1157,  7.1485604274705,  2.5801580976774,  0.0            
      1158,  7.1512022020324,  2.6831890413725,  0.0            
      1159,  7.1508789692782,  2.7865869853222,  0.0            
      1160,  7.1476923488203,  2.8905109663596,  0.0            
      1161,  7.1363939983924,  2.9994319344778,  0.0            
      1162,  7.1144651373268,  3.1116299346212,  0.0            
      1163,  7.07969904807  ,  3.2282001408243,  0.0            
      1164,  6.9756168538938,  2.2442495571078,  0.0            
      1165,  7.0152159347116,  2.3613893036194,  0.0            
      1166,  7.0400162055281,  2.4727713913909,  0.0            
      1167,  7.0531840957346,  2.5806174435872,  0.0            
      1168,  7.0557565790061,  2.683808506421 ,  0.0            
      1169,  7.0548502203384,  2.7873639923758,  0.0            
      1170,  7.0506931163087,  2.8914393505938,  0.0            
      1171,  7.037206486888 ,  3.0002860067299,  0.0            
      1172,  7.0144358112877,  3.112358094207 ,  0.0            
      1173,  6.9775423988746,  3.2287174823624,  0.0            
      1174,  6.771061110419 ,  3.230053049081 ,  0.0            
      1175,  6.8752238369942,  2.2450889406917,  0.0            
      1176,  6.9171885058781,  2.3623694880748,  0.0            
      1177,  6.9449220771885,  2.4737888166248,  0.0            
      1178,  6.958153700156 ,  2.581641549442 ,  0.0            
      1179,  6.9606365225865,  2.68508374723  ,  0.0            
      1180,  6.9588695928201,  2.7889537127837,  0.0            
      1181,  6.9530568150415,  2.8932074651285,  0.0            
      1182,  6.9375001732933,  3.0017276836929,  0.0            
      1183,  6.9131127009736,  3.1132581441438,  0.0            
      1184,  6.8753522531023,  3.2290378665609,  0.0            
      1185,  6.8074661994974,  3.1153972108021,  0.0            
      1186,  6.8345372544073,  3.0047489076143,  0.0            
      1187,  6.8513820681984,  2.8965044997933,  0.0            
      1188,  6.8603002871026,  2.7918011128976,  0.0            
      1189,  6.8638699778747,  2.687160965649 ,  0.0            
      1190,  6.8618457901789,  2.5832091185154,  0.0            
      1191,  6.8479622900222,  2.4751119263108,  0.0            
      1192,  6.8187150030633,  2.3636240015526,  0.0            
      1193,  6.7751852697689,  2.2461570815399,  0.0            
      1194,  6.6754088510014,  2.247533441445 ,  0.0            
      1195,  6.7201169857346,  2.365191050146 ,  0.0            
      1196,  6.7507352138937,  2.4767486810439,  0.0            
      1197,  6.7653318880397,  2.5852452609316,  0.0            
      1198,  6.7669406019319,  2.6899340853878,  0.0            
      1199,  6.7613544892125,  2.7958615453073,  0.0            
      1200,  6.7485436068605,  2.901552328416 ,  0.0            
      1201,  6.7272808350877,  3.0101907297818,  0.0            
      1202,  6.6984331534001,  3.1201173388772,  0.0            
      1203,  6.6640570832842,  3.2332190229951,  0.0            
      1204,  6.5747704748405,  2.2493792201932,  0.0            
      1205,  6.6199012314712,  2.3671754530195,  0.0            
      1206,  6.6515726811725,  2.478751829124 ,  0.0            
      1207,  6.667003983594 ,  2.587510518629 ,  0.0            
      1208,  6.6681946639088,  2.6930507056334,  0.0            
      1209,  6.6599541479995,  2.800577160533 ,  0.0            
      1210,  6.6420427613352,  2.9080230286948,  0.0            
      1211,  6.6152710425733,  3.0180545228695,  0.0            
      1212,  4.9442698928876,  3.0527968467577,  0.0            
      1213,  4.9715992506148,  3.1622161385491,  0.0            
      1214,  5.0716981708249,  3.1311730470186,  0.0            
      1215,  5.0494063167707,  3.0008023326094,  0.0            
      1216,  5.0273074791244,  2.8599563635914,  0.0            
      1217,  5.1818103491878,  3.1349801247312,  0.0            
      1218,  5.2850265590483,  3.1459037037826,  0.0            
      1219,  5.3923430883316,  3.1594289874323,  0.0            
      1220,  5.4997033024594,  3.1682637388698,  0.0            
      1221,  5.6090503169851,  3.1697159688084,  0.0            
      1222,  5.7177102671374,  3.1633933221489,  0.0            
      1223,  5.827178930363 ,  3.1527352138605,  0.0            
      1224,  5.9336719028378,  3.1439606836509,  0.0            
      1225,  6.0389830534042,  3.1403464336386,  0.0            
      1226,  6.1431503226022,  3.140635046494 ,  0.0            
      1227,  6.2490607961007,  3.1416380699864,  0.0            
      1228,  6.357874316893 ,  3.140732958017 ,  0.0            
      1229,  6.4704443838731,  3.1359988808111,  0.0            
      1230,  6.5846006887434,  3.1279644249291,  0.0            
      1231,  5.1718999618574,  3.0125923165422,  0.0            
      1232,  5.2863473913706,  3.0347617200848,  0.0            
      1233,  5.3963889775324,  3.0517778889096,  0.0            
      1234,  5.5058605247785,  3.0641255956558,  0.0            
      1235,  5.616093175515 ,  3.0664642009425,  0.0            
      1236,  5.7346075416586,  3.0592585501484,  0.0            
      1237,  5.851199248373 ,  3.0443970262301,  0.0            
      1238,  6.5039702706461,  3.0252276508154,  0.0            
      1239,  6.5362210731484,  2.9134980057867,  0.0            
      1240,  6.5576887369994,  2.8042357605244,  0.0            
      1241,  6.5688416660956,  2.6956214851906,  0.0            
      1242,  6.5676543225404,  2.5894520079008,  0.0            
      1243,  6.5511286638709,  2.4809229713858,  0.0            
      1244,  6.518369681583 ,  2.3693574216209,  0.0            
      1245,  6.4732784242906,  2.251584593843 ,  0.0            
      1246,  6.370223521692 ,  2.2535506485628,  0.0            
      1247,  6.3936580477084,  3.0288282136208,  0.0            
      1248,  6.4302693830216,  2.9160320755374,  0.0            
      1249,  6.455479171713 ,  2.8056252618894,  0.0            
      1250,  6.4672457358065,  2.6968667469813,  0.0            
      1251,  6.4662835842136,  2.5903937051776,  0.0            
      1252,  6.4480718716245,  2.4826382783888,  0.0            
      1253,  6.4143009434005,  2.3710315094615,  0.0            
      1254,  6.2864724822872,  3.0287100168086,  0.0            
      1255,  6.3252270592304,  2.9156448629916,  0.0            
      1256,  6.3521631571679,  2.8058314802505,  0.0            
      1257,  6.3645137994158,  2.6967053044644,  0.0            
      1258,  6.3617560479666,  2.5900865523896,  0.0            
      1259,  6.3425856827933,  2.4831011040815,  0.0            
      1260,  6.307678040127 ,  2.3712636883933,  0.0            
      1261,  6.2650941536836,  2.254270663744 ,  0.0            
      1262,  6.1804721742571,  3.0269364766709,  0.0            
      1263,  6.2194542549437,  2.9140197830997,  0.0            
      1264,  6.2470086326562,  2.8044712871557,  0.0            
      1265,  6.259558589062 ,  2.6959305600442,  0.0            
      1266,  6.2555336942868,  2.5892229310038,  0.0            
      1267,  6.2351254076491,  2.4823086753142,  0.0            
      1268,  6.198587403144 ,  2.3700581299397,  0.0            
      1269,  5.6412897287614,  2.3747236913004,  0.0            
      1270,  5.5220499801846,  2.376527422824 ,  0.0            
      1271,  5.3958411320775,  2.3851953925412,  0.0            
      1272,  5.2651902890666,  2.4121506514402,  0.0            
      1273,  6.0879816117342,  2.3693241499918,  0.0            
      1274,  6.1244325192668,  2.4822307700374,  0.0            
      1275,  6.1467995707947,  2.5902159571307,  0.0            
      1276,  6.1508777269078,  2.6970998219528,  0.0            
      1277,  6.1370795126951,  2.8054261545073,  0.0            
      1278,  6.1107152157947,  2.9142305603507,  0.0            
      1279,  6.0741794672588,  3.0265865987702,  0.0            
      1280,  5.9643123610588,  3.0318785027924,  0.0            
      1281,  5.9970965045742,  2.9209898935771,  0.0            
      1282,  6.0227081352324,  2.8130205766389,  0.0            
      1283,  6.0390430364404,  2.7029565712052,  0.0            
      1284,  6.0351599938943,  2.5949346336973,  0.0            
      1285,  6.0128802523407,  2.4853570379968,  0.0            
      1286,  5.1682973227003,  2.8821313134714,  0.0            
      1287,  5.2209694561097,  2.7600015798862,  0.0            
      1288,  5.2747701440199,  2.6436183303733,  0.0            
      1289,  5.3354344786286,  2.5251284236542,  0.0            
      1290,  5.4480467438729,  2.5025806378823,  0.0            
      1291,  5.5594861380719,  2.4948247323836,  0.0            
      1292,  5.7559730038565,  2.3770592931036,  0.0            
      1293,  5.8669058720835,  2.3747239077596,  0.0            
      1294,  5.9775489164504,  2.3709987073596,  0.0            
      1295,  5.2941022209778,  2.91773341446  ,  0.0            
      1296,  5.3256883745926,  2.8085771112781,  0.0            
      1297,  5.3602046323053,  2.7075999340279,  0.0            
      1298,  5.4900488322208,  2.6128059836365,  0.0            
      1299,  5.5909833341319,  2.612806195416 ,  0.0            
      1300,  5.6747218965061,  2.4979780255085,  0.0            
      1301,  5.7888212941025,  2.498091247776 ,  0.0            
      1302,  5.900507992267 ,  2.4909912183133,  0.0            
      1303,  5.9201093227965,  2.6056093623684,  0.0            
      1304,  5.9218671704868,  2.716761253244 ,  0.0            
      1305,  5.9036498112061,  2.8278869959292,  0.0            
      1306,  5.4099745759498,  2.9416406480203,  0.0            
      1307,  5.4389116267429,  2.8319862545676,  0.0            
      1308,  5.5224821359497,  2.9570333338286,  0.0            
      1309,  5.551430101744 ,  2.8476287202374,  0.0            
      1310,  5.6380085589297,  2.9608279392278,  0.0            
      1311,  5.6654308189837,  2.8522488535992,  0.0            
      1312,  5.4688106564703,  2.7201680194153,  0.0            
      1313,  5.5762513759444,  2.732410194587 ,  0.0            
      1314,  5.6885950533341,  2.7385368617845,  0.0            
      1315,  5.7571850395222,  2.9536082101779,  0.0            
      1316,  5.7831901364271,  2.8451543492206,  0.0            
      1317,  5.8057069554278,  2.7317526944081,  0.0            
      1318,  5.8783558621997,  2.9361386465054,  0.0            
      1319,  5.3979081264586,  2.6151643248898,  0.0            
      1320,  5.8084201221476,  2.6150080999333,  0.0            
      1321,  5.6948645111916,  2.6186096582   ,  0.0            
      1322,  4.8336538924246,  3.3063726969671,  0.0            
      1323,  4.7740086331627,  3.2558116424707,  0.0            
      1324,  4.7740086331627,  3.6775183575293,  0.0            
      1325,  4.8336538924246,  3.6269573030329,  0.0            
      1326,  5.6948645111916,  4.3147203418   ,  0.0            
      1327,  5.8084201221476,  4.3183219000667,  0.0            
      1328,  5.3979081264586,  4.3181656751102,  0.0            
      1329,  5.8783558621997,  3.9971913534946,  0.0            
      1330,  5.8057069554278,  4.2015773055919,  0.0            
      1331,  5.7831901364271,  4.0881756507794,  0.0            
      1332,  5.7571850395222,  3.9797217898221,  0.0            
      1333,  5.6885950533341,  4.1947931382155,  0.0            
      1334,  5.5762513759444,  4.200919805413 ,  0.0            
      1335,  5.4688106564703,  4.2131619805847,  0.0            
      1336,  5.6654308189837,  4.0810811464008,  0.0            
      1337,  5.6380085589297,  3.9725020607722,  0.0            
      1338,  5.551430101744 ,  4.0857012797626,  0.0            
      1339,  5.5224821359497,  3.9762966661714,  0.0            
      1340,  5.4389116267429,  4.1013437454324,  0.0            
      1341,  5.4099745759498,  3.9916893519797,  0.0            
      1342,  5.9036498112061,  4.1054430040708,  0.0            
      1343,  5.9218671704868,  4.216568746756 ,  0.0            
      1344,  5.9201093227965,  4.3277206376316,  0.0            
      1345,  5.900507992267 ,  4.4423387816867,  0.0            
      1346,  5.7888212941025,  4.435238752224 ,  0.0            
      1347,  5.6747218965061,  4.4353519744915,  0.0            
      1348,  5.5909833341319,  4.320523804584 ,  0.0            
      1349,  5.4900488322208,  4.3205240163635,  0.0            
      1350,  5.3602046323053,  4.2257300659721,  0.0            
      1351,  5.3256883745926,  4.1247528887219,  0.0            
      1352,  5.2941022209778,  4.01559658554  ,  0.0            
      1353,  5.9775489164504,  4.5623312926404,  0.0            
      1354,  5.8669058720835,  4.5586060922404,  0.0            
      1355,  5.7559730038565,  4.5562707068964,  0.0            
      1356,  5.5594861380719,  4.4385052676164,  0.0            
      1357,  5.4480467438729,  4.4307493621177,  0.0            
      1358,  5.3354344786286,  4.4082015763458,  0.0            
      1359,  5.2747701440199,  4.2897116696267,  0.0            
      1360,  5.2209694561097,  4.1733284201138,  0.0            
      1361,  5.1682973227003,  4.0511986865286,  0.0            
      1362,  6.0128802523407,  4.4479729620032,  0.0            
      1363,  6.0351599938943,  4.3383953663027,  0.0            
      1364,  6.0390430364404,  4.2303734287948,  0.0            
      1365,  6.0227081352324,  4.1203094233611,  0.0            
      1366,  5.9970965045742,  4.0123401064229,  0.0            
      1367,  5.9643123610588,  3.9014514972076,  0.0            
      1368,  6.0741794672588,  3.9067434012298,  0.0            
      1369,  6.1107152157947,  4.0190994396493,  0.0            
      1370,  6.1370795126951,  4.1279038454927,  0.0            
      1371,  6.1508777269078,  4.2362301780472,  0.0            
      1372,  6.1467995707947,  4.3431140428692,  0.0            
      1373,  6.1244325192668,  4.4510992299626,  0.0            
      1374,  6.0879816117342,  4.5640058500082,  0.0            
      1375,  5.2651902890666,  4.5211793485598,  0.0            
      1376,  5.3958411320775,  4.5481346074588,  0.0            
      1377,  5.5220499801846,  4.556802577176 ,  0.0            
      1378,  5.6412897287614,  4.5586063086996,  0.0            
      1379,  6.198587403144 ,  4.5632718700603,  0.0            
      1380,  6.2351254076491,  4.4510213246858,  0.0            
      1381,  6.2555336942868,  4.3441070689962,  0.0            
      1382,  6.259558589062 ,  4.2373994399558,  0.0            
      1383,  6.2470086326562,  4.1288587128443,  0.0            
      1384,  6.2194542549437,  4.0193102169003,  0.0            
      1385,  6.1804721742571,  3.9063935233291,  0.0            
      1386,  6.2650941536836,  4.679059336256 ,  0.0            
      1387,  6.307678040127 ,  4.5620663116067,  0.0            
      1388,  6.3425856827933,  4.4502288959185,  0.0            
      1389,  6.3617560479666,  4.3432434476104,  0.0            
      1390,  6.3645137994158,  4.2366246955356,  0.0            
      1391,  6.3521631571679,  4.1274985197495,  0.0            
      1392,  6.3252270592304,  4.0176851370084,  0.0            
      1393,  6.2864724822872,  3.9046199831914,  0.0            
      1394,  6.4143009434005,  4.5622984905385,  0.0            
      1395,  6.4480718716245,  4.4506917216112,  0.0            
      1396,  6.4662835842136,  4.3429362948224,  0.0            
      1397,  6.4672457358065,  4.2364632530187,  0.0            
      1398,  6.455479171713 ,  4.1277047381106,  0.0            
      1399,  6.4302693830216,  4.0172979244626,  0.0            
      1400,  6.3936580477084,  3.9045017863792,  0.0            
      1401,  6.370223521692 ,  4.6797793514372,  0.0            
      1402,  6.4732784242906,  4.681745406157 ,  0.0            
      1403,  6.518369681583 ,  4.5639725783791,  0.0            
      1404,  6.5511286638709,  4.4524070286142,  0.0            
      1405,  6.5676543225404,  4.3438779920992,  0.0            
      1406,  6.5688416660956,  4.2377085148094,  0.0            
      1407,  6.5576887369994,  4.1290942394756,  0.0            
      1408,  6.5362210731484,  4.0198319942133,  0.0            
      1409,  6.5039702706461,  3.9081023491846,  0.0            
      1410,  5.851199248373 ,  3.8889329737699,  0.0            
      1411,  5.7346075416586,  3.8740714498516,  0.0            
      1412,  5.616093175515 ,  3.8668657990575,  0.0            
      1413,  5.5058605247785,  3.8692044043442,  0.0            
      1414,  5.3963889775324,  3.8815521110904,  0.0            
      1415,  5.2863473913706,  3.8985682799152,  0.0            
      1416,  5.1718999618574,  3.9207376834578,  0.0            
      1417,  6.5846006887434,  3.8053655750709,  0.0            
      1418,  6.4704443838731,  3.7973311191889,  0.0            
      1419,  6.357874316893 ,  3.792597041983 ,  0.0            
      1420,  6.2490607961007,  3.7916919300136,  0.0            
      1421,  6.1431503226022,  3.792694953506 ,  0.0            
      1422,  6.0389830534042,  3.7929835663614,  0.0            
      1423,  5.9336719028378,  3.7893693163491,  0.0            
      1424,  5.827178930363 ,  3.7805947861395,  0.0            
      1425,  5.7177102671374,  3.7699366778511,  0.0            
      1426,  5.6090503169851,  3.7636140311916,  0.0            
      1427,  5.4997033024594,  3.7650662611302,  0.0            
      1428,  5.3923430883316,  3.7739010125677,  0.0            
      1429,  5.2850265590483,  3.7874262962174,  0.0            
      1430,  5.1818103491878,  3.7983498752688,  0.0            
      1431,  5.0273074791244,  4.0733736364086,  0.0            
      1432,  5.0494063167707,  3.9325276673906,  0.0            
      1433,  5.0716981708249,  3.8021569529814,  0.0            
      1434,  4.9715992506148,  3.7711138614509,  0.0            
      1435,  4.9442698928876,  3.8805331532423,  0.0            
      1436,  6.6152710425733,  3.9152754771305,  0.0            
      1437,  6.6420427613352,  4.0253069713052,  0.0            
      1438,  6.6599541479995,  4.132752839467 ,  0.0            
      1439,  6.6681946639088,  4.2402792943666,  0.0            
      1440,  6.667003983594 ,  4.345819481371 ,  0.0            
      1441,  6.6515726811725,  4.454578170876 ,  0.0            
      1442,  6.6199012314712,  4.5661545469805,  0.0            
      1443,  6.5747704748405,  4.6839507798068,  0.0            
      1444,  6.6640570832842,  3.7001109770049,  0.0            
      1445,  6.6984331534001,  3.8132126611228,  0.0            
      1446,  6.7272808350877,  3.9231392702182,  0.0            
      1447,  6.7485436068605,  4.031777671584 ,  0.0            
      1448,  6.7613544892125,  4.1374684546927,  0.0            
      1449,  6.7669406019319,  4.2433959146122,  0.0            
      1450,  6.7653318880397,  4.3480847390684,  0.0            
      1451,  6.7507352138937,  4.4565813189561,  0.0            
      1452,  6.7201169857346,  4.568138949854 ,  0.0            
      1453,  6.6754088510014,  4.685796558555 ,  0.0            
      1454,  6.7751852697689,  4.6871729184601,  0.0            
      1455,  6.8187150030633,  4.5697059984474,  0.0            
      1456,  6.8479622900222,  4.4582180736892,  0.0            
      1457,  6.8618457901789,  4.3501208814846,  0.0            
      1458,  6.8638699778747,  4.246169034351 ,  0.0            
      1459,  6.8603002871026,  4.1415288871024,  0.0            
      1460,  6.8513820681984,  4.0368255002067,  0.0            
      1461,  6.8345372544073,  3.9285810923857,  0.0            
      1462,  6.8074661994974,  3.8179327891979,  0.0            
      1463,  6.8753522531023,  3.7042921334391,  0.0            
      1464,  6.9131127009736,  3.8200718558562,  0.0            
      1465,  6.9375001732933,  3.9316023163071,  0.0            
      1466,  6.9530568150415,  4.0401225348715,  0.0            
      1467,  6.9588695928201,  4.1443762872163,  0.0            
      1468,  6.9606365225865,  4.24824625277  ,  0.0            
      1469,  6.958153700156 ,  4.351688450558 ,  0.0            
      1470,  6.9449220771885,  4.4595411833752,  0.0            
      1471,  6.9171885058781,  4.5709605119252,  0.0            
      1472,  6.8752238369942,  4.6882410593083,  0.0            
      1473,  6.771061110419 ,  3.703276950919 ,  0.0            
      1474,  6.9775423988746,  3.7046125176376,  0.0            
      1475,  7.0144358112877,  3.820971905793 ,  0.0            
      1476,  7.037206486888 ,  3.9330439932701,  0.0            
      1477,  7.0506931163087,  4.0418906494062,  0.0            
      1478,  7.0548502203384,  4.1459660076242,  0.0            
      1479,  7.0557565790061,  4.249521493579 ,  0.0            
      1480,  7.0531840957346,  4.3527125564128,  0.0            
      1481,  7.0400162055281,  4.4605586086091,  0.0            
      1482,  7.0152159347116,  4.5719406963806,  0.0            
      1483,  6.9756168538938,  4.6890804428921,  0.0            
      1484,  7.07969904807  ,  3.7051298591757,  0.0            
      1485,  7.1144651373268,  3.8217000653788,  0.0            
      1486,  7.1363939983924,  3.9338980655222,  0.0            
      1487,  7.1476923488203,  4.0428190336404,  0.0            
      1488,  7.1508789692782,  4.1467430146778,  0.0            
      1489,  7.1512022020324,  4.2501409586275,  0.0            
      1490,  7.1485604274705,  4.3531719023226,  0.0            
      1491,  7.1362966320664,  4.4610292514298,  0.0            
      1492,  7.1138746604267,  4.5723344022969,  0.0            
      1493,  7.077414309702 ,  4.6894529367575,  0.0            
      1494,  6.1582967056749,  4.6800126765344,  0.0            
      1495,  6.0500131988548,  4.6813715269248,  0.0            
      1496,  5.94214419206  ,  4.6815695806556,  0.0            
      1497,  5.8341457201512,  4.6806110265075,  0.0            
      1498,  5.7260487007574,  4.6802579540828,  0.0            
      1499,  5.6203653908399,  4.6816876133784,  0.0            
      1500,  5.5106908163183,  4.6805186372468,  0.0            
      1501,  5.3952583681466,  4.6727501061445,  0.0            
      1502,  7.1833949934804,  3.7079905039871,  0.0            
      1503,  7.2139878891388,  3.8244256448923,  0.0            
      1504,  7.2338146286893,  3.9357809701664,  0.0            
      1505,  7.2427992465323,  4.043916457519 ,  0.0            
      1506,  7.2454775165671,  4.147269373419 ,  0.0            
      1507,  7.2456417048794,  4.250235669005 ,  0.0            
      1508,  7.2432370074745,  4.3527837841861,  0.0            
      1509,  7.2332471211035,  4.4599952676954,  0.0            
      1510,  7.2132857967196,  4.5705383778024,  0.0            
      1511,  7.1813422406634,  4.6875115222881,  0.0            
      1512,  6.5535703746858,  3.693960251952 ,  0.0            
      1513,  6.4416676751897,  3.6870168436895,  0.0            
      1514,  6.3310475609295,  3.6824882595336,  0.0            
      1515,  6.2229607841803,  3.6810633500256,  0.0            
      1516,  6.119018717968 ,  3.6813448791852,  0.0            
      1517,  6.0163088890114,  3.6814640368246,  0.0            
      1518,  5.9133322982207,  3.6793550491501,  0.0            
      1519,  5.8111730292419,  3.6740478782116,  0.0            
      1520,  5.7073068579708,  3.6674397994458,  0.0            
      1521,  5.603435031957 ,  3.663269059292 ,  0.0            
      1522,  5.4987390673836,  3.6637508959442,  0.0            
      1523,  5.3951800723439,  3.6687333234103,  0.0            
      1524,  5.2922509396426,  3.6762893073909,  0.0            
      1525,  5.1912496543626,  3.6823422730849,  0.0            
      1526,  5.0939415557308,  3.6816228960652,  0.0            
      1527,  4.9986296611241,  3.6644755915143,  0.0            
      1528,  4.9092001268015,  3.6396099506488,  0.0            
      1529,  4.8684247667325,  3.7345768377352,  0.0            
      1530,  4.8296497447272,  3.8139849741156,  0.0            
      1531,  7.2867802861847,  3.7169672736274,  0.0            
      1532,  7.3143188287247,  3.8321012527721,  0.0            
      1533,  7.3305659646863,  3.9403167940975,  0.0            
      1534,  7.3380351807082,  4.046110203318 ,  0.0            
      1535,  7.3403255651292,  4.1480683927541,  0.0            
      1536,  7.3404048827873,  4.2498599102836,  0.0            
      1537,  7.3382651963777,  4.3511385931962,  0.0            
      1538,  7.3307220200186,  4.4561488229023,  0.0            
      1539,  7.3138486892205,  4.5636448286562,  0.0            
      1540,  7.2861714044756,  4.6792132727462,  0.0            
      1541,  4.7146304223782,  3.7408052977949,  0.0            
      1542,  7.3846635306048,  4.7578197725065,  0.0            
      1543,  7.3988201777148,  4.6547897596282,  0.0            
      1544,  7.4161949006441,  4.5520875582089,  0.0            
      1545,  7.4277122580345,  4.4502334121747,  0.0            
      1546,  7.4329496010853,  4.3486676107945,  0.0            
      1547,  7.434506306661 ,  4.2491595160409,  0.0            
      1548,  7.4344511463271,  4.1490880925851,  0.0            
      1549,  7.4327882281298,  4.0489998551765,  0.0            
      1550,  7.42758846075  ,  3.9467140261334,  0.0            
      1551,  7.4164873899138,  3.8441201019876,  0.0            
      1552,  7.3998546100591,  3.7414978021984,  0.0            
      1553,  7.3864165768819,  3.6390001549082,  0.0            
      1554,  7.5021020318829,  3.653921741432 ,  0.0            
      1555,  7.5081186149533,  3.754528384787 ,  0.0            
      1556,  7.517342715557 ,  3.8525663030525,  0.0            
      1557,  7.5242605100706,  3.951732919534 ,  0.0            
      1558,  7.5276234248473,  4.051329024594 ,  0.0            
      1559,  7.5287571326266,  4.1499536391841,  0.0            
      1560,  7.5287996404708,  4.2485188503265,  0.0            
      1561,  7.5277546058218,  4.3466226614848,  0.0            
      1562,  7.524416755711 ,  4.4455175440829,  0.0            
      1563,  7.5173095586716,  4.543932160123 ,  0.0            
      1564,  7.5076577505368,  4.6418532228163,  0.0            
      1565,  7.5022405398493,  4.7426350292852,  0.0            
      1566,  7.6068989897515,  4.7355490985618,  0.0            
      1567,  7.6114967552472,  4.6381607606596,  0.0            
      1568,  7.6168444081693,  4.5406352684738,  0.0            
      1569,  7.6204836405792,  4.4432463075776,  0.0            
      1570,  7.6221233856391,  4.3455779380055,  0.0            
      1571,  7.6226241276617,  4.2481825493087,  0.0            
      1572,  7.622591583832 ,  4.1504419096245,  0.0            
      1573,  7.6220264687034,  4.0525609723319,  0.0            
      1574,  7.620368332862 ,  3.9542154229832,  0.0            
      1575,  7.6168671666894,  3.8561010655947,  0.0            
      1576,  7.6118523663087,  3.7584206123828,  0.0            
      1577,  7.6075109036227,  3.6614417412607,  0.0            
      1578,  7.7074033853498,  3.6616097835702,  0.0            
      1579,  7.710845628144 ,  3.7592165249131,  0.0            
      1580,  7.7137347231328,  3.8571121784991,  0.0            
      1581,  7.7155558508793,  3.9550692664867,  0.0            
      1582,  7.7164020438677,  4.0530278707796,  0.0            
      1583,  7.7166964038595,  4.150653803466 ,  0.0            
      1584,  7.7167336428734,  4.2481183050923,  0.0            
      1585,  7.7165148634087,  4.3453003507646,  0.0            
      1586,  7.7157149864275,  4.4426290994465,  0.0            
      1587,  7.7138277663182,  4.5399115331575,  0.0            
      1588,  7.7106945819326,  4.6376460649125,  0.0            
      1589,  7.706985713984 ,  4.7356321293083,  0.0            
      1590,  7.8058138507934,  3.6615081951792,  0.0            
      1591,  7.8081526451795,  3.7593475772328,  0.0            
      1592,  7.8096570189778,  3.8573759288959,  0.0            
      1593,  7.8103980090997,  3.955320658877 ,  0.0            
      1594,  7.8106863728385,  4.0531772148527,  0.0            
      1595,  7.8107893686468,  4.1507736686401,  0.0            
      1596,  7.8108316410462,  4.2482346193938,  0.0            
      1597,  7.8108093939172,  4.3454756527734,  0.0            
      1598,  7.8105631811018,  4.4428234542144,  0.0            
      1599,  7.8097568698496,  4.5402333523311,  0.0            
      1600,  7.8080266915552,  4.6381259597203,  0.0            
      1601,  7.8054208697324,  4.7362696351894,  0.0            
      1602,  4.4002959242266,  3.6865793232081,  0.0            
      1603,  5.2825585009218,  4.6543784398208,  0.0            
      1604,  5.1808409586635,  4.3553001924838,  0.0            
      1605,  5.1121255012637,  4.2389785992793,  0.0            
      1606,  4.9100881524734,  3.9914369333638,  0.0            
      1607,  4.7913533405996,  3.9044048204852,  0.0            
      1608,  4.6632948952495,  3.8223453780624,  0.0            
      1609,  4.5525167050014,  3.7483481936272,  0.0            
      1610,  7.9029809842501,  3.6616022535592,  0.0            
      1611,  7.9041370411736,  3.7594913894312,  0.0            
      1612,  7.9048347946108,  3.8574932743666,  0.0            
      1613,  7.9051606212267,  3.9554108229477,  0.0            
      1614,  7.9052879367979,  4.0532412703775,  0.0            
      1615,  7.9053415121884,  4.1509125236498,  0.0            
      1616,  7.9053774416487,  4.2484997080349,  0.0            
      1617,  7.9053917050515,  4.3459708546227,  0.0            
      1618,  7.9053001919933,  4.443516228652 ,  0.0            
      1619,  7.9049377142547,  4.5411463722098,  0.0            
      1620,  4.3355964916384,  3.5820529393397,  0.0            
      1621,  4.4164400893279,  3.5486804575938,  0.0            
      1622,  4.4963080122326,  3.5941739774371,  0.0            
      1623,  4.2665082662709,  3.6643977724687,  0.0            
      1624,  4.6277615581186,  3.6398629436664,  0.0            
      1625,  4.7143342009772,  3.5971443299571,  0.0            
      1626,  4.8093843828544,  3.5517189962134,  0.0            
      1627,  4.9052960266546,  3.5528941836493,  0.0            
      1628,  5.0019861246251,  3.5658802971443,  0.0            
      1629,  5.1005649907576,  3.5710405307925,  0.0            
      1630,  5.1981606776088,  3.5722768635679,  0.0            
      1631,  5.2973181284603,  3.569899684789 ,  0.0            
      1632,  5.3979393361346,  3.5667205088501,  0.0            
      1633,  5.4992472147493,  3.5646309369722,  0.0            
      1634,  5.601055944808 ,  3.5645076982804,  0.0            
      1635,  5.7024236174583,  3.5663788591731,  0.0            
      1636,  5.8034724106665,  3.5692767165957,  0.0            
      1637,  5.9038243638623,  3.5716306425998,  0.0            
      1638,  6.0043394777711,  3.5726330602973,  0.0            
      1639,  6.1057882480126,  3.5728024855172,  0.0            
      1640,  6.2085771397234,  3.5730548578649,  0.0            
      1641,  6.3134400894478,  3.5743317382366,  0.0            
      1642,  6.4191830708234,  3.5772238710119,  0.0            
      1643,  6.5253579128002,  3.5812042220804,  0.0            
      1644,  6.6301281015013,  3.5844862218777,  0.0            
      1645,  6.734238668929 ,  3.5859905723869,  0.0            
      1646,  6.8363821607544,  3.5863916617672,  0.0            
      1647,  6.9383432575585,  3.586573441304 ,  0.0            
      1648,  7.040499576405 ,  3.5870695107271,  0.0            
      1649,  7.1466460846978,  3.5893103244053,  0.0            
      1650,  7.2597503861266,  3.5993259307989,  0.0            
      1651,  7.3222075675479,  3.5406091813681,  0.0            
      1652,  7.407600553352 ,  3.5515613668428,  0.0            
      1653,  7.5049856319467,  3.5631817193429,  0.0            
      1654,  7.6046065441116,  3.5641606699665,  0.0            
      1655,  7.7038379100934,  3.5640489671928,  0.0            
      1656,  7.8029615385747,  3.5638916164363,  0.0            
      1657,  7.9015362217472,  3.5639355474449,  0.0            
      1658,  4.2348058466217,  3.5653273307476,  0.0            
      1659,  4.1174369688636,  3.5613706607293,  0.0            
      1660,  7.9040981078252,  4.6390807391877,  0.0            
      1661,  7.9027560449464,  4.7371422107244,  0.0            
      1662,  7.901246194126 ,  4.8353190221842,  0.0            
      1663,  7.8025364725861,  4.8348214532334,  0.0            
      1664,  7.7034208914584,  4.8343685731331,  0.0            
      1665,  7.6040936069849,  4.8341161195089,  0.0            
      1666,  7.5052657805523,  4.8341500320794,  0.0            
      1667,  7.407497484907 ,  4.8465965587532,  0.0            
      1668,  7.3213885445056,  4.8577553431063,  0.0            
      1669,  7.2581293765986,  4.7981296483972,  0.0            
      1670,  7.1446623050888,  4.8078305567516,  0.0            
      1671,  7.0383313714486,  4.8094697799502,  0.0            
      1672,  6.9352414110414,  4.8095035869518,  0.0            
      1673,  6.8338856843063,  4.8091836514164,  0.0            
      1674,  6.7332348753467,  4.8086382130366,  0.0            
      1675,  6.6330070473466,  4.8078353423381,  0.0            
      1676,  6.5333927137429,  4.8067391129262,  0.0            
      1677,  6.4343331500813,  4.8054642941621,  0.0            
      1678,  6.3320713502015,  4.8043746648311,  0.0            
      1679,  6.2278400093435,  4.8040703936557,  0.0            
      1680,  6.123780536636 ,  4.8047468016271,  0.0            
      1681,  6.0204803259936,  4.805615960292 ,  0.0            
      1682,  5.9165658261599,  4.8058521117077,  0.0            
      1683,  5.8124866627263,  4.8055979015993,  0.0            
      1684,  5.7085249865174,  4.8057084660782,  0.0            
      1685,  5.6036643535478,  4.8065945596025,  0.0            
      1686,  5.5027120116773,  4.8063620694878,  0.0            
      1687,  5.392940183291 ,  4.8007563464187,  0.0            
      1688,  5.2906754345821,  4.795124396547 ,  0.0            
      1689,  4.1334633837789,  3.6531162342267,  0.0            
      1690,  4.0            ,  3.6444416666667,  0.0            
      1691,  4.0            ,  3.5555533333333,  0.0            
      1733,  8.0            ,  3.5644426666667,  0.0            
      1734,  8.0            ,  3.6622203333333,  0.0            
      1735,  8.0            ,  3.759998       ,  0.0            
      1736,  8.0            ,  3.8577756666667,  0.0            
      1737,  8.0            ,  3.9555533333333,  0.0            
      1738,  8.0            ,  4.053331       ,  0.0            
      1739,  8.0            ,  4.1511086666667,  0.0            
      1740,  8.0            ,  4.2488863333333,  0.0            
      1741,  8.0            ,  4.346664       ,  0.0            
      1742,  8.0            ,  4.4444416666667,  0.0            
      1743,  8.0            ,  4.5422193333333,  0.0            
      1744,  8.0            ,  4.639997       ,  0.0            
      1745,  8.0            ,  4.7377746666667,  0.0            
      1746,  8.0            ,  4.8355523333333,  0.0            
      1747,  8.0            ,  4.93333        ,  0.0            
      1748,  7.9            ,  4.93333        ,  0.0            
      1749,  7.8            ,  4.93333        ,  0.0            
      1750,  7.7            ,  4.93333        ,  0.0            
      1751,  7.6            ,  4.93333        ,  0.0            
      1752,  7.5            ,  4.93333        ,  0.0            
      1753,  7.4            ,  4.93333        ,  0.0            
      1754,  7.2938630127062,  4.93333        ,  0.0            
      1755,  7.2088695761756,  4.93333        ,  0.0            
      1756,  7.1078296786459,  4.93333        ,  0.0            
      1757,  7.0022705154527,  4.93333        ,  0.0            
      1758,  6.9005376139134,  4.93333        ,  0.0            
      1759,  6.8005384815653,  4.93333        ,  0.0            
      1760,  6.7027825111777,  4.93333        ,  0.0            
      1761,  6.6033220160237,  4.93333        ,  0.0            
      1762,  6.5081514327559,  4.93333        ,  0.0            
      1763,  6.4106569814764,  4.93333        ,  0.0            
      1764,  6.3092681251465,  4.93333        ,  0.0            
      1765,  6.2075396359347,  4.93333        ,  0.0            
      1766,  6.1052297003909,  4.93333        ,  0.0            
      1767,  6.0029044685196,  4.93333        ,  0.0            
      1768,  5.9            ,  4.93333        ,  0.0            
      1769,  5.8            ,  4.93333        ,  0.0            
      1770,  5.7            ,  4.93333        ,  0.0            
      1771,  5.6            ,  4.93333        ,  0.0            
      1772,  5.5            ,  4.93333        ,  0.0            
      1773,  5.4            ,  4.93333        ,  0.0            
      1774,  5.3            ,  4.93333        ,  0.0            
      1775,  3.46667        ,  2.666666       ,  0.0            
      1776,  3.46667        ,  4.266664       ,  0.0            
      1777,  3.46667        ,  3.2            ,  0.0            
      1778,  3.46667        ,  3.73333        ,  0.0            
      1783,  3.8946736437535,  2.666666       ,  0.0            
      1784,  3.786668       ,  2.666666       ,  0.0            
      1785,  3.680002       ,  2.666666       ,  0.0            
      1786,  3.573336       ,  2.666666       ,  0.0            
      1787,  3.46667        ,  2.7733328      ,  0.0            
      1788,  3.46667        ,  2.8799996      ,  0.0            
      1789,  3.46667        ,  2.9866664      ,  0.0            
      1790,  3.46667        ,  3.0933332      ,  0.0            
      1791,  3.573336       ,  3.2            ,  0.0            
      1792,  3.680002       ,  3.2            ,  0.0            
      1793,  3.786668       ,  3.2            ,  0.0            
      1795,  3.573336       ,  2.8799996      ,  0.0            
      1796,  3.680002       ,  2.8799996      ,  0.0            
      1797,  3.786668       ,  2.8799996      ,  0.0            
      1798,  3.893334       ,  2.8799996      ,  0.0            
      1799,  3.680002       ,  2.7733328      ,  0.0            
      1800,  3.573336       ,  2.7733328      ,  0.0            
      1801,  3.786668       ,  2.7733328      ,  0.0            
      1802,  3.893334       ,  2.7733328      ,  0.0            
      1803,  3.680002       ,  3.0933332      ,  0.0            
      1804,  3.680002       ,  2.9866664      ,  0.0            
      1805,  3.573336       ,  3.0933332      ,  0.0            
      1806,  3.573336       ,  2.9866664      ,  0.0            
      1807,  3.893334       ,  3.0933332      ,  0.0            
      1808,  3.786668       ,  3.0933332      ,  0.0            
      1809,  3.893334       ,  2.9866664      ,  0.0            
      1810,  3.786668       ,  2.9866664      ,  0.0            
      1811,  3.46667        ,  3.8399968      ,  0.0            
      1812,  3.46667        ,  3.9466636      ,  0.0            
      1813,  3.46667        ,  4.0533304      ,  0.0            
      1814,  3.46667        ,  4.1599972      ,  0.0            
      1815,  3.573336       ,  4.266664       ,  0.0            
      1816,  3.680002       ,  4.266664       ,  0.0            
      1817,  3.786668       ,  4.266664       ,  0.0            
      1818,  3.893334       ,  4.266664       ,  0.0            
      1823,  3.893334       ,  3.73333        ,  0.0            
      1824,  3.786668       ,  3.73333        ,  0.0            
      1825,  3.680002       ,  3.73333        ,  0.0            
      1826,  3.573336       ,  3.73333        ,  0.0            
      1827,  3.893334       ,  4.0533304      ,  0.0            
      1828,  3.786668       ,  4.0533304      ,  0.0            
      1829,  3.680002       ,  4.0533304      ,  0.0            
      1830,  3.573336       ,  4.0533304      ,  0.0            
      1831,  3.786668       ,  4.1599972      ,  0.0            
      1832,  3.893334       ,  4.1599972      ,  0.0            
      1833,  3.680002       ,  4.1599972      ,  0.0            
      1834,  3.573336       ,  4.1599972      ,  0.0            
      1835,  3.786668       ,  3.8399968      ,  0.0            
      1836,  3.786668       ,  3.9466636      ,  0.0            
      1837,  3.893334       ,  3.8399968      ,  0.0            
      1838,  3.893334       ,  3.9466636      ,  0.0            
      1839,  3.573336       ,  3.8399968      ,  0.0            
      1840,  3.680002       ,  3.8399968      ,  0.0            
      1841,  3.573336       ,  3.9466636      ,  0.0            
      1842,  3.680002       ,  3.9466636      ,  0.0            
      1843,  3.893334       ,  3.2            ,  0.0            
      1847,  3.46667        ,  3.2888883333333,  0.0            
      1848,  3.46667        ,  3.3777766666667,  0.0            
      1849,  3.46667        ,  3.466665       ,  0.0            
      1850,  3.46667        ,  3.5555533333333,  0.0            
      1851,  3.46667        ,  3.6444416666667,  0.0            
      1861,  3.680002       ,  3.6444416666667,  0.0            
      1862,  3.680002       ,  3.5555533333333,  0.0            
      1863,  3.680002       ,  3.466665       ,  0.0            
      1864,  3.680002       ,  3.3777766666667,  0.0            
      1865,  3.680002       ,  3.2888883333333,  0.0            
      1866,  3.573336       ,  3.466665       ,  0.0            
      1867,  3.573336       ,  3.6444416666667,  0.0            
      1868,  3.573336       ,  3.5555533333333,  0.0            
      1869,  3.573336       ,  3.3777766666667,  0.0            
      1870,  3.573336       ,  3.2888883333333,  0.0            
      1871,  3.893334       ,  3.466665       ,  0.0            
      1872,  3.786668       ,  3.466665       ,  0.0            
      1873,  3.893334       ,  3.5555533333333,  0.0            
      1874,  3.893334       ,  3.6444416666667,  0.0            
      1875,  3.786668       ,  3.5555533333333,  0.0            
      1876,  3.786668       ,  3.6444416666667,  0.0            
      1877,  3.893334       ,  3.2888883333333,  0.0            
      1878,  3.893334       ,  3.3777766666667,  0.0            
      1879,  3.786668       ,  3.2888883333333,  0.0            
      1880,  3.786668       ,  3.3777766666667,  0.0            
      1882,  2.16667        ,  4.93333        ,  0.0            
      1883,  2.06667        ,  4.93333        ,  0.0            
      1884,  1.96667        ,  4.93333        ,  0.0            
      1885,  1.86667        ,  4.93333        ,  0.0            
      1886,  1.76667        ,  4.93333        ,  0.0            
      1887,  1.66667        ,  4.93333        ,  0.0            
      1888,  1.56667        ,  4.93333        ,  0.0            
      1889,  1.4637655314804,  4.93333        ,  0.0            
      1890,  1.3614402996091,  4.93333        ,  0.0            
      1891,  1.2591303640653,  4.93333        ,  0.0            
      1892,  1.1574018748535,  4.93333        ,  0.0            
      1893,  1.0560130185236,  4.93333        ,  0.0            
      1894,  0.9585185672441,  4.93333        ,  0.0            
      1895,  0.8633479839763,  4.93333        ,  0.0            
      1896,  0.7638874888223,  4.93333        ,  0.0            
      1897,  0.6661315184347,  4.93333        ,  0.0            
      1898,  0.5661323860866,  4.93333        ,  0.0            
      1899,  0.4643994845473,  4.93333        ,  0.0            
      1900,  0.3588403213541,  4.93333        ,  0.0            
      1901,  0.2578004238244,  4.93333        ,  0.0            
      1902,  0.1728069872938,  4.93333        ,  0.0            
      1903,  0.06667        ,  4.93333        ,  0.0            
      1904,  -0.03333       ,  4.93333        ,  0.0            
      1905,  -0.13333       ,  4.93333        ,  0.0            
      1906,  -0.23333       ,  4.93333        ,  0.0            
      1907,  -0.33333       ,  4.93333        ,  0.0            
      1908,  -0.43333       ,  4.93333        ,  0.0            
      1909,  -0.53333       ,  4.93333        ,  0.0            
      1910,  -0.53333       ,  4.8355523333333,  0.0            
      1911,  -0.53333       ,  4.7377746666667,  0.0            
      1912,  -0.53333       ,  4.639997       ,  0.0            
      1913,  -0.53333       ,  4.5422193333333,  0.0            
      1914,  -0.53333       ,  4.4444416666667,  0.0            
      1915,  -0.53333       ,  4.346664       ,  0.0            
      1916,  -0.53333       ,  4.2488863333333,  0.0            
      1917,  -0.53333       ,  4.1511086666667,  0.0            
      1918,  -0.53333       ,  4.053331       ,  0.0            
      1919,  -0.53333       ,  3.9555533333333,  0.0            
      1920,  -0.53333       ,  3.8577756666667,  0.0            
      1921,  -0.53333       ,  3.759998       ,  0.0            
      1922,  -0.53333       ,  3.6622203333333,  0.0            
      1923,  -0.53333       ,  3.5644426666667,  0.0            
      1926,  3.3332066162211,  3.6531162342267,  0.0            
      1927,  2.1759945654179,  4.795124396547 ,  0.0            
      1928,  2.073729816709 ,  4.8007563464187,  0.0            
      1929,  1.9639579883227,  4.8063620694878,  0.0            
      1930,  1.8630056464522,  4.8065945596025,  0.0            
      1931,  1.7581450134826,  4.8057084660782,  0.0            
      1932,  1.6541833372737,  4.8055979015993,  0.0            
      1933,  1.5501041738401,  4.8058521117077,  0.0            
      1934,  1.4461896740064,  4.805615960292 ,  0.0            
      1935,  1.342889463364 ,  4.8047468016271,  0.0            
      1936,  1.2388299906565,  4.8040703936557,  0.0            
      1937,  1.1345986497985,  4.8043746648311,  0.0            
      1938,  1.0323368499187,  4.8054642941621,  0.0            
      1939,  0.9332772862571,  4.8067391129262,  0.0            
      1940,  0.8336629526533,  4.8078353423381,  0.0            
      1941,  0.7334351246533,  4.8086382130366,  0.0            
      1942,  0.6327843156936,  4.8091836514164,  0.0            
      1943,  0.5314285889585,  4.8095035869518,  0.0            
      1944,  0.4283386285514,  4.8094697799502,  0.0            
      1945,  0.3220076949112,  4.8078305567516,  0.0            
      1946,  0.2085406234014,  4.7981296483972,  0.0            
      1947,  0.1452814554944,  4.8577553431063,  0.0            
      1948,  0.059172515093 ,  4.8465965587532,  0.0            
      1949,  -0.038595780552,  4.8341500320794,  0.0            
      1950,  -0.137423606985,  4.8341161195089,  0.0            
      1951,  -0.236750891458,  4.8343685731331,  0.0            
      1952,  -0.335866472586,  4.8348214532334,  0.0            
      1953,  -0.434576194126,  4.8353190221842,  0.0            
      1954,  -0.436086044946,  4.7371422107244,  0.0            
      1955,  -0.437428107825,  4.6390807391877,  0.0            
      1956,  3.3492330311364,  3.5613706607293,  0.0            
      1957,  3.2318641533783,  3.5653273307476,  0.0            
      1958,  -0.434866221747,  3.5639355474449,  0.0            
      1959,  -0.336291538575,  3.5638916164363,  0.0            
      1960,  -0.237167910093,  3.5640489671928,  0.0            
      1961,  -0.137936544112,  3.5641606699665,  0.0            
      1962,  -0.038315631947,  3.5631817193429,  0.0            
      1963,  0.059069446648 ,  3.5515613668428,  0.0            
      1964,  0.1444624324521,  3.5406091813681,  0.0            
      1965,  0.2069196138734,  3.5993259307989,  0.0            
      1966,  0.3200239153022,  3.5893103244053,  0.0            
      1967,  0.426170423595 ,  3.5870695107271,  0.0            
      1968,  0.5283267424415,  3.586573441304 ,  0.0            
      1969,  0.6302878392456,  3.5863916617672,  0.0            
      1970,  0.732431331071 ,  3.5859905723869,  0.0            
      1971,  0.8365418984987,  3.5844862218777,  0.0            
      1972,  0.9413120871998,  3.5812042220804,  0.0            
      1973,  1.0474869291766,  3.5772238710119,  0.0            
      1974,  1.1532299105522,  3.5743317382366,  0.0            
      1975,  1.2580928602766,  3.5730548578649,  0.0            
      1976,  1.3608817519874,  3.5728024855172,  0.0            
      1977,  1.4623305222289,  3.5726330602973,  0.0            
      1978,  1.5628456361377,  3.5716306425998,  0.0            
      1979,  1.6631975893335,  3.5692767165957,  0.0            
      1980,  1.7642463825417,  3.5663788591731,  0.0            
      1981,  1.865614055192 ,  3.5645076982804,  0.0            
      1982,  1.9674227852507,  3.5646309369722,  0.0            
      1983,  2.0687306638654,  3.5667205088501,  0.0            
      1984,  2.1693518715397,  3.569899684789 ,  0.0            
      1985,  2.2685093223912,  3.5722768635679,  0.0            
      1986,  2.3661050092424,  3.5710405307925,  0.0            
      1987,  2.4646838753749,  3.5658802971443,  0.0            
      1988,  2.5613739733454,  3.5528941836493,  0.0            
      1989,  2.6572856171456,  3.5517189962134,  0.0            
      1990,  2.7523357990228,  3.5971443299571,  0.0            
      1991,  2.8389084418814,  3.6398629436664,  0.0            
      1992,  3.2001617337291,  3.6643977724687,  0.0            
      1993,  2.9703619877674,  3.5941739774371,  0.0            
      1994,  3.0502299106721,  3.5486804575938,  0.0            
      1995,  3.1310735083616,  3.5820529393397,  0.0            
      1996,  -0.438267714255,  4.5411463722098,  0.0            
      1997,  -0.438630191993,  4.443516228652 ,  0.0            
      1998,  -0.438721705052,  4.3459708546227,  0.0            
      1999,  -0.438707441649,  4.2484997080349,  0.0            
      2000,  -0.438671512188,  4.1509125236498,  0.0            
      2001,  -0.438617936798,  4.0532412703775,  0.0            
      2002,  -0.438490621227,  3.9554108229477,  0.0            
      2003,  -0.438164794611,  3.8574932743666,  0.0            
      2004,  -0.437467041174,  3.7594913894312,  0.0            
      2005,  -0.43631098425 ,  3.6616022535592,  0.0            
      2006,  2.9141532949986,  3.7483481936272,  0.0            
      2007,  2.8033751047505,  3.8223453780624,  0.0            
      2008,  2.6753166594004,  3.9044048204852,  0.0            
      2009,  2.5565818475266,  3.9914369333637,  0.0            
      2010,  2.3545444987363,  4.2389785992793,  0.0            
      2011,  2.2858290413365,  4.3553001924838,  0.0            
      2012,  2.1841114990782,  4.6543784398208,  0.0            
      2013,  3.0663740757734,  3.6865793232081,  0.0            
      2014,  -0.338750869732,  4.7362696351894,  0.0            
      2015,  -0.341356691555,  4.6381259597203,  0.0            
      2016,  -0.34308686985 ,  4.5402333523311,  0.0            
      2017,  -0.343893181102,  4.4428234542144,  0.0            
      2018,  -0.344139393917,  4.3454756527734,  0.0            
      2019,  -0.344161641046,  4.2482346193938,  0.0            
      2020,  -0.344119368647,  4.1507736686401,  0.0            
      2021,  -0.344016372838,  4.0531772148527,  0.0            
      2022,  -0.3437280091  ,  3.955320658877 ,  0.0            
      2023,  -0.342987018978,  3.8573759288959,  0.0            
      2024,  -0.34148264518 ,  3.7593475772328,  0.0            
      2025,  -0.339143850793,  3.6615081951792,  0.0            
      2026,  -0.240315713984,  4.7356321293083,  0.0            
      2027,  -0.244024581933,  4.6376460649125,  0.0            
      2028,  -0.247157766318,  4.5399115331575,  0.0            
      2029,  -0.249044986427,  4.4426290994465,  0.0            
      2030,  -0.249844863409,  4.3453003507646,  0.0            
      2031,  -0.250063642873,  4.2481183050923,  0.0            
      2032,  -0.25002640386 ,  4.150653803466 ,  0.0            
      2033,  -0.249732043868,  4.0530278707796,  0.0            
      2034,  -0.248885850879,  3.9550692664867,  0.0            
      2035,  -0.247064723133,  3.8571121784991,  0.0            
      2036,  -0.244175628144,  3.7592165249131,  0.0            
      2037,  -0.24073338535 ,  3.6616097835702,  0.0            
      2038,  -0.140840903623,  3.6614417412607,  0.0            
      2039,  -0.145182366309,  3.7584206123828,  0.0            
      2040,  -0.150197166689,  3.8561010655947,  0.0            
      2041,  -0.153698332862,  3.9542154229832,  0.0            
      2042,  -0.155356468703,  4.0525609723319,  0.0            
      2043,  -0.155921583832,  4.1504419096245,  0.0            
      2044,  -0.155954127662,  4.2481825493087,  0.0            
      2045,  -0.155453385639,  4.3455779380055,  0.0            
      2046,  -0.153813640579,  4.4432463075776,  0.0            
      2047,  -0.150174408169,  4.5406352684738,  0.0            
      2048,  -0.144826755247,  4.6381607606596,  0.0            
      2049,  -0.140228989751,  4.7355490985618,  0.0            
      2050,  -0.035570539849,  4.7426350292852,  0.0            
      2051,  -0.040987750537,  4.6418532228163,  0.0            
      2052,  -0.050639558672,  4.543932160123 ,  0.0            
      2053,  -0.057746755711,  4.4455175440829,  0.0            
      2054,  -0.061084605822,  4.3466226614848,  0.0            
      2055,  -0.062129640471,  4.2485188503265,  0.0            
      2056,  -0.062087132626,  4.1499536391841,  0.0            
      2057,  -0.060953424847,  4.051329024594 ,  0.0            
      2058,  -0.05759051007 ,  3.951732919534 ,  0.0            
      2059,  -0.050672715557,  3.8525663030525,  0.0            
      2060,  -0.041448614953,  3.754528384787 ,  0.0            
      2061,  -0.035432031883,  3.653921741432 ,  0.0            
      2062,  0.0802534231181,  3.6390001549082,  0.0            
      2063,  0.0668153899409,  3.7414978021984,  0.0            
      2064,  0.0501826100862,  3.8441201019876,  0.0            
      2065,  0.03908153925  ,  3.9467140261334,  0.0            
      2066,  0.0338817718702,  4.0489998551765,  0.0            
      2067,  0.0322188536729,  4.1490880925851,  0.0            
      2068,  0.032163693339 ,  4.2491595160409,  0.0            
      2069,  0.0337203989147,  4.3486676107945,  0.0            
      2070,  0.0389577419655,  4.4502334121747,  0.0            
      2071,  0.0504750993559,  4.5520875582089,  0.0            
      2072,  0.0678498222852,  4.6547897596282,  0.0            
      2073,  0.0820064693952,  4.7578197725065,  0.0            
      2074,  2.7520395776218,  3.7408052977949,  0.0            
      2075,  0.1804985955244,  4.6792132727462,  0.0            
      2076,  0.1528213107795,  4.5636448286562,  0.0            
      2077,  0.1359479799814,  4.4561488229023,  0.0            
      2078,  0.1284048036223,  4.3511385931962,  0.0            
      2079,  0.1262651172127,  4.2498599102836,  0.0            
      2080,  0.1263444348708,  4.1480683927541,  0.0            
      2081,  0.1286348192918,  4.046110203318 ,  0.0            
      2082,  0.1361040353137,  3.9403167940975,  0.0            
      2083,  0.1523511712753,  3.8321012527721,  0.0            
      2084,  0.1798897138153,  3.7169672736274,  0.0            
      2085,  2.6370202552728,  3.8139849741156,  0.0            
      2086,  2.5982452332675,  3.7345768377352,  0.0            
      2087,  2.5574698731985,  3.6396099506488,  0.0            
      2088,  2.4680403388759,  3.6644755915143,  0.0            
      2089,  2.3727284442692,  3.6816228960652,  0.0            
      2090,  2.2754203456374,  3.6823422730849,  0.0            
      2091,  2.1744190603574,  3.6762893073909,  0.0            
      2092,  2.0714899276561,  3.6687333234103,  0.0            
      2093,  1.9679309326164,  3.6637508959442,  0.0            
      2094,  1.863234968043 ,  3.663269059292 ,  0.0            
      2095,  1.7593631420292,  3.6674397994458,  0.0            
      2096,  1.6554969707581,  3.6740478782116,  0.0            
      2097,  1.5533377017793,  3.6793550491501,  0.0            
      2098,  1.4503611109886,  3.6814640368246,  0.0            
      2099,  1.347651282032 ,  3.6813448791852,  0.0            
      2100,  1.2437092158197,  3.6810633500256,  0.0            
      2101,  1.1356224390705,  3.6824882595336,  0.0            
      2102,  1.0250023248103,  3.6870168436895,  0.0            
      2103,  0.9130996253142,  3.693960251952 ,  0.0            
      2104,  0.2853277593366,  4.6875115222881,  0.0            
      2105,  0.2533842032804,  4.5705383778024,  0.0            
      2106,  0.2334228788965,  4.4599952676954,  0.0            
      2107,  0.2234329925255,  4.3527837841861,  0.0            
      2108,  0.2210282951206,  4.250235669005 ,  0.0            
      2109,  0.2211924834329,  4.147269373419 ,  0.0            
      2110,  0.2238707534677,  4.043916457519 ,  0.0            
      2111,  0.2328553713107,  3.9357809701664,  0.0            
      2112,  0.2526821108612,  3.8244256448923,  0.0            
      2113,  0.2832750065196,  3.7079905039871,  0.0            
      2114,  2.0714116318534,  4.6727501061445,  0.0            
      2115,  1.9559791836817,  4.6805186372468,  0.0            
      2116,  1.8463046091601,  4.6816876133784,  0.0            
      2117,  1.7406212992426,  4.6802579540828,  0.0            
      2118,  1.6325242798488,  4.6806110265075,  0.0            
      2119,  1.52452580794  ,  4.6815695806556,  0.0            
      2120,  1.4166568011452,  4.6813715269248,  0.0            
      2121,  1.3083732943251,  4.6800126765344,  0.0            
      2122,  0.389255690298 ,  4.6894529367575,  0.0            
      2123,  0.3527953395733,  4.5723344022969,  0.0            
      2124,  0.3303733679336,  4.4610292514298,  0.0            
      2125,  0.3181095725295,  4.3531719023226,  0.0            
      2126,  0.3154677979676,  4.2501409586275,  0.0            
      2127,  0.3157910307217,  4.1467430146778,  0.0            
      2128,  0.3189776511797,  4.0428190336404,  0.0            
      2129,  0.3302760016076,  3.9338980655222,  0.0            
      2130,  0.3522048626732,  3.8217000653788,  0.0            
      2131,  0.3869709519299,  3.7051298591757,  0.0            
      2132,  0.4910531461062,  4.6890804428921,  0.0            
      2133,  0.4514540652884,  4.5719406963806,  0.0            
      2134,  0.4266537944719,  4.4605586086091,  0.0            
      2135,  0.4134859042654,  4.3527125564128,  0.0            
      2136,  0.4109134209938,  4.249521493579 ,  0.0            
      2137,  0.4118197796616,  4.1459660076242,  0.0            
      2138,  0.4159768836913,  4.0418906494062,  0.0            
      2139,  0.4294635131119,  3.9330439932701,  0.0            
      2140,  0.4522341887123,  3.820971905793 ,  0.0            
      2141,  0.4891276011254,  3.7046125176376,  0.0            
      2142,  0.695608889581 ,  3.703276950919 ,  0.0            
      2143,  0.5914461630058,  4.6882410593083,  0.0            
      2144,  0.5494814941219,  4.5709605119252,  0.0            
      2145,  0.5217479228115,  4.4595411833752,  0.0            
      2146,  0.508516299844 ,  4.351688450558 ,  0.0            
      2147,  0.5060334774135,  4.24824625277  ,  0.0            
      2148,  0.5078004071799,  4.1443762872163,  0.0            
      2149,  0.5136131849585,  4.0401225348715,  0.0            
      2150,  0.5291698267067,  3.9316023163071,  0.0            
      2151,  0.5535572990264,  3.8200718558562,  0.0            
      2152,  0.5913177468977,  3.7042921334391,  0.0            
      2153,  0.6592038005026,  3.8179327891979,  0.0            
      2154,  0.6321327455927,  3.9285810923857,  0.0            
      2155,  0.6152879318016,  4.0368255002067,  0.0            
      2156,  0.6063697128974,  4.1415288871024,  0.0            
      2157,  0.6028000221253,  4.246169034351 ,  0.0            
      2158,  0.6048242098211,  4.3501208814846,  0.0            
      2159,  0.6187077099778,  4.4582180736892,  0.0            
      2160,  0.6479549969367,  4.5697059984474,  0.0            
      2161,  0.691484730231 ,  4.6871729184601,  0.0            
      2162,  0.7912611489986,  4.685796558555 ,  0.0            
      2163,  0.7465530142654,  4.568138949854 ,  0.0            
      2164,  0.7159347861063,  4.4565813189561,  0.0            
      2165,  0.7013381119603,  4.3480847390684,  0.0            
      2166,  0.6997293980681,  4.2433959146122,  0.0            
      2167,  0.7053155107875,  4.1374684546927,  0.0            
      2168,  0.7181263931395,  4.031777671584 ,  0.0            
      2169,  0.7393891649123,  3.9231392702182,  0.0            
      2170,  0.7682368465999,  3.8132126611228,  0.0            
      2171,  0.8026129167158,  3.7001109770049,  0.0            
      2172,  0.8918995251594,  4.6839507798068,  0.0            
      2173,  0.8467687685288,  4.5661545469805,  0.0            
      2174,  0.8150973188275,  4.454578170876 ,  0.0            
      2175,  0.799666016406 ,  4.345819481371 ,  0.0            
      2176,  0.7984753360912,  4.2402792943666,  0.0            
      2177,  0.8067158520005,  4.132752839467 ,  0.0            
      2178,  0.8246272386648,  4.0253069713052,  0.0            
      2179,  0.8513989574267,  3.9152754771305,  0.0            
      2180,  2.5224001071124,  3.8805331532423,  0.0            
      2181,  2.4950707493852,  3.7711138614509,  0.0            
      2182,  2.3949718291751,  3.8021569529814,  0.0            
      2183,  2.4172636832293,  3.9325276673906,  0.0            
      2184,  2.4393625208756,  4.0733736364086,  0.0            
      2185,  2.2848596508122,  3.7983498752688,  0.0            
      2186,  2.1816434409517,  3.7874262962174,  0.0            
      2187,  2.0743269116684,  3.7739010125677,  0.0            
      2188,  1.9669666975406,  3.7650662611302,  0.0            
      2189,  1.8576196830149,  3.7636140311916,  0.0            
      2190,  1.7489597328626,  3.7699366778511,  0.0            
      2191,  1.639491069637 ,  3.7805947861395,  0.0            
      2192,  1.5329980971622,  3.7893693163491,  0.0            
      2193,  1.4276869465958,  3.7929835663614,  0.0            
      2194,  1.3235196773978,  3.792694953506 ,  0.0            
      2195,  1.2176092038993,  3.7916919300136,  0.0            
      2196,  1.108795683107 ,  3.792597041983 ,  0.0            
      2197,  0.9962256161269,  3.7973311191889,  0.0            
      2198,  0.8820693112566,  3.8053655750709,  0.0            
      2199,  2.2947700381426,  3.9207376834578,  0.0            
      2200,  2.1803226086294,  3.8985682799152,  0.0            
      2201,  2.0702810224676,  3.8815521110904,  0.0            
      2202,  1.9608094752215,  3.8692044043442,  0.0            
      2203,  1.850576824485 ,  3.8668657990575,  0.0            
      2204,  1.7320624583414,  3.8740714498516,  0.0            
      2205,  1.615470751627 ,  3.8889329737699,  0.0            
      2206,  0.9626997293539,  3.9081023491846,  0.0            
      2207,  0.9304489268516,  4.0198319942133,  0.0            
      2208,  0.9089812630006,  4.1290942394756,  0.0            
      2209,  0.8978283339044,  4.2377085148094,  0.0            
      2210,  0.8990156774596,  4.3438779920992,  0.0            
      2211,  0.9155413361291,  4.4524070286142,  0.0            
      2212,  0.948300318417 ,  4.5639725783791,  0.0            
      2213,  0.9933915757094,  4.681745406157 ,  0.0            
      2214,  1.096446478308 ,  4.6797793514372,  0.0            
      2215,  1.0730119522916,  3.9045017863792,  0.0            
      2216,  1.0364006169784,  4.0172979244626,  0.0            
      2217,  1.011190828287 ,  4.1277047381106,  0.0            
      2218,  0.9994242641935,  4.2364632530187,  0.0            
      2219,  1.0003864157864,  4.3429362948224,  0.0            
      2220,  1.0185981283755,  4.4506917216112,  0.0            
      2221,  1.0523690565995,  4.5622984905385,  0.0            
      2222,  1.1801975177128,  3.9046199831914,  0.0            
      2223,  1.1414429407696,  4.0176851370084,  0.0            
      2224,  1.1145068428321,  4.1274985197495,  0.0            
      2225,  1.1021562005842,  4.2366246955356,  0.0            
      2226,  1.1049139520334,  4.3432434476104,  0.0            
      2227,  1.1240843172067,  4.4502288959185,  0.0            
      2228,  1.158991959873 ,  4.5620663116067,  0.0            
      2229,  1.2015758463164,  4.679059336256 ,  0.0            
      2230,  1.2861978257429,  3.9063935233291,  0.0            
      2231,  1.2472157450563,  4.0193102169003,  0.0            
      2232,  1.2196613673438,  4.1288587128443,  0.0            
      2233,  1.207111410938 ,  4.2373994399558,  0.0            
      2234,  1.2111363057132,  4.3441070689962,  0.0            
      2235,  1.2315445923509,  4.4510213246858,  0.0            
      2236,  1.268082596856 ,  4.5632718700603,  0.0            
      2237,  1.8253802712386,  4.5586063086996,  0.0            
      2238,  1.9446200198154,  4.556802577176 ,  0.0            
      2239,  2.0708288679225,  4.5481346074588,  0.0            
      2240,  2.2014797109334,  4.5211793485598,  0.0            
      2241,  1.3786883882658,  4.5640058500082,  0.0            
      2242,  1.3422374807332,  4.4510992299626,  0.0            
      2243,  1.3198704292053,  4.3431140428692,  0.0            
      2244,  1.3157922730922,  4.2362301780472,  0.0            
      2245,  1.3295904873049,  4.1279038454927,  0.0            
      2246,  1.3559547842053,  4.0190994396493,  0.0            
      2247,  1.3924905327412,  3.9067434012298,  0.0            
      2248,  1.5023576389412,  3.9014514972076,  0.0            
      2249,  1.4695734954258,  4.0123401064229,  0.0            
      2250,  1.4439618647676,  4.1203094233611,  0.0            
      2251,  1.4276269635596,  4.2303734287948,  0.0            
      2252,  1.4315100061057,  4.3383953663027,  0.0            
      2253,  1.4537897476593,  4.4479729620032,  0.0            
      2254,  2.2983726772997,  4.0511986865286,  0.0            
      2255,  2.2457005438902,  4.1733284201138,  0.0            
      2256,  2.1918998559801,  4.2897116696267,  0.0            
      2257,  2.1312355213714,  4.4082015763458,  0.0            
      2258,  2.0186232561271,  4.4307493621177,  0.0            
      2259,  1.9071838619281,  4.4385052676164,  0.0            
      2260,  1.7106969961435,  4.5562707068964,  0.0            
      2261,  1.5997641279165,  4.5586060922404,  0.0            
      2262,  1.4891210835496,  4.5623312926404,  0.0            
      2263,  2.1725677790222,  4.01559658554  ,  0.0            
      2264,  2.1409816254074,  4.1247528887219,  0.0            
      2265,  2.1064653676947,  4.2257300659721,  0.0            
      2266,  1.9766211677792,  4.3205240163635,  0.0            
      2267,  1.8756866658681,  4.320523804584 ,  0.0            
      2268,  1.7919481034939,  4.4353519744915,  0.0            
      2269,  1.6778487058975,  4.435238752224 ,  0.0            
      2270,  1.566162007733 ,  4.4423387816867,  0.0            
      2271,  1.5465606772035,  4.3277206376316,  0.0            
      2272,  1.5448028295132,  4.216568746756 ,  0.0            
      2273,  1.5630201887939,  4.1054430040708,  0.0            
      2274,  2.0566954240502,  3.9916893519797,  0.0            
      2275,  2.0277583732571,  4.1013437454324,  0.0            
      2276,  1.9441878640503,  3.9762966661714,  0.0            
      2277,  1.915239898256 ,  4.0857012797626,  0.0            
      2278,  1.8286614410703,  3.9725020607722,  0.0            
      2279,  1.8012391810163,  4.0810811464008,  0.0            
      2280,  1.9978593435297,  4.2131619805847,  0.0            
      2281,  1.8904186240556,  4.200919805413 ,  0.0            
      2282,  1.7780749466659,  4.1947931382155,  0.0            
      2283,  1.7094849604778,  3.9797217898221,  0.0            
      2284,  1.6834798635729,  4.0881756507794,  0.0            
      2285,  1.6609630445722,  4.2015773055919,  0.0            
      2286,  1.5883141378003,  3.9971913534946,  0.0            
      2287,  2.0687618735414,  4.3181656751102,  0.0            
      2288,  1.6582498778524,  4.3183219000667,  0.0            
      2289,  1.7718054888084,  4.3147203418   ,  0.0            
      2290,  2.6330161075754,  3.6269573030329,  0.0            
      2291,  2.6926613668373,  3.6775183575293,  0.0            
      2292,  2.6926613668373,  3.2558116424707,  0.0            
      2293,  2.6330161075754,  3.3063726969671,  0.0            
      2294,  1.7718054888084,  2.6186096582   ,  0.0            
      2295,  1.6582498778524,  2.6150080999333,  0.0            
      2296,  2.0687618735414,  2.6151643248898,  0.0            
      2297,  1.5883141378003,  2.9361386465054,  0.0            
      2298,  1.6609630445722,  2.7317526944081,  0.0            
      2299,  1.6834798635729,  2.8451543492206,  0.0            
      2300,  1.7094849604778,  2.9536082101779,  0.0            
      2301,  1.7780749466659,  2.7385368617845,  0.0            
      2302,  1.8904186240556,  2.732410194587 ,  0.0            
      2303,  1.9978593435297,  2.7201680194153,  0.0            
      2304,  1.8012391810163,  2.8522488535992,  0.0            
      2305,  1.8286614410703,  2.9608279392278,  0.0            
      2306,  1.915239898256 ,  2.8476287202374,  0.0            
      2307,  1.9441878640503,  2.9570333338286,  0.0            
      2308,  2.0277583732571,  2.8319862545676,  0.0            
      2309,  2.0566954240502,  2.9416406480203,  0.0            
      2310,  1.5630201887939,  2.8278869959292,  0.0            
      2311,  1.5448028295132,  2.716761253244 ,  0.0            
      2312,  1.5465606772035,  2.6056093623684,  0.0            
      2313,  1.566162007733 ,  2.4909912183133,  0.0            
      2314,  1.6778487058975,  2.498091247776 ,  0.0            
      2315,  1.7919481034939,  2.4979780255085,  0.0            
      2316,  1.8756866658681,  2.612806195416 ,  0.0            
      2317,  1.9766211677792,  2.6128059836365,  0.0            
      2318,  2.1064653676947,  2.7075999340279,  0.0            
      2319,  2.1409816254074,  2.8085771112781,  0.0            
      2320,  2.1725677790222,  2.91773341446  ,  0.0            
      2321,  1.4891210835496,  2.3709987073596,  0.0            
      2322,  1.5997641279165,  2.3747239077596,  0.0            
      2323,  1.7106969961435,  2.3770592931036,  0.0            
      2324,  1.9071838619281,  2.4948247323836,  0.0            
      2325,  2.0186232561271,  2.5025806378823,  0.0            
      2326,  2.1312355213714,  2.5251284236542,  0.0            
      2327,  2.1918998559801,  2.6436183303733,  0.0            
      2328,  2.2457005438902,  2.7600015798862,  0.0            
      2329,  2.2983726772997,  2.8821313134714,  0.0            
      2330,  1.4537897476593,  2.4853570379968,  0.0            
      2331,  1.4315100061057,  2.5949346336973,  0.0            
      2332,  1.4276269635596,  2.7029565712052,  0.0            
      2333,  1.4439618647676,  2.8130205766389,  0.0            
      2334,  1.4695734954258,  2.9209898935771,  0.0            
      2335,  1.5023576389412,  3.0318785027924,  0.0            
      2336,  1.3924905327412,  3.0265865987702,  0.0            
      2337,  1.3559547842053,  2.9142305603507,  0.0            
      2338,  1.3295904873049,  2.8054261545073,  0.0            
      2339,  1.3157922730922,  2.6970998219528,  0.0            
      2340,  1.3198704292053,  2.5902159571307,  0.0            
      2341,  1.3422374807332,  2.4822307700374,  0.0            
      2342,  1.3786883882658,  2.3693241499918,  0.0            
      2343,  2.2014797109334,  2.4121506514402,  0.0            
      2344,  2.0708288679225,  2.3851953925412,  0.0            
      2345,  1.9446200198154,  2.376527422824 ,  0.0            
      2346,  1.8253802712386,  2.3747236913004,  0.0            
      2347,  1.268082596856 ,  2.3700581299397,  0.0            
      2348,  1.2315445923509,  2.4823086753142,  0.0            
      2349,  1.2111363057132,  2.5892229310038,  0.0            
      2350,  1.207111410938 ,  2.6959305600442,  0.0            
      2351,  1.2196613673438,  2.8044712871557,  0.0            
      2352,  1.2472157450563,  2.9140197830997,  0.0            
      2353,  1.2861978257429,  3.0269364766709,  0.0            
      2354,  1.2015758463164,  2.254270663744 ,  0.0            
      2355,  1.158991959873 ,  2.3712636883933,  0.0            
      2356,  1.1240843172067,  2.4831011040815,  0.0            
      2357,  1.1049139520334,  2.5900865523896,  0.0            
      2358,  1.1021562005842,  2.6967053044644,  0.0            
      2359,  1.1145068428321,  2.8058314802505,  0.0            
      2360,  1.1414429407696,  2.9156448629916,  0.0            
      2361,  1.1801975177128,  3.0287100168086,  0.0            
      2362,  1.0523690565995,  2.3710315094615,  0.0            
      2363,  1.0185981283755,  2.4826382783888,  0.0            
      2364,  1.0003864157864,  2.5903937051776,  0.0            
      2365,  0.9994242641935,  2.6968667469813,  0.0            
      2366,  1.011190828287 ,  2.8056252618894,  0.0            
      2367,  1.0364006169784,  2.9160320755374,  0.0            
      2368,  1.0730119522916,  3.0288282136208,  0.0            
      2369,  1.096446478308 ,  2.2535506485628,  0.0            
      2370,  0.9933915757094,  2.251584593843 ,  0.0            
      2371,  0.948300318417 ,  2.3693574216209,  0.0            
      2372,  0.9155413361291,  2.4809229713858,  0.0            
      2373,  0.8990156774596,  2.5894520079008,  0.0            
      2374,  0.8978283339044,  2.6956214851906,  0.0            
      2375,  0.9089812630006,  2.8042357605244,  0.0            
      2376,  0.9304489268516,  2.9134980057867,  0.0            
      2377,  0.9626997293539,  3.0252276508154,  0.0            
      2378,  1.615470751627 ,  3.0443970262301,  0.0            
      2379,  1.7320624583414,  3.0592585501484,  0.0            
      2380,  1.850576824485 ,  3.0664642009425,  0.0            
      2381,  1.9608094752215,  3.0641255956558,  0.0            
      2382,  2.0702810224676,  3.0517778889096,  0.0            
      2383,  2.1803226086294,  3.0347617200848,  0.0            
      2384,  2.2947700381426,  3.0125923165422,  0.0            
      2385,  0.8820693112566,  3.1279644249291,  0.0            
      2386,  0.9962256161269,  3.1359988808111,  0.0            
      2387,  1.108795683107 ,  3.140732958017 ,  0.0            
      2388,  1.2176092038993,  3.1416380699864,  0.0            
      2389,  1.3235196773978,  3.140635046494 ,  0.0            
      2390,  1.4276869465958,  3.1403464336386,  0.0            
      2391,  1.5329980971622,  3.1439606836509,  0.0            
      2392,  1.639491069637 ,  3.1527352138605,  0.0            
      2393,  1.7489597328626,  3.1633933221489,  0.0            
      2394,  1.8576196830149,  3.1697159688084,  0.0            
      2395,  1.9669666975406,  3.1682637388698,  0.0            
      2396,  2.0743269116684,  3.1594289874323,  0.0            
      2397,  2.1816434409517,  3.1459037037826,  0.0            
      2398,  2.2848596508122,  3.1349801247312,  0.0            
      2399,  2.4393625208756,  2.8599563635914,  0.0            
      2400,  2.4172636832293,  3.0008023326094,  0.0            
      2401,  2.3949718291751,  3.1311730470186,  0.0            
      2402,  2.4950707493852,  3.1622161385491,  0.0            
      2403,  2.5224001071124,  3.0527968467577,  0.0            
      2404,  0.8513989574267,  3.0180545228695,  0.0            
      2405,  0.8246272386648,  2.9080230286948,  0.0            
      2406,  0.8067158520005,  2.800577160533 ,  0.0            
      2407,  0.7984753360912,  2.6930507056334,  0.0            
      2408,  0.799666016406 ,  2.587510518629 ,  0.0            
      2409,  0.8150973188275,  2.478751829124 ,  0.0            
      2410,  0.8467687685288,  2.3671754530195,  0.0            
      2411,  0.8918995251594,  2.2493792201932,  0.0            
      2412,  0.8026129167158,  3.2332190229951,  0.0            
      2413,  0.7682368465999,  3.1201173388772,  0.0            
      2414,  0.7393891649123,  3.0101907297818,  0.0            
      2415,  0.7181263931395,  2.901552328416 ,  0.0            
      2416,  0.7053155107875,  2.7958615453073,  0.0            
      2417,  0.6997293980681,  2.6899340853878,  0.0            
      2418,  0.7013381119603,  2.5852452609316,  0.0            
      2419,  0.7159347861063,  2.4767486810439,  0.0            
      2420,  0.7465530142654,  2.365191050146 ,  0.0            
      2421,  0.7912611489986,  2.247533441445 ,  0.0            
      2422,  0.691484730231 ,  2.2461570815399,  0.0            
      2423,  0.6479549969367,  2.3636240015526,  0.0            
      2424,  0.6187077099778,  2.4751119263108,  0.0            
      2425,  0.6048242098211,  2.5832091185154,  0.0            
      2426,  0.6028000221253,  2.687160965649 ,  0.0            
      2427,  0.6063697128974,  2.7918011128976,  0.0            
      2428,  0.6152879318016,  2.8965044997933,  0.0            
      2429,  0.6321327455927,  3.0047489076143,  0.0            
      2430,  0.6592038005025,  3.1153972108021,  0.0            
      2431,  0.5913177468977,  3.2290378665609,  0.0            
      2432,  0.5535572990264,  3.1132581441438,  0.0            
      2433,  0.5291698267067,  3.0017276836929,  0.0            
      2434,  0.5136131849585,  2.8932074651285,  0.0            
      2435,  0.5078004071799,  2.7889537127837,  0.0            
      2436,  0.5060334774135,  2.68508374723  ,  0.0            
      2437,  0.508516299844 ,  2.581641549442 ,  0.0            
      2438,  0.5217479228115,  2.4737888166248,  0.0            
      2439,  0.5494814941219,  2.3623694880748,  0.0            
      2440,  0.5914461630057,  2.2450889406917,  0.0            
      2441,  0.695608889581 ,  3.230053049081 ,  0.0            
      2442,  0.4891276011254,  3.2287174823624,  0.0            
      2443,  0.4522341887123,  3.112358094207 ,  0.0            
      2444,  0.4294635131119,  3.0002860067299,  0.0            
      2445,  0.4159768836913,  2.8914393505938,  0.0            
      2446,  0.4118197796616,  2.7873639923758,  0.0            
      2447,  0.4109134209938,  2.683808506421 ,  0.0            
      2448,  0.4134859042654,  2.5806174435872,  0.0            
      2449,  0.4266537944719,  2.4727713913909,  0.0            
      2450,  0.4514540652884,  2.3613893036194,  0.0            
      2451,  0.4910531461062,  2.2442495571078,  0.0            
      2452,  0.3869709519299,  3.2282001408243,  0.0            
      2453,  0.3522048626732,  3.1116299346212,  0.0            
      2454,  0.3302760016076,  2.9994319344778,  0.0            
      2455,  0.3189776511797,  2.8905109663596,  0.0            
      2456,  0.3157910307217,  2.7865869853222,  0.0            
      2457,  0.3154677979676,  2.6831890413725,  0.0            
      2458,  0.3181095725295,  2.5801580976774,  0.0            
      2459,  0.3303733679336,  2.4723007485702,  0.0            
      2460,  0.3527953395733,  2.3609955977031,  0.0            
      2461,  0.389255690298 ,  2.2438770632425,  0.0            
      2462,  1.3083732943251,  2.2533173234656,  0.0            
      2463,  1.4166568011452,  2.2519584730752,  0.0            
      2464,  1.52452580794  ,  2.2517604193444,  0.0            
      2465,  1.6325242798488,  2.2527189734925,  0.0            
      2466,  1.7406212992426,  2.2530720459172,  0.0            
      2467,  1.8463046091601,  2.2516423866216,  0.0            
      2468,  1.9559791836817,  2.2528113627532,  0.0            
      2469,  2.0714116318534,  2.2605798938555,  0.0            
      2470,  0.2832750065196,  3.2253394960129,  0.0            
      2471,  0.2526821108612,  3.1089043551077,  0.0            
      2472,  0.2328553713107,  2.9975490298336,  0.0            
      2473,  0.2238707534677,  2.889413542481 ,  0.0            
      2474,  0.2211924834329,  2.786060626581 ,  0.0            
      2475,  0.2210282951206,  2.683094330995 ,  0.0            
      2476,  0.2234329925255,  2.5805462158139,  0.0            
      2477,  0.2334228788965,  2.4733347323046,  0.0            
      2478,  0.2533842032804,  2.3627916221976,  0.0            
      2479,  0.2853277593366,  2.2458184777119,  0.0            
      2480,  0.9130996253142,  3.239369748048 ,  0.0            
      2481,  1.0250023248103,  3.2463131563105,  0.0            
      2482,  1.1356224390705,  3.2508417404664,  0.0            
      2483,  1.2437092158197,  3.2522666499744,  0.0            
      2484,  1.3476512820319,  3.2519851208148,  0.0            
      2485,  1.4503611109886,  3.2518659631754,  0.0            
      2486,  1.5533377017793,  3.2539749508499,  0.0            
      2487,  1.6554969707581,  3.2592821217884,  0.0            
      2488,  1.7593631420292,  3.2658902005542,  0.0            
      2489,  1.863234968043 ,  3.270060940708 ,  0.0            
      2490,  1.9679309326164,  3.2695791040558,  0.0            
      2491,  2.0714899276561,  3.2645966765897,  0.0            
      2492,  2.1744190603574,  3.2570406926091,  0.0            
      2493,  2.2754203456374,  3.2509877269151,  0.0            
      2494,  2.3727284442692,  3.2517071039348,  0.0            
      2495,  2.4680403388759,  3.2688544084857,  0.0            
      2496,  2.5574698731985,  3.2937200493512,  0.0            
      2497,  2.5982452332675,  3.1987531622648,  0.0            
      2498,  2.6370202552728,  3.1193450258844,  0.0            
      2499,  0.1798897138153,  3.2163627263726,  0.0            
      2500,  0.1523511712753,  3.1012287472279,  0.0            
      2501,  0.1361040353137,  2.9930132059025,  0.0            
      2502,  0.1286348192918,  2.887219796682 ,  0.0            
      2503,  0.1263444348707,  2.7852616072459,  0.0            
      2504,  0.1262651172127,  2.6834700897164,  0.0            
      2505,  0.1284048036223,  2.5821914068038,  0.0            
      2506,  0.1359479799814,  2.4771811770977,  0.0            
      2507,  0.1528213107795,  2.3696851713438,  0.0            
      2508,  0.1804985955244,  2.2541167272538,  0.0            
      2509,  2.7520395776218,  3.1925247022051,  0.0            
      2510,  0.0820064693952,  2.1755102274935,  0.0            
      2511,  0.0678498222852,  2.2785402403718,  0.0            
      2512,  0.0504750993559,  2.3812424417911,  0.0            
      2513,  0.0389577419655,  2.4830965878253,  0.0            
      2514,  0.0337203989147,  2.5846623892055,  0.0            
      2515,  0.032163693339 ,  2.6841704839591,  0.0            
      2516,  0.0322188536729,  2.7842419074149,  0.0            
      2517,  0.0338817718702,  2.8843301448235,  0.0            
      2518,  0.03908153925  ,  2.9866159738666,  0.0            
      2519,  0.0501826100862,  3.0892098980124,  0.0            
      2520,  0.0668153899409,  3.1918321978016,  0.0            
      2521,  0.0802534231181,  3.2943298450918,  0.0            
      2522,  -0.035432031883,  3.279408258568 ,  0.0            
      2523,  -0.041448614953,  3.178801615213 ,  0.0            
      2524,  -0.050672715557,  3.0807636969475,  0.0            
      2525,  -0.05759051007 ,  2.981597080466 ,  0.0            
      2526,  -0.060953424847,  2.882000975406 ,  0.0            
      2527,  -0.062087132626,  2.7833763608159,  0.0            
      2528,  -0.062129640471,  2.6848111496735,  0.0            
      2529,  -0.061084605822,  2.5867073385152,  0.0            
      2530,  -0.057746755711,  2.4878124559171,  0.0            
      2531,  -0.050639558672,  2.389397839877 ,  0.0            
      2532,  -0.040987750537,  2.2914767771837,  0.0            
      2533,  -0.035570539849,  2.1906949707148,  0.0            
      2534,  -0.140228989751,  2.1977809014382,  0.0            
      2535,  -0.144826755247,  2.2951692393404,  0.0            
      2536,  -0.150174408169,  2.3926947315262,  0.0            
      2537,  -0.153813640579,  2.4900836924224,  0.0            
      2538,  -0.155453385639,  2.5877520619945,  0.0            
      2539,  -0.155954127662,  2.6851474506913,  0.0            
      2540,  -0.155921583832,  2.7828880903755,  0.0            
      2541,  -0.155356468703,  2.8807690276681,  0.0            
      2542,  -0.153698332862,  2.9791145770168,  0.0            
      2543,  -0.150197166689,  3.0772289344053,  0.0            
      2544,  -0.145182366309,  3.1749093876172,  0.0            
      2545,  -0.140840903623,  3.2718882587393,  0.0            
      2546,  -0.24073338535 ,  3.2717202164298,  0.0            
      2547,  -0.244175628144,  3.1741134750869,  0.0            
      2548,  -0.247064723133,  3.0762178215009,  0.0            
      2549,  -0.248885850879,  2.9782607335133,  0.0            
      2550,  -0.249732043868,  2.8803021292204,  0.0            
      2551,  -0.25002640386 ,  2.782676196534 ,  0.0            
      2552,  -0.250063642873,  2.6852116949077,  0.0            
      2553,  -0.249844863409,  2.5880296492354,  0.0            
      2554,  -0.249044986427,  2.4907009005535,  0.0            
      2555,  -0.247157766318,  2.3934184668425,  0.0            
      2556,  -0.244024581933,  2.2956839350875,  0.0            
      2557,  -0.240315713984,  2.1976978706917,  0.0            
      2558,  -0.339143850793,  3.2718218048208,  0.0            
      2559,  -0.34148264518 ,  3.1739824227672,  0.0            
      2560,  -0.342987018978,  3.0759540711041,  0.0            
      2561,  -0.3437280091  ,  2.978009341123 ,  0.0            
      2562,  -0.344016372838,  2.8801527851473,  0.0            
      2563,  -0.344119368647,  2.7825563313599,  0.0            
      2564,  -0.344161641046,  2.6850953806062,  0.0            
      2565,  -0.344139393917,  2.5878543472266,  0.0            
      2566,  -0.343893181102,  2.4905065457856,  0.0            
      2567,  -0.34308686985 ,  2.3930966476689,  0.0            
      2568,  -0.341356691555,  2.2952040402797,  0.0            
      2569,  -0.338750869732,  2.1970603648106,  0.0            
      2570,  3.0663740757734,  3.2467506767919,  0.0            
      2571,  2.1841114990782,  2.2789515601792,  0.0            
      2572,  2.2858290413365,  2.5780298075162,  0.0            
      2573,  2.3545444987363,  2.6943514007207,  0.0            
      2574,  2.5565818475266,  2.9418930666363,  0.0            
      2575,  2.6753166594004,  3.0289251795148,  0.0            
      2576,  2.8033751047505,  3.1109846219376,  0.0            
      2577,  2.9141532949986,  3.1849818063728,  0.0            
      2578,  -0.43631098425 ,  3.2717277464408,  0.0            
      2579,  -0.437467041174,  3.1738386105688,  0.0            
      2580,  -0.438164794611,  3.0758367256334,  0.0            
      2581,  -0.438490621227,  2.9779191770523,  0.0            
      2582,  -0.438617936798,  2.8800887296225,  0.0            
      2583,  -0.438671512188,  2.7824174763502,  0.0            
      2584,  -0.438707441649,  2.6848302919651,  0.0            
      2585,  -0.438721705052,  2.5873591453773,  0.0            
      2586,  -0.438630191993,  2.489813771348 ,  0.0            
      2587,  -0.438267714255,  2.3921836277902,  0.0            
      2588,  3.1310735083616,  3.3512770606603,  0.0            
      2589,  3.0502299106721,  3.3846495424062,  0.0            
      2590,  2.9703619877674,  3.3391560225629,  0.0            
      2591,  3.2001617337291,  3.2689322275313,  0.0            
      2592,  2.8389084418814,  3.2934670563336,  0.0            
      2593,  2.7523357990228,  3.3361856700429,  0.0            
      2594,  2.6572856171456,  3.3816110037866,  0.0            
      2595,  2.5613739733454,  3.3804358163507,  0.0            
      2596,  2.4646838753749,  3.3674497028557,  0.0            
      2597,  2.3661050092424,  3.3622894692075,  0.0            
      2598,  2.2685093223912,  3.3610531364321,  0.0            
      2599,  2.1693518715397,  3.363430315211 ,  0.0            
      2600,  2.0687306638654,  3.3666094911499,  0.0            
      2601,  1.9674227852507,  3.3686990630278,  0.0            
      2602,  1.865614055192 ,  3.3688223017196,  0.0            
      2603,  1.7642463825417,  3.3669511408269,  0.0            
      2604,  1.6631975893335,  3.3640532834043,  0.0            
      2605,  1.5628456361377,  3.3616993574002,  0.0            
      2606,  1.4623305222289,  3.3606969397027,  0.0            
      2607,  1.3608817519874,  3.3605275144828,  0.0            
      2608,  1.2580928602766,  3.3602751421351,  0.0            
      2609,  1.1532299105522,  3.3589982617634,  0.0            
      2610,  1.0474869291766,  3.3561061289881,  0.0            
      2611,  0.9413120871998,  3.3521257779196,  0.0            
      2612,  0.8365418984987,  3.3488437781223,  0.0            
      2613,  0.732431331071 ,  3.3473394276131,  0.0            
      2614,  0.6302878392456,  3.3469383382328,  0.0            
      2615,  0.5283267424415,  3.346756558696 ,  0.0            
      2616,  0.426170423595 ,  3.3462604892729,  0.0            
      2617,  0.3200239153022,  3.3440196755947,  0.0            
      2618,  0.2069196138734,  3.3340040692011,  0.0            
      2619,  0.1444624324521,  3.3927208186319,  0.0            
      2620,  0.059069446648 ,  3.3817686331572,  0.0            
      2621,  -0.038315631947,  3.3701482806571,  0.0            
      2622,  -0.137936544112,  3.3691693300335,  0.0            
      2623,  -0.237167910093,  3.3692810328072,  0.0            
      2624,  -0.336291538575,  3.3694383835637,  0.0            
      2625,  -0.434866221747,  3.3693944525551,  0.0            
      2626,  3.2318641533783,  3.3680026692524,  0.0            
      2627,  3.3492330311364,  3.3719593392707,  0.0            
      2628,  -0.437428107825,  2.2942492608123,  0.0            
      2629,  -0.436086044946,  2.1961877892756,  0.0            
      2630,  -0.434576194126,  2.0980109778158,  0.0            
      2631,  -0.335866472586,  2.0985085467666,  0.0            
      2632,  -0.236750891458,  2.0989614268669,  0.0            
      2633,  -0.137423606985,  2.0992138804911,  0.0            
      2634,  -0.038595780552,  2.0991799679206,  0.0            
      2635,  0.059172515093 ,  2.0867334412468,  0.0            
      2636,  0.1452814554944,  2.0755746568937,  0.0            
      2637,  0.2085406234014,  2.1352003516028,  0.0            
      2638,  0.3220076949112,  2.1254994432484,  0.0            
      2639,  0.4283386285514,  2.1238602200498,  0.0            
      2640,  0.5314285889585,  2.1238264130482,  0.0            
      2641,  0.6327843156936,  2.1241463485836,  0.0            
      2642,  0.7334351246533,  2.1246917869634,  0.0            
      2643,  0.8336629526533,  2.1254946576619,  0.0            
      2644,  0.9332772862571,  2.1265908870738,  0.0            
      2645,  1.0323368499187,  2.1278657058379,  0.0            
      2646,  1.1345986497985,  2.1289553351689,  0.0            
      2647,  1.2388299906565,  2.1292596063443,  0.0            
      2648,  1.342889463364 ,  2.1285831983729,  0.0            
      2649,  1.4461896740064,  2.127714039708 ,  0.0            
      2650,  1.5501041738401,  2.1274778882923,  0.0            
      2651,  1.6541833372737,  2.1277320984007,  0.0            
      2652,  1.7581450134826,  2.1276215339218,  0.0            
      2653,  1.8630056464522,  2.1267354403975,  0.0            
      2654,  1.9639579883227,  2.1269679305122,  0.0            
      2655,  2.073729816709 ,  2.1325736535813,  0.0            
      2656,  2.1759945654179,  2.138205603453 ,  0.0            
      2657,  3.3332066162211,  3.2802137657733,  0.0            
      2661,  3.3493363400161,  3.466665       ,  0.0            
      2662,  3.2339259182977,  3.466665       ,  0.0            
      2663,  3.135563131999 ,  3.466665       ,  0.0            
      2664,  3.05318339934  ,  3.466665       ,  0.0            
      2665,  2.9747628946532,  3.466665       ,  0.0            
      2666,  2.8577303472958,  3.466665       ,  0.0            
      2667,  2.76667        ,  3.466665       ,  0.0            
      2668,  2.66667        ,  3.466665       ,  0.0            
      2669,  2.56667        ,  3.466665       ,  0.0            
      2670,  2.46667        ,  3.466665       ,  0.0            
      2671,  2.36667        ,  3.466665       ,  0.0            
      2672,  2.26667        ,  3.466665       ,  0.0            
      2673,  2.16667        ,  3.466665       ,  0.0            
      2674,  2.06667        ,  3.466665       ,  0.0            
      2675,  1.96667        ,  3.466665       ,  0.0            
      2676,  1.86667        ,  3.466665       ,  0.0            
      2677,  1.76667        ,  3.466665       ,  0.0            
      2678,  1.66667        ,  3.466665       ,  0.0            
      2679,  1.56667        ,  3.466665       ,  0.0            
      2680,  1.46667        ,  3.466665       ,  0.0            
      2681,  1.36667        ,  3.466665       ,  0.0            
      2682,  1.26667        ,  3.466665       ,  0.0            
      2683,  1.16667        ,  3.466665       ,  0.0            
      2684,  1.0619756079602,  3.466665       ,  0.0            
      2685,  0.9610173029919,  3.466665       ,  0.0            
      2686,  0.8595309470626,  3.466665       ,  0.0            
      2687,  0.7575154306099,  3.466665       ,  0.0            
      2688,  0.656675485541 ,  3.466665       ,  0.0            
      2689,  0.5557331898218,  3.466665       ,  0.0            
      2690,  0.4538395220713,  3.466665       ,  0.0            
      2691,  0.3489900100112,  3.466665       ,  0.0            
      2692,  0.2459807980682,  3.466665       ,  0.0            
      2693,  0.1662849975524,  3.466665       ,  0.0            
      2694,  0.06667        ,  3.466665       ,  0.0            
      2695,  -0.03333       ,  3.466665       ,  0.0            
      2696,  -0.13333       ,  3.466665       ,  0.0            
      2697,  -0.23333       ,  3.466665       ,  0.0            
      2698,  -0.33333       ,  3.466665       ,  0.0            
      2699,  -0.43333       ,  3.466665       ,  0.0            
      2700,  -0.53333       ,  3.466665       ,  0.0            
      2701,  -0.53333       ,  3.3688873333333,  0.0            
      2702,  -0.53333       ,  3.2711096666667,  0.0            
      2703,  -0.53333       ,  3.173332       ,  0.0            
      2704,  -0.53333       ,  3.0755543333333,  0.0            
      2705,  -0.53333       ,  2.9777766666667,  0.0            
      2706,  -0.53333       ,  2.879999       ,  0.0            
      2707,  -0.53333       ,  2.7822213333333,  0.0            
      2708,  -0.53333       ,  2.6844436666667,  0.0            
      2709,  -0.53333       ,  2.586666       ,  0.0            
      2710,  -0.53333       ,  2.4888883333333,  0.0            
      2711,  -0.53333       ,  2.3911106666667,  0.0            
      2712,  -0.53333       ,  2.293333       ,  0.0            
      2713,  -0.53333       ,  2.1955553333333,  0.0            
      2714,  -0.53333       ,  2.0977776666667,  0.0            
      2715,  -0.53333       ,  2.0            ,  0.0            
      2716,  -0.43333       ,  2.0            ,  0.0            
      2717,  -0.33333       ,  2.0            ,  0.0            
      2718,  -0.23333       ,  2.0            ,  0.0            
      2719,  -0.13333       ,  2.0            ,  0.0            
      2720,  -0.03333       ,  2.0            ,  0.0            
      2721,  0.06667        ,  2.0            ,  0.0            
      2722,  0.1728069872938,  2.0            ,  0.0            
      2723,  0.2578004238244,  2.0            ,  0.0            
      2724,  0.3588403213541,  2.0            ,  0.0            
      2725,  0.4643994845473,  2.0            ,  0.0            
      2726,  0.5661323860866,  2.0            ,  0.0            
      2727,  0.6661315184347,  2.0            ,  0.0            
      2728,  0.7638874888223,  2.0            ,  0.0            
      2729,  0.8633479839763,  2.0            ,  0.0            
      2730,  0.9585185672441,  2.0            ,  0.0            
      2731,  1.0560130185236,  2.0            ,  0.0            
      2732,  1.1574018748535,  2.0            ,  0.0            
      2733,  1.2591303640653,  2.0            ,  0.0            
      2734,  1.3614402996091,  2.0            ,  0.0            
      2735,  1.4637655314804,  2.0            ,  0.0            
      2736,  1.56667        ,  2.0            ,  0.0            
      2737,  1.66667        ,  2.0            ,  0.0            
      2738,  1.76667        ,  2.0            ,  0.0            
      2739,  1.86667        ,  2.0            ,  0.0            
      2740,  1.96667        ,  2.0            ,  0.0            
      2741,  2.06667        ,  2.0            ,  0.0            
      2742,  2.16667        ,  2.0            ,  0.0            
      2743,  3.3331989611126,  3.7417616805646,  0.0            
      2744,  3.2013951833213,  3.7634165053818,  0.0            
      2745,  3.0720381243666,  3.8040760010556,  0.0            
      2746,  2.947718649797 ,  3.8547446390548,  0.0            
      2747,  2.8301131893542,  3.917260960926 ,  0.0            
      2748,  2.7184822377695,  3.9951322210384,  0.0            
      2749,  2.6190798742472,  4.0838638509051,  0.0            
      2750,  2.5284722210384,  4.1851422377695,  0.0            
      2751,  2.4514251579574,  4.2948915081816,  0.0            
      2752,  2.3855073585171,  4.4126695130589,  0.0            
      2753,  2.33401000363  ,  4.5369951256538,  0.0            
      2754,  2.2967565053818,  4.6663048792524,  0.0            
      2755,  2.2793323369189,  4.8011297861547,  0.0            
      2756,  2.26667        ,  4.93333        ,  0.0            
      2758,  3.3920270905741,  4.2708558558793,  0.0            
      2759,  3.3183228590431,  4.2833787084974,  0.0            
      2760,  3.2464841788826,  4.3040750757166,  0.0            
      2761,  3.1774144631774,  4.332684688711 ,  0.0            
      2762,  3.1119823036778,  4.3688477649973,  0.0            
      2763,  3.051010547754 ,  4.412109532909 ,  0.0            
      2764,  2.9952659506135,  4.4619259506135,  0.0            
      2765,  2.945449532909 ,  4.517670547754 ,  0.0            
      2766,  2.9021877649973,  4.5786423036778,  0.0            
      2767,  2.866024688711 ,  4.6440744631774,  0.0            
      2768,  2.8374150757166,  4.7131441788826,  0.0            
      2769,  2.8167187084974,  4.7849828590431,  0.0            
      2770,  2.8041958558793,  4.8586870905741,  0.0            
      2771,  2.800004       ,  4.93333        ,  0.0            
      2772,  2.6933372      ,  4.93333        ,  0.0            
      2773,  2.5866704      ,  4.93333        ,  0.0            
      2774,  2.4800036      ,  4.93333        ,  0.0            
      2775,  2.3733368      ,  4.93333        ,  0.0            
      2780,  2.6940037304026,  4.1606637304026,  0.0            
      2781,  2.7691815050679,  4.2358415050679,  0.0            
      2782,  2.8440219051219,  4.3106819051219,  0.0            
      2783,  2.9191721011648,  4.3858321011648,  0.0            
      2784,  2.6954732324027,  4.318321100249 ,  0.0            
      2785,  2.6314632065489,  4.4085347891811,  0.0            
      2786,  2.577956390721 ,  4.5053480823824,  0.0            
      2787,  2.5356256641734,  4.6075434965187,  0.0            
      2788,  2.5050033603534,  4.713835864962 ,  0.0            
      2789,  2.486449991845 ,  4.8229223008909,  0.0            
      2790,  2.4821676975085,  4.4592186789625,  0.0            
      2791,  2.6123509196503,  4.2520332678066,  0.0            
      2792,  2.5414416670208,  4.3519705069155,  0.0            
      2793,  2.4013515317372,  4.6901780114717,  0.0            
      2794,  2.4352744156716,  4.5724290759574,  0.0            
      2795,  2.3808153660511,  4.8109896412114,  0.0            
      2796,  2.7690687674608,  4.5973829523603,  0.0            
      2797,  2.6733152138917,  4.5512704713008,  0.0            
      2798,  2.8110692727767,  4.5213887603526,  0.0            
      2799,  2.8613143376258,  4.4505749684473,  0.0            
      2800,  2.7210807572381,  4.4648452284349,  0.0            
      2801,  2.7782225179131,  4.3843114533926,  0.0            
      2802,  2.6972840493268,  4.8466134832992,  0.0            
      2803,  2.7118038360244,  4.7610367240347,  0.0            
      2804,  2.7358410024018,  4.6776018734131,  0.0            
      2805,  2.608190031607 ,  4.7373875493196,  0.0            
      2806,  2.5916882809715,  4.8347623856753,  0.0            
      2807,  2.6355265672959,  4.6425003344162,  0.0            
      2808,  3.3562623008909,  3.953109991845 ,  0.0            
      2809,  3.247175864962 ,  3.9716633603534,  0.0            
      2810,  3.1408834965187,  4.0022856641734,  0.0            
      2811,  3.0386880823824,  4.044616390721 ,  0.0            
      2812,  2.9418747891811,  4.0981232065489,  0.0            
      2813,  2.851661100249 ,  4.1621332324027,  0.0            
      2814,  3.1057690759574,  3.9019344156716,  0.0            
      2815,  3.3443296412114,  3.8474753660511,  0.0            
      2816,  3.2235180114717,  3.8680115317372,  0.0            
      2817,  2.8853105069155,  4.0081016670208,  0.0            
      2818,  2.9925586789625,  3.9488276975085,  0.0            
      2819,  2.7853732678066,  4.0790109196503,  0.0            
      2820,  3.2109418734131,  4.2025010024018,  0.0            
      2821,  3.1758403344162,  4.1021865672959,  0.0            
      2822,  3.2943767240347,  4.1784638360244,  0.0            
      2823,  3.3799534832992,  4.1639440493268,  0.0            
      2824,  3.2707275493196,  4.074850031607 ,  0.0            
      2825,  3.3681023856753,  4.0583482809715,  0.0            
      2826,  2.9839149684473,  4.3279743376258,  0.0            
      2827,  3.0547287603526,  4.2777292727767,  0.0            
      2828,  3.1307229523603,  4.2357287674608,  0.0            
      2829,  2.9981852284349,  4.1877407572381,  0.0            
      2830,  2.9176514533926,  4.2448825179131,  0.0            
      2831,  3.0846104713008,  4.1399752138917,  0.0            
      2832,  3.0846104713008,  2.7933547861083,  0.0            
      2833,  2.9176514533926,  2.6884474820869,  0.0            
      2834,  2.9981852284349,  2.7455892427619,  0.0            
      2835,  3.1307229523603,  2.6976012325392,  0.0            
      2836,  3.0547287603526,  2.6556007272233,  0.0            
      2837,  2.9839149684473,  2.6053556623742,  0.0            
      2838,  3.3681023856753,  2.8749817190285,  0.0            
      2839,  3.2707275493196,  2.858479968393 ,  0.0            
      2840,  3.3799534832992,  2.7693859506732,  0.0            
      2841,  3.2943767240347,  2.7548661639756,  0.0            
      2842,  3.1758403344162,  2.8311434327041,  0.0            
      2843,  3.2109418734131,  2.7308289975982,  0.0            
      2844,  2.7853732678066,  2.8543190803497,  0.0            
      2845,  2.9925586789625,  2.9845023024915,  0.0            
      2846,  2.8853105069155,  2.9252283329792,  0.0            
      2847,  3.2235180114717,  3.0653184682628,  0.0            
      2848,  3.3443296412114,  3.0858546339489,  0.0            
      2849,  3.1057690759574,  3.0313955843284,  0.0            
      2850,  2.851661100249 ,  2.7711967675973,  0.0            
      2851,  2.9418747891811,  2.8352067934511,  0.0            
      2852,  3.0386880823824,  2.888713609279 ,  0.0            
      2853,  3.1408834965187,  2.9310443358266,  0.0            
      2854,  3.247175864962 ,  2.9616666396466,  0.0            
      2855,  3.3562623008909,  2.980220008155 ,  0.0            
      2856,  2.6355265672959,  2.2908296655838,  0.0            
      2857,  2.5916882809715,  2.0985676143247,  0.0            
      2858,  2.608190031607 ,  2.1959424506804,  0.0            
      2859,  2.7358410024018,  2.2557281265869,  0.0            
      2860,  2.7118038360244,  2.1722932759653,  0.0            
      2861,  2.6972840493268,  2.0867165167008,  0.0            
      2862,  2.7782225179131,  2.5490185466074,  0.0            
      2863,  2.7210807572381,  2.4684847715651,  0.0            
      2864,  2.8613143376258,  2.4827550315527,  0.0            
      2865,  2.8110692727767,  2.4119412396474,  0.0            
      2866,  2.6733152138917,  2.3820595286992,  0.0            
      2867,  2.7690687674608,  2.3359470476397,  0.0            
      2868,  2.3808153660511,  2.1223403587886,  0.0            
      2869,  2.4352744156716,  2.3609009240426,  0.0            
      2870,  2.4013515317372,  2.2431519885283,  0.0            
      2871,  2.5414416670208,  2.5813594930845,  0.0            
      2872,  2.6123509196503,  2.6812967321934,  0.0            
      2873,  2.4821676975085,  2.4741113210375,  0.0            
      2874,  2.486449991845 ,  2.1104076991091,  0.0            
      2875,  2.5050033603534,  2.219494135038 ,  0.0            
      2876,  2.5356256641734,  2.3257865034813,  0.0            
      2877,  2.577956390721 ,  2.4279819176176,  0.0            
      2878,  2.6314632065489,  2.5247952108189,  0.0            
      2879,  2.6954732324027,  2.615008899751 ,  0.0            
      2880,  2.9191721011648,  2.5474978988352,  0.0            
      2881,  2.8440219051219,  2.6226480948781,  0.0            
      2882,  2.7691815050679,  2.6974884949321,  0.0            
      2883,  2.6940037304026,  2.7726662695974,  0.0            
      2888,  2.3733368      ,  2.0            ,  0.0            
      2889,  2.4800036      ,  2.0            ,  0.0            
      2890,  2.5866704      ,  2.0            ,  0.0            
      2891,  2.6933372      ,  2.0            ,  0.0            
      2892,  2.800004       ,  2.0            ,  0.0            
      2893,  2.8041958558793,  2.0746429094259,  0.0            
      2894,  2.8167187084974,  2.1483471409569,  0.0            
      2895,  2.8374150757166,  2.2201858211174,  0.0            
      2896,  2.866024688711 ,  2.2892555368226,  0.0            
      2897,  2.9021877649973,  2.3546876963222,  0.0            
      2898,  2.945449532909 ,  2.415659452246 ,  0.0            
      2899,  2.9952659506135,  2.4714040493865,  0.0            
      2900,  3.051010547754 ,  2.521220467091 ,  0.0            
      2901,  3.1119823036778,  2.5644822350027,  0.0            
      2902,  3.1774144631774,  2.600645311289 ,  0.0            
      2903,  3.2464841788826,  2.6292549242834,  0.0            
      2904,  3.3183228590431,  2.6499512915026,  0.0            
      2905,  3.3920270905741,  2.6624741441207,  0.0            
      2907,  2.26667        ,  2.0            ,  0.0            
      2908,  2.2793323369189,  2.1322002138453,  0.0            
      2909,  2.2967565053818,  2.2670251207476,  0.0            
      2910,  2.33401000363  ,  2.3963348743462,  0.0            
      2911,  2.3855073585171,  2.5206604869411,  0.0            
      2912,  2.4514251579574,  2.6384384918184,  0.0            
      2913,  2.5284722210384,  2.7481877622305,  0.0            
      2914,  2.6190798742472,  2.8494661490949,  0.0            
      2915,  2.7184822377695,  2.9381977789616,  0.0            
      2916,  2.8301131893542,  3.016069039074 ,  0.0            
      2917,  2.947718649797 ,  3.0785853609452,  0.0            
      2918,  3.0720381243666,  3.1292539989444,  0.0            
      2919,  3.2013951833212,  3.1699134946182,  0.0            
      2920,  3.3331989611126,  3.1915683194354,  0.0            
      2921,  3.733335       ,  3.3777766666667,  0.0            
      2922,  3.733335       ,  3.2888883333333,  0.0            
      2923,  3.733335       ,  3.466665       ,  0.0            
      2924,  3.733335       ,  3.2            ,  0.0            
      2925,  3.733335       ,  3.6444416666667,  0.0            
      2926,  3.733335       ,  3.5555533333333,  0.0            
      2927,  3.733335       ,  3.73333        ,  0.0            
      2928,  3.733335       ,  3.8399968      ,  0.0            
      2929,  3.733335       ,  3.9466636      ,  0.0            
      2930,  3.733335       ,  4.0533304      ,  0.0            
      2931,  3.733335       ,  4.266664       ,  0.0            
      2932,  3.733335       ,  4.1599972      ,  0.0            
      2933,  3.733335       ,  3.0933332      ,  0.0            
      2934,  3.733335       ,  2.9866664      ,  0.0            
      2935,  3.733335       ,  2.8799996      ,  0.0            
      2936,  3.733335       ,  2.666666       ,  0.0            
      2937,  3.733335       ,  2.7733328      ,  0.0            
*ELEMENT,TYPE=S4
         1,         4,         5,         3,         1
         2,        12,         4,         1,        11
         3,         1,         3,        20,        21
         4,        11,         1,        21,        22
         5,         6,        49,        50,         2
         6,         5,         6,         2,         3
         7,         2,        50,        51,        19
         8,         3,         2,        19,        20
         9,         4,        12,        72,        71
        10,         5,         4,        71,        70
        11,         6,         5,        70,        69
        12,        49,         6,        69,        68
        13,         9,        10,         8,         7
        14,        53,         9,         7,        54
        15,         7,         8,        23,        24
        16,        54,         7,        24,        55
        17,        11,         8,        10,        12
        18,        22,        23,         8,        11
        19,         9,        53,        75,        74
        20,        10,         9,        74,        73
        21,        12,        10,        73,        72
        22,        13,        52,       765,       766
        23,        19,        51,        52,        13
        24,        15,        13,       766,       767
        25,        20,        19,        13,        15
        26,        14,        15,       767,       768
        27,        21,        20,        15,        14
        28,        18,        14,       768,       769
        29,        22,        21,        14,        18
        30,        16,        18,       769,       770
        31,        23,        22,        18,        16
        32,        17,        16,       770,       771
        33,        24,        23,        16,        17
        34,        56,        17,       771,       772
        35,        55,        24,        17,        56
        36,        28,        29,        27,        25
        37,        36,        28,        25,        35
        38,        25,        27,        44,        45
        39,        35,        25,        45,        46
        40,        30,        60,        59,        26
        41,        29,        30,        26,        27
        42,        26,        59,        58,        43
        43,        27,        26,        43,        44
        44,        28,        36,        65,        64
        45,        29,        28,        64,        63
        46,        30,        29,        63,        62
        47,        60,        30,        62,        61
        48,        33,        34,        32,        31
        49,        49,        33,        31,        50
        50,        31,        32,        47,        48
        51,        50,        31,        48,        51
        52,        35,        32,        34,        36
        53,        46,        47,        32,        35
        54,        33,        49,        68,        67
        55,        34,        33,        67,        66
        56,        36,        34,        66,        65
        57,        37,        57,       758,       759
        58,        43,        58,        57,        37
        59,        39,        37,       759,       760
        60,        44,        43,        37,        39
        61,        38,        39,       760,       761
        62,        45,        44,        39,        38
        63,        42,        38,       761,       762
        64,        46,        45,        38,        42
        65,        40,        42,       762,       763
        66,        47,        46,        42,        40
        67,        41,        40,       763,       764
        68,        48,        47,        40,        41
        69,        52,        41,       764,       765
        70,        51,        48,        41,        52
      2055,      2935,      2937,      1799,      1796
      2054,      2937,      2935,      1797,      1801
      2053,      2937,      2936,      1785,      1799
      2052,      2936,      2937,      1801,      1784
      2051,      2924,      2933,      1803,      1792
      2050,      2933,      2924,      1793,      1808
      2049,      2935,      2934,      1810,      1797
      2048,      2934,      2935,      1796,      1804
      2047,      2934,      2933,      1808,      1810
      2046,      2933,      2934,      1804,      1803
      2045,      2930,      2932,      1831,      1828
      2044,      2932,      2930,      1829,      1833
      2043,      2932,      2931,      1817,      1831
      2042,      2931,      2932,      1833,      1816
      2041,      2927,      2928,      1835,      1824
      2040,      2928,      2927,      1825,      1840
      2039,      2930,      2929,      1842,      1829
      2038,      2929,      2930,      1828,      1836
      2037,      2929,      2928,      1840,      1842
      2036,      2928,      2929,      1836,      1835
      2035,      2923,      2926,      1875,      1872
      2034,      2926,      2923,      1863,      1862
      2033,      2925,      2927,      1824,      1876
      2032,      2927,      2925,      1861,      1825
      2031,      2926,      2925,      1876,      1875
      2030,      2925,      2926,      1862,      1861
      2029,      2924,      2922,      1879,      1793
      2028,      2922,      2924,      1792,      1865
      2023,      2828,      2827,      2829,      2831
      2022,      2820,      2828,      2831,      2821
      2021,      2831,      2829,      2812,      2811
      2020,      2821,      2831,      2811,      2810
      2019,      2826,      2783,      2782,      2830
      2018,      2827,      2826,      2830,      2829
      2017,      2830,      2782,      2781,      2813
      2016,      2829,      2830,      2813,      2812
      2015,      2828,      2820,      2760,      2761
      2014,      2827,      2828,      2761,      2762
      2013,      2826,      2827,      2762,      2763
      2012,      2783,      2826,      2763,      2764
      2011,      2823,      2822,      2824,      2825
      2010,      1814,      2823,      2825,      1813
      2009,      2825,      2824,      2809,      2808
      2008,      1813,      2825,      2808,      1812
      2007,      2821,      2824,      2822,      2820
      2006,      2810,      2809,      2824,      2821
      2005,      2823,      1814,      1776,      2758
      2004,      2822,      2823,      2758,      2759
      2003,      2820,      2822,      2759,      2760
      2002,      2819,      2780,      2749,      2748
      2001,      2813,      2781,      2780,      2819
      2000,      2817,      2819,      2748,      2747
      1999,      2812,      2813,      2819,      2817
      1998,      2818,      2817,      2747,      2746
      1997,      2811,      2812,      2817,      2818
      1996,      2814,      2818,      2746,      2745
      1995,      2810,      2811,      2818,      2814
      1994,      2816,      2814,      2745,      2744
      1993,      2809,      2810,      2814,      2816
      1992,      2815,      2816,      2744,      2743
      1991,      2808,      2809,      2816,      2815
      1990,      1811,      2815,      2743,      1778
      1989,      1812,      2808,      2815,      1811
      1988,      2804,      2803,      2805,      2807
      1987,      2796,      2804,      2807,      2797
      1986,      2807,      2805,      2788,      2787
      1985,      2797,      2807,      2787,      2786
      1984,      2802,      2772,      2773,      2806
      1983,      2803,      2802,      2806,      2805
      1982,      2806,      2773,      2774,      2789
      1981,      2805,      2806,      2789,      2788
      1980,      2804,      2796,      2767,      2768
      1979,      2803,      2804,      2768,      2769
      1978,      2802,      2803,      2769,      2770
      1977,      2772,      2802,      2770,      2771
      1976,      2799,      2798,      2800,      2801
      1975,      2783,      2799,      2801,      2782
      1974,      2801,      2800,      2785,      2784
      1973,      2782,      2801,      2784,      2781
      1972,      2797,      2800,      2798,      2796
      1971,      2786,      2785,      2800,      2797
      1970,      2799,      2783,      2764,      2765
      1969,      2798,      2799,      2765,      2766
      1968,      2796,      2798,      2766,      2767
      1967,      2795,      2775,      2756,      2755
      1966,      2789,      2774,      2775,      2795
      1965,      2793,      2795,      2755,      2754
      1964,      2788,      2789,      2795,      2793
      1963,      2794,      2793,      2754,      2753
      1962,      2787,      2788,      2793,      2794
      1961,      2790,      2794,      2753,      2752
      1960,      2786,      2787,      2794,      2790
      1959,      2792,      2790,      2752,      2751
      1958,      2785,      2786,      2790,      2792
      1957,      2791,      2792,      2751,      2750
      1956,      2784,      2785,      2792,      2791
      1955,      2780,      2791,      2750,      2749
      1954,      2781,      2784,      2791,      2780
      1953,      1847,      2657,      2920,      1777
      1952,      2908,      2656,      2742,      2907
      1951,      2656,      2655,      2741,      2742
      1950,      2655,      2654,      2740,      2741
      1949,      2654,      2653,      2739,      2740
      1948,      2653,      2652,      2738,      2739
      1947,      2652,      2651,      2737,      2738
      1946,      2651,      2650,      2736,      2737
      1945,      2650,      2649,      2735,      2736
      1944,      2649,      2648,      2734,      2735
      1943,      2648,      2647,      2733,      2734
      1942,      2647,      2646,      2732,      2733
      1941,      2646,      2645,      2731,      2732
      1940,      2645,      2644,      2730,      2731
      1939,      2644,      2643,      2729,      2730
      1938,      2643,      2642,      2728,      2729
      1937,      2642,      2641,      2727,      2728
      1936,      2641,      2640,      2726,      2727
      1935,      2640,      2639,      2725,      2726
      1934,      2639,      2638,      2724,      2725
      1933,      2638,      2637,      2723,      2724
      1932,      2637,      2636,      2722,      2723
      1931,      2636,      2635,      2721,      2722
      1930,      2635,      2634,      2720,      2721
      1929,      2634,      2633,      2719,      2720
      1928,      2633,      2632,      2718,      2719
      1927,      2632,      2631,      2717,      2718
      1926,      2631,      2630,      2716,      2717
      1925,      2630,      2714,      2715,      2716
      1924,      2630,      2629,      2713,      2714
      1923,      2629,      2628,      2712,      2713
      1922,      1848,      2627,      2657,      1847
      1921,      2661,      2627,      1848,      1849
      1920,      2662,      2626,      2627,      2661
      1919,      2701,      2625,      2699,      2700
      1918,      2625,      2624,      2698,      2699
      1917,      2624,      2623,      2697,      2698
      1916,      2623,      2622,      2696,      2697
      1915,      2622,      2621,      2695,      2696
      1914,      2621,      2620,      2694,      2695
      1913,      2620,      2619,      2693,      2694
      1912,      2619,      2618,      2692,      2693
      1911,      2618,      2617,      2691,      2692
      1910,      2617,      2616,      2690,      2691
      1909,      2616,      2615,      2689,      2690
      1908,      2615,      2614,      2688,      2689
      1907,      2614,      2613,      2687,      2688
      1906,      2613,      2612,      2686,      2687
      1905,      2612,      2611,      2685,      2686
      1904,      2611,      2610,      2684,      2685
      1903,      2610,      2609,      2683,      2684
      1902,      2609,      2608,      2682,      2683
      1901,      2608,      2607,      2681,      2682
      1900,      2607,      2606,      2680,      2681
      1899,      2606,      2605,      2679,      2680
      1898,      2605,      2604,      2678,      2679
      1897,      2604,      2603,      2677,      2678
      1896,      2603,      2602,      2676,      2677
      1895,      2602,      2601,      2675,      2676
      1894,      2601,      2600,      2674,      2675
      1893,      2600,      2599,      2673,      2674
      1892,      2599,      2598,      2672,      2673
      1891,      2598,      2597,      2671,      2672
      1890,      2597,      2596,      2670,      2671
      1889,      2596,      2595,      2669,      2670
      1888,      2595,      2594,      2668,      2669
      1887,      2594,      2593,      2667,      2668
      1886,      2593,      2592,      2666,      2667
      1885,      2657,      2591,      2919,      2920
      1884,      2592,      2590,      2665,      2666
      1883,      2590,      2589,      2664,      2665
      1882,      2589,      2588,      2663,      2664
      1881,      2588,      2626,      2662,      2663
      1880,      2628,      2587,      2711,      2712
      1879,      2587,      2586,      2710,      2711
      1878,      2586,      2585,      2709,      2710
      1877,      2585,      2584,      2708,      2709
      1876,      2584,      2583,      2707,      2708
      1875,      2583,      2582,      2706,      2707
      1874,      2582,      2581,      2705,      2706
      1873,      2581,      2580,      2704,      2705
      1872,      2580,      2579,      2703,      2704
      1871,      2579,      2578,      2702,      2703
      1870,      2578,      2625,      2701,      2702
      1869,      2909,      2571,      2656,      2908
      1868,      2591,      2570,      2918,      2919
      1867,      2570,      2577,      2917,      2918
      1866,      2577,      2576,      2916,      2917
      1865,      2576,      2575,      2915,      2916
      1864,      2575,      2574,      2914,      2915
      1863,      2574,      2399,      2913,      2914
      1862,      2399,      2573,      2912,      2913
      1861,      2573,      2572,      2911,      2912
      1860,      2572,      2343,      2910,      2911
      1859,      2343,      2571,      2909,      2910
      1858,      2626,      2591,      2657,      2627
      1857,      2588,      2570,      2591,      2626
      1856,      2589,      2590,      2570,      2588
      1855,      2590,      2592,      2577,      2570
      1854,      2631,      2569,      2629,      2630
      1853,      2569,      2568,      2628,      2629
      1852,      2568,      2567,      2587,      2628
      1851,      2567,      2566,      2586,      2587
      1850,      2566,      2565,      2585,      2586
      1849,      2565,      2564,      2584,      2585
      1848,      2564,      2563,      2583,      2584
      1847,      2563,      2562,      2582,      2583
      1846,      2562,      2561,      2581,      2582
      1845,      2561,      2560,      2580,      2581
      1844,      2560,      2559,      2579,      2580
      1843,      2559,      2558,      2578,      2579
      1842,      2558,      2624,      2625,      2578
      1841,      2632,      2557,      2569,      2631
      1840,      2557,      2556,      2568,      2569
      1839,      2556,      2555,      2567,      2568
      1838,      2555,      2554,      2566,      2567
      1837,      2554,      2553,      2565,      2566
      1836,      2553,      2552,      2564,      2565
      1835,      2552,      2551,      2563,      2564
      1834,      2551,      2550,      2562,      2563
      1833,      2550,      2549,      2561,      2562
      1832,      2549,      2548,      2560,      2561
      1831,      2548,      2547,      2559,      2560
      1830,      2547,      2546,      2558,      2559
      1829,      2546,      2623,      2624,      2558
      1828,      2546,      2545,      2622,      2623
      1827,      2547,      2544,      2545,      2546
      1826,      2548,      2543,      2544,      2547
      1825,      2549,      2542,      2543,      2548
      1824,      2550,      2541,      2542,      2549
      1823,      2551,      2540,      2541,      2550
      1822,      2552,      2539,      2540,      2551
      1821,      2553,      2538,      2539,      2552
      1820,      2554,      2537,      2538,      2553
      1819,      2555,      2536,      2537,      2554
      1818,      2556,      2535,      2536,      2555
      1817,      2557,      2534,      2535,      2556
      1816,      2633,      2534,      2557,      2632
      1815,      2634,      2533,      2534,      2633
      1814,      2533,      2532,      2535,      2534
      1813,      2532,      2531,      2536,      2535
      1812,      2531,      2530,      2537,      2536
      1811,      2530,      2529,      2538,      2537
      1810,      2529,      2528,      2539,      2538
      1809,      2528,      2527,      2540,      2539
      1808,      2527,      2526,      2541,      2540
      1807,      2526,      2525,      2542,      2541
      1806,      2525,      2524,      2543,      2542
      1805,      2524,      2523,      2544,      2543
      1804,      2523,      2522,      2545,      2544
      1803,      2522,      2621,      2622,      2545
      1802,      2522,      2521,      2620,      2621
      1801,      2523,      2520,      2521,      2522
      1800,      2524,      2519,      2520,      2523
      1799,      2525,      2518,      2519,      2524
      1798,      2526,      2517,      2518,      2525
      1797,      2527,      2516,      2517,      2526
      1796,      2528,      2515,      2516,      2527
      1795,      2529,      2514,      2515,      2528
      1794,      2530,      2513,      2514,      2529
      1793,      2531,      2512,      2513,      2530
      1792,      2532,      2511,      2512,      2531
      1791,      2533,      2510,      2511,      2532
      1790,      2635,      2510,      2533,      2634
      1789,      2592,      2509,      2576,      2577
      1788,      2292,      2509,      2592,      2593
      1787,      2636,      2637,      2510,      2635
      1786,      2637,      2508,      2511,      2510
      1785,      2508,      2507,      2512,      2511
      1784,      2507,      2506,      2513,      2512
      1783,      2506,      2505,      2514,      2513
      1782,      2505,      2504,      2515,      2514
      1781,      2504,      2503,      2516,      2515
      1780,      2503,      2502,      2517,      2516
      1779,      2502,      2501,      2518,      2517
      1778,      2501,      2500,      2519,      2518
      1777,      2500,      2499,      2520,      2519
      1776,      2499,      2618,      2521,      2520
      1775,      2618,      2619,      2620,      2521
      1774,      2509,      2498,      2575,      2576
      1773,      2292,      2497,      2498,      2509
      1772,      2595,      2496,      2293,      2594
      1771,      2596,      2495,      2496,      2595
      1770,      2597,      2494,      2495,      2596
      1769,      2598,      2493,      2494,      2597
      1768,      2599,      2492,      2493,      2598
      1767,      2600,      2491,      2492,      2599
      1766,      2601,      2490,      2491,      2600
      1765,      2602,      2489,      2490,      2601
      1764,      2603,      2488,      2489,      2602
      1763,      2604,      2487,      2488,      2603
      1762,      2605,      2486,      2487,      2604
      1761,      2606,      2485,      2486,      2605
      1760,      2607,      2484,      2485,      2606
      1759,      2608,      2483,      2484,      2607
      1758,      2609,      2482,      2483,      2608
      1757,      2610,      2481,      2482,      2609
      1756,      2611,      2480,      2481,      2610
      1755,      2612,      2412,      2480,      2611
      1754,      2613,      2441,      2412,      2612
      1753,      2614,      2431,      2441,      2613
      1752,      2615,      2442,      2431,      2614
      1751,      2616,      2452,      2442,      2615
      1750,      2617,      2470,      2452,      2616
      1749,      2618,      2499,      2470,      2617
      1748,      2479,      2478,      2507,      2508
      1747,      2478,      2477,      2506,      2507
      1746,      2477,      2476,      2505,      2506
      1745,      2476,      2475,      2504,      2505
      1744,      2475,      2474,      2503,      2504
      1743,      2474,      2473,      2502,      2503
      1742,      2473,      2472,      2501,      2502
      1741,      2472,      2471,      2500,      2501
      1740,      2471,      2470,      2499,      2500
      1739,      2571,      2469,      2655,      2656
      1738,      2469,      2468,      2654,      2655
      1737,      2468,      2467,      2653,      2654
      1736,      2467,      2466,      2652,      2653
      1735,      2466,      2465,      2651,      2652
      1734,      2465,      2464,      2650,      2651
      1733,      2464,      2463,      2649,      2650
      1732,      2463,      2462,      2648,      2649
      1731,      2462,      2354,      2647,      2648
      1730,      2354,      2369,      2646,      2647
      1729,      2369,      2370,      2645,      2646
      1728,      2370,      2411,      2644,      2645
      1727,      2411,      2421,      2643,      2644
      1726,      2421,      2422,      2642,      2643
      1725,      2422,      2440,      2641,      2642
      1724,      2440,      2451,      2640,      2641
      1723,      2451,      2461,      2639,      2640
      1722,      2461,      2479,      2638,      2639
      1721,      2479,      2508,      2637,      2638
      1720,      2461,      2460,      2478,      2479
      1719,      2460,      2459,      2477,      2478
      1718,      2459,      2458,      2476,      2477
      1717,      2458,      2457,      2475,      2476
      1716,      2457,      2456,      2474,      2475
      1715,      2456,      2455,      2473,      2474
      1714,      2455,      2454,      2472,      2473
      1713,      2454,      2453,      2471,      2472
      1712,      2453,      2452,      2470,      2471
      1711,      2451,      2450,      2460,      2461
      1710,      2450,      2449,      2459,      2460
      1709,      2449,      2448,      2458,      2459
      1708,      2448,      2447,      2457,      2458
      1707,      2447,      2446,      2456,      2457
      1706,      2446,      2445,      2455,      2456
      1705,      2445,      2444,      2454,      2455
      1704,      2444,      2443,      2453,      2454
      1703,      2443,      2442,      2452,      2453
      1702,      2440,      2439,      2450,      2451
      1701,      2439,      2438,      2449,      2450
      1700,      2438,      2437,      2448,      2449
      1699,      2437,      2436,      2447,      2448
      1698,      2436,      2435,      2446,      2447
      1697,      2435,      2434,      2445,      2446
      1696,      2434,      2433,      2444,      2445
      1695,      2433,      2432,      2443,      2444
      1694,      2432,      2431,      2442,      2443
      1693,      2432,      2430,      2441,      2431
      1692,      2433,      2429,      2430,      2432
      1691,      2434,      2428,      2429,      2433
      1690,      2435,      2427,      2428,      2434
      1689,      2436,      2426,      2427,      2435
      1688,      2437,      2425,      2426,      2436
      1687,      2438,      2424,      2425,      2437
      1686,      2439,      2423,      2424,      2438
      1685,      2440,      2422,      2423,      2439
      1684,      2421,      2420,      2423,      2422
      1683,      2420,      2419,      2424,      2423
      1682,      2419,      2418,      2425,      2424
      1681,      2418,      2417,      2426,      2425
      1680,      2417,      2416,      2427,      2426
      1679,      2416,      2415,      2428,      2427
      1678,      2415,      2414,      2429,      2428
      1677,      2414,      2413,      2430,      2429
      1676,      2413,      2412,      2441,      2430
      1675,      2411,      2410,      2420,      2421
      1674,      2410,      2409,      2419,      2420
      1673,      2409,      2408,      2418,      2419
      1672,      2408,      2407,      2417,      2418
      1671,      2407,      2406,      2416,      2417
      1670,      2406,      2405,      2415,      2416
      1669,      2405,      2404,      2414,      2415
      1668,      2404,      2385,      2413,      2414
      1667,      2385,      2480,      2412,      2413
      1666,      2498,      2403,      2574,      2575
      1665,      2497,      2402,      2403,      2498
      1664,      2495,      2402,      2497,      2496
      1663,      2494,      2401,      2402,      2495
      1662,      2401,      2400,      2403,      2402
      1661,      2400,      2399,      2574,      2403
      1660,      2493,      2398,      2401,      2494
      1659,      2492,      2397,      2398,      2493
      1658,      2491,      2396,      2397,      2492
      1657,      2490,      2395,      2396,      2491
      1656,      2489,      2394,      2395,      2490
      1655,      2488,      2393,      2394,      2489
      1654,      2487,      2392,      2393,      2488
      1653,      2486,      2391,      2392,      2487
      1652,      2485,      2390,      2391,      2486
      1651,      2484,      2389,      2390,      2485
      1650,      2483,      2388,      2389,      2484
      1649,      2482,      2387,      2388,      2483
      1648,      2481,      2386,      2387,      2482
      1647,      2480,      2385,      2386,      2481
      1646,      2398,      2384,      2400,      2401
      1645,      2397,      2383,      2384,      2398
      1644,      2396,      2382,      2383,      2397
      1643,      2395,      2381,      2382,      2396
      1642,      2394,      2380,      2381,      2395
      1641,      2393,      2379,      2380,      2394
      1640,      2392,      2378,      2379,      2393
      1639,      2391,      2335,      2378,      2392
      1638,      2390,      2336,      2335,      2391
      1637,      2389,      2353,      2336,      2390
      1636,      2388,      2361,      2353,      2389
      1635,      2387,      2368,      2361,      2388
      1634,      2386,      2377,      2368,      2387
      1633,      2385,      2404,      2377,      2386
      1632,      2405,      2376,      2377,      2404
      1631,      2406,      2375,      2376,      2405
      1630,      2407,      2374,      2375,      2406
      1629,      2408,      2373,      2374,      2407
      1628,      2409,      2372,      2373,      2408
      1627,      2410,      2371,      2372,      2409
      1626,      2411,      2370,      2371,      2410
      1625,      2376,      2367,      2368,      2377
      1624,      2375,      2366,      2367,      2376
      1623,      2374,      2365,      2366,      2375
      1622,      2373,      2364,      2365,      2374
      1621,      2372,      2363,      2364,      2373
      1620,      2371,      2362,      2363,      2372
      1619,      2370,      2369,      2362,      2371
      1618,      2367,      2360,      2361,      2368
      1617,      2366,      2359,      2360,      2367
      1616,      2365,      2358,      2359,      2366
      1615,      2364,      2357,      2358,      2365
      1614,      2363,      2356,      2357,      2364
      1613,      2362,      2355,      2356,      2363
      1612,      2369,      2354,      2355,      2362
      1611,      2360,      2352,      2353,      2361
      1610,      2359,      2351,      2352,      2360
      1609,      2358,      2350,      2351,      2359
      1608,      2357,      2349,      2350,      2358
      1607,      2356,      2348,      2349,      2357
      1606,      2355,      2347,      2348,      2356
      1605,      2354,      2462,      2347,      2355
      1604,      2463,      2342,      2347,      2462
      1603,      2464,      2321,      2342,      2463
      1602,      2465,      2322,      2321,      2464
      1601,      2466,      2323,      2322,      2465
      1600,      2467,      2346,      2323,      2466
      1599,      2468,      2345,      2346,      2467
      1598,      2469,      2344,      2345,      2468
      1597,      2571,      2343,      2344,      2469
      1596,      2342,      2341,      2348,      2347
      1595,      2341,      2340,      2349,      2348
      1594,      2340,      2339,      2350,      2349
      1593,      2339,      2338,      2351,      2350
      1592,      2338,      2337,      2352,      2351
      1591,      2337,      2336,      2353,      2352
      1590,      2337,      2334,      2335,      2336
      1589,      2338,      2333,      2334,      2337
      1588,      2339,      2332,      2333,      2338
      1587,      2340,      2331,      2332,      2339
      1586,      2341,      2330,      2331,      2340
      1585,      2342,      2321,      2330,      2341
      1584,      2384,      2329,      2399,      2400
      1583,      2329,      2328,      2573,      2399
      1582,      2328,      2327,      2572,      2573
      1581,      2327,      2326,      2343,      2572
      1580,      2326,      2325,      2344,      2343
      1579,      2325,      2324,      2345,      2344
      1578,      2324,      2315,      2346,      2345
      1577,      2383,      2320,      2329,      2384
      1576,      2320,      2319,      2328,      2329
      1575,      2319,      2318,      2327,      2328
      1574,      2318,      2296,      2326,      2327
      1573,      2296,      2317,      2325,      2326
      1572,      2317,      2316,      2324,      2325
      1571,      2315,      2314,      2323,      2346
      1570,      2314,      2313,      2322,      2323
      1569,      2313,      2330,      2321,      2322
      1568,      2313,      2312,      2331,      2330
      1567,      2312,      2311,      2332,      2331
      1566,      2311,      2310,      2333,      2332
      1565,      2310,      2297,      2334,      2333
      1564,      2297,      2378,      2335,      2334
      1563,      2382,      2309,      2320,      2383
      1562,      2309,      2308,      2319,      2320
      1561,      2381,      2307,      2309,      2382
      1560,      2307,      2306,      2308,      2309
      1559,      2380,      2305,      2307,      2381
      1558,      2305,      2304,      2306,      2307
      1557,      2308,      2303,      2318,      2319
      1556,      2306,      2302,      2303,      2308
      1555,      2304,      2301,      2302,      2306
      1554,      2379,      2300,      2305,      2380
      1553,      2300,      2299,      2304,      2305
      1552,      2299,      2298,      2301,      2304
      1551,      2378,      2297,      2300,      2379
      1550,      2297,      2310,      2299,      2300
      1549,      2316,      2317,      2303,      2302
      1548,      2317,      2296,      2318,      2303
      1547,      2311,      2298,      2299,      2310
      1546,      2295,      2294,      2301,      2298
      1545,      2294,      2316,      2302,      2301
      1544,      2294,      2315,      2324,      2316
      1543,      2295,      2314,      2315,      2294
      1542,      2312,      2295,      2298,      2311
      1541,      2312,      2313,      2314,      2295
      1540,      2497,      2292,      2293,      2496
      1539,      2594,      2293,      2292,      2593
      1538,      1989,      1990,      2291,      2290
      1537,      2086,      2087,      2290,      2291
      1536,      2271,      2288,      2269,      2270
      1535,      2271,      2272,      2285,      2288
      1534,      2288,      2289,      2268,      2269
      1533,      2289,      2267,      2259,      2268
      1532,      2289,      2282,      2281,      2267
      1531,      2288,      2285,      2282,      2289
      1530,      2272,      2273,      2284,      2285
      1529,      2266,      2280,      2265,      2287
      1528,      2267,      2281,      2280,      2266
      1527,      2286,      2283,      2284,      2273
      1526,      2205,      2204,      2283,      2286
      1525,      2284,      2279,      2282,      2285
      1524,      2283,      2278,      2279,      2284
      1523,      2204,      2203,      2278,      2283
      1522,      2279,      2277,      2281,      2282
      1521,      2277,      2275,      2280,      2281
      1520,      2275,      2264,      2265,      2280
      1519,      2278,      2276,      2277,      2279
      1518,      2203,      2202,      2276,      2278
      1517,      2276,      2274,      2275,      2277
      1516,      2202,      2201,      2274,      2276
      1515,      2274,      2263,      2264,      2275
      1514,      2201,      2200,      2263,      2274
      1513,      2286,      2249,      2248,      2205
      1512,      2273,      2250,      2249,      2286
      1511,      2272,      2251,      2250,      2273
      1510,      2271,      2252,      2251,      2272
      1509,      2270,      2253,      2252,      2271
      1508,      2270,      2261,      2262,      2253
      1507,      2269,      2260,      2261,      2270
      1506,      2268,      2237,      2260,      2269
      1505,      2266,      2258,      2259,      2267
      1504,      2287,      2257,      2258,      2266
      1503,      2265,      2256,      2257,      2287
      1502,      2264,      2255,      2256,      2265
      1501,      2263,      2254,      2255,      2264
      1500,      2200,      2199,      2254,      2263
      1499,      2259,      2238,      2237,      2268
      1498,      2258,      2239,      2238,      2259
      1497,      2257,      2240,      2239,      2258
      1496,      2256,      2011,      2240,      2257
      1495,      2255,      2010,      2011,      2256
      1494,      2254,      2184,      2010,      2255
      1493,      2199,      2183,      2184,      2254
      1492,      2241,      2242,      2253,      2262
      1491,      2242,      2243,      2252,      2253
      1490,      2243,      2244,      2251,      2252
      1489,      2244,      2245,      2250,      2251
      1488,      2245,      2246,      2249,      2250
      1487,      2246,      2247,      2248,      2249
      1486,      2246,      2231,      2230,      2247
      1485,      2245,      2232,      2231,      2246
      1484,      2244,      2233,      2232,      2245
      1483,      2243,      2234,      2233,      2244
      1482,      2242,      2235,      2234,      2243
      1481,      2241,      2236,      2235,      2242
      1480,      2012,      2114,      2239,      2240
      1479,      2114,      2115,      2238,      2239
      1478,      2115,      2116,      2237,      2238
      1477,      2116,      2117,      2260,      2237
      1476,      2117,      2118,      2261,      2260
      1475,      2118,      2119,      2262,      2261
      1474,      2119,      2120,      2241,      2262
      1473,      2120,      2121,      2236,      2241
      1472,      2229,      2228,      2236,      2121
      1471,      2228,      2227,      2235,      2236
      1470,      2227,      2226,      2234,      2235
      1469,      2226,      2225,      2233,      2234
      1468,      2225,      2224,      2232,      2233
      1467,      2224,      2223,      2231,      2232
      1466,      2223,      2222,      2230,      2231
      1465,      2214,      2221,      2228,      2229
      1464,      2221,      2220,      2227,      2228
      1463,      2220,      2219,      2226,      2227
      1462,      2219,      2218,      2225,      2226
      1461,      2218,      2217,      2224,      2225
      1460,      2217,      2216,      2223,      2224
      1459,      2216,      2215,      2222,      2223
      1458,      2213,      2212,      2221,      2214
      1457,      2212,      2211,      2220,      2221
      1456,      2211,      2210,      2219,      2220
      1455,      2210,      2209,      2218,      2219
      1454,      2209,      2208,      2217,      2218
      1453,      2208,      2207,      2216,      2217
      1452,      2207,      2206,      2215,      2216
      1451,      2172,      2173,      2212,      2213
      1450,      2173,      2174,      2211,      2212
      1449,      2174,      2175,      2210,      2211
      1448,      2175,      2176,      2209,      2210
      1447,      2176,      2177,      2208,      2209
      1446,      2177,      2178,      2207,      2208
      1445,      2178,      2179,      2206,      2207
      1444,      2198,      2197,      2206,      2179
      1443,      2197,      2196,      2215,      2206
      1442,      2196,      2195,      2222,      2215
      1441,      2195,      2194,      2230,      2222
      1440,      2194,      2193,      2247,      2230
      1439,      2193,      2192,      2248,      2247
      1438,      2192,      2191,      2205,      2248
      1437,      2191,      2190,      2204,      2205
      1436,      2190,      2189,      2203,      2204
      1435,      2189,      2188,      2202,      2203
      1434,      2188,      2187,      2201,      2202
      1433,      2187,      2186,      2200,      2201
      1432,      2186,      2185,      2199,      2200
      1431,      2185,      2182,      2183,      2199
      1430,      2103,      2102,      2197,      2198
      1429,      2102,      2101,      2196,      2197
      1428,      2101,      2100,      2195,      2196
      1427,      2100,      2099,      2194,      2195
      1426,      2099,      2098,      2193,      2194
      1425,      2098,      2097,      2192,      2193
      1424,      2097,      2096,      2191,      2192
      1423,      2096,      2095,      2190,      2191
      1422,      2095,      2094,      2189,      2190
      1421,      2094,      2093,      2188,      2189
      1420,      2093,      2092,      2187,      2188
      1419,      2092,      2091,      2186,      2187
      1418,      2091,      2090,      2185,      2186
      1417,      2090,      2089,      2182,      2185
      1416,      2183,      2180,      2009,      2184
      1415,      2182,      2181,      2180,      2183
      1414,      2089,      2088,      2181,      2182
      1413,      2088,      2087,      2086,      2181
      1412,      2086,      2085,      2180,      2181
      1411,      2085,      2008,      2009,      2180
      1410,      2198,      2170,      2171,      2103
      1409,      2179,      2169,      2170,      2198
      1408,      2178,      2168,      2169,      2179
      1407,      2177,      2167,      2168,      2178
      1406,      2176,      2166,      2167,      2177
      1405,      2175,      2165,      2166,      2176
      1404,      2174,      2164,      2165,      2175
      1403,      2173,      2163,      2164,      2174
      1402,      2172,      2162,      2163,      2173
      1401,      2170,      2153,      2142,      2171
      1400,      2169,      2154,      2153,      2170
      1399,      2168,      2155,      2154,      2169
      1398,      2167,      2156,      2155,      2168
      1397,      2166,      2157,      2156,      2167
      1396,      2165,      2158,      2157,      2166
      1395,      2164,      2159,      2158,      2165
      1394,      2163,      2160,      2159,      2164
      1393,      2162,      2161,      2160,      2163
      1392,      2143,      2144,      2160,      2161
      1391,      2144,      2145,      2159,      2160
      1390,      2145,      2146,      2158,      2159
      1389,      2146,      2147,      2157,      2158
      1388,      2147,      2148,      2156,      2157
      1387,      2148,      2149,      2155,      2156
      1386,      2149,      2150,      2154,      2155
      1385,      2150,      2151,      2153,      2154
      1384,      2151,      2152,      2142,      2153
      1383,      2151,      2140,      2141,      2152
      1382,      2150,      2139,      2140,      2151
      1381,      2149,      2138,      2139,      2150
      1380,      2148,      2137,      2138,      2149
      1379,      2147,      2136,      2137,      2148
      1378,      2146,      2135,      2136,      2147
      1377,      2145,      2134,      2135,      2146
      1376,      2144,      2133,      2134,      2145
      1375,      2143,      2132,      2133,      2144
      1374,      2140,      2130,      2131,      2141
      1373,      2139,      2129,      2130,      2140
      1372,      2138,      2128,      2129,      2139
      1371,      2137,      2127,      2128,      2138
      1370,      2136,      2126,      2127,      2137
      1369,      2135,      2125,      2126,      2136
      1368,      2134,      2124,      2125,      2135
      1367,      2133,      2123,      2124,      2134
      1366,      2132,      2122,      2123,      2133
      1365,      2130,      2112,      2113,      2131
      1364,      2129,      2111,      2112,      2130
      1363,      2128,      2110,      2111,      2129
      1362,      2127,      2109,      2110,      2128
      1361,      2126,      2108,      2109,      2127
      1360,      2125,      2107,      2108,      2126
      1359,      2124,      2106,      2107,      2125
      1358,      2123,      2105,      2106,      2124
      1357,      2122,      2104,      2105,      2123
      1356,      2104,      1945,      1946,      2075
      1355,      2122,      1944,      1945,      2104
      1354,      2132,      1943,      1944,      2122
      1353,      2143,      1942,      1943,      2132
      1352,      2161,      1941,      1942,      2143
      1351,      2162,      1940,      1941,      2161
      1350,      2172,      1939,      1940,      2162
      1349,      2213,      1938,      1939,      2172
      1348,      2214,      1937,      1938,      2213
      1347,      2229,      1936,      1937,      2214
      1346,      2121,      1935,      1936,      2229
      1345,      2120,      1934,      1935,      2121
      1344,      2119,      1933,      1934,      2120
      1343,      2118,      1932,      1933,      2119
      1342,      2117,      1931,      1932,      2118
      1341,      2116,      1930,      1931,      2117
      1340,      2115,      1929,      1930,      2116
      1339,      2114,      1928,      1929,      2115
      1338,      2012,      1927,      1928,      2114
      1337,      2112,      2083,      2084,      2113
      1336,      2111,      2082,      2083,      2112
      1335,      2110,      2081,      2082,      2111
      1334,      2109,      2080,      2081,      2110
      1333,      2108,      2079,      2080,      2109
      1332,      2107,      2078,      2079,      2108
      1331,      2106,      2077,      2078,      2107
      1330,      2105,      2076,      2077,      2106
      1329,      2104,      2075,      2076,      2105
      1328,      1965,      1966,      2113,      2084
      1327,      1966,      1967,      2131,      2113
      1326,      1967,      1968,      2141,      2131
      1325,      1968,      1969,      2152,      2141
      1324,      1969,      1970,      2142,      2152
      1323,      1970,      1971,      2171,      2142
      1322,      1971,      1972,      2103,      2171
      1321,      1972,      1973,      2102,      2103
      1320,      1973,      1974,      2101,      2102
      1319,      1974,      1975,      2100,      2101
      1318,      1975,      1976,      2099,      2100
      1317,      1976,      1977,      2098,      2099
      1316,      1977,      1978,      2097,      2098
      1315,      1978,      1979,      2096,      2097
      1314,      1979,      1980,      2095,      2096
      1313,      1980,      1981,      2094,      2095
      1312,      1981,      1982,      2093,      2094
      1311,      1982,      1983,      2092,      2093
      1310,      1983,      1984,      2091,      2092
      1309,      1984,      1985,      2090,      2091
      1308,      1985,      1986,      2089,      2090
      1307,      1986,      1987,      2088,      2089
      1306,      1987,      1988,      2087,      2088
      1305,      1988,      1989,      2290,      2087
      1304,      2291,      2074,      2085,      2086
      1303,      2074,      2007,      2008,      2085
      1302,      1965,      2062,      1963,      1964
      1301,      2084,      2063,      2062,      1965
      1300,      2083,      2064,      2063,      2084
      1299,      2082,      2065,      2064,      2083
      1298,      2081,      2066,      2065,      2082
      1297,      2080,      2067,      2066,      2081
      1296,      2079,      2068,      2067,      2080
      1295,      2078,      2069,      2068,      2079
      1294,      2077,      2070,      2069,      2078
      1293,      2076,      2071,      2070,      2077
      1292,      2075,      2072,      2071,      2076
      1291,      1946,      2073,      2072,      2075
      1290,      1947,      1948,      2073,      1946
      1289,      2291,      1990,      1991,      2074
      1288,      1991,      2006,      2007,      2074
      1287,      1948,      1949,      2050,      2073
      1286,      2050,      2051,      2072,      2073
      1285,      2051,      2052,      2071,      2072
      1284,      2052,      2053,      2070,      2071
      1283,      2053,      2054,      2069,      2070
      1282,      2054,      2055,      2068,      2069
      1281,      2055,      2056,      2067,      2068
      1280,      2056,      2057,      2066,      2067
      1279,      2057,      2058,      2065,      2066
      1278,      2058,      2059,      2064,      2065
      1277,      2059,      2060,      2063,      2064
      1276,      2060,      2061,      2062,      2063
      1275,      2061,      1962,      1963,      2062
      1274,      2061,      2038,      1961,      1962
      1273,      2060,      2039,      2038,      2061
      1272,      2059,      2040,      2039,      2060
      1271,      2058,      2041,      2040,      2059
      1270,      2057,      2042,      2041,      2058
      1269,      2056,      2043,      2042,      2057
      1268,      2055,      2044,      2043,      2056
      1267,      2054,      2045,      2044,      2055
      1266,      2053,      2046,      2045,      2054
      1265,      2052,      2047,      2046,      2053
      1264,      2051,      2048,      2047,      2052
      1263,      2050,      2049,      2048,      2051
      1262,      1949,      1950,      2049,      2050
      1261,      1950,      1951,      2026,      2049
      1260,      2026,      2027,      2048,      2049
      1259,      2027,      2028,      2047,      2048
      1258,      2028,      2029,      2046,      2047
      1257,      2029,      2030,      2045,      2046
      1256,      2030,      2031,      2044,      2045
      1255,      2031,      2032,      2043,      2044
      1254,      2032,      2033,      2042,      2043
      1253,      2033,      2034,      2041,      2042
      1252,      2034,      2035,      2040,      2041
      1251,      2035,      2036,      2039,      2040
      1250,      2036,      2037,      2038,      2039
      1249,      2037,      1960,      1961,      2038
      1248,      2037,      2025,      1959,      1960
      1247,      2036,      2024,      2025,      2037
      1246,      2035,      2023,      2024,      2036
      1245,      2034,      2022,      2023,      2035
      1244,      2033,      2021,      2022,      2034
      1243,      2032,      2020,      2021,      2033
      1242,      2031,      2019,      2020,      2032
      1241,      2030,      2018,      2019,      2031
      1240,      2029,      2017,      2018,      2030
      1239,      2028,      2016,      2017,      2029
      1238,      2027,      2015,      2016,      2028
      1237,      2026,      2014,      2015,      2027
      1236,      1951,      1952,      2014,      2026
      1235,      2025,      2005,      1958,      1959
      1234,      2024,      2004,      2005,      2025
      1233,      2023,      2003,      2004,      2024
      1232,      2022,      2002,      2003,      2023
      1231,      2021,      2001,      2002,      2022
      1230,      2020,      2000,      2001,      2021
      1229,      2019,      1999,      2000,      2020
      1228,      2018,      1998,      1999,      2019
      1227,      2017,      1997,      1998,      2018
      1226,      2016,      1996,      1997,      2017
      1225,      2015,      1955,      1996,      2016
      1224,      2014,      1954,      1955,      2015
      1223,      1952,      1953,      1954,      2014
      1222,      1993,      2013,      2006,      1991
      1221,      1994,      1995,      2013,      1993
      1220,      1995,      1957,      1992,      2013
      1219,      1957,      1956,      1926,      1992
      1218,      2240,      2753,      2754,      2012
      1217,      2011,      2752,      2753,      2240
      1216,      2010,      2751,      2752,      2011
      1215,      2184,      2750,      2751,      2010
      1214,      2009,      2749,      2750,      2184
      1213,      2008,      2748,      2749,      2009
      1212,      2007,      2747,      2748,      2008
      1211,      2006,      2746,      2747,      2007
      1210,      2013,      2745,      2746,      2006
      1209,      1992,      2744,      2745,      2013
      1208,      2754,      2755,      1927,      2012
      1207,      2005,      1922,      1923,      1958
      1206,      2004,      1921,      1922,      2005
      1205,      2003,      1920,      1921,      2004
      1204,      2002,      1919,      1920,      2003
      1203,      2001,      1918,      1919,      2002
      1202,      2000,      1917,      1918,      2001
      1201,      1999,      1916,      1917,      2000
      1200,      1998,      1915,      1916,      1999
      1199,      1997,      1914,      1915,      1998
      1198,      1996,      1913,      1914,      1997
      1197,      1955,      1912,      1913,      1996
      1196,      1995,      2663,      2662,      1957
      1195,      1994,      2664,      2663,      1995
      1194,      1993,      2665,      2664,      1994
      1193,      1991,      2666,      2665,      1993
      1192,      1926,      2743,      2744,      1992
      1191,      1990,      2667,      2666,      1991
      1190,      1989,      2668,      2667,      1990
      1189,      1988,      2669,      2668,      1989
      1188,      1987,      2670,      2669,      1988
      1187,      1986,      2671,      2670,      1987
      1186,      1985,      2672,      2671,      1986
      1185,      1984,      2673,      2672,      1985
      1184,      1983,      2674,      2673,      1984
      1183,      1982,      2675,      2674,      1983
      1182,      1981,      2676,      2675,      1982
      1181,      1980,      2677,      2676,      1981
      1180,      1979,      2678,      2677,      1980
      1179,      1978,      2679,      2678,      1979
      1178,      1977,      2680,      2679,      1978
      1177,      1976,      2681,      2680,      1977
      1176,      1975,      2682,      2681,      1976
      1175,      1974,      2683,      2682,      1975
      1174,      1973,      2684,      2683,      1974
      1173,      1972,      2685,      2684,      1973
      1172,      1971,      2686,      2685,      1972
      1171,      1970,      2687,      2686,      1971
      1170,      1969,      2688,      2687,      1970
      1169,      1968,      2689,      2688,      1969
      1168,      1967,      2690,      2689,      1968
      1167,      1966,      2691,      2690,      1967
      1166,      1965,      2692,      2691,      1966
      1165,      1964,      2693,      2692,      1965
      1164,      1963,      2694,      2693,      1964
      1163,      1962,      2695,      2694,      1963
      1162,      1961,      2696,      2695,      1962
      1161,      1960,      2697,      2696,      1961
      1160,      1959,      2698,      2697,      1960
      1159,      1958,      2699,      2698,      1959
      1158,      1923,      2700,      2699,      1958
      1157,      2662,      2661,      1956,      1957
      1156,      2661,      1849,      1850,      1956
      1155,      1850,      1851,      1926,      1956
      1154,      1954,      1911,      1912,      1955
      1153,      1953,      1910,      1911,      1954
      1152,      1953,      1908,      1909,      1910
      1151,      1952,      1907,      1908,      1953
      1150,      1951,      1906,      1907,      1952
      1149,      1950,      1905,      1906,      1951
      1148,      1949,      1904,      1905,      1950
      1147,      1948,      1903,      1904,      1949
      1146,      1947,      1902,      1903,      1948
      1145,      1946,      1901,      1902,      1947
      1144,      1945,      1900,      1901,      1946
      1143,      1944,      1899,      1900,      1945
      1142,      1943,      1898,      1899,      1944
      1141,      1942,      1897,      1898,      1943
      1140,      1941,      1896,      1897,      1942
      1139,      1940,      1895,      1896,      1941
      1138,      1939,      1894,      1895,      1940
      1137,      1938,      1893,      1894,      1939
      1136,      1937,      1892,      1893,      1938
      1135,      1936,      1891,      1892,      1937
      1134,      1935,      1890,      1891,      1936
      1133,      1934,      1889,      1890,      1935
      1132,      1933,      1888,      1889,      1934
      1131,      1932,      1887,      1888,      1933
      1130,      1931,      1886,      1887,      1932
      1129,      1930,      1885,      1886,      1931
      1128,      1929,      1884,      1885,      1930
      1127,      1928,      1883,      1884,      1929
      1126,      1927,      1882,      1883,      1928
      1125,      2755,      2756,      1882,      1927
      1124,      1851,      1778,      2743,      1926
      1123,      2882,      2883,      2872,      2879
      1122,      2883,      2914,      2913,      2872
      1121,      2879,      2872,      2871,      2878
      1120,      2872,      2913,      2912,      2871
      1119,      2878,      2871,      2873,      2877
      1118,      2871,      2912,      2911,      2873
      1117,      2877,      2873,      2869,      2876
      1116,      2873,      2911,      2910,      2869
      1115,      2876,      2869,      2870,      2875
      1114,      2869,      2910,      2909,      2870
      1113,      2875,      2870,      2868,      2874
      1112,      2870,      2909,      2908,      2868
      1111,      2874,      2868,      2888,      2889
      1110,      2868,      2908,      2907,      2888
      1109,      2867,      2896,      2897,      2865
      1108,      2865,      2897,      2898,      2864
      1107,      2864,      2898,      2899,      2880
      1106,      2877,      2866,      2863,      2878
      1105,      2866,      2867,      2865,      2863
      1104,      2881,      2882,      2879,      2862
      1103,      2862,      2879,      2878,      2863
      1102,      2880,      2881,      2862,      2864
      1101,      2864,      2862,      2863,      2865
      1100,      2891,      2892,      2893,      2861
      1099,      2861,      2893,      2894,      2860
      1098,      2860,      2894,      2895,      2859
      1097,      2859,      2895,      2896,      2867
      1096,      2858,      2875,      2874,      2857
      1095,      2857,      2874,      2889,      2890
      1094,      2860,      2858,      2857,      2861
      1093,      2861,      2857,      2890,      2891
      1092,      2866,      2877,      2876,      2856
      1091,      2856,      2876,      2875,      2858
      1090,      2867,      2866,      2856,      2859
      1089,      2859,      2856,      2858,      2860
      1088,      1789,      1790,      2848,      2855
      1087,      1790,      1777,      2920,      2848
      1086,      2855,      2848,      2847,      2854
      1085,      2848,      2920,      2919,      2847
      1084,      2854,      2847,      2849,      2853
      1083,      2847,      2919,      2918,      2849
      1082,      2853,      2849,      2845,      2852
      1081,      2849,      2918,      2917,      2845
      1080,      2852,      2845,      2846,      2851
      1079,      2845,      2917,      2916,      2846
      1078,      2851,      2846,      2844,      2850
      1077,      2846,      2916,      2915,      2844
      1076,      2850,      2844,      2883,      2882
      1075,      2844,      2915,      2914,      2883
      1074,      2843,      2903,      2904,      2841
      1073,      2841,      2904,      2905,      2840
      1072,      2840,      2905,      1775,      1787
      1071,      2853,      2842,      2839,      2854
      1070,      2842,      2843,      2841,      2839
      1069,      1788,      1789,      2855,      2838
      1068,      2838,      2855,      2854,      2839
      1067,      1787,      1788,      2838,      2840
      1066,      2840,      2838,      2839,      2841
      1065,      2880,      2899,      2900,      2837
      1064,      2837,      2900,      2901,      2836
      1063,      2836,      2901,      2902,      2835
      1062,      2835,      2902,      2903,      2843
      1061,      2834,      2851,      2850,      2833
      1060,      2833,      2850,      2882,      2881
      1059,      2836,      2834,      2833,      2837
      1058,      2837,      2833,      2881,      2880
      1057,      2842,      2853,      2852,      2832
      1056,      2832,      2852,      2851,      2834
      1055,      2843,      2842,      2832,      2835
      1054,      2835,      2832,      2834,      2836
      1053,      1880,      1878,      1877,      1879
      1052,      1872,      1871,      1878,      1880
      1049,      1879,      1877,      1843,      1793
      1047,       956,      1878,      1871,       955
      1046,       957,      1877,      1878,       956
      1045,       772,      1843,      1877,       957
      1044,      1876,      1874,      1873,      1875
      1043,      1824,      1823,      1874,      1876
      1040,      1875,      1873,      1871,      1872
      1038,      1690,      1874,      1823,       781
      1037,      1691,      1873,      1874,      1690
      1036,       955,      1871,      1873,      1691
      1035,      1870,      1847,      1848,      1869
      1034,      1791,      1777,      1847,      1870
      1033,      1865,      1870,      1869,      1864
      1032,      1792,      1791,      1870,      1865
      1031,      1869,      1848,      1849,      1866
      1030,      1864,      1869,      1866,      1863
      1029,      1868,      1850,      1851,      1867
      1028,      1866,      1849,      1850,      1868
      1027,      1862,      1868,      1867,      1861
      1026,      1863,      1866,      1868,      1862
      1025,      1867,      1851,      1778,      1826
      1024,      1861,      1867,      1826,      1825
      2027,      2921,      2923,      1872,      1880
      1022,      1842,      1840,      1839,      1841
      1020,      1829,      1842,      1841,      1830
      1018,      1841,      1839,      1811,      1812
      1017,      1830,      1841,      1812,      1813
      1015,      1826,      1839,      1840,      1825
      1014,      1778,      1811,      1839,      1826
      1013,      1838,      1827,       836,       837
      1012,      1836,      1828,      1827,      1838
      1011,      1837,      1838,       837,       838
      1010,      1835,      1836,      1838,      1837
      1009,      1823,      1837,       838,       781
      1008,      1824,      1835,      1837,      1823
      1007,      1834,      1815,      1816,      1833
      1006,      1814,      1776,      1815,      1834
      1005,      1830,      1834,      1833,      1829
      1004,      1813,      1814,      1834,      1830
      1001,      1832,      1818,       857,       835
      1000,      1831,      1817,      1818,      1832
       999,      1827,      1832,       835,       836
       998,      1828,      1831,      1832,      1827
       997,      1810,      1808,      1807,      1809
       995,      1797,      1810,      1809,      1798
       993,      1809,      1807,        56,        55
       992,      1798,      1809,        55,        54
       990,      1843,      1807,      1808,      1793
       989,       772,        56,      1807,      1843
       988,      1806,      1795,      1788,      1789
       987,      1804,      1796,      1795,      1806
       986,      1805,      1806,      1789,      1790
       985,      1803,      1804,      1806,      1805
       984,      1791,      1805,      1790,      1777
       983,      1792,      1803,      1805,      1791
       982,      1802,      1783,      1784,      1801
       981,        53,        75,      1783,      1802
       980,      1798,      1802,      1801,      1797
       979,        54,        53,      1802,      1798
       976,      1800,      1786,      1775,      1787
       975,      1799,      1785,      1786,      1800
       974,      1795,      1800,      1787,      1788
       973,      1796,      1799,      1800,      1795
      2026,      2923,      2921,      1864,      1863
      2025,      2922,      2921,      1880,      1879
      2024,      2921,      2922,      1865,      1864
       970,      1690,      1689,       871,       781
       969,       859,      1688,      1774,       858
       968,      1688,      1687,      1773,      1774
       967,      1687,      1686,      1772,      1773
       966,      1686,      1685,      1771,      1772
       965,      1685,      1684,      1770,      1771
       964,      1684,      1683,      1769,      1770
       963,      1683,      1682,      1768,      1769
       962,      1682,      1681,      1767,      1768
       961,      1681,      1680,      1766,      1767
       960,      1680,      1679,      1765,      1766
       959,      1679,      1678,      1764,      1765
       958,      1678,      1677,      1763,      1764
       957,      1677,      1676,      1762,      1763
       956,      1676,      1675,      1761,      1762
       955,      1675,      1674,      1760,      1761
       954,      1674,      1673,      1759,      1760
       953,      1673,      1672,      1758,      1759
       952,      1672,      1671,      1757,      1758
       951,      1671,      1670,      1756,      1757
       950,      1670,      1669,      1755,      1756
       949,      1669,      1668,      1754,      1755
       948,      1668,      1667,      1753,      1754
       947,      1667,      1666,      1752,      1753
       946,      1666,      1665,      1751,      1752
       945,      1665,      1664,      1750,      1751
       944,      1664,      1663,      1749,      1750
       943,      1663,      1662,      1748,      1749
       942,      1662,      1746,      1747,      1748
       941,      1662,      1661,      1745,      1746
       940,      1661,      1660,      1744,      1745
       939,      1691,      1659,      1689,      1690
       938,       954,      1659,      1691,       955
       937,       953,      1658,      1659,       954
       936,      1733,      1657,       916,       915
       935,      1657,      1656,       917,       916
       934,      1656,      1655,       918,       917
       933,      1655,      1654,       919,       918
       932,      1654,      1653,       920,       919
       931,      1653,      1652,       921,       920
       930,      1652,      1651,       922,       921
       929,      1651,      1650,       923,       922
       928,      1650,      1649,       924,       923
       927,      1649,      1648,       925,       924
       926,      1648,      1647,       926,       925
       925,      1647,      1646,       927,       926
       924,      1646,      1645,       928,       927
       923,      1645,      1644,       929,       928
       922,      1644,      1643,       930,       929
       921,      1643,      1642,       931,       930
       920,      1642,      1641,       932,       931
       919,      1641,      1640,       933,       932
       918,      1640,      1639,       934,       933
       917,      1639,      1638,       935,       934
       916,      1638,      1637,       936,       935
       915,      1637,      1636,       937,       936
       914,      1636,      1635,       938,       937
       913,      1635,      1634,       939,       938
       912,      1634,      1633,       940,       939
       911,      1633,      1632,       941,       940
       910,      1632,      1631,       942,       941
       909,      1631,      1630,       943,       942
       908,      1630,      1629,       944,       943
       907,      1629,      1628,       945,       944
       906,      1628,      1627,       946,       945
       905,      1627,      1626,       947,       946
       904,      1626,      1625,       948,       947
       903,      1625,      1624,       949,       948
       902,      1689,      1623,       870,       871
       901,      1624,      1622,       950,       949
       900,      1622,      1621,       951,       950
       899,      1621,      1620,       952,       951
       898,      1620,      1658,       953,       952
       897,      1660,      1619,      1743,      1744
       896,      1619,      1618,      1742,      1743
       895,      1618,      1617,      1741,      1742
       894,      1617,      1616,      1740,      1741
       893,      1616,      1615,      1739,      1740
       892,      1615,      1614,      1738,      1739
       891,      1614,      1613,      1737,      1738
       890,      1613,      1612,      1736,      1737
       889,      1612,      1611,      1735,      1736
       888,      1611,      1610,      1734,      1735
       887,      1610,      1657,      1733,      1734
       886,       860,      1603,      1688,       859
       885,      1623,      1602,       869,       870
       884,      1602,      1609,       868,       869
       883,      1609,      1608,       867,       868
       882,      1608,      1607,       866,       867
       881,      1607,      1606,       865,       866
       880,      1606,      1431,       864,       865
       879,      1431,      1605,       863,       864
       878,      1605,      1604,       862,       863
       877,      1604,      1375,       861,       862
       876,      1375,      1603,       860,       861
       875,      1658,      1623,      1689,      1659
       874,      1620,      1602,      1623,      1658
       873,      1621,      1622,      1602,      1620
       872,      1622,      1624,      1609,      1602
       871,      1663,      1601,      1661,      1662
       870,      1601,      1600,      1660,      1661
       869,      1600,      1599,      1619,      1660
       868,      1599,      1598,      1618,      1619
       867,      1598,      1597,      1617,      1618
       866,      1597,      1596,      1616,      1617
       865,      1596,      1595,      1615,      1616
       864,      1595,      1594,      1614,      1615
       863,      1594,      1593,      1613,      1614
       862,      1593,      1592,      1612,      1613
       861,      1592,      1591,      1611,      1612
       860,      1591,      1590,      1610,      1611
       859,      1590,      1656,      1657,      1610
       858,      1664,      1589,      1601,      1663
       857,      1589,      1588,      1600,      1601
       856,      1588,      1587,      1599,      1600
       855,      1587,      1586,      1598,      1599
       854,      1586,      1585,      1597,      1598
       853,      1585,      1584,      1596,      1597
       852,      1584,      1583,      1595,      1596
       851,      1583,      1582,      1594,      1595
       850,      1582,      1581,      1593,      1594
       849,      1581,      1580,      1592,      1593
       848,      1580,      1579,      1591,      1592
       847,      1579,      1578,      1590,      1591
       846,      1578,      1655,      1656,      1590
       845,      1578,      1577,      1654,      1655
       844,      1579,      1576,      1577,      1578
       843,      1580,      1575,      1576,      1579
       842,      1581,      1574,      1575,      1580
       841,      1582,      1573,      1574,      1581
       840,      1583,      1572,      1573,      1582
       839,      1584,      1571,      1572,      1583
       838,      1585,      1570,      1571,      1584
       837,      1586,      1569,      1570,      1585
       836,      1587,      1568,      1569,      1586
       835,      1588,      1567,      1568,      1587
       834,      1589,      1566,      1567,      1588
       833,      1665,      1566,      1589,      1664
       832,      1666,      1565,      1566,      1665
       831,      1565,      1564,      1567,      1566
       830,      1564,      1563,      1568,      1567
       829,      1563,      1562,      1569,      1568
       828,      1562,      1561,      1570,      1569
       827,      1561,      1560,      1571,      1570
       826,      1560,      1559,      1572,      1571
       825,      1559,      1558,      1573,      1572
       824,      1558,      1557,      1574,      1573
       823,      1557,      1556,      1575,      1574
       822,      1556,      1555,      1576,      1575
       821,      1555,      1554,      1577,      1576
       820,      1554,      1653,      1654,      1577
       819,      1554,      1553,      1652,      1653
       818,      1555,      1552,      1553,      1554
       817,      1556,      1551,      1552,      1555
       816,      1557,      1550,      1551,      1556
       815,      1558,      1549,      1550,      1557
       814,      1559,      1548,      1549,      1558
       813,      1560,      1547,      1548,      1559
       812,      1561,      1546,      1547,      1560
       811,      1562,      1545,      1546,      1561
       810,      1563,      1544,      1545,      1562
       809,      1564,      1543,      1544,      1563
       808,      1565,      1542,      1543,      1564
       807,      1667,      1542,      1565,      1666
       806,      1624,      1541,      1608,      1609
       805,      1324,      1541,      1624,      1625
       804,      1668,      1669,      1542,      1667
       803,      1669,      1540,      1543,      1542
       802,      1540,      1539,      1544,      1543
       801,      1539,      1538,      1545,      1544
       800,      1538,      1537,      1546,      1545
       799,      1537,      1536,      1547,      1546
       798,      1536,      1535,      1548,      1547
       797,      1535,      1534,      1549,      1548
       796,      1534,      1533,      1550,      1549
       795,      1533,      1532,      1551,      1550
       794,      1532,      1531,      1552,      1551
       793,      1531,      1650,      1553,      1552
       792,      1650,      1651,      1652,      1553
       791,      1541,      1530,      1607,      1608
       790,      1324,      1529,      1530,      1541
       789,      1627,      1528,      1325,      1626
       788,      1628,      1527,      1528,      1627
       787,      1629,      1526,      1527,      1628
       786,      1630,      1525,      1526,      1629
       785,      1631,      1524,      1525,      1630
       784,      1632,      1523,      1524,      1631
       783,      1633,      1522,      1523,      1632
       782,      1634,      1521,      1522,      1633
       781,      1635,      1520,      1521,      1634
       780,      1636,      1519,      1520,      1635
       779,      1637,      1518,      1519,      1636
       778,      1638,      1517,      1518,      1637
       777,      1639,      1516,      1517,      1638
       776,      1640,      1515,      1516,      1639
       775,      1641,      1514,      1515,      1640
       774,      1642,      1513,      1514,      1641
       773,      1643,      1512,      1513,      1642
       772,      1644,      1444,      1512,      1643
       771,      1645,      1473,      1444,      1644
       770,      1646,      1463,      1473,      1645
       769,      1647,      1474,      1463,      1646
       768,      1648,      1484,      1474,      1647
       767,      1649,      1502,      1484,      1648
       766,      1650,      1531,      1502,      1649
       765,      1511,      1510,      1539,      1540
       764,      1510,      1509,      1538,      1539
       763,      1509,      1508,      1537,      1538
       762,      1508,      1507,      1536,      1537
       761,      1507,      1506,      1535,      1536
       760,      1506,      1505,      1534,      1535
       759,      1505,      1504,      1533,      1534
       758,      1504,      1503,      1532,      1533
       757,      1503,      1502,      1531,      1532
       756,      1603,      1501,      1687,      1688
       755,      1501,      1500,      1686,      1687
       754,      1500,      1499,      1685,      1686
       753,      1499,      1498,      1684,      1685
       752,      1498,      1497,      1683,      1684
       751,      1497,      1496,      1682,      1683
       750,      1496,      1495,      1681,      1682
       749,      1495,      1494,      1680,      1681
       748,      1494,      1386,      1679,      1680
       747,      1386,      1401,      1678,      1679
       746,      1401,      1402,      1677,      1678
       745,      1402,      1443,      1676,      1677
       744,      1443,      1453,      1675,      1676
       743,      1453,      1454,      1674,      1675
       742,      1454,      1472,      1673,      1674
       741,      1472,      1483,      1672,      1673
       740,      1483,      1493,      1671,      1672
       739,      1493,      1511,      1670,      1671
       738,      1511,      1540,      1669,      1670
       737,      1493,      1492,      1510,      1511
       736,      1492,      1491,      1509,      1510
       735,      1491,      1490,      1508,      1509
       734,      1490,      1489,      1507,      1508
       733,      1489,      1488,      1506,      1507
       732,      1488,      1487,      1505,      1506
       731,      1487,      1486,      1504,      1505
       730,      1486,      1485,      1503,      1504
       729,      1485,      1484,      1502,      1503
       728,      1483,      1482,      1492,      1493
       727,      1482,      1481,      1491,      1492
       726,      1481,      1480,      1490,      1491
       725,      1480,      1479,      1489,      1490
       724,      1479,      1478,      1488,      1489
       723,      1478,      1477,      1487,      1488
       722,      1477,      1476,      1486,      1487
       721,      1476,      1475,      1485,      1486
       720,      1475,      1474,      1484,      1485
       719,      1472,      1471,      1482,      1483
       718,      1471,      1470,      1481,      1482
       717,      1470,      1469,      1480,      1481
       716,      1469,      1468,      1479,      1480
       715,      1468,      1467,      1478,      1479
       714,      1467,      1466,      1477,      1478
       713,      1466,      1465,      1476,      1477
       712,      1465,      1464,      1475,      1476
       711,      1464,      1463,      1474,      1475
       710,      1464,      1462,      1473,      1463
       709,      1465,      1461,      1462,      1464
       708,      1466,      1460,      1461,      1465
       707,      1467,      1459,      1460,      1466
       706,      1468,      1458,      1459,      1467
       705,      1469,      1457,      1458,      1468
       704,      1470,      1456,      1457,      1469
       703,      1471,      1455,      1456,      1470
       702,      1472,      1454,      1455,      1471
       701,      1453,      1452,      1455,      1454
       700,      1452,      1451,      1456,      1455
       699,      1451,      1450,      1457,      1456
       698,      1450,      1449,      1458,      1457
       697,      1449,      1448,      1459,      1458
       696,      1448,      1447,      1460,      1459
       695,      1447,      1446,      1461,      1460
       694,      1446,      1445,      1462,      1461
       693,      1445,      1444,      1473,      1462
       692,      1443,      1442,      1452,      1453
       691,      1442,      1441,      1451,      1452
       690,      1441,      1440,      1450,      1451
       689,      1440,      1439,      1449,      1450
       688,      1439,      1438,      1448,      1449
       687,      1438,      1437,      1447,      1448
       686,      1437,      1436,      1446,      1447
       685,      1436,      1417,      1445,      1446
       684,      1417,      1512,      1444,      1445
       683,      1530,      1435,      1606,      1607
       682,      1529,      1434,      1435,      1530
       681,      1527,      1434,      1529,      1528
       680,      1526,      1433,      1434,      1527
       679,      1433,      1432,      1435,      1434
       678,      1432,      1431,      1606,      1435
       677,      1525,      1430,      1433,      1526
       676,      1524,      1429,      1430,      1525
       675,      1523,      1428,      1429,      1524
       674,      1522,      1427,      1428,      1523
       673,      1521,      1426,      1427,      1522
       672,      1520,      1425,      1426,      1521
       671,      1519,      1424,      1425,      1520
       670,      1518,      1423,      1424,      1519
       669,      1517,      1422,      1423,      1518
       668,      1516,      1421,      1422,      1517
       667,      1515,      1420,      1421,      1516
       666,      1514,      1419,      1420,      1515
       665,      1513,      1418,      1419,      1514
       664,      1512,      1417,      1418,      1513
       663,      1430,      1416,      1432,      1433
       662,      1429,      1415,      1416,      1430
       661,      1428,      1414,      1415,      1429
       660,      1427,      1413,      1414,      1428
       659,      1426,      1412,      1413,      1427
       658,      1425,      1411,      1412,      1426
       657,      1424,      1410,      1411,      1425
       656,      1423,      1367,      1410,      1424
       655,      1422,      1368,      1367,      1423
       654,      1421,      1385,      1368,      1422
       653,      1420,      1393,      1385,      1421
       652,      1419,      1400,      1393,      1420
       651,      1418,      1409,      1400,      1419
       650,      1417,      1436,      1409,      1418
       649,      1437,      1408,      1409,      1436
       648,      1438,      1407,      1408,      1437
       647,      1439,      1406,      1407,      1438
       646,      1440,      1405,      1406,      1439
       645,      1441,      1404,      1405,      1440
       644,      1442,      1403,      1404,      1441
       643,      1443,      1402,      1403,      1442
       642,      1408,      1399,      1400,      1409
       641,      1407,      1398,      1399,      1408
       640,      1406,      1397,      1398,      1407
       639,      1405,      1396,      1397,      1406
       638,      1404,      1395,      1396,      1405
       637,      1403,      1394,      1395,      1404
       636,      1402,      1401,      1394,      1403
       635,      1399,      1392,      1393,      1400
       634,      1398,      1391,      1392,      1399
       633,      1397,      1390,      1391,      1398
       632,      1396,      1389,      1390,      1397
       631,      1395,      1388,      1389,      1396
       630,      1394,      1387,      1388,      1395
       629,      1401,      1386,      1387,      1394
       628,      1392,      1384,      1385,      1393
       627,      1391,      1383,      1384,      1392
       626,      1390,      1382,      1383,      1391
       625,      1389,      1381,      1382,      1390
       624,      1388,      1380,      1381,      1389
       623,      1387,      1379,      1380,      1388
       622,      1386,      1494,      1379,      1387
       621,      1495,      1374,      1379,      1494
       620,      1496,      1353,      1374,      1495
       619,      1497,      1354,      1353,      1496
       618,      1498,      1355,      1354,      1497
       617,      1499,      1378,      1355,      1498
       616,      1500,      1377,      1378,      1499
       615,      1501,      1376,      1377,      1500
       614,      1603,      1375,      1376,      1501
       613,      1374,      1373,      1380,      1379
       612,      1373,      1372,      1381,      1380
       611,      1372,      1371,      1382,      1381
       610,      1371,      1370,      1383,      1382
       609,      1370,      1369,      1384,      1383
       608,      1369,      1368,      1385,      1384
       607,      1369,      1366,      1367,      1368
       606,      1370,      1365,      1366,      1369
       605,      1371,      1364,      1365,      1370
       604,      1372,      1363,      1364,      1371
       603,      1373,      1362,      1363,      1372
       602,      1374,      1353,      1362,      1373
       601,      1416,      1361,      1431,      1432
       600,      1361,      1360,      1605,      1431
       599,      1360,      1359,      1604,      1605
       598,      1359,      1358,      1375,      1604
       597,      1358,      1357,      1376,      1375
       596,      1357,      1356,      1377,      1376
       595,      1356,      1347,      1378,      1377
       594,      1415,      1352,      1361,      1416
       593,      1352,      1351,      1360,      1361
       592,      1351,      1350,      1359,      1360
       591,      1350,      1328,      1358,      1359
       590,      1328,      1349,      1357,      1358
       589,      1349,      1348,      1356,      1357
       588,      1347,      1346,      1355,      1378
       587,      1346,      1345,      1354,      1355
       586,      1345,      1362,      1353,      1354
       585,      1345,      1344,      1363,      1362
       584,      1344,      1343,      1364,      1363
       583,      1343,      1342,      1365,      1364
       582,      1342,      1329,      1366,      1365
       581,      1329,      1410,      1367,      1366
       580,      1414,      1341,      1352,      1415
       579,      1341,      1340,      1351,      1352
       578,      1413,      1339,      1341,      1414
       577,      1339,      1338,      1340,      1341
       576,      1412,      1337,      1339,      1413
       575,      1337,      1336,      1338,      1339
       574,      1340,      1335,      1350,      1351
       573,      1338,      1334,      1335,      1340
       572,      1336,      1333,      1334,      1338
       571,      1411,      1332,      1337,      1412
       570,      1332,      1331,      1336,      1337
       569,      1331,      1330,      1333,      1336
       568,      1410,      1329,      1332,      1411
       567,      1329,      1342,      1331,      1332
       566,      1348,      1349,      1335,      1334
       565,      1349,      1328,      1350,      1335
       564,      1343,      1330,      1331,      1342
       563,      1327,      1326,      1333,      1330
       562,      1326,      1348,      1334,      1333
       561,      1326,      1347,      1356,      1348
       560,      1327,      1346,      1347,      1326
       559,      1344,      1327,      1330,      1343
       558,      1344,      1345,      1346,      1327
       557,      1529,      1324,      1325,      1528
       556,      1626,      1325,      1324,      1625
       555,      1021,      1022,      1323,      1322
       554,      1118,      1119,      1322,      1323
       553,      1303,      1320,      1301,      1302
       552,      1303,      1304,      1317,      1320
       551,      1320,      1321,      1300,      1301
       550,      1321,      1299,      1291,      1300
       549,      1321,      1314,      1313,      1299
       548,      1320,      1317,      1314,      1321
       547,      1304,      1305,      1316,      1317
       546,      1298,      1312,      1297,      1319
       545,      1299,      1313,      1312,      1298
       544,      1318,      1315,      1316,      1305
       543,      1237,      1236,      1315,      1318
       542,      1316,      1311,      1314,      1317
       541,      1315,      1310,      1311,      1316
       540,      1236,      1235,      1310,      1315
       539,      1311,      1309,      1313,      1314
       538,      1309,      1307,      1312,      1313
       537,      1307,      1296,      1297,      1312
       536,      1310,      1308,      1309,      1311
       535,      1235,      1234,      1308,      1310
       534,      1308,      1306,      1307,      1309
       533,      1234,      1233,      1306,      1308
       532,      1306,      1295,      1296,      1307
       531,      1233,      1232,      1295,      1306
       530,      1318,      1281,      1280,      1237
       529,      1305,      1282,      1281,      1318
       528,      1304,      1283,      1282,      1305
       527,      1303,      1284,      1283,      1304
       526,      1302,      1285,      1284,      1303
       525,      1302,      1293,      1294,      1285
       524,      1301,      1292,      1293,      1302
       523,      1300,      1269,      1292,      1301
       522,      1298,      1290,      1291,      1299
       521,      1319,      1289,      1290,      1298
       520,      1297,      1288,      1289,      1319
       519,      1296,      1287,      1288,      1297
       518,      1295,      1286,      1287,      1296
       517,      1232,      1231,      1286,      1295
       516,      1291,      1270,      1269,      1300
       515,      1290,      1271,      1270,      1291
       514,      1289,      1272,      1271,      1290
       513,      1288,      1043,      1272,      1289
       512,      1287,      1042,      1043,      1288
       511,      1286,      1216,      1042,      1287
       510,      1231,      1215,      1216,      1286
       509,      1273,      1274,      1285,      1294
       508,      1274,      1275,      1284,      1285
       507,      1275,      1276,      1283,      1284
       506,      1276,      1277,      1282,      1283
       505,      1277,      1278,      1281,      1282
       504,      1278,      1279,      1280,      1281
       503,      1278,      1263,      1262,      1279
       502,      1277,      1264,      1263,      1278
       501,      1276,      1265,      1264,      1277
       500,      1275,      1266,      1265,      1276
       499,      1274,      1267,      1266,      1275
       498,      1273,      1268,      1267,      1274
       497,      1044,      1146,      1271,      1272
       496,      1146,      1147,      1270,      1271
       495,      1147,      1148,      1269,      1270
       494,      1148,      1149,      1292,      1269
       493,      1149,      1150,      1293,      1292
       492,      1150,      1151,      1294,      1293
       491,      1151,      1152,      1273,      1294
       490,      1152,      1153,      1268,      1273
       489,      1261,      1260,      1268,      1153
       488,      1260,      1259,      1267,      1268
       487,      1259,      1258,      1266,      1267
       486,      1258,      1257,      1265,      1266
       485,      1257,      1256,      1264,      1265
       484,      1256,      1255,      1263,      1264
       483,      1255,      1254,      1262,      1263
       482,      1246,      1253,      1260,      1261
       481,      1253,      1252,      1259,      1260
       480,      1252,      1251,      1258,      1259
       479,      1251,      1250,      1257,      1258
       478,      1250,      1249,      1256,      1257
       477,      1249,      1248,      1255,      1256
       476,      1248,      1247,      1254,      1255
       475,      1245,      1244,      1253,      1246
       474,      1244,      1243,      1252,      1253
       473,      1243,      1242,      1251,      1252
       472,      1242,      1241,      1250,      1251
       471,      1241,      1240,      1249,      1250
       470,      1240,      1239,      1248,      1249
       469,      1239,      1238,      1247,      1248
       468,      1204,      1205,      1244,      1245
       467,      1205,      1206,      1243,      1244
       466,      1206,      1207,      1242,      1243
       465,      1207,      1208,      1241,      1242
       464,      1208,      1209,      1240,      1241
       463,      1209,      1210,      1239,      1240
       462,      1210,      1211,      1238,      1239
       461,      1230,      1229,      1238,      1211
       460,      1229,      1228,      1247,      1238
       459,      1228,      1227,      1254,      1247
       458,      1227,      1226,      1262,      1254
       457,      1226,      1225,      1279,      1262
       456,      1225,      1224,      1280,      1279
       455,      1224,      1223,      1237,      1280
       454,      1223,      1222,      1236,      1237
       453,      1222,      1221,      1235,      1236
       452,      1221,      1220,      1234,      1235
       451,      1220,      1219,      1233,      1234
       450,      1219,      1218,      1232,      1233
       449,      1218,      1217,      1231,      1232
       448,      1217,      1214,      1215,      1231
       447,      1135,      1134,      1229,      1230
       446,      1134,      1133,      1228,      1229
       445,      1133,      1132,      1227,      1228
       444,      1132,      1131,      1226,      1227
       443,      1131,      1130,      1225,      1226
       442,      1130,      1129,      1224,      1225
       441,      1129,      1128,      1223,      1224
       440,      1128,      1127,      1222,      1223
       439,      1127,      1126,      1221,      1222
       438,      1126,      1125,      1220,      1221
       437,      1125,      1124,      1219,      1220
       436,      1124,      1123,      1218,      1219
       435,      1123,      1122,      1217,      1218
       434,      1122,      1121,      1214,      1217
       433,      1215,      1212,      1041,      1216
       432,      1214,      1213,      1212,      1215
       431,      1121,      1120,      1213,      1214
       430,      1120,      1119,      1118,      1213
       429,      1118,      1117,      1212,      1213
       428,      1117,      1040,      1041,      1212
       427,      1230,      1202,      1203,      1135
       426,      1211,      1201,      1202,      1230
       425,      1210,      1200,      1201,      1211
       424,      1209,      1199,      1200,      1210
       423,      1208,      1198,      1199,      1209
       422,      1207,      1197,      1198,      1208
       421,      1206,      1196,      1197,      1207
       420,      1205,      1195,      1196,      1206
       419,      1204,      1194,      1195,      1205
       418,      1202,      1185,      1174,      1203
       417,      1201,      1186,      1185,      1202
       416,      1200,      1187,      1186,      1201
       415,      1199,      1188,      1187,      1200
       414,      1198,      1189,      1188,      1199
       413,      1197,      1190,      1189,      1198
       412,      1196,      1191,      1190,      1197
       411,      1195,      1192,      1191,      1196
       410,      1194,      1193,      1192,      1195
       409,      1175,      1176,      1192,      1193
       408,      1176,      1177,      1191,      1192
       407,      1177,      1178,      1190,      1191
       406,      1178,      1179,      1189,      1190
       405,      1179,      1180,      1188,      1189
       404,      1180,      1181,      1187,      1188
       403,      1181,      1182,      1186,      1187
       402,      1182,      1183,      1185,      1186
       401,      1183,      1184,      1174,      1185
       400,      1183,      1172,      1173,      1184
       399,      1182,      1171,      1172,      1183
       398,      1181,      1170,      1171,      1182
       397,      1180,      1169,      1170,      1181
       396,      1179,      1168,      1169,      1180
       395,      1178,      1167,      1168,      1179
       394,      1177,      1166,      1167,      1178
       393,      1176,      1165,      1166,      1177
       392,      1175,      1164,      1165,      1176
       391,      1172,      1162,      1163,      1173
       390,      1171,      1161,      1162,      1172
       389,      1170,      1160,      1161,      1171
       388,      1169,      1159,      1160,      1170
       387,      1168,      1158,      1159,      1169
       386,      1167,      1157,      1158,      1168
       385,      1166,      1156,      1157,      1167
       384,      1165,      1155,      1156,      1166
       383,      1164,      1154,      1155,      1165
       382,      1162,      1144,      1145,      1163
       381,      1161,      1143,      1144,      1162
       380,      1160,      1142,      1143,      1161
       379,      1159,      1141,      1142,      1160
       378,      1158,      1140,      1141,      1159
       377,      1157,      1139,      1140,      1158
       376,      1156,      1138,      1139,      1157
       375,      1155,      1137,      1138,      1156
       374,      1154,      1136,      1137,      1155
       373,      1136,       977,       978,      1107
       372,      1154,       976,       977,      1136
       371,      1164,       975,       976,      1154
       370,      1175,       974,       975,      1164
       369,      1193,       973,       974,      1175
       368,      1194,       972,       973,      1193
       367,      1204,       971,       972,      1194
       366,      1245,       970,       971,      1204
       365,      1246,       969,       970,      1245
       364,      1261,       968,       969,      1246
       363,      1153,       967,       968,      1261
       362,      1152,       966,       967,      1153
       361,      1151,       965,       966,      1152
       360,      1150,       964,       965,      1151
       359,      1149,       963,       964,      1150
       358,      1148,       962,       963,      1149
       357,      1147,       961,       962,      1148
       356,      1146,       960,       961,      1147
       355,      1044,       959,       960,      1146
       354,      1144,      1115,      1116,      1145
       353,      1143,      1114,      1115,      1144
       352,      1142,      1113,      1114,      1143
       351,      1141,      1112,      1113,      1142
       350,      1140,      1111,      1112,      1141
       349,      1139,      1110,      1111,      1140
       348,      1138,      1109,      1110,      1139
       347,      1137,      1108,      1109,      1138
       346,      1136,      1107,      1108,      1137
       345,       997,       998,      1145,      1116
       344,       998,       999,      1163,      1145
       343,       999,      1000,      1173,      1163
       342,      1000,      1001,      1184,      1173
       341,      1001,      1002,      1174,      1184
       340,      1002,      1003,      1203,      1174
       339,      1003,      1004,      1135,      1203
       338,      1004,      1005,      1134,      1135
       337,      1005,      1006,      1133,      1134
       336,      1006,      1007,      1132,      1133
       335,      1007,      1008,      1131,      1132
       334,      1008,      1009,      1130,      1131
       333,      1009,      1010,      1129,      1130
       332,      1010,      1011,      1128,      1129
       331,      1011,      1012,      1127,      1128
       330,      1012,      1013,      1126,      1127
       329,      1013,      1014,      1125,      1126
       328,      1014,      1015,      1124,      1125
       327,      1015,      1016,      1123,      1124
       326,      1016,      1017,      1122,      1123
       325,      1017,      1018,      1121,      1122
       324,      1018,      1019,      1120,      1121
       323,      1019,      1020,      1119,      1120
       322,      1020,      1021,      1322,      1119
       321,      1323,      1106,      1117,      1118
       320,      1106,      1039,      1040,      1117
       319,       997,      1094,       995,       996
       318,      1116,      1095,      1094,       997
       317,      1115,      1096,      1095,      1116
       316,      1114,      1097,      1096,      1115
       315,      1113,      1098,      1097,      1114
       314,      1112,      1099,      1098,      1113
       313,      1111,      1100,      1099,      1112
       312,      1110,      1101,      1100,      1111
       311,      1109,      1102,      1101,      1110
       310,      1108,      1103,      1102,      1109
       309,      1107,      1104,      1103,      1108
       308,       978,      1105,      1104,      1107
       307,       979,       980,      1105,       978
       306,      1323,      1022,      1023,      1106
       305,      1023,      1038,      1039,      1106
       304,       980,       981,      1082,      1105
       303,      1082,      1083,      1104,      1105
       302,      1083,      1084,      1103,      1104
       301,      1084,      1085,      1102,      1103
       300,      1085,      1086,      1101,      1102
       299,      1086,      1087,      1100,      1101
       298,      1087,      1088,      1099,      1100
       297,      1088,      1089,      1098,      1099
       296,      1089,      1090,      1097,      1098
       295,      1090,      1091,      1096,      1097
       294,      1091,      1092,      1095,      1096
       293,      1092,      1093,      1094,      1095
       292,      1093,       994,       995,      1094
       291,      1093,      1070,       993,       994
       290,      1092,      1071,      1070,      1093
       289,      1091,      1072,      1071,      1092
       288,      1090,      1073,      1072,      1091
       287,      1089,      1074,      1073,      1090
       286,      1088,      1075,      1074,      1089
       285,      1087,      1076,      1075,      1088
       284,      1086,      1077,      1076,      1087
       283,      1085,      1078,      1077,      1086
       282,      1084,      1079,      1078,      1085
       281,      1083,      1080,      1079,      1084
       280,      1082,      1081,      1080,      1083
       279,       981,       982,      1081,      1082
       278,       982,       983,      1058,      1081
       277,      1058,      1059,      1080,      1081
       276,      1059,      1060,      1079,      1080
       275,      1060,      1061,      1078,      1079
       274,      1061,      1062,      1077,      1078
       273,      1062,      1063,      1076,      1077
       272,      1063,      1064,      1075,      1076
       271,      1064,      1065,      1074,      1075
       270,      1065,      1066,      1073,      1074
       269,      1066,      1067,      1072,      1073
       268,      1067,      1068,      1071,      1072
       267,      1068,      1069,      1070,      1071
       266,      1069,       992,       993,      1070
       265,      1069,      1057,       991,       992
       264,      1068,      1056,      1057,      1069
       263,      1067,      1055,      1056,      1068
       262,      1066,      1054,      1055,      1067
       261,      1065,      1053,      1054,      1066
       260,      1064,      1052,      1053,      1065
       259,      1063,      1051,      1052,      1064
       258,      1062,      1050,      1051,      1063
       257,      1061,      1049,      1050,      1062
       256,      1060,      1048,      1049,      1061
       255,      1059,      1047,      1048,      1060
       254,      1058,      1046,      1047,      1059
       253,       983,       984,      1046,      1058
       252,      1057,      1037,       990,       991
       251,      1056,      1036,      1037,      1057
       250,      1055,      1035,      1036,      1056
       249,      1054,      1034,      1035,      1055
       248,      1053,      1033,      1034,      1054
       247,      1052,      1032,      1033,      1053
       246,      1051,      1031,      1032,      1052
       245,      1050,      1030,      1031,      1051
       244,      1049,      1029,      1030,      1050
       243,      1048,      1028,      1029,      1049
       242,      1047,       987,      1028,      1048
       241,      1046,       986,       987,      1047
       240,       984,       985,       986,      1046
       239,      1025,      1045,      1038,      1023
       238,      1026,      1027,      1045,      1025
       237,      1027,       989,      1024,      1045
       236,       989,       988,       958,      1024
       235,      1272,       761,       760,      1044
       234,      1043,       762,       761,      1272
       233,      1042,       763,       762,      1043
       232,      1216,       764,       763,      1042
       231,      1041,       765,       764,      1216
       230,      1040,       766,       765,      1041
       229,      1039,       767,       766,      1040
       228,      1038,       768,       767,      1039
       227,      1045,       769,       768,      1038
       226,      1024,       770,       769,      1045
       225,       760,       759,       959,      1044
       224,      1037,       913,       914,       990
       223,      1036,       912,       913,      1037
       222,      1035,       911,       912,      1036
       221,      1034,       910,       911,      1035
       220,      1033,       909,       910,      1034
       219,      1032,       908,       909,      1033
       218,      1031,       907,       908,      1032
       217,      1030,       906,       907,      1031
       216,      1029,       905,       906,      1030
       215,      1028,       904,       905,      1029
       214,       987,       903,       904,      1028
       213,      1027,       952,       953,       989
       212,      1026,       951,       952,      1027
       211,      1025,       950,       951,      1026
       210,      1023,       949,       950,      1025
       209,       958,       771,       770,      1024
       208,      1022,       948,       949,      1023
       207,      1021,       947,       948,      1022
       206,      1020,       946,       947,      1021
       205,      1019,       945,       946,      1020
       204,      1018,       944,       945,      1019
       203,      1017,       943,       944,      1018
       202,      1016,       942,       943,      1017
       201,      1015,       941,       942,      1016
       200,      1014,       940,       941,      1015
       199,      1013,       939,       940,      1014
       198,      1012,       938,       939,      1013
       197,      1011,       937,       938,      1012
       196,      1010,       936,       937,      1011
       195,      1009,       935,       936,      1010
       194,      1008,       934,       935,      1009
       193,      1007,       933,       934,      1008
       192,      1006,       932,       933,      1007
       191,      1005,       931,       932,      1006
       190,      1004,       930,       931,      1005
       189,      1003,       929,       930,      1004
       188,      1002,       928,       929,      1003
       187,      1001,       927,       928,      1002
       186,      1000,       926,       927,      1001
       185,       999,       925,       926,      1000
       184,       998,       924,       925,       999
       183,       997,       923,       924,       998
       182,       996,       922,       923,       997
       181,       995,       921,       922,       996
       180,       994,       920,       921,       995
       179,       993,       919,       920,       994
       178,       992,       918,       919,       993
       177,       991,       917,       918,       992
       176,       990,       916,       917,       991
       175,       914,       915,       916,       990
       174,       953,       954,       988,       989
       173,       954,       955,       956,       988
       172,       956,       957,       958,       988
       171,       986,       902,       903,       987
       170,       985,       901,       902,       986
       169,       985,       899,       900,       901
       168,       984,       898,       899,       985
       167,       983,       897,       898,       984
       166,       982,       896,       897,       983
       165,       981,       895,       896,       982
       164,       980,       894,       895,       981
       163,       979,       893,       894,       980
       162,       978,       892,       893,       979
       161,       977,       891,       892,       978
       160,       976,       890,       891,       977
       159,       975,       889,       890,       976
       158,       974,       888,       889,       975
       157,       973,       887,       888,       974
       156,       972,       886,       887,       973
       155,       971,       885,       886,       972
       154,       970,       884,       885,       971
       153,       969,       883,       884,       970
       152,       968,       882,       883,       969
       151,       967,       881,       882,       968
       150,       966,       880,       881,       967
       149,       965,       879,       880,       966
       148,       964,       878,       879,       965
       147,       963,       877,       878,       964
       146,       962,       876,       877,       963
       145,       961,       875,       876,       962
       144,       960,       874,       875,       961
       143,       959,       873,       874,       960
       142,       759,       758,       873,       959
       141,       957,       772,       771,       958
       140,       833,       834,       823,       830
       139,       834,       865,       864,       823
       138,       830,       823,       822,       829
       137,       823,       864,       863,       822
       136,       829,       822,       824,       828
       135,       822,       863,       862,       824
       134,       828,       824,       820,       827
       133,       824,       862,       861,       820
       132,       827,       820,       821,       826
       131,       820,       861,       860,       821
       130,       826,       821,       819,       825
       129,       821,       860,       859,       819
       128,       825,       819,       839,       840
       127,       819,       859,       858,       839
       126,       818,       847,       848,       816
       125,       816,       848,       849,       815
       124,       815,       849,       850,       831
       123,       828,       817,       814,       829
       122,       817,       818,       816,       814
       121,       832,       833,       830,       813
       120,       813,       830,       829,       814
       119,       831,       832,       813,       815
       118,       815,       813,       814,       816
       117,       842,       843,       844,       812
       116,       812,       844,       845,       811
       115,       811,       845,       846,       810
       114,       810,       846,       847,       818
       113,       809,       826,       825,       808
       112,       808,       825,       840,       841
       111,       811,       809,       808,       812
       110,       812,       808,       841,       842
       109,       817,       828,       827,       807
       108,       807,       827,       826,       809
       107,       818,       817,       807,       810
       106,       810,       807,       809,       811
       105,       837,       838,       799,       806
       104,       838,       781,       871,       799
       103,       806,       799,       798,       805
       102,       799,       871,       870,       798
       101,       805,       798,       800,       804
       100,       798,       870,       869,       800
        99,       804,       800,       796,       803
        98,       800,       869,       868,       796
        97,       803,       796,       797,       802
        96,       796,       868,       867,       797
        95,       802,       797,       795,       801
        94,       797,       867,       866,       795
        93,       801,       795,       834,       833
        92,       795,       866,       865,       834
        91,       794,       854,       855,       792
        90,       792,       855,       856,       791
        89,       791,       856,       857,       835
        88,       804,       793,       790,       805
        87,       793,       794,       792,       790
        86,       836,       837,       806,       789
        85,       789,       806,       805,       790
        84,       835,       836,       789,       791
        83,       791,       789,       790,       792
        82,       831,       850,       851,       788
        81,       788,       851,       852,       787
        80,       787,       852,       853,       786
        79,       786,       853,       854,       794
        78,       785,       802,       801,       784
        77,       784,       801,       833,       832
        76,       787,       785,       784,       788
        75,       788,       784,       832,       831
        74,       793,       804,       803,       783
        73,       783,       803,       802,       785
        72,       794,       793,       783,       786
        71,       786,       783,       785,       787
*****
