**
**   Template:  Plane stress analyzer
**
*NODE
        10,  0.0            ,  18.0           ,  0.0            
        11,  0.2            ,  18.0           ,  0.0            
        12,  0.4            ,  18.0           ,  0.0            
        13,  0.6            ,  18.0           ,  0.0            
        14,  0.8            ,  18.0           ,  0.0            
        15,  1.0            ,  18.0           ,  0.0            
        16,  1.2            ,  18.0           ,  0.0            
        17,  1.4            ,  18.0           ,  0.0            
        18,  1.6            ,  18.0           ,  0.0            
        19,  1.8            ,  18.0           ,  0.0            
        20,  2.0            ,  18.0           ,  0.0            
        21,  2.2            ,  18.0           ,  0.0            
        22,  2.4            ,  18.0           ,  0.0            
        23,  2.6            ,  18.0           ,  0.0            
        24,  2.8            ,  18.0           ,  0.0            
        25,  3.0            ,  18.0           ,  0.0            
        26,  3.2            ,  18.0           ,  0.0            
        27,  3.4            ,  18.0           ,  0.0            
        28,  3.6            ,  18.0           ,  0.0            
        29,  3.8            ,  18.0           ,  0.0            
        30,  4.0            ,  18.0           ,  0.0            
        31,  4.2            ,  18.0           ,  0.0            
        32,  4.4            ,  18.0           ,  0.0            
        33,  4.6            ,  18.0           ,  0.0            
        34,  4.8            ,  18.0           ,  0.0            
        35,  5.0            ,  18.0           ,  0.0            
        36,  5.2            ,  18.0           ,  0.0            
        37,  5.4            ,  18.0           ,  0.0            
        38,  5.6            ,  18.0           ,  0.0            
        39,  5.8            ,  18.0           ,  0.0            
        40,  6.0            ,  18.0           ,  0.0            
        41,  6.2            ,  18.0           ,  0.0            
        42,  6.4            ,  18.0           ,  0.0            
        43,  6.6            ,  18.0           ,  0.0            
        44,  6.8            ,  18.0           ,  0.0            
        45,  7.0            ,  18.0           ,  0.0            
        46,  7.2            ,  18.0           ,  0.0            
        47,  7.4            ,  18.0           ,  0.0            
        48,  7.6            ,  18.0           ,  0.0            
        49,  7.8            ,  18.0           ,  0.0            
        50,  8.0            ,  18.0           ,  0.0            
        51,  8.2            ,  18.0           ,  0.0            
        52,  8.4            ,  18.0           ,  0.0            
        53,  8.6            ,  18.0           ,  0.0            
        54,  8.8            ,  18.0           ,  0.0            
        55,  9.0            ,  18.0           ,  0.0            
        56,  9.2            ,  18.0           ,  0.0            
        57,  9.4            ,  18.0           ,  0.0            
        58,  9.6            ,  18.0           ,  0.0            
        59,  9.8            ,  18.0           ,  0.0            
        60,  10.0           ,  18.0           ,  0.0            
        61,  10.2           ,  18.0           ,  0.0            
        62,  10.4           ,  18.0           ,  0.0            
        63,  10.6           ,  18.0           ,  0.0            
        64,  10.8           ,  18.0           ,  0.0            
        65,  11.0           ,  18.0           ,  0.0            
        66,  11.2           ,  18.0           ,  0.0            
        67,  11.4           ,  18.0           ,  0.0            
        68,  11.6           ,  18.0           ,  0.0            
        69,  11.8           ,  18.0           ,  0.0            
        70,  12.0           ,  18.0           ,  0.0            
        71,  12.2           ,  18.0           ,  0.0            
        72,  12.4           ,  18.0           ,  0.0            
        73,  12.6           ,  18.0           ,  0.0            
        74,  12.8           ,  18.0           ,  0.0            
        75,  13.0           ,  18.0           ,  0.0            
        76,  13.2           ,  18.0           ,  0.0            
        77,  13.4           ,  18.0           ,  0.0            
        78,  13.6           ,  18.0           ,  0.0            
        79,  13.8           ,  18.0           ,  0.0            
        80,  14.0           ,  18.0           ,  0.0            
        81,  14.2           ,  18.0           ,  0.0            
        82,  14.4           ,  18.0           ,  0.0            
        83,  14.6           ,  18.0           ,  0.0            
        84,  14.8           ,  18.0           ,  0.0            
        85,  15.0           ,  18.0           ,  0.0            
        86,  15.0           ,  17.8           ,  0.0            
        87,  15.0           ,  17.6           ,  0.0            
        88,  15.0           ,  17.4           ,  0.0            
        89,  15.0           ,  17.2           ,  0.0            
        90,  15.0           ,  17.0           ,  0.0            
        91,  15.0           ,  16.8           ,  0.0            
        92,  15.0           ,  16.6           ,  0.0            
        93,  15.0           ,  16.4           ,  0.0            
        94,  15.0           ,  16.2           ,  0.0            
        95,  15.0           ,  16.0           ,  0.0            
        96,  15.0           ,  15.8           ,  0.0            
        97,  15.0           ,  15.6           ,  0.0            
        98,  15.0           ,  15.4           ,  0.0            
        99,  15.0           ,  15.2           ,  0.0            
       100,  15.0           ,  15.0           ,  0.0            
       101,  15.0           ,  14.8           ,  0.0            
       102,  15.0           ,  14.6           ,  0.0            
       103,  15.0           ,  14.4           ,  0.0            
       104,  15.0           ,  14.2           ,  0.0            
       105,  15.0           ,  14.0           ,  0.0            
       106,  15.0           ,  13.8           ,  0.0            
       107,  15.0           ,  13.6           ,  0.0            
       108,  15.0           ,  13.4           ,  0.0            
       109,  15.0           ,  13.2           ,  0.0            
       110,  15.0           ,  13.0           ,  0.0            
       111,  15.0           ,  12.8           ,  0.0            
       112,  15.0           ,  12.6           ,  0.0            
       113,  15.0           ,  12.4           ,  0.0            
       114,  15.0           ,  12.2           ,  0.0            
       115,  15.0           ,  12.0           ,  0.0            
       116,  15.0           ,  11.8           ,  0.0            
       117,  15.0           ,  11.6           ,  0.0            
       118,  15.0           ,  11.4           ,  0.0            
       119,  15.0           ,  11.2           ,  0.0            
       120,  15.0           ,  11.0           ,  0.0            
       121,  15.0           ,  10.8           ,  0.0            
       122,  15.0           ,  10.6           ,  0.0            
       123,  15.0           ,  10.4           ,  0.0            
       124,  15.0           ,  10.2           ,  0.0            
       125,  15.0           ,  10.0           ,  0.0            
       126,  15.0           ,  9.8            ,  0.0            
       127,  15.0           ,  9.6            ,  0.0            
       128,  15.0           ,  9.4            ,  0.0            
       129,  15.0           ,  9.2            ,  0.0            
       130,  15.0           ,  9.0            ,  0.0            
       131,  15.0           ,  8.8            ,  0.0            
       132,  15.0           ,  8.6            ,  0.0            
       133,  15.0           ,  8.4            ,  0.0            
       134,  15.0           ,  8.2            ,  0.0            
       135,  15.0           ,  8.0            ,  0.0            
       136,  15.0           ,  7.8            ,  0.0            
       137,  15.0           ,  7.6            ,  0.0            
       138,  15.0           ,  7.4            ,  0.0            
       139,  15.0           ,  7.2            ,  0.0            
       140,  15.0           ,  7.0            ,  0.0            
       141,  15.0           ,  6.8            ,  0.0            
       142,  15.0           ,  6.6            ,  0.0            
       143,  15.0           ,  6.4            ,  0.0            
       144,  15.0           ,  6.2            ,  0.0            
       145,  15.0           ,  6.0            ,  0.0            
       146,  15.0           ,  5.8            ,  0.0            
       147,  15.0           ,  5.6            ,  0.0            
       148,  15.0           ,  5.4            ,  0.0            
       149,  15.0           ,  5.2            ,  0.0            
       150,  15.0           ,  5.0            ,  0.0            
       151,  15.0           ,  4.8            ,  0.0            
       152,  15.0           ,  4.6            ,  0.0            
       153,  15.0           ,  4.4            ,  0.0            
       154,  15.0           ,  4.2            ,  0.0            
       155,  15.0           ,  4.0            ,  0.0            
       156,  15.0           ,  3.8            ,  0.0            
       157,  15.0           ,  3.6            ,  0.0            
       158,  15.0           ,  3.4            ,  0.0            
       159,  15.0           ,  3.2            ,  0.0            
       160,  15.0           ,  3.0            ,  0.0            
       161,  15.0           ,  2.8            ,  0.0            
       162,  15.0           ,  2.6            ,  0.0            
       163,  15.0           ,  2.4            ,  0.0            
       164,  15.0           ,  2.2            ,  0.0            
       165,  15.0           ,  2.0            ,  0.0            
       166,  15.0           ,  1.8            ,  0.0            
       167,  15.0           ,  1.6            ,  0.0            
       168,  15.0           ,  1.4            ,  0.0            
       169,  15.0           ,  1.2            ,  0.0            
       170,  15.0           ,  1.0            ,  0.0            
       171,  15.0           ,  0.8            ,  0.0            
       172,  15.0           ,  0.6            ,  0.0            
       173,  15.0           ,  0.4            ,  0.0            
       174,  15.0           ,  0.2            ,  0.0            
       175,  15.0           ,  0.0            ,  0.0            
       176,  14.8           ,  0.0            ,  0.0            
       177,  14.6           ,  0.0            ,  0.0            
       178,  14.4           ,  0.0            ,  0.0            
       179,  14.2           ,  0.0            ,  0.0            
       180,  14.0           ,  0.0            ,  0.0            
       181,  13.8           ,  0.0            ,  0.0            
       182,  13.6           ,  0.0            ,  0.0            
       183,  13.4           ,  0.0            ,  0.0            
       184,  13.2           ,  0.0            ,  0.0            
       185,  13.0           ,  0.0            ,  0.0            
       186,  12.8           ,  0.0            ,  0.0            
       187,  12.6           ,  0.0            ,  0.0            
       188,  12.4           ,  0.0            ,  0.0            
       189,  12.2           ,  0.0            ,  0.0            
       190,  12.0           ,  0.0            ,  0.0            
       191,  11.8           ,  0.0            ,  0.0            
       192,  11.6           ,  0.0            ,  0.0            
       193,  11.4           ,  0.0            ,  0.0            
       194,  11.2           ,  0.0            ,  0.0            
       195,  11.0           ,  0.0            ,  0.0            
       196,  10.8           ,  0.0            ,  0.0            
       197,  10.6           ,  0.0            ,  0.0            
       198,  10.4           ,  0.0            ,  0.0            
       199,  10.2           ,  0.0            ,  0.0            
       200,  10.0           ,  0.0            ,  0.0            
       201,  10.0           ,  0.2            ,  0.0            
       202,  10.0           ,  0.4            ,  0.0            
       203,  10.0           ,  0.6            ,  0.0            
       204,  10.0           ,  0.8            ,  0.0            
       205,  10.0           ,  1.0            ,  0.0            
       206,  10.0           ,  1.2            ,  0.0            
       207,  10.0           ,  1.4            ,  0.0            
       208,  10.0           ,  1.6            ,  0.0            
       209,  10.0           ,  1.8            ,  0.0            
       210,  10.0           ,  2.0            ,  0.0            
       211,  10.0           ,  2.2            ,  0.0            
       212,  10.0           ,  2.4            ,  0.0            
       213,  10.0           ,  2.6            ,  0.0            
       214,  10.0           ,  2.8            ,  0.0            
       215,  10.0           ,  3.0            ,  0.0            
       216,  10.0           ,  3.2            ,  0.0            
       217,  10.0           ,  3.4            ,  0.0            
       218,  10.0           ,  3.6            ,  0.0            
       219,  10.0           ,  3.8            ,  0.0            
       220,  10.0           ,  4.0            ,  0.0            
       221,  10.0           ,  4.2            ,  0.0            
       222,  10.0           ,  4.4            ,  0.0            
       223,  10.0           ,  4.6            ,  0.0            
       224,  10.0           ,  4.8            ,  0.0            
       225,  10.0           ,  5.0            ,  0.0            
       226,  10.0           ,  5.2            ,  0.0            
       227,  10.0           ,  5.4            ,  0.0            
       228,  10.0           ,  5.6            ,  0.0            
       229,  10.0           ,  5.8            ,  0.0            
       230,  10.0           ,  6.0            ,  0.0            
       231,  10.0           ,  6.2            ,  0.0            
       232,  10.0           ,  6.4            ,  0.0            
       233,  10.0           ,  6.6            ,  0.0            
       234,  10.0           ,  6.8            ,  0.0            
       235,  10.0           ,  7.0            ,  0.0            
       236,  10.0           ,  7.2            ,  0.0            
       237,  10.0           ,  7.4            ,  0.0            
       238,  10.0           ,  7.6            ,  0.0            
       239,  10.0           ,  7.8            ,  0.0            
       240,  10.0           ,  8.0            ,  0.0            
       241,  9.9999999947086,  8.1789083551179,  0.0            
       242,  9.9003572535792,  8.3508910647441,  0.0            
       243,  9.797757002251 ,  8.5211259515844,  0.0            
       244,  9.6922298902532,  8.6895621617755,  0.0            
       245,  9.5838074414493,  8.8561493787686,  0.0            
       246,  9.4725220446199,  9.0208378383602,  0.0            
       247,  9.358406943787 ,  9.1835783435581,  0.0            
       248,  9.2414962282837,  9.3443222792777,  0.0            
       249,  9.1218248225702,  9.5030216268652,  0.0            
       250,  8.9994284758012,  9.6596289784415,  0.0            
       251,  8.8743437511465,  9.8140975510645,  0.0            
       252,  8.7466080148687,  9.9663812007046,  0.0            
       253,  8.6162594251608,  10.116434436029,  0.0            
       254,  8.4833369207473,  10.264212431991,  0.0            
       255,  8.3478802092522,  10.409671043222,  0.0            
       256,  8.2099297553369,  10.552766817215,  0.0            
       257,  8.0695267686129,  10.69345700731 ,  0.0            
       258,  7.9267131913307,  10.831699585462,  0.0            
       259,  7.7815316858509,  10.967453254793,  0.0            
       260,  7.6340256218998,  11.100677461932,  0.0            
       261,  7.4842390636134,  11.231332409128,  0.0            
       262,  7.3322167563742,  11.359379066139,  0.0            
       263,  7.178004113445 ,  11.484779181892,  0.0            
       264,  7.021647202402 ,  11.607495295909,  0.0            
       265,  6.863192731374 ,  11.727490749495,  0.0            
       266,  6.7026880350885,  11.844729696694,  0.0            
       267,  6.540181060732 ,  11.959177114995,  0.0            
       268,  6.3757203536269,  12.070798815791,  0.0            
       269,  6.2093550427295,  12.179561454598,  0.0            
       270,  6.0411348259538,  12.28543254101 ,  0.0            
       271,  5.8711099553247,  12.38838044841 ,  0.0            
       272,  5.6993312219707,  12.488374423412,  0.0            
       273,  5.5258499409404,  12.585384595057,  0.0            
       274,  5.3507179358876,  12.679381983724,  0.0            
       275,  5.1739875235792,  12.770338509798,  0.0            
       276,  4.9957114982714,  12.858227002052,  0.0            
       277,  4.8159431159378,  12.943021205765,  0.0            
       278,  4.6347360783599,  13.024695790566,  0.0            
       279,  4.4521445170856,  13.103226358   ,  0.0            
       280,  4.2682229772582,  13.178589448818,  0.0            
       281,  4.0830264013222,  13.250762549982,  0.0            
       282,  3.8966101126106,  13.319724101395,  0.0            
       283,  3.7090297988187,  13.385453502334,  0.0            
       284,  3.5203414953676,  13.447931117613,  0.0            
       285,  3.3306015686662,  13.507138283441,  0.0            
       286,  3.1398666992716,  13.563057313004,  0.0            
       287,  2.9481938649585,  13.615671501741,  0.0            
       288,  2.7556403236971,  13.664965132342,  0.0            
       289,  2.5622635965492,  13.710923479437,  0.0            
       290,  2.3681214504852,  13.753532813999,  0.0            
       291,  2.1732718811269,  13.792780407442,  0.0            
       292,  1.9777730954234,  13.828654535426,  0.0            
       293,  1.7816834942624,  13.861144481357,  0.0            
       294,  1.5850616550244,  13.890240539592,  0.0            
       295,  1.3879663140844,  13.915934018334,  0.0            
       296,  1.1904563492652,  13.938217242232,  0.0            
       297,  0.9925907622494,  13.95708355467 ,  0.0            
       298,  0.7944286609535,  13.972527319761,  0.0            
       299,  0.5960292418714,  13.984543924024,  0.0            
       300,  0.39745177239  ,  13.993129777768,  0.0            
       301,  0.1987555730851,  13.998282316162,  0.0            
       302,  0.0            ,  14.0           ,  0.0            
       303,  0.0            ,  14.2           ,  0.0            
       304,  0.0            ,  14.4           ,  0.0            
       305,  0.0            ,  14.6           ,  0.0            
       306,  0.0            ,  14.8           ,  0.0            
       307,  0.0            ,  15.0           ,  0.0            
       308,  0.0            ,  15.2           ,  0.0            
       309,  0.0            ,  15.4           ,  0.0            
       310,  0.0            ,  15.6           ,  0.0            
       311,  0.0            ,  15.8           ,  0.0            
       312,  0.0            ,  16.0           ,  0.0            
       313,  0.0            ,  16.2           ,  0.0            
       314,  0.0            ,  16.4           ,  0.0            
       315,  0.0            ,  16.6           ,  0.0            
       316,  0.0            ,  16.8           ,  0.0            
       317,  0.0            ,  17.0           ,  0.0            
       318,  0.0            ,  17.2           ,  0.0            
       319,  0.0            ,  17.4           ,  0.0            
       320,  0.0            ,  17.6           ,  0.0            
       321,  0.0            ,  17.8           ,  0.0            
       322,  10.202934856039,  0.2017596825424,  0.0            
       323,  10.406389705991,  0.2029655610294,  0.0            
       324,  10.204970469393,  0.4029215930938,  0.0            
       325,  10.611285281243,  0.2042623292695,  0.0            
       326,  10.206551493031,  0.6038865976251,  0.0            
       327,  10.410709304741,  0.4050805647544,  0.0            
       328,  10.81970342473 ,  0.2064036715113,  0.0            
       329,  10.207999571041,  0.8048064496168,  0.0            
       330,  10.617960469775,  0.4071973960226,  0.0            
       331,  10.41372596087 ,  0.6069234289916,  0.0            
       332,  11.033866486126,  0.2117127197506,  0.0            
       333,  10.209463283861,  1.0057073442431,  0.0            
       334,  10.828684793754,  0.4104416305877,  0.0            
       335,  10.416406146818,  0.8087348492492,  0.0            
       336,  10.621939761399,  0.6098350294621,  0.0            
       337,  11.260876384732,  0.2314618557127,  0.0            
       338,  10.210958203067,  1.2065647315072,  0.0            
       339,  11.04293341197 ,  0.4181500990793,  0.0            
       340,  10.419163428854,  1.0105397982598,  0.0            
       341,  10.832643247973,  0.6139634142771,  0.0            
       342,  10.625472228573,  0.8124931430017,  0.0            
       343,  11.413056795734,  0.1283988807522,  0.0            
       344,  10.212436369424,  1.407344558065 ,  0.0            
       345,  11.261866099684,  0.4403370619433,  0.0            
       346,  10.422034384831,  1.2122833744935,  0.0            
       347,  11.045322290606,  0.6226206836627,  0.0            
       348,  10.629294218682,  1.015161088957 ,  0.0            
       349,  10.836328179013,  0.8173373116678,  0.0            
       350,  11.580449677039,  0.1602390958287,  0.0            
       351,  11.507310995848,  0.316345064983 ,  0.0            
       352,  10.21378299647 ,  1.6079955350138,  0.0            
       353,  10.424910201734,  1.4139184993831,  0.0            
       354,  11.261830048656,  0.6415943045118,  0.0            
       355,  10.633384529115,  1.2177549673349,  0.0            
       356,  11.048729219958,  0.8258362159623,  0.0            
       357,  10.840725209805,  1.0205983434585,  0.0            
       358,  11.485034230458,  0.4854976506079,  0.0            
       359,  11.77726583497 ,  0.1737167816359,  0.0            
       360,  10.214788752302,  1.8084928982742,  0.0            
       361,  10.427552315757,  1.6153742072501,  0.0            
       362,  10.637531750774,  1.4202394607524,  0.0            
       363,  11.264382495859,  0.8413089508282,  0.0            
       364,  10.845649158466,  1.2237663573803,  0.0            
       365,  11.053385231325,  1.0286903189225,  0.0            
       366,  11.737297624595,  0.3453670262627,  0.0            
       367,  11.482012463001,  0.6716721398717,  0.0            
       368,  11.981430949048,  0.1812368138078,  0.0            
       369,  11.714261912839,  0.5194582719654,  0.0            
       370,  10.215201853458,  2.0088552265333,  0.0            
       371,  10.429536763039,  1.8166224129175,  0.0            
       372,  10.641362405564,  1.6225362958609,  0.0            
       373,  10.850752389021,  1.42688400474  ,  0.0            
       374,  11.268535779403,  1.041568531036 ,  0.0            
       375,  11.058830229889,  1.2316071318234,  0.0            
       376,  11.482730017774,  0.8637399315266,  0.0            
       377,  11.956769091057,  0.3608197590435,  0.0            
       378,  12.187020323162,  0.1860880031944,  0.0            
       379,  11.706152507756,  0.7005301468835,  0.0            
       380,  10.214901181316,  2.2091722403786,  0.0            
       381,  10.43035560779 ,  2.0176733884071,  0.0            
       382,  10.644247503685,  1.8246188236134,  0.0            
       383,  10.855512058516,  1.6298684936499,  0.0            
       384,  11.064592349366,  1.4347351166862,  0.0            
       385,  11.273801074908,  1.2427616467713,  0.0            
       386,  11.938626511733,  0.5405109219337,  0.0            
       387,  11.485751209627,  1.0594338753469,  0.0            
       388,  12.171458584918,  0.3707986613665,  0.0            
       389,  11.704207898925,  0.887883082822 ,  0.0            
       390,  12.39160956077 ,  0.1892771168546,  0.0            
       391,  10.214008292799,  2.4095316299226,  0.0            
       392,  10.429764210882,  2.2186343075274,  0.0            
       393,  11.929401626547,  0.7231490441099,  0.0            
       394,  10.645441979627,  2.0264700368144,  0.0            
       395,  10.859111488984,  1.8326864774056,  0.0            
       396,  11.070014110657,  1.6379317219239,  0.0            
       397,  11.279632591859,  1.4448355006891,  0.0            
       398,  12.15853908264 ,  0.555007205959 ,  0.0            
       399,  11.490309151738,  1.2576056595607,  0.0            
       400,  11.705300852035,  1.0797596691961,  0.0            
       401,  12.381891307062,  0.3774951720955,  0.0            
       402,  12.595157197119,  0.1913037098645,  0.0            
       403,  10.212766765397,  2.6099786395719,  0.0            
       404,  11.925694515822,  0.909559038826 ,  0.0            
       405,  10.428006429938,  2.4196037635313,  0.0            
       406,  10.644588550026,  2.2281942007754,  0.0            
       407,  10.860606010634,  2.0352643282119,  0.0            
       408,  12.150354128055,  0.7403155420392,  0.0            
       409,  11.074127717165,  1.8411085258394,  0.0            
       410,  11.285239475326,  1.6474053857679,  0.0            
       411,  11.495738202103,  1.4575842624828,  0.0            
       412,  12.373233816845,  0.5651107838666,  0.0            
       413,  11.708475784245,  1.2748289832511,  0.0            
       414,  12.589469601832,  0.3818897218778,  0.0            
       415,  12.797461753463,  0.1925476205275,  0.0            
       416,  11.925255036788,  1.0995678925606,  0.0            
       417,  10.211348182542,  2.8104865290556,  0.0            
       418,  10.425574878811,  2.6206525996183,  0.0            
       419,  10.642048157672,  2.4298693564649,  0.0            
       420,  12.145998200412,  0.9275743150987,  0.0            
       421,  10.859542828214,  2.2376945756391,  0.0            
       422,  11.075840937188,  2.0440732707044,  0.0            
       423,  12.366980759045,  0.7530150431051,  0.0            
       424,  11.28953144904 ,  1.8502378225288,  0.0            
       425,  11.501119890852,  1.6586060761746,  0.0            
       426,  12.58405031062 ,  0.5719816178937,  0.0            
       427,  11.712914287431,  1.472282416703 ,  0.0            
       428,  12.794350959232,  0.3846476780512,  0.0            
       429,  12.99893663011 ,  0.1933300937002,  0.0            
       430,  11.927109430212,  1.2924072290145,  0.0            
       431,  10.209770554065,  3.0110244785113,  0.0            
       432,  10.422810100638,  2.8217329996262,  0.0            
       433,  12.144436687254,  1.1171727988949,  0.0            
       434,  10.638569956064,  2.6316042276621,  0.0            
       435,  10.856368961069,  2.4400137969596,  0.0            
       436,  12.36311221105 ,  0.9417660511216,  0.0            
       437,  11.074628833833,  2.2468744468438,  0.0            
       438,  11.291331709422,  2.0529379900688,  0.0            
       439,  12.579680663848,  0.7620352878327,  0.0            
       440,  11.505290178569,  1.8602594863905,  0.0            
       441,  12.791217743222,  0.5764200429472,  0.0            
       442,  12.997418670431,  0.3864123009225,  0.0            
       443,  11.717581302736,  1.6711721109496,  0.0            
       444,  13.19979363584 ,  0.1939437566466,  0.0            
       445,  11.930418846917,  1.4876047685316,  0.0            
       446,  10.20798160203 ,  3.2115996264527,  0.0            
       447,  10.419675460142,  3.0228038135692,  0.0            
       448,  12.145067689653,  1.308805581327 ,  0.0            
       449,  10.634707406526,  2.8333029628206,  0.0            
       450,  10.852052279331,  2.6424468771302,  0.0            
       451,  12.361301967387,  1.1318256527797,  0.0            
       452,  11.070987523912,  2.449452678817 ,  0.0            
       453,  11.290074368523,  2.2554330432615,  0.0            
       454,  12.576608188703,  0.9523462018229,  0.0            
       455,  12.78850908333 ,  0.7680719067092,  0.0            
       456,  12.99574501879 ,  0.5793100679903,  0.0            
       457,  11.507062560225,  2.0619128918911,  0.0            
       458,  13.199192312083,  0.3877594646954,  0.0            
       459,  13.400249458922,  0.1945446041551,  0.0            
       460,  11.721282007124,  1.8710168579091,  0.0            
       461,  10.206092347186,  3.4122889362432,  0.0            
       462,  11.934154349379,  1.6843071627806,  0.0            
       463,  10.415879169806,  3.2238915157511,  0.0            
       464,  12.147188289881,  1.5023614015119,  0.0            
       465,  10.630288110119,  3.0348854616228,  0.0            
       466,  10.847462441521,  2.8449114051929,  0.0            
       467,  12.361262767342,  1.3231157201989,  0.0            
       468,  11.066038877138,  2.6522446233724,  0.0            
       469,  11.286250982126,  2.4574033799876,  0.0            
       470,  12.574888497088,  1.1432527782569,  0.0            
       471,  12.786461321086,  0.9597370205324,  0.0            
       472,  12.994180735666,  0.7721057528261,  0.0            
       473,  11.505880681869,  2.263314484271 ,  0.0            
       474,  13.198417594512,  0.5814864029881,  0.0            
       475,  13.400113016818,  0.3890301842154,  0.0            
       476,  13.600486353649,  0.1951817823086,  0.0            
       477,  11.722885366838,  2.0710256712263,  0.0            
       478,  10.204433089712,  3.6131528453347,  0.0            
       479,  11.937194979195,  1.8821109158182,  0.0            
       480,  10.411633596574,  3.4252210126366,  0.0            
       481,  12.149876816431,  1.6972133426634,  0.0            
       482,  10.624218184155,  3.2363528961497,  0.0            
       483,  10.84245459735 ,  3.0472210386247,  0.0            
       484,  12.362493716291,  1.515722926409 ,  0.0            
       485,  11.061027551322,  2.8554881227276,  0.0            
       486,  11.280997656122,  2.6592679879288,  0.0            
       487,  12.574474858448,  1.334777608325 ,  0.0            
       488,  12.785212027833,  1.1516019382208,  0.0            
       489,  12.992910405717,  0.9648510252504,  0.0            
       490,  11.50224369125 ,  2.4637396126777,  0.0            
       491,  13.197644724537,  0.7751547163288,  0.0            
       492,  13.399798155913,  0.5834789698126,  0.0            
       493,  13.600586619337,  0.3903397687426,  0.0            
       494,  13.800576172099,  0.195850628801 ,  0.0            
       495,  11.721884889996,  2.2708235503993,  0.0            
       496,  10.203246790171,  3.8142097226687,  0.0            
       497,  11.938535933987,  2.0802119684672,  0.0            
       498,  10.40801957941 ,  3.6269384150026,  0.0            
       499,  12.152152100453,  1.8930968465831,  0.0            
       500,  10.616485186928,  3.4382655368202,  0.0            
       501,  10.833976254842,  3.2490041686881,  0.0            
       502,  12.364276175546,  1.7092664719967,  0.0            
       503,  11.056965516674,  3.0598055595454,  0.0            
       504,  12.575061443937,  1.5270599789393,  0.0            
       505,  11.275685924679,  2.8613203930502,  0.0            
       506,  12.784796828778,  1.3437139410253,  0.0            
       507,  12.992074683214,  1.1576296624206,  0.0            
       508,  11.497309956596,  2.6630694083244,  0.0            
       509,  13.196991492698,  0.9687822095175,  0.0            
       510,  13.399441525681,  0.7779012083336,  0.0            
       511,  13.600514692845,  0.5854845822418,  0.0            
       512,  13.800763652282,  0.3916930934597,  0.0            
       513,  11.718778872009,  2.4694568980855,  0.0            
       514,  14.000609516966,  0.1965344540564,  0.0            
       515,  10.202722082076,  4.01545324838  ,  0.0            
       516,  11.937746858543,  2.2782185359327,  0.0            
       517,  10.405671821334,  3.8290001923344,  0.0            
       518,  10.61023777162 ,  3.6410056192195,  0.0            
       519,  12.153170180788,  2.089325346244 ,  0.0            
       520,  10.820006623932,  3.4515245856419,  0.0            
       521,  12.365844777105,  1.9036087225972,  0.0            
       522,  11.04803291814 ,  3.2631888999787,  0.0            
       523,  12.57613175449 ,  1.7199174965194,  0.0            
       524,  11.272669369432,  3.0662300402792,  0.0            
       525,  12.785049220551,  1.53618675794  ,  0.0            
       526,  12.991737160634,  1.3504833397629,  0.0            
       527,  11.492705409279,  2.8600736392367,  0.0            
       528,  13.196546256035,  1.1624003273002,  0.0            
       529,  13.399123716737,  0.9723021374174,  0.0            
       530,  0.19757311861  ,  14.193831586799,  0.0            
       531,  13.600391513039,  0.7806199542244,  0.0            
       532,  11.714739727435,  2.6665116002959,  0.0            
       533,  13.80078196    ,  0.5875316615029,  0.0            
       534,  14.000831757009,  0.3930684279814,  0.0            
       535,  14.200600067535,  0.1972237769173,  0.0            
       536,  10.203062289567,  4.2168163559401,  0.0            
       537,  11.935293726756,  2.4752156425834,  0.0            
       538,  10.40490995192 ,  4.031336635587 ,  0.0            
       539,  12.152576990936,  2.2855625498876,  0.0            
       540,  10.606754608735,  3.8442730654026,  0.0            
       541,  10.809942246852,  3.655616927693 ,  0.0            
       542,  12.366552054386,  2.0982542213139,  0.0            
       543,  11.020785539037,  3.4663666926554,  0.0            
       544,  12.577126244067,  1.9132935805448,  0.0            
       545,  11.272600384395,  3.2791247329565,  0.0            
       546,  12.785644729168,  1.7289612860959,  0.0            
       547,  12.99181792172 ,  1.5434830948068,  0.0            
       548,  11.49127724905 ,  3.0536913820646,  0.0            
       549,  0.3960797744411,  14.185696755621,  0.0            
       550,  13.196352558635,  1.3560344898177,  0.0            
       551,  13.398913768199,  1.166699409423 ,  0.0            
       552,  13.600273329534,  0.9757472686433,  0.0            
       553,  0.1980749192106,  14.390590890026,  0.0            
       554,  11.711557809859,  2.8603697887269,  0.0            
       555,  13.800746772951,  0.7833673609041,  0.0            
       556,  14.000888450548,  0.589601628624 ,  0.0            
       557,  14.200820139943,  0.3944515669246,  0.0            
       558,  14.400562883009,  0.1979116531707,  0.0            
       559,  11.932272667148,  2.6708196439685,  0.0            
       560,  10.204183854125,  4.4181601976037,  0.0            
       561,  10.406141392116,  4.2337896815087,  0.0            
       562,  12.150748568489,  2.4810761168654,  0.0            
       563,  10.606189003884,  4.047882597473 ,  0.0            
       564,  10.805573519425,  3.8603632061299,  0.0            
       565,  12.366126584484,  2.292950799979 ,  0.0            
       566,  11.005917834504,  3.6732270970838,  0.0            
       567,  12.577577771096,  2.1068855273349,  0.0            
       568,  11.210002672001,  3.4971318925028,  0.0            
       569,  12.786224176365,  1.9220214779727,  0.0            
       570,  0.594937842209 ,  14.175030377098,  0.0            
       571,  12.992125667705,  1.7366237147224,  0.0            
       572,  11.509330767747,  3.2355357303423,  0.0            
       573,  13.19637577732 ,  1.5497206678503,  0.0            
       574,  0.39688672539  ,  14.379729660588,  0.0            
       575,  13.398854077505,  1.3610853990652,  0.0            
       576,  13.600187943849,  1.1708690450752,  0.0            
       577,  11.713450618605,  3.0503047278022,  0.0            
       578,  13.800704838404,  0.9792005201473,  0.0            
       579,  0.199148833753 ,  14.588457394115,  0.0            
       580,  11.413772698332,  3.4225290608208,  0.0            
       581,  14.000892217249,  0.7861340250678,  0.0            
       582,  14.200881109834,  0.5916800247189,  0.0            
       583,  14.400763553468,  0.3958340720664,  0.0            
       584,  14.600479208544,  0.1985956781359,  0.0            
       585,  11.93041569874 ,  2.8638098052813,  0.0            
       586,  10.205660654558,  4.619377958639 ,  0.0            
       587,  12.148583022451,  2.6755850137668,  0.0            
       588,  10.408975342701,  4.4361273649581,  0.0            
       589,  10.609315088643,  4.2515182652803,  0.0            
       590,  12.364840790025,  2.4871850070188,  0.0            
       591,  10.805931788692,  4.065568533352 ,  0.0            
       592,  11.00173246877 ,  3.8781672201344,  0.0            
       593,  12.577287615895,  2.3005245382956,  0.0            
       594,  0.7937393727422,  14.161815850452,  0.0            
       595,  11.198714956431,  3.7014161641998,  0.0            
       596,  12.786488329584,  2.1152114188885,  0.0            
       597,  12.992442435955,  1.9299024758264,  0.0            
       598,  11.396423213369,  3.5696691180074,  0.0            
       599,  0.5960446548464,  14.367216944019,  0.0            
       600,  13.19652012667 ,  1.743466751276 ,  0.0            
       601,  11.573572085619,  3.4155944565419,  0.0            
       602,  13.398827477071,  1.5554940754376,  0.0            
       603,  0.3987237556425,  14.575779149145,  0.0            
       604,  13.600166238683,  1.3659918681034,  0.0            
       605,  11.729723013884,  3.2357788558192,  0.0            
       606,  13.800688110431,  1.1750249888922,  0.0            
       607,  14.000884751279,  0.9826657215386,  0.0            
       608,  0.2003226907221,  14.787207555927,  0.0            
       609,  14.200892063601,  0.7889078677176,  0.0            
       610,  14.400819184665,  0.5937587363734,  0.0            
       611,  14.600636467363,  0.3972136381843,  0.0            
       612,  11.932935585988,  3.0543145770245,  0.0            
       613,  14.800315261543,  0.1992770029067,  0.0            
       614,  10.207218745757,  4.820489653117 ,  0.0            
       615,  12.147429382473,  2.8682952176209,  0.0            
       616,  10.412111651605,  4.638199572577 ,  0.0            
       617,  10.61510130067 ,  4.4547414033589,  0.0            
       618,  12.363359453856,  2.6807656303254,  0.0            
       619,  10.812955367035,  4.2708568520472,  0.0            
       620,  11.002729625045,  4.0835740695902,  0.0            
       621,  0.9918312285789,  14.146088920574,  0.0            
       622,  12.576429954744,  2.4938943404726,  0.0            
       623,  11.196541537767,  3.8988206401209,  0.0            
       624,  12.786307541848,  2.3084294289187,  0.0            
       625,  0.7951191007386,  14.353034467112,  0.0            
       626,  12.992587897866,  2.1232496470718,  0.0            
       627,  11.393189549127,  3.7428233297284,  0.0            
       628,  13.196673979834,  1.9372727333579,  0.0            
       629,  11.59035719008 ,  3.5962203229535,  0.0            
       630,  0.5984221279897,  14.562069180258,  0.0            
       631,  13.398919224523,  1.7499288356842,  0.0            
       632,  13.600147550422,  1.5611198343156,  0.0            
       633,  11.762513836558,  3.4216614755839,  0.0            
       634,  0.4007817755336,  14.773560947886,  0.0            
       635,  13.800716896408,  1.3708646719604,  0.0            
       636,  14.0008779502  ,  1.179196969946 ,  0.0            
       637,  0.2013920355199,  14.986920241784,  0.0            
       638,  14.200891762508,  0.9861350722207,  0.0            
       639,  11.944240018375,  3.2422331186941,  0.0            
       640,  14.400830827332,  0.7916822192186,  0.0            
       641,  14.600677958911,  0.595835891289 ,  0.0            
       642,  14.800400250305,  0.3985954354094,  0.0            
       643,  12.149357630221,  3.0594065244295,  0.0            
       644,  10.208823032251,  5.0215374473723,  0.0            
       645,  10.415074325311,  4.8401820770206,  0.0            
       646,  12.362628719245,  2.8732165200483,  0.0            
       647,  10.620071126627,  4.6573153710781,  0.0            
       648,  1.1886159976656,  14.127987992689,  0.0            
       649,  10.824903079243,  4.4753466619273,  0.0            
       650,  11.015103545195,  4.2921239089795,  0.0            
       651,  12.575445951621,  2.6868756305381,  0.0            
       652,  0.9932411011691,  14.337276881301,  0.0            
       653,  12.785783385254,  2.5015051304888,  0.0            
       654,  11.197495735686,  4.0964333047055,  0.0            
       655,  12.992482431197,  2.3166092748369,  0.0            
       656,  11.393403010376,  3.9225088098154,  0.0            
       657,  0.797943873777 ,  14.5473867387  ,  0.0            
       658,  13.196744990275,  2.1311109484764,  0.0            
       659,  11.591325147636,  3.7715169713235,  0.0            
       660,  13.398948330336,  1.9443786235238,  0.0            
       661,  0.6011728428446,  14.759310536784,  0.0            
       662,  13.600188969795,  1.7562564990985,  0.0            
       663,  11.781733990466,  3.6066231557327,  0.0            
       664,  13.800686655162,  1.5666975078846,  0.0            
       665,  0.402713375361 ,  14.973205766692,  0.0            
       666,  14.000874583508,  1.3757281704427,  0.0            
       667,  14.200890280222,  1.1833619262963,  0.0            
       668,  11.963277840205,  3.4301150325384,  0.0            
       669,  0.2023297935799,  15.187246937557,  0.0            
       670,  14.40083254515 ,  0.9896043257447,  0.0            
       671,  14.600686506928,  0.7944552267324,  0.0            
       672,  14.800422895221,  0.5979141094341,  0.0            
       673,  12.156513811386,  3.2488313798442,  0.0            
       674,  10.210484341777,  5.2225470389305,  0.0            
       675,  12.363907767649,  3.0646825980229,  0.0            
       676,  1.3826517902126,  14.108065969715,  0.0            
       677,  10.418065514073,  5.042156756553 ,  0.0            
       678,  10.623997963064,  4.8598962469638,  0.0            
       679,  12.574938018045,  2.8792168441046,  0.0            
       680,  1.1896900938775,  14.320199459885,  0.0            
       681,  10.831755159315,  4.6780885598396,  0.0            
       682,  12.78518339347 ,  2.694371509524 ,  0.0            
       683,  11.040536678317,  4.4992955090586,  0.0            
       684,  11.207631153934,  4.30117531525  ,  0.0            
       685,  12.992179339741,  2.5099003798968,  0.0            
       686,  0.9965037092548,  14.531869764394,  0.0            
       687,  11.394511610474,  4.1022760104236,  0.0            
       688,  13.196691742256,  2.324953653922 ,  0.0            
       689,  0.8013374139678,  14.744578596861,  0.0            
       690,  11.593323654162,  3.9470145153168,  0.0            
       691,  13.398967633164,  2.1388558169597,  0.0            
       692,  13.600197513807,  1.9514012498212,  0.0            
       693,  0.6038640963743,  14.959140514657,  0.0            
       694,  11.78923589145 ,  3.7893430943702,  0.0            
       695,  13.800722889243,  1.7625337314158,  0.0            
       696,  14.000874537507,  1.5722597459332,  0.0            
       697,  0.4044606535554,  15.174021100263,  0.0            
       698,  14.200889526671,  1.3805886741781,  0.0            
       699,  11.978758841487,  3.6171167105512,  0.0            
       700,  14.400832686352,  1.1875256884381,  0.0            
       701,  0.2031424724531,  15.388066559672,  0.0            
       702,  14.600687767664,  0.9930718232932,  0.0            
       703,  14.800427730429,  0.7972273700429,  0.0            
       704,  12.168093800607,  3.4379511218309,  0.0            
       705,  1.5719764453749,  14.088082500017,  0.0            
       706,  10.212182658603,  5.4234992311399,  0.0            
       707,  12.36831595051 ,  3.2551079738491,  0.0            
       708,  10.421217510635,  5.2441409516911,  0.0            
       709,  1.3826740685227,  14.302692209737,  0.0            
       710,  12.575642120243,  3.0710093421204,  0.0            
       711,  10.627989927252,  5.0626371432531,  0.0            
       712,  12.784864909172,  2.8869160732875,  0.0            
       713,  1.1935329340512,  14.515825822462,  0.0            
       714,  10.835545011866,  4.8810241217223,  0.0            
       715,  12.99182663313 ,  2.7030887892544,  0.0            
       716,  11.047200249976,  4.7027509304029,  0.0            
       717,  11.398674174566,  4.2740391328657,  0.0            
       718,  11.270007210406,  4.5306156864047,  0.0            
       719,  13.196539296322,  2.5187664625498,  0.0            
       720,  1.0006912055542,  14.729525730816,  0.0            
       721,  13.39895608437 ,  2.3333352465832,  0.0            
       722,  11.595203962615,  4.1224837840288,  0.0            
       723,  0.8048165692841,  14.944875717566,  0.0            
       724,  13.600209855481,  2.1465498223083,  0.0            
       725,  11.793258819601,  3.9690666200325,  0.0            
       726,  13.80069089656 ,  1.9583778636579,  0.0            
       727,  0.6063893011281,  15.160604043632,  0.0            
       728,  14.000876449864,  1.7687919264171,  0.0            
       729,  11.987927090584,  3.8031329237276,  0.0            
       730,  14.200889591834,  1.5778154660918,  0.0            
       731,  0.4060292697679,  15.375782031136,  0.0            
       732,  14.400832681548,  1.3854467648125,  0.0            
       733,  0.2037787019586,  15.589109360329,  0.0            
       734,  14.600687880661,  1.1916870494906,  0.0            
       735,  14.800428555688,  0.9965371385372,  0.0            
       736,  12.179360983632,  3.6264087920815,  0.0            
       737,  1.7495867796617,  14.084624201989,  0.0            
       738,  11.416417499098,  4.4234964705231,  0.0            
       739,  12.375470115495,  3.445257104665 ,  0.0            
       740,  1.9261857916743,  13.988843889076,  0.0            
       741,  10.213864249581,  5.6243655890604,  0.0            
       742,  1.5709110741345,  14.287857340179,  0.0            
       743,  12.578180407252,  3.2622479766224,  0.0            
       744,  10.424495710282,  5.4460568189072,  0.0            
       745,  1.387442081549 ,  14.500215910417,  0.0            
       746,  12.785242846166,  3.079194275432 ,  0.0            
       747,  10.632395645314,  5.2655142151908,  0.0            
       748,  12.991619977429,  2.8961326402134,  0.0            
       749,  1.1988869526557,  14.714462354765,  0.0            
       750,  10.839756480377,  5.08429599333  ,  0.0            
       751,  13.196360407542,  2.7125333318666,  0.0            
       752,  11.049112681856,  4.9063754594676,  0.0            
       753,  13.398925114174,  2.5277911211124,  0.0            
       754,  11.597269180964,  4.2950990694937,  0.0            
       755,  1.0052257668185,  14.930564039128,  0.0            
       756,  11.266813865675,  4.7397171635496,  0.0            
       757,  13.600200377535,  2.3416985750128,  0.0            
       758,  11.795484094394,  4.1485180702303,  0.0            
       759,  0.8081862883646,  15.147162772186,  0.0            
       760,  13.800681361964,  2.1542101161889,  0.0            
       761,  2.0719323105518,  13.967550669435,  0.0            
       762,  14.000878612981,  1.9653246816967,  0.0            
       763,  0.6087080995195,  15.363408769081,  0.0            
       764,  11.993185611179,  3.9871242409598,  0.0            
       765,  14.200890130602,  1.7750423648888,  0.0            
       766,  0.4072707717895,  15.578019704099,  0.0            
       767,  14.400832678186,  1.583367755741 ,  0.0            
       768,  1.92627895965  ,  14.127011438942,  0.0            
       769,  14.600687881712,  1.3903017736091,  0.0            
       770,  0.2040077578011,  15.790254272808,  0.0            
       771,  12.187694386486,  3.8145139729533,  0.0            
       772,  14.800428675091,  1.1958454080057,  0.0            
       773,  12.383176143681,  3.6350408488556,  0.0            
       774,  1.7539231267826,  14.283971707992,  0.0            
       775,  11.580720657784,  4.468728176619 ,  0.0            
       776,  10.215417436228,  5.8250825397526,  0.0            
       777,  12.582433110598,  3.4533494794862,  0.0            
       778,  1.5777210337548,  14.487146982176,  0.0            
       779,  12.786658886648,  3.2712318634545,  0.0            
       780,  10.427779333756,  5.6478560231069,  0.0            
       781,  1.3946246147543,  14.700227159146,  0.0            
       782,  12.991781352757,  3.0890622268382,  0.0            
       783,  10.637093343878,  5.4683377759051,  0.0            
       784,  13.196251478873,  2.9062411463247,  0.0            
       785,  1.2050431252963,  14.9164232498  ,  0.0            
       786,  10.844896447382,  5.2877678722506,  0.0            
       787,  13.398795716317,  2.7222238156146,  0.0            
       788,  13.600190723626,  2.5368458178356,  0.0            
       789,  11.053095262695,  5.1095461234478,  0.0            
       790,  11.512256428227,  4.6282581154126,  0.0            
       791,  1.0097088373878,  15.133819629716,  0.0            
       792,  2.240578089327 ,  13.941656037491,  0.0            
       793,  11.792882412546,  4.3272608700603,  0.0            
       794,  11.266424127845,  4.9415479153988,  0.0            
       795,  13.800691968929,  2.3500434587017,  0.0            
       796,  0.8113192379949,  15.351153055324,  0.0            
       797,  14.000879629857,  2.1618577700939,  0.0            
       798,  2.1052308300279,  14.125135235905,  0.0            
       799,  11.995344651131,  4.1707315316278,  0.0            
       800,  14.200890708701,  1.9722693653059,  0.0            
       801,  0.6105336335722,  15.566936431543,  0.0            
       802,  14.400832677725,  1.7812887283242,  0.0            
       803,  0.4076685680255,  15.780547544923,  0.0            
       804,  12.193090868234,  4.0015464272798,  0.0            
       805,  14.600687880406,  1.5889163530567,  0.0            
       806,  14.800428692778,  1.3951531768316,  0.0            
       807,  0.203513741204 ,  15.99154250402 ,  0.0            
       808,  1.9368624345711,  14.293244677295,  0.0            
       809,  12.38961919389 ,  3.8247626068078,  0.0            
       810,  1.7637672248553,  14.479052050399,  0.0            
       811,  12.587371100588,  3.6443351407732,  0.0            
       812,  10.216644033519,  6.0256133341896,  0.0            
       813,  11.489762673398,  4.8004241843722,  0.0            
       814,  12.789081647605,  3.4632456435401,  0.0            
       815,  1.5873853499784,  14.688152237827,  0.0            
       816,  10.430836719577,  5.8494331301655,  0.0            
       817,  11.775066445714,  4.5049504114615,  0.0            
       818,  12.992495246151,  3.2819063966328,  0.0            
       819,  13.196320617241,  3.0999040035614,  0.0            
       820,  1.4035284308286,  14.903070104522,  0.0            
       821,  10.641852277266,  5.6710528087142,  0.0            
       822,  2.4181535795408,  13.909064652714,  0.0            
       823,  13.398723451172,  2.9166493842706,  0.0            
       824,  1.2111811114737,  15.120562269116,  0.0            
       825,  13.600139711516,  2.7319830413578,  0.0            
       826,  10.850617219909,  5.4912024303876,  0.0            
       827,  2.2786985551388,  14.101740880361,  0.0            
       828,  13.800723347331,  2.5458909845705,  0.0            
       829,  1.0137814139113,  15.339172963525,  0.0            
       830,  11.058643283698,  5.3127029338592,  0.0            
       831,  14.000878863111,  2.3583908593808,  0.0            
       832,  11.992051215786,  4.3533074875843,  0.0            
       833,  11.269666714456,  5.1418148623889,  0.0            
       834,  0.8138272917405,  15.556124772856,  0.0            
       835,  14.200890977769,  2.1694964203998,  0.0            
       836,  2.1194091537532,  14.287611005657,  0.0            
       837,  14.400832677725,  1.979209698138 ,  0.0            
       838,  0.6109686195294,  15.770954988023,  0.0            
       839,  12.195525945615,  4.1883071499609,  0.0            
       840,  14.600687880221,  1.7875309022863,  0.0            
       841,  0.4065005347651,  15.983461866368,  0.0            
       842,  14.800428695636,  1.5944608099475,  0.0            
       843,  0.2021607592098,  16.192976271937,  0.0            
       844,  12.394174286845,  4.0140531742637,  0.0            
       845,  1.9481546025153,  14.472278231656,  0.0            
       846,  11.739496215262,  4.6777001433113,  0.0            
       847,  12.591898158022,  3.8354035920248,  0.0            
       848,  11.487096899327,  4.9883130870865,  0.0            
       849,  10.21730746427 ,  6.2259428129473,  0.0            
       850,  2.599938489672 ,  13.871397902644,  0.0            
       851,  12.792011848652,  3.6552781367659,  0.0            
       852,  1.7752995092322,  14.677751227675,  0.0            
       853,  12.993768111072,  3.4747692755683,  0.0            
       854,  10.433266108918,  6.0507329197747,  0.0            
       855,  1.6006543391352,  14.891547665122,  0.0            
       856,  13.196656887502,  3.2935407991696,  0.0            
       857,  2.4535914159401,  14.07255358113 ,  0.0            
       858,  13.398744089156,  3.11105165172  ,  0.0            
       859,  1.4126273705541,  15.10749728999 ,  0.0            
       860,  10.64630851095 ,  5.8735144576768,  0.0            
       861,  13.600117306586,  2.9271157669264,  0.0            
       862,  11.978984073624,  4.534883431319 ,  0.0            
       863,  1.2162953474257,  15.327124722484,  0.0            
       864,  13.800668769347,  2.7417320362617,  0.0            
       865,  10.856532980848,  5.6945978250213,  0.0            
       866,  2.2996196130823,  14.268227883828,  0.0            
       867,  14.0008765928  ,  2.5549236570137,  0.0            
       868,  11.718436562208,  4.8531631805283,  0.0            
       869,  1.0170994462024,  15.54596545998 ,  0.0            
       870,  11.065068989036,  5.5159459477201,  0.0            
       871,  14.200890782663,  2.366723468613 ,  0.0            
       872,  0.8143968543236,  15.761790437214,  0.0            
       873,  12.193545167809,  4.3742583054417,  0.0            
       874,  14.400832677725,  2.1771306679518,  0.0            
       875,  11.274883866235,  5.3425581638363,  0.0            
       876,  2.7840181957031,  13.829053424704,  0.0            
       877,  2.1316743366816,  14.457076176012,  0.0            
       878,  14.600687880221,  1.9861454469848,  0.0            
       879,  0.6087049158539,  15.975627232298,  0.0            
       880,  0.4035263795724,  16.186712355778,  0.0            
       881,  14.800428696015,  1.7937684156983,  0.0            
       882,  0.2002101859036,  16.394713450612,  0.0            
       883,  12.396499811096,  4.2032342396587,  0.0            
       884,  12.595405063821,  4.0263861687017,  0.0            
       885,  1.9593352806223,  14.660728571744,  0.0            
       886,  10.217296487608,  6.4261482880216,  0.0            
       887,  11.488871122568,  5.1813624096246,  0.0            
       888,  12.794841689542,  3.8474289412214,  0.0            
       889,  2.6306303492231,  14.037774332555,  0.0            
       890,  12.995376200938,  3.6676823341936,  0.0            
       891,  1.7942373657709,  14.882174690451,  0.0            
       892,  13.197267339695,  3.4871959903441,  0.0            
       893,  10.434590624729,  6.251699686392 ,  0.0            
       894,  11.958322092597,  4.713933831212 ,  0.0            
       895,  1.6154790377097,  15.095535559524,  0.0            
       896,  13.398884486771,  3.3054453751843,  0.0            
       897,  2.4773079010952,  14.241981325987,  0.0            
       898,  2.9696128607275,  13.782510793798,  0.0            
       899,  13.600124113685,  3.1222410021238,  0.0            
       900,  10.649865295502,  6.075654861241 ,  0.0            
       901,  1.4190346846541,  15.313981042916,  0.0            
       902,  13.800645949613,  2.9375589402204,  0.0            
       903,  11.711680473622,  5.0351764643378,  0.0            
       904,  1.2203090568517,  15.536026405363,  0.0            
       905,  14.000873785655,  2.7514559985284,  0.0            
       906,  12.185538717138,  4.5593904951395,  0.0            
       907,  10.862127203948,  5.8977716971416,  0.0            
       908,  2.3144210343377,  14.437478804892,  0.0            
       909,  14.20089019125 ,  2.5639504592726,  0.0            
       910,  1.0182277766734,  15.753782652052,  0.0            
       911,  14.400832677725,  2.3750516377656,  0.0            
       912,  11.071841490831,  5.7193894270355,  0.0            
       913,  0.8106472928632,  15.968327655137,  0.0            
       914,  14.600687880221,  2.1847599916832,  0.0            
       915,  2.8097617041754,  13.997670303011,  0.0            
       916,  0.6034557296857,  16.180919845794,  0.0            
       917,  12.39575400948 ,  4.3919463782182,  0.0            
       918,  0.3994418443476,  16.39048015748 ,  0.0            
       919,  14.800428696015,  1.9930760174425,  0.0            
       920,  0.1981266743866,  16.59655687089 ,  0.0            
       921,  2.1422285658845,  14.630526707824,  0.0            
       922,  11.281313718918,  5.5441325141662,  0.0            
       923,  12.597523924722,  4.2173794016086,  0.0            
       924,  3.1563306899217,  13.732321980841,  0.0            
       925,  12.797171411524,  4.0396179665824,  0.0            
       926,  1.976253479933 ,  14.860491603915,  0.0            
       927,  10.216726073814,  6.6262859431571,  0.0            
       928,  11.493181903573,  5.3775961933358,  0.0            
       929,  2.6544659724258,  14.209534943143,  0.0            
       930,  12.997018925974,  3.8606868783021,  0.0            
       931,  11.942770381607,  4.8935468514542,  0.0            
       932,  13.198054610885,  3.6808834475198,  0.0            
       933,  10.434585185032,  6.4524217003089,  0.0            
       934,  1.8216420361258,  15.08576971119 ,  0.0            
       935,  13.399151402747,  3.4998468280516,  0.0            
       936,  2.4946735068264,  14.414241574585,  0.0            
       937,  2.9908613453674,  13.952968505083,  0.0            
       938,  1.62336896451  ,  15.300141704045,  0.0            
       939,  13.6001753084  ,  3.3173620748388,  0.0            
       940,  11.711174455491,  5.2231774991281,  0.0            
       941,  12.173505764324,  4.7430372708588,  0.0            
       942,  13.800647087505,  3.1333908340761,  0.0            
       943,  10.651822702764,  6.2773627801119,  0.0            
       944,  1.4232207143159,  15.523034194754,  0.0            
       945,  14.000871787666,  2.9479876515584,  0.0            
       946,  1.2231488769865,  15.747591215567,  0.0            
       947,  14.200889442537,  2.7611773665439,  0.0            
       948,  10.866622692093,  6.1006397692902,  0.0            
       949,  3.3436829551003,  13.67905139295 ,  0.0            
       950,  2.3262214399128,  14.608950634602,  0.0            
       951,  14.400832677725,  2.5729726075794,  0.0            
       952,  1.0127020422183,  15.962447472226,  0.0            
       953,  12.391364672943,  4.5800777707187,  0.0            
       954,  14.600687880221,  2.3833745363817,  0.0            
       955,  0.8019887953423,  16.175923095939,  0.0            
       956,  2.8322218989151,  14.171076172324,  0.0            
       957,  0.5968794504207,  16.386948989973,  0.0            
       958,  14.800428696015,  2.1923836191868,  0.0            
       959,  0.3952912218511,  16.594259432996,  0.0            
       960,  11.078303924744,  5.9227880648688,  0.0            
       961,  0.1963615191247,  16.798485677477,  0.0            
       962,  12.597774993053,  4.4081583525833,  0.0            
       963,  2.1529529915014,  14.799036890679,  0.0            
       964,  11.288346356295,  5.7465241573195,  0.0            
       965,  12.798762308547,  4.2318576877302,  0.0            
       966,  11.935449101754,  5.0761581083963,  0.0            
       967,  10.21582538181 ,  6.8264011594228,  0.0            
       968,  3.1738169564558,  13.904647916686,  0.0            
       969,  12.998481619096,  4.0537403042633,  0.0            
       970,  2.6731791422168,  14.384483010426,  0.0            
       971,  11.49909291421 ,  5.5761399711906,  0.0            
       972,  13.198887203256,  3.874615688297 ,  0.0            
       973,  2.0374424149971,  15.078623220274,  0.0            
       974,  10.433484273036,  6.6529519234734,  0.0            
       975,  13.399509040119,  3.6942577269795,  0.0            
       976,  3.5313669595324,  13.623129564928,  0.0            
       977,  1.8296145432111,  15.289668547278,  0.0            
       978,  12.163129328373,  4.9265619746038,  0.0            
       979,  11.713771893725,  5.4153610483623,  0.0            
       980,  13.60027384771 ,  3.5124832529872,  0.0            
       981,  3.0112431236907,  14.127788424349,  0.0            
       982,  2.5076522419654,  14.589694872672,  0.0            
       983,  13.80066396277 ,  3.3292198600681,  0.0            
       984,  1.6273859045512,  15.505137756332,  0.0            
       985,  2.1729663700319,  14.944189453597,  0.0            
       986,  10.651851272919,  6.478721232134 ,  0.0            
       987,  14.000872100847,  3.1445184956948,  0.0            
       988,  1.4274433858742,  15.736917233188,  0.0            
       989,  14.200888884015,  2.9584040213139,  0.0            
       990,  12.384621949329,  4.7673011785482,  0.0            
       991,  14.400832677725,  2.7708935773932,  0.0            
       992,  1.217695832914 ,  15.959957471617,  0.0            
       993,  3.3581087199462,  13.853721199793,  0.0            
       994,  2.3354525477854,  14.779680738251,  0.0            
       995,  10.869130160438,  6.3030127887844,  0.0            
       996,  0.9979843513348,  16.172882143144,  0.0            
       997,  14.600687880221,  2.5819890810802,  0.0            
       998,  0.7923327016736,  16.3845219067  ,  0.0            
       999,  0.5908092961689,  16.592810056797,  0.0            
      1000,  14.800428696015,  2.391691220931 ,  0.0            
      1001,  2.8512025851874,  14.347933944414,  0.0            
      1002,  0.391936831448 ,  16.79794170257 ,  0.0            
      1003,  0.1952856290615,  17.000117645501,  0.0            
      1004,  12.595941100924,  4.5985788538954,  0.0            
      1005,  11.93346182258 ,  5.2626568960664,  0.0            
      1006,  11.083533326279,  6.1260007011747,  0.0            
      1007,  12.799385168517,  4.424011691605 ,  0.0            
      1008,  3.7189309503416,  13.564937411537,  0.0            
      1009,  11.295189957933,  5.9492856860332,  0.0            
      1010,  10.214747386138,  7.0263523981614,  0.0            
      1011,  12.999646578783,  4.2468348958841,  0.0            
      1012,  3.1918957884437,  14.081112452923,  0.0            
      1013,  2.6869589385219,  14.563176307081,  0.0            
      1014,  13.199682863621,  4.068366538606 ,  0.0            
      1015,  11.505903107988,  5.7763969076377,  0.0            
      1016,  10.431756156878,  6.8533799269936,  0.0            
      1017,  12.156968392588,  5.1113534350499,  0.0            
      1018,  13.399910638453,  3.8886796335322,  0.0            
      1019,  2.324249571486 ,  14.956907334984,  0.0            
      1020,  3.5434586368881,  13.800944533251,  0.0            
      1021,  13.600409056986,  3.7075998877657,  0.0            
      1022,  11.71846805228 ,  5.6106637349468,  0.0            
      1023,  1.83271085535  ,  15.493035952015,  0.0            
      1024,  13.800698267813,  3.5250460018083,  0.0            
      1025,  3.0297089245511,  14.306248033747,  0.0            
      1026,  2.0363545034945,  15.289613347924,  0.0            
      1027,  2.5132259814922,  14.767620408788,  0.0            
      1028,  10.650299643229,  6.6797636994178,  0.0            
      1029,  14.000876042695,  3.3410469700875,  0.0            
      1030,  1.632605153833 ,  15.708068198935,  0.0            
      1031,  12.378296210826,  4.9541763269405,  0.0            
      1032,  14.200888917857,  3.1556302304567,  0.0            
      1033,  3.9060786617455,  13.504650014218,  0.0            
      1034,  1.4312001597558,  15.960975897574,  0.0            
      1035,  14.400832686989,  2.9688144139621,  0.0            
      1036,  11.934695238811,  5.4526727094617,  0.0            
      1037,  1.1906158891906,  16.17414173102 ,  0.0            
      1038,  10.869229884188,  6.5049627647044,  0.0            
      1039,  14.600687880221,  2.7806036257787,  0.0            
      1040,  3.3738893182812,  14.03241153373 ,  0.0            
      1041,  0.9843195411438,  16.38455444279 ,  0.0            
      1042,  0.7845868387817,  16.592664319365,  0.0            
      1043,  14.800428696015,  2.5909988226753,  0.0            
      1044,  0.5863174347715,  16.798185437933,  0.0            
      1045,  0.3900367471994,  17.000827499003,  0.0            
      1046,  12.592705292123,  4.7884514135408,  0.0            
      1047,  2.8658100060488,  14.528740457385,  0.0            
      1048,  0.1950838682708,  17.201376974102,  0.0            
      1049,  12.798971185714,  4.6159671252286,  0.0            
      1050,  2.262818361564 ,  15.131178662526,  0.0            
      1051,  11.086498634151,  6.3287084334378,  0.0            
      1052,  3.7292971277164,  13.746958489386,  0.0            
      1053,  13.000431955147,  4.4398917602787,  0.0            
      1054,  10.21349927532 ,  7.2260012020278,  0.0            
      1055,  11.300802458415,  6.1521318916794,  0.0            
      1056,  3.209278515162 ,  14.261343583331,  0.0            
      1057,  13.200428488194,  4.262131302856 ,  0.0            
      1058,  12.154444501739,  5.2983131181017,  0.0            
      1059,  2.6927832859281,  14.744370114222,  0.0            
      1060,  2.5014684440374,  14.949554430418,  0.0            
      1061,  13.400342295582,  4.0830939838399,  0.0            
      1062,  10.42972406973 ,  7.0534936033394,  0.0            
      1063,  11.51270381188 ,  5.9775824507571,  0.0            
      1064,  4.0924168518969,  13.442235352525,  0.0            
      1065,  13.600572488932,  3.9027095411756,  0.0            
      1066,  3.5571227744642,  13.982668455065,  0.0            
      1067,  13.800748619391,  3.7208625365196,  0.0            
      1068,  10.64788536458 ,  6.8806511036145,  0.0            
      1069,  11.724444097013,  5.8082980581361,  0.0            
      1070,  3.0448683932935,  14.488827549128,  0.0            
      1071,  12.374047751753,  5.1414824029909,  0.0            
      1072,  2.0382648016677,  15.491364503342,  0.0            
      1073,  14.000884361422,  3.5375717274656,  0.0            
      1074,  1.8407242390207,  15.692168083092,  0.0            
      1075,  2.2440372052886,  15.308706921193,  0.0            
      1076,  14.200889975965,  3.3528544636729,  0.0            
      1077,  1.654081839889 ,  15.899103814496,  0.0            
      1078,  14.400832733808,  3.1667349291553,  0.0            
      1079,  3.9153063973371,  13.692019119157,  0.0            
      1080,  1.3706857641877,  16.195257815388,  0.0            
      1081,  10.867352304686,  6.7064925864115,  0.0            
      1082,  14.600687890233,  2.9792180752125,  0.0            
      1083,  1.1724962698715,  16.390745085055,  0.0            
      1084,  11.938209956686,  5.6455681438027,  0.0            
      1085,  0.9756301497831,  16.595174147933,  0.0            
      1086,  12.589391727324,  4.9779600014572,  0.0            
      1087,  0.7795527488884,  16.799632227249,  0.0            
      1088,  14.800428696015,  2.7903064244195,  0.0            
      1089,  3.3898549981978,  14.214885931097,  0.0            
      1090,  0.5840924641176,  17.002138953223,  0.0            
      1091,  0.3898889447973,  17.202887908619,  0.0            
      1092,  0.1956543609814,  17.401950936494,  0.0            
      1093,  2.8735626686011,  14.712215475211,  0.0            
      1094,  12.797849208397,  4.8076027688844,  0.0            
      1095,  1.565289205911 ,  16.103379726255,  0.0            
      1096,  4.2777243237727,  13.377314419158,  0.0            
      1097,  2.4711297003462,  15.131069393444,  0.0            
      1098,  11.086709648465,  6.5309419092152,  0.0            
      1099,  2.6863478671472,  14.928808036928,  0.0            
      1100,  13.000822291837,  4.6328475923512,  0.0            
      1101,  12.154653096672,  5.4876853274111,  0.0            
      1102,  10.211971401875,  7.4249024552665,  0.0            
      1103,  3.7411186657198,  13.932677059646,  0.0            
      1104,  13.201146144367,  4.4558695630463,  0.0            
      1105,  3.2244736858794,  14.44583741205 ,  0.0            
      1106,  11.304068556152,  6.354541445005 ,  0.0            
      1107,  13.400843089794,  4.2775014547894,  0.0            
      1108,  10.427347923535,  7.2531396513633,  0.0            
      1109,  13.600784354229,  4.0977972033585,  0.0            
      1110,  11.518380913543,  6.1792288036392,  0.0            
      1111,  4.1010156591469,  13.635953452718,  0.0            
      1112,  13.800819762662,  3.9166658557539,  0.0            
      1113,  12.37205287553 ,  5.3298052980202,  0.0            
      1114,  3.5714945553593,  14.168056205091,  0.0            
      1115,  10.645147547906,  7.0811376090262,  0.0            
      1116,  14.000898654193,  3.7340859378508,  0.0            
      1117,  3.0546711550409,  14.674278357413,  0.0            
      1118,  11.730686966954,  6.0072953011234,  0.0            
      1119,  2.0464897178381,  15.688610427324,  0.0            
      1120,  2.2444074138422,  15.496977354339,  0.0            
      1121,  4.4618143125167,  13.309189740934,  0.0            
      1122,  14.200892593612,  3.5500751937382,  0.0            
      1123,  1.8614914374631,  15.886820010782,  0.0            
      1124,  2.453920416999 ,  15.3119523201  ,  0.0            
      1125,  14.400832949052,  3.3646538297247,  0.0            
      1126,  1.716560841176 ,  16.085948031217,  0.0            
      1127,  1.5476467398622,  16.261808906012,  0.0            
      1128,  10.864427702854,  6.907914782906 ,  0.0            
      1129,  1.3565017746712,  16.411367472819,  0.0            
      1130,  14.600687940285,  3.1778322812524,  0.0            
      1131,  1.1647290464487,  16.602975372062,  0.0            
      1132,  12.586954205422,  5.1674958752525,  0.0            
      1133,  2.8725541434525,  14.898480742542,  0.0            
      1134,  3.9256260559339,  13.882729237281,  0.0            
      1135,  11.94318948076 ,  5.8408353226498,  0.0            
      1136,  0.9711562686008,  16.80330515796 ,  0.0            
      1137,  14.800428705792,  2.989613974004 ,  0.0            
      1138,  0.7775806930732,  17.00442540191 ,  0.0            
      1139,  0.5843929675197,  17.204728902258,  0.0            
      1140,  2.6705967828544,  15.113177548713,  0.0            
      1141,  0.3912464733701,  17.40365943726 ,  0.0            
      1142,  0.1967299134681,  17.60192649631 ,  0.0            
      1143,  3.4046474157629,  14.401659190997,  0.0            
      1144,  12.796616819597,  4.9989640982639,  0.0            
      1145,  11.084639591602,  6.7326239182502,  0.0            
      1146,  13.000932874934,  4.8256259359688,  0.0            
      1147,  10.210018961282,  7.6226512901977,  0.0            
      1148,  4.2862214274893,  13.577935648778,  0.0            
      1149,  12.157039242875,  5.6792095905572,  0.0            
      1150,  13.201859016759,  4.6495596308889,  0.0            
      1151,  3.753911326107 ,  14.121748000426,  0.0            
      1152,  11.304454510599,  6.5564265979618,  0.0            
      1153,  3.2357851234151,  14.633310897795,  0.0            
      1154,  13.401481202983,  4.4718830832004,  0.0            
      1155,  4.6447064141878,  13.236965395481,  0.0            
      1156,  10.424267796846,  7.4517491768391,  0.0            
      1157,  13.601111096831,  4.2928667675247,  0.0            
      1158,  12.37207051462 ,  5.5195423244819,  0.0            
      1159,  13.800940963086,  4.1124429864055,  0.0            
      1160,  11.521805456351,  6.3805860852639,  0.0            
      1161,  10.641917160504,  7.2810836597715,  0.0            
      1162,  4.1102124595762,  13.83249923434 ,  0.0            
      1163,  3.0580740433947,  14.862328849392,  0.0            
      1164,  14.000927630955,  3.9305857443255,  0.0            
      1165,  3.585498170283 ,  14.357607597502,  0.0            
      1166,  2.2513014944286,  15.688003556166,  0.0            
      1167,  14.200898708972,  3.7472863169037,  0.0            
      1168,  11.736049668556,  6.2071066780523,  0.0            
      1169,  2.0631995840737,  15.883265919677,  0.0            
      1170,  2.4508996751113,  15.495235180095,  0.0            
      1171,  2.6589676735895,  15.297080796208,  0.0            
      1172,  14.400833743926,  3.5625696873882,  0.0            
      1173,  1.8958819447524,  16.080868554068,  0.0            
      1174,  2.8654636769684,  15.085068138814,  0.0            
      1175,  10.861315665626,  7.1090528960676,  0.0            
      1176,  1.7317984599008,  16.278061287861,  0.0            
      1177,  1.5425264675882,  16.446883151896,  0.0            
      1178,  4.4708605002789,  13.516494285553,  0.0            
      1179,  14.600688160708,  3.3764452859205,  0.0            
      1180,  12.58574291878 ,  5.3573783873563,  0.0            
      1181,  4.8262639928413,  13.159593088924,  0.0            
      1182,  1.3523782743885,  16.619165640004,  0.0            
      1183,  1.162078657276 ,  16.810682685294,  0.0            
      1184,  0.9703388890981,  17.008380257432,  0.0            
      1185,  14.80042874994 ,  3.1889213819591,  0.0            
      1186,  0.7787335580399,  17.207211823365,  0.0            
      1187,  11.94863289835 ,  6.037578704479 ,  0.0            
      1188,  0.5867851462213,  17.405473800008,  0.0            
      1189,  0.393563852123 ,  17.603395519253,  0.0            
      1190,  3.936917231846 ,  14.076288254406,  0.0            
      1191,  0.1981337711723,  17.801254574574,  0.0            
      1192,  12.795755645082,  5.190219284102 ,  0.0            
      1193,  3.416892956248 ,  14.591352916682,  0.0            
      1194,  11.081366842871,  6.9343069153654,  0.0            
      1195,  13.000974267869,  5.0182338639053,  0.0            
      1196,  10.206945207471,  7.8180405273154,  0.0            
      1197,  12.160925235882,  5.8727241936792,  0.0            
      1198,  13.202582596918,  4.8431589145372,  0.0            
      1199,  5.0065698503473,  13.074026618435,  0.0            
      1200,  11.302421024962,  6.757465231067 ,  0.0            
      1201,  4.2946271508579,  13.780831284832,  0.0            
      1202,  3.2425006629043,  14.823277423721,  0.0            
      1203,  3.7669538473945,  14.314621302909,  0.0            
      1204,  13.402293368151,  4.6662416227399,  0.0            
      1205,  10.42021300951 ,  7.6492025699717,  0.0            
      1206,  13.601643142444,  4.4879105230305,  0.0            
      1207,  12.373848715405,  5.7106303141028,  0.0            
      1208,  13.801181010853,  4.3081984342611,  0.0            
      1209,  11.522447590385,  6.5813904369887,  0.0            
      1210,  4.6553496776343,  13.449828506461,  0.0            
      1211,  3.0569647895911,  15.051022310527,  0.0            
      1212,  10.637007922928,  7.479871602148 ,  0.0            
      1213,  5.1870330573246,  12.977989216914,  0.0            
      1214,  14.001001062858,  4.1270598123311,  0.0            
      1215,  4.1201343447171,  14.031248391106,  0.0            
      1216,  3.5981247701509,  14.549824171046,  0.0            
      1217,  14.200916351482,  3.9444840329184,  0.0            
      1218,  2.6558474178286,  15.481225010122,  0.0            
      1219,  2.8592164687591,  15.271505201385,  0.0            
      1220,  2.4558938155375,  15.682077880063,  0.0            
      1221,  2.2647370241129,  15.87942609333 ,  0.0            
      1222,  2.0862171395609,  16.077459206378,  0.0            
      1223,  11.739451327405,  6.406834244051 ,  0.0            
      1224,  14.400836861178,  3.7604773630582,  0.0            
      1225,  10.857883826126,  7.309733592229 ,  0.0            
      1226,  1.9155303346554,  16.27575913575 ,  0.0            
      1227,  12.585859469674,  5.5479391886548,  0.0            
      1228,  1.732020800091 ,  16.465391340094,  0.0            
      1229,  14.600688906611,  3.5750559043322,  0.0            
      1230,  1.5425273009732,  16.640937860444,  0.0            
      1231,  1.3528276254426,  16.822612199304,  0.0            
      1232,  1.1631857017835,  17.014709209976,  0.0            
      1233,  14.800428938486,  3.3882281063263,  0.0            
      1234,  0.9729074627351,  17.210755367523,  0.0            
      1235,  0.7823687942929,  17.407669514492,  0.0            
      1236,  12.795528149345,  5.381525015617 ,  0.0            
      1237,  5.3683584100845,  12.881182697449,  0.0            
      1238,  0.5904699205906,  17.604827808252,  0.0            
      1239,  11.953462136655,  6.2353224283738,  0.0            
      1240,  0.3964758377721,  17.802063437761,  0.0            
      1241,  4.4788231316639,  13.725712272653,  0.0            
      1242,  3.4260525518453,  14.783397942564,  0.0            
      1243,  11.078129548461,  7.1362123611602,  0.0            
      1244,  4.8402565291129,  13.376830254543,  0.0            
      1245,  3.9488841406473,  14.273062583013,  0.0            
      1246,  13.00114625416 ,  5.2107278719143,  0.0            
      1247,  10.20077372381 ,  8.0097386835054,  0.0            
      1248,  13.203339379782,  5.0366718139472,  0.0            
      1249,  12.165414824973,  6.0675452600726,  0.0            
      1250,  11.299054384768,  6.9582032298679,  0.0            
      1251,  3.245851240845 ,  15.014039886466,  0.0            
      1252,  13.40324871895 ,  4.8605559222691,  0.0            
      1253,  5.5494125370897,  12.786138912   ,  0.0            
      1254,  10.414381936611,  7.8445983444209,  0.0            
      1255,  3.7796258363686,  14.509695736094,  0.0            
      1256,  13.602425140102,  4.6829430967924,  0.0            
      1257,  4.3030953441701,  13.985353938826,  0.0            
      1258,  5.0240352020804,  13.291706720059,  0.0            
      1259,  3.0554752929317,  15.239723705672,  0.0            
      1260,  12.37690784091 ,  5.9031186695663,  0.0            
      1261,  13.801628403586,  4.5039292267202,  0.0            
      1262,  11.520767712047,  6.7809296112757,  0.0            
      1263,  10.629720747531,  7.6778946790471,  0.0            
      1264,  14.001182021539,  4.3235122045392,  0.0            
      1265,  2.8578522672464,  15.457626646748,  0.0            
      1266,  2.6598426078975,  15.667206110431,  0.0            
      1267,  14.200970491492,  4.1416585117897,  0.0            
      1268,  4.6633247473804,  13.664722294515,  0.0            
      1269,  2.4669763684519,  15.870485505234,  0.0            
      1270,  3.6090136693426,  14.744128204001,  0.0            
      1271,  5.729159430967 ,  12.690805954719,  0.0            
      1272,  11.74040538897 ,  6.6060927183229,  0.0            
      1273,  2.2827735518824,  16.071394775189,  0.0            
      1274,  14.400848769706,  3.9583732153522,  0.0            
      1275,  4.1310068014911,  14.23246359625 ,  0.0            
      1276,  10.850954928356,  7.5088892557958,  0.0            
      1277,  5.2070641333261,  13.181185148877,  0.0            
      1278,  2.1049613128782,  16.271482387459,  0.0            
      1279,  12.587276936834,  5.7392170820197,  0.0            
      1280,  1.9241402326049,  16.468355154559,  0.0            
      1281,  14.600691490978,  3.7736601634182,  0.0            
      1282,  1.7353969360758,  16.655433757443,  0.0            
      1283,  1.5459192642473,  16.836697831464,  0.0            
      1284,  1.3564801989979,  17.023383964761,  0.0            
      1285,  14.800429515713,  3.5875333942602,  0.0            
      1286,  1.1675236348318,  17.215650114659,  0.0            
      1287,  12.796087305624,  5.5730804274592,  0.0            
      1288,  0.9780383400241,  17.41049442936 ,  0.0            
      1289,  0.7874847308495,  17.606436057281,  0.0            
      1290,  0.5948979884412,  17.802829024385,  0.0            
      1291,  11.956713907772,  6.4331697659706,  0.0            
      1292,  3.4328856163474,  14.976207190396,  0.0            
      1293,  11.075981814408,  7.3391224790319,  0.0            
      1294,  13.001610278004,  5.4031826205944,  0.0            
      1295,  10.175229959909,  8.199723190601 ,  0.0            
      1296,  3.9613557125659,  14.471365313414,  0.0            
      1297,  4.4853310967823,  13.936531091096,  0.0            
      1298,  5.9083122805231,  12.593510520528,  0.0            
      1299,  5.3936949652015,  13.078132550557,  0.0            
      1300,  13.204168523556,  5.2301108070896,  0.0            
      1301,  4.8505827173261,  13.596837234982,  0.0            
      1302,  12.169563480807,  6.2633403668149,  0.0            
      1303,  3.2485012690107,  15.204877735537,  0.0            
      1304,  11.295717879451,  7.1589879937414,  0.0            
      1305,  13.404287279946,  5.0548332424733,  0.0            
      1306,  10.40129139006 ,  8.0379246082485,  0.0            
      1307,  10.099104431116,  8.3797022024031,  0.0            
      1308,  13.603411574236,  4.8779555184331,  0.0            
      1309,  3.0568374115887,  15.428019270623,  0.0            
      1310,  3.7917606835964,  14.706436509677,  0.0            
      1311,  12.380550350057,  6.0965746578234,  0.0            
      1312,  11.517866851203,  6.9792140368244,  0.0            
      1313,  13.802325535241,  4.6996535085112,  0.0            
      1314,  4.3127304640409,  14.19158084114 ,  0.0            
      1315,  2.8622100016056,  15.644423053276,  0.0            
      1316,  6.0875431910089,  12.493950209587,  0.0            
      1317,  10.620554502162,  7.8745960678914,  0.0            
      1318,  14.001549485348,  4.5199421905167,  0.0            
      1319,  5.5786424071538,  12.984577502849,  0.0            
      1320,  2.6698419517152,  15.854371450701,  0.0            
      1321,  5.0462029241195,  13.520130684115,  0.0            
      1322,  10.003506936621,  8.5523408343952,  0.0            
      1323,  14.201112671701,  4.3388128464224,  0.0            
      1324,  11.739368394988,  6.8039502150443,  0.0            
      1325,  2.482626692143 ,  16.06014609015 ,  0.0            
      1326,  3.6186003154426,  14.938991104423,  0.0            
      1327,  14.400888666064,  4.1562489450756,  0.0            
      1328,  12.589704373438,  5.9313321228507,  0.0            
      1329,  10.837658100304,  7.7075564288072,  0.0            
      1330,  2.3006565659564,  16.263396087139,  0.0            
      1331,  2.1182410795738,  16.464170746818,  0.0            
      1332,  4.665937887145 ,  13.882896560958,  0.0            
      1333,  14.60070036897 ,  3.9722547457694,  0.0            
      1334,  1.9315500997805,  16.659340733284,  0.0            
      1335,  9.9004647783149,  8.7231174687685,  0.0            
      1336,  4.1431769425593,  14.434365255894,  0.0            
      1337,  1.7413114143428,  16.846835003398,  0.0            
      1338,  1.5518053502918,  17.03267693556 ,  0.0            
      1339,  12.79747798139 ,  5.7649512680082,  0.0            
      1340,  14.800431286653,  3.7868348599005,  0.0            
      1341,  1.3627839863518,  17.221649244366,  0.0            
      1342,  6.2682850594178,  12.392060796611,  0.0            
      1343,  1.1742107976137,  17.414040671544,  0.0            
      1344,  0.9846389671218,  17.608348527399,  0.0            
      1345,  0.7933952457242,  17.803662816757,  0.0            
      1346,  11.957972167916,  6.6307195956249,  0.0            
      1347,  5.2447179780855,  13.36705043091 ,  0.0            
      1348,  11.068953751093,  7.5402372014248,  0.0            
      1349,  3.4391548493341,  15.169088978827,  0.0            
      1350,  5.7619542687699,  12.892643945402,  0.0            
      1351,  13.002504364673,  5.5956976045337,  0.0            
      1352,  9.7928349604213,  8.8932924448534,  0.0            
      1353,  13.205131691467,  5.4235121578729,  0.0            
      1354,  3.974392774947 ,  14.670740110952,  0.0            
      1355,  3.2529647908499,  15.395296284343,  0.0            
      1356,  11.294837985421,  7.3627780169731,  0.0            
      1357,  12.172561122933,  6.4593463524256,  0.0            
      1358,  4.4934189757587,  14.148521859191,  0.0            
      1359,  13.405375469593,  5.2490715077024,  0.0            
      1360,  10.367322926968,  8.2269978310737,  0.0            
      1361,  3.0626989218801,  15.616296988655,  0.0            
      1362,  5.4328918316554,  13.269395718138,  0.0            
      1363,  13.604512862984,  5.0729569731492,  0.0            
      1364,  9.6814849764229,  9.0641818535638,  0.0            
      1365,  6.4525624770928,  12.288818215741,  0.0            
      1366,  4.8437854201415,  13.825240564013,  0.0            
      1367,  2.8722593551694,  15.831748743906,  0.0            
      1368,  5.945364031553 ,  12.799371344079,  0.0            
      1369,  11.515341020136,  7.1751374715669,  0.0            
      1370,  12.384042088034,  6.2908071190194,  0.0            
      1371,  13.803226404796,  4.8953682173615,  0.0            
      1372,  3.8035628237953,  14.903378471338,  0.0            
      1373,  6.7455504862779,  11.987819004535,  0.0            
      1374,  10.603590649613,  8.0692387080646,  0.0            
      1375,  14.002140827956,  4.7163679514182,  0.0            
      1376,  10.299714361709,  8.4094478044226,  0.0            
      1377,  4.3245682280195,  14.397512958273,  0.0            
      1378,  2.6846779668762,  16.042651391826,  0.0            
      1379,  9.5672854709033,  9.2368377003755,  0.0            
      1380,  5.1825772928334,  13.613563866828,  0.0            
      1381,  14.201406897603,  4.5359473970266,  0.0            
      1382,  11.737457021157,  7.0001164262417,  0.0            
      1383,  12.59264310864 ,  6.1240642731132,  0.0            
      1384,  10.82451496602 ,  7.9059256046356,  0.0            
      1385,  14.40099550324 ,  4.3541065675951,  0.0            
      1386,  2.5000861117109,  16.250332477523,  0.0            
      1387,  3.6280210887178,  15.133835783903,  0.0            
      1388,  2.3165807172702,  16.455104909924,  0.0            
      1389,  5.6164848737657,  13.182205876696,  0.0            
      1390,  14.600728383068,  4.1708330212392,  0.0            
      1391,  2.1298008598114,  16.655442608266,  0.0            
      1392,  1.9399361234523,  16.849738335155,  0.0            
      1393,  12.799544196706,  5.9572443732857,  0.0            
      1394,  6.8885906783165,  11.93114573027 ,  0.0            
      1395,  10.209716537398,  8.5854492317878,  0.0            
      1396,  6.1297186858108,  12.704576456231,  0.0            
      1397,  6.6477333245776,  12.192309420226,  0.0            
      1398,  5.0121458062491,  13.784234560407,  0.0            
      1399,  1.7489173895883,  17.039232393421,  0.0            
      1400,  9.4512826739871,  9.4138730652937,  0.0            
      1401,  14.800436588168,  3.9861300976337,  0.0            
      1402,  1.5596472139115,  17.227613236429,  0.0            
      1403,  1.3709715079859,  17.418047807611,  0.0            
      1404,  4.1569240442435,  14.636598078042,  0.0            
      1405,  11.957663453603,  6.8270810803082,  0.0            
      1406,  1.1821931413453,  17.610579484372,  0.0            
      1407,  0.9919836082312,  17.804619695197,  0.0            
      1408,  11.042572249519,  7.7392541246689,  0.0            
      1409,  4.6717676136748,  14.101837174281,  0.0            
      1410,  3.4467753587615,  15.361512700415,  0.0            
      1411,  13.003895460733,  5.7883332656681,  0.0            
      1412,  9.1339284899764,  9.7004421283229,  0.0            
      1413,  5.3204996983902,  13.535790383776,  0.0            
      1414,  13.206302958673,  5.6169174404439,  0.0            
      1415,  3.2610604419183,  15.585322144048,  0.0            
      1416,  10.108668834025,  8.7588306241555,  0.0            
      1417,  11.297194407866,  7.5746887010834,  0.0            
      1418,  12.17406417282 ,  6.655217156845 ,  0.0            
      1419,  13.406523693333,  5.4432900998962,  0.0            
      1420,  3.9880278751613,  14.86980933501 ,  0.0            
      1421,  7.0489996332999,  11.836341408075,  0.0            
      1422,  5.799673235214 ,  13.095819561812,  0.0            
      1423,  3.0737658657343,  15.804602785944,  0.0            
      1424,  6.3163003759722,  12.608885992649,  0.0            
      1425,  9.0649871705765,  9.8419953364519,  0.0            
      1426,  13.60566393256 ,  5.267941524228 ,  0.0            
      1427,  4.5050338260881,  14.359066950256,  0.0            
      1428,  11.516058753125,  7.3679223955252,  0.0            
      1429,  12.386764433706,  6.4852631374061,  0.0            
      1430,  13.804240898298,  5.0910827905288,  0.0            
      1431,  10.001914686965,  8.9314122624282,  0.0            
      1432,  7.8120572322115,  11.214034098783,  0.0            
      1433,  7.2121775220603,  11.730221603713,  0.0            
      1434,  2.8872614605618,  16.019640999664,  0.0            
      1435,  5.1820535701773,  13.786638321055,  0.0            
      1436,  10.5669421885  ,  8.2590813230929,  0.0            
      1437,  3.8156933285289,  15.100119600716,  0.0            
      1438,  14.002915034291,  4.9127895741574,  0.0            
      1439,  5.4849015757806,  13.459786196879,  0.0            
      1440,  8.953825282464 ,  10.005415240264,  0.0            
      1441,  4.8470479267246,  14.05377226744 ,  0.0            
      1442,  14.201883175481,  4.7330787757834,  0.0            
      1443,  2.7022747172728,  16.231567456322,  0.0            
      1444,  9.3413171211484,  9.6029698915494,  0.0            
      1445,  7.3733339925806,  11.621646110269,  0.0            
      1446,  11.736428407372,  7.1931261778041,  0.0            
      1447,  7.9414342472467,  11.120053415327,  0.0            
      1448,  12.59556197827 ,  6.3173187527326,  0.0            
      1449,  4.3390068591571,  14.602886245459,  0.0            
      1450,  10.80585847144 ,  8.1023944164842,  0.0            
      1451,  14.401217334481,  4.5519472801498,  0.0            
      1452,  9.8913113420803,  9.1053027758208,  0.0            
      1453,  5.9843036602253,  13.00773843779 ,  0.0            
      1454,  3.6386959230544,  15.328128676224,  0.0            
      1455,  2.5175794146209,  16.441171740947,  0.0            
      1456,  10.502673976192,  8.4431544677318,  0.0            
      1457,  2.331446163114 ,  16.646317387892,  0.0            
      1458,  14.600801271276,  4.3693958644376,  0.0            
      1459,  12.80197792326 ,  6.149879809658 ,  0.0            
      1460,  6.871655810729 ,  12.158186729494,  0.0            
      1461,  7.5309330335716,  11.513355817907,  0.0            
      1462,  2.1407726163869,  16.845807237867,  0.0            
      1463,  1.9485597663608,  17.040568853133,  0.0            
      1464,  6.5053291519227,  12.515043040321,  0.0            
      1465,  14.800451871054,  4.1854147559466,  0.0            
      1466,  8.8282330653203,  10.179080842619,  0.0            
      1467,  1.7576377183491,  17.231566732543,  0.0            
      1468,  11.95683507318 ,  7.0219793155276,  0.0            
      1469,  1.5688869726825,  17.421770393929,  0.0            
      1470,  11.024908363607,  7.9410107133135,  0.0            
      1471,  1.3801720504256,  17.612956347463,  0.0            
      1472,  1.1907964386385,  17.805690114872,  0.0            
      1473,  13.005711507378,  5.9811601717915,  0.0            
      1474,  8.0964331523142,  11.013117583247,  0.0            
      1475,  8.7017951494958,  10.369029277121,  0.0            
      1476,  3.4574501755706,  15.553353038854,  0.0            
      1477,  4.172118124378 ,  14.837891341556,  0.0            
      1478,  9.7795820761745,  9.2814026524666,  0.0            
      1479,  5.6596977686324,  13.382294042415,  0.0            
      1480,  13.207725716142,  5.8103669427171,  0.0            
      1481,  5.3535779676355,  13.733487013876,  0.0            
      1482,  4.6836019383291,  14.31768451837 ,  0.0            
      1483,  10.416729674807,  8.6214704881003,  0.0            
      1484,  3.2738460761185,  15.775038811804,  0.0            
      1485,  5.0198502000473,  14.014148857171,  0.0            
      1486,  11.235354558406,  7.7865100497465,  0.0            
      1487,  12.174414586365,  6.8502400204243,  0.0            
      1488,  13.407767437262,  5.6375048693153,  0.0            
      1489,  6.1708008679823,  12.91843753125 ,  0.0            
      1490,  8.2614420298607,  10.895911627611,  0.0            
      1491,  7.6872714462029,  11.427333971642,  0.0            
      1492,  4.0025337386722,  15.068398245431,  0.0            
      1493,  13.606844686919,  5.4629203714137,  0.0            
      1494,  9.6701433216114,  9.4610282854783,  0.0            
      1495,  8.4302017780307,  10.761989157114,  0.0            
      1496,  3.0896844613339,  15.992956603365,  0.0            
      1497,  11.536489229984,  7.5506483404269,  0.0            
      1498,  12.388454614649,  6.6796806985703,  0.0            
      1499,  13.805300595261,  5.2867908394653,  0.0            
      1500,  9.2870752047762,  9.8206955361329,  0.0            
      1501,  10.318313745967,  8.7970457440213,  0.0            
      1502,  4.5203226798857,  14.567962873831,  0.0            
      1503,  6.6983290872261,  12.432634746773,  0.0            
      1504,  2.9054545285383,  16.207824077166,  0.0            
      1505,  14.003791512   ,  5.1092158522207,  0.0            
      1506,  11.441844247926,  7.7292662586762,  0.0            
      1507,  5.8401543427775,  13.302107921016,  0.0            
      1508,  3.8291578084923,  15.296167529728,  0.0            
      1509,  7.065731021679 ,  12.069584774043,  0.0            
      1510,  14.202507969339,  4.9302090079966,  0.0            
      1511,  11.740550504987,  7.382600594221 ,  0.0            
      1512,  7.8674608945018,  11.398583939644,  0.0            
      1513,  12.598021855949,  6.5107533048361,  0.0            
      1514,  6.3597479951042,  12.829300764984,  0.0            
      1515,  2.720811072883 ,  16.421409095003,  0.0            
      1516,  10.769108875152,  8.2934513497348,  0.0            
      1517,  8.6093172940125,  10.60330619707 ,  0.0            
      1518,  14.401576444672,  4.7497857066474,  0.0            
      1519,  5.523141248925 ,  13.662698140362,  0.0            
      1520,  5.1955014163656,  13.984760746645,  0.0            
      1521,  10.212985185438,  8.9711536503553,  0.0            
      1522,  4.3556771807392,  14.806554674305,  0.0            
      1523,  3.6521017410813,  15.521729621876,  0.0            
      1524,  2.534914675636 ,  16.632932374311,  0.0            
      1525,  12.804448074579,  6.3428186960847,  0.0            
      1526,  14.600950636952,  4.5679450603127,  0.0            
      1527,  4.8604834907768,  14.27422533191 ,  0.0            
      1528,  9.1776513425125,  10.015900028437,  0.0            
      1529,  2.345086831554 ,  16.83724214687 ,  0.0            
      1530,  2.1497322103521,  17.036409447349,  0.0            
      1531,  11.957192417975,  7.2143405153069,  0.0            
      1532,  14.80048970639 ,  4.3846886495498,  0.0            
      1533,  1.9570729258132,  17.231790501261,  0.0            
      1534,  11.006950523979,  8.1387009942246,  0.0            
      1535,  1.767347627899 ,  17.424019739485,  0.0            
      1536,  7.2472865159775,  11.972524305412,  0.0            
      1537,  13.007777792603,  6.1741642290915,  0.0            
      1538,  1.5789051325306,  17.615054748837,  0.0            
      1539,  9.572531314313 ,  9.6458046149644,  0.0            
      1540,  1.3898448323685,  17.806790735713,  0.0            
      1541,  3.472321738714 ,  15.744663303585,  0.0            
      1542,  10.707188924153,  8.4789994611454,  0.0            
      1543,  6.0245009793054,  13.219358905952,  0.0            
      1544,  13.209371834849,  6.003898666444 ,  0.0            
      1545,  4.1886949243632,  15.038344279621,  0.0            
      1546,  8.0499618542031,  11.3139557291  ,  0.0            
      1547,  10.103094334618,  9.1461874676816,  0.0            
      1548,  12.174469741996,  7.0442177229379,  0.0            
      1549,  11.221531499167,  7.9877920493215,  0.0            
      1550,  13.409132421437,  5.831739707863 ,  0.0            
      1551,  9.0606274601077,  10.203387605093,  0.0            
      1552,  3.2912082527652,  15.964468224533,  0.0            
      1553,  7.4222072362634,  11.876841119282,  0.0            
      1554,  4.700249140283 ,  14.530293848648,  0.0            
      1555,  5.6981084487311,  13.589863729455,  0.0            
      1556,  13.6080617685  ,  5.657898025865 ,  0.0            
      1557,  11.42483367975 ,  7.8750938996156,  0.0            
      1558,  6.898405949681 ,  12.370752328121,  0.0            
      1559,  8.9549547785757,  10.392058338886,  0.0            
      1560,  5.3725091611426,  13.935710203384,  0.0            
      1561,  4.018559772352 ,  15.266103030039,  0.0            
      1562,  12.389356885753,  6.8735592658941,  0.0            
      1563,  6.5506217927596,  12.743223037893,  0.0            
      1564,  10.624647275721,  8.6592891325985,  0.0            
      1565,  3.1089473932379,  16.181241331508,  0.0            
      1566,  13.806377812954,  5.4824995364448,  0.0            
      1567,  5.0364210310645,  14.232647019937,  0.0            
      1568,  11.603596552537,  7.7354936077032,  0.0            
      1569,  9.9942156269537,  9.3231782133627,  0.0            
      1570,  7.5922288674349,  11.785291268142,  0.0            
      1571,  14.004707601299,  5.3056408139404,  0.0            
      1572,  6.2119584511489,  13.13534393965 ,  0.0            
      1573,  4.5385016079822,  14.774232923224,  0.0            
      1574,  2.925021194681 ,  16.396193503982,  0.0            
      1575,  9.4945328654103,  9.8378496420872,  0.0            
      1576,  8.235026145135 ,  11.214987996568,  0.0            
      1577,  3.8451841396075,  15.491452975219,  0.0            
      1578,  11.759258366956,  7.5688944290245,  0.0            
      1579,  14.20321571231 ,  5.1273459185766,  0.0            
      1580,  12.59983339553 ,  6.7041893189718,  0.0            
      1581,  14.402047341989,  4.9476254651137,  0.0            
      1582,  2.739605898037 ,  16.612830877984,  0.0            
      1583,  9.8906889433384,  9.5029230812743,  0.0            
      1584,  10.529707128749,  8.8369145205686,  0.0            
      1585,  12.80668578704 ,  6.5358818042228,  0.0            
      1586,  14.60119096496 ,  4.7664927980443,  0.0            
      1587,  2.5520825363936,  16.826298999818,  0.0            
      1588,  5.8789246916319,  13.513838301074,  0.0            
      1589,  7.7609309110075,  11.696060977077,  0.0            
      1590,  3.669287150832 ,  15.71466103945 ,  0.0            
      1591,  11.961993606508,  7.4045432383898,  0.0            
      1592,  2.3537914913987,  17.028597616697,  0.0            
      1593,  4.3741906735883,  15.008947709472,  0.0            
      1594,  14.800565430409,  4.5839534797043,  0.0            
      1595,  2.156365021613 ,  17.227994155273,  0.0            
      1596,  10.97195210579 ,  8.329809737007 ,  0.0            
      1597,  13.00990703495 ,  6.3673308746957,  0.0            
      1598,  1.9663720088475,  17.423722818236,  0.0            
      1599,  7.0984425587237,  12.292181096607,  0.0            
      1600,  1.7778418582981,  17.616224788769,  0.0            
      1601,  4.879113640734 ,  14.489489946756,  0.0            
      1602,  5.5505002728927,  13.871538690756,  0.0            
      1603,  1.589292236579 ,  17.807725647113,  0.0            
      1604,  5.2145224784303,  14.191956780708,  0.0            
      1605,  9.3985842595116,  10.032533553354,  0.0            
      1606,  13.211163057729,  6.1975195956349,  0.0            
      1607,  6.4021688188597,  13.051815949203,  0.0            
      1608,  8.4301810191599,  11.117568301917,  0.0            
      1609,  3.4913890477472,  15.935500009428,  0.0            
      1610,  12.175560121471,  7.2364715577477,  0.0            
      1611,  11.206558950141,  8.1811035574748,  0.0            
      1612,  10.426144520485,  9.0122494519597,  0.0            
      1613,  6.74442872701  ,  12.664099286237,  0.0            
      1614,  13.410611023757,  6.026013057359 ,  0.0            
      1615,  4.2069982293531,  15.237674386528,  0.0            
      1616,  7.9406875019573,  11.604356515172,  0.0            
      1617,  8.9282903644628,  10.734080792867,  0.0            
      1618,  9.7962930827835,  9.6862152300148,  0.0            
      1619,  10.913089082982,  8.5155604815372,  0.0            
      1620,  13.609324828203,  5.8528870319933,  0.0            
      1621,  3.3118651415476,  16.153648299063,  0.0            
      1622,  11.41880263706 ,  8.047942792474 ,  0.0            
      1623,  7.2928738056155,  12.20376692098 ,  0.0            
      1624,  4.7202071440639,  14.739239761934,  0.0            
      1625,  12.390101381752,  7.0667644551598,  0.0            
      1626,  6.0640083366995,  13.435408097429,  0.0            
      1627,  8.8980860327434,  10.574368084133,  0.0            
      1628,  13.807469210656,  5.6782091330135,  0.0            
      1629,  4.0370874680256,  15.46298955703 ,  0.0            
      1630,  11.621397111354,  7.9176915382725,  0.0            
      1631,  3.1298826344048,  16.36914510481 ,  0.0            
      1632,  9.2959382709532,  10.221422477657,  0.0            
      1633,  8.6111348502499,  11.006892477374,  0.0            
      1634,  10.314252938704,  9.1878226401371,  0.0            
      1635,  14.005635145497,  5.5020689902054,  0.0            
      1636,  5.7301841748897,  13.802091686187,  0.0            
      1637,  8.1390903276264,  11.511350512197,  0.0            
      1638,  5.0574056415122,  14.446861735207,  0.0            
      1639,  5.3941370046068,  14.142219712056,  0.0            
      1640,  12.601147454377,  6.8973165364376,  0.0            
      1641,  14.203955272578,  5.3244843438416,  0.0            
      1642,  11.794555779117,  7.7569746079957,  0.0            
      1643,  2.9451595258134,  16.584179816785,  0.0            
      1644,  10.834528070861,  8.697061673773 ,  0.0            
      1645,  4.5588729183378,  14.978715184563,  0.0            
      1646,  3.8646519809448,  15.685998050331,  0.0            
      1647,  14.40258054573 ,  5.145473258963 ,  0.0            
      1648,  9.2075170573369,  10.40776543544 ,  0.0            
      1649,  7.4843445455734,  12.117755085105,  0.0            
      1650,  9.7094604270559,  9.8736686498946,  0.0            
      1651,  12.808573213998,  6.7289589840396,  0.0            
      1652,  2.759631286019 ,  16.808153151529,  0.0            
      1653,  6.5943304504712,  12.970709343112,  0.0            
      1654,  6.942168404817 ,  12.591057953719,  0.0            
      1655,  14.601505214924,  4.9650438807797,  0.0            
      1656,  11.975710026958,  7.5929504518911,  0.0            
      1657,  10.20617884039 ,  9.3658168042104,  0.0            
      1658,  2.5620025207923,  17.020494825744,  0.0            
      1659,  13.011954706655,  6.5605784447458,  0.0            
      1660,  2.3554945537327,  17.221989947373,  0.0            
      1661,  14.800685964961,  4.7832176754469,  0.0            
      1662,  2.1641328801216,  17.420846153104,  0.0            
      1663,  6.2526249594477,  13.355823803783,  0.0            
      1664,  1.9769016428128,  17.615878321827,  0.0            
      1665,  3.6902362652145,  15.907031903808,  0.0            
      1666,  1.7888128471187,  17.808225660283,  0.0            
      1667,  4.394622497999 ,  15.209928014715,  0.0            
      1668,  13.213022409469,  6.391226358396 ,  0.0            
      1669,  10.744730062912,  8.8774959520314,  0.0            
      1670,  4.901037602563 ,  14.700487604095,  0.0            
      1671,  12.179792310112,  7.4273543952742,  0.0            
      1672,  11.174650840097,  8.3684039104921,  0.0            
      1673,  7.6762860747413,  12.038602810016,  0.0            
      1674,  5.9139892618534,  13.729380107876,  0.0            
      1675,  13.412176384314,  6.2203339918068,  0.0            
      1676,  5.5758285706714,  14.082400568542,  0.0            
      1677,  3.5135353873536,  16.126015960615,  0.0            
      1678,  5.2371524427002,  14.401923669301,  0.0            
      1679,  10.106262856368,  9.5465247526638,  0.0            
      1680,  9.6178842147298,  10.063228581882,  0.0            
      1681,  7.1414564949556,  12.511900458666,  0.0            
      1682,  4.2277924257504,  15.436127382378,  0.0            
      1683,  13.610635230266,  6.047895250824 ,  0.0            
      1684,  11.406901456801,  8.2282273225328,  0.0            
      1685,  12.391619568726,  7.2589069477717,  0.0            
      1686,  3.3343482063082,  16.342360178747,  0.0            
      1687,  13.808578125715,  5.8739262934691,  0.0            
      1688,  7.8550755632105,  11.950092208252,  0.0            
      1689,  8.3534358100715,  11.421860093295,  0.0            
      1690,  10.644827299807,  9.0552917994832,  0.0            
      1691,  6.443928523394 ,  13.276617504144,  0.0            
      1692,  6.7886261071301,  12.89283091598 ,  0.0            
      1693,  4.7425258433043,  14.945878454479,  0.0            
      1694,  11.619390331148,  8.0934199184138,  0.0            
      1695,  14.006566884859,  5.6984987138803,  0.0            
      1696,  11.120060723563,  8.5512472495643,  0.0            
      1697,  3.1518654777695,  16.555757237729,  0.0            
      1698,  4.0587883576868,  15.659124446633,  0.0            
      1699,  9.155969178088 ,  10.590570664744,  0.0            
      1700,  8.7806555368265,  10.864327808277,  0.0            
      1701,  12.602373844549,  7.0900481011175,  0.0            
      1702,  14.204703251846,  5.5216268831843,  0.0            
      1703,  11.8150146986  ,  7.9434006441007,  0.0            
      1704,  10.013750640627,  9.7296051985322,  0.0            
      1705,  2.9667817652774,  16.770179662504,  0.0            
      1706,  6.1011469858242,  13.654689126707,  0.0            
      1707,  14.403137457409,  5.3433247696851,  0.0            
      1708,  5.0812749462954,  14.65819314676 ,  0.0            
      1709,  12.810191346445,  6.9218806837764,  0.0            
      1710,  8.0198740383298,  11.805146584878,  0.0            
      1711,  9.5256569160996,  10.251426610735,  0.0            
      1712,  5.418259304874 ,  14.351545530338,  0.0            
      1713,  5.7592092480804,  14.016787406836,  0.0            
      1714,  4.5813011330565,  15.181452259134,  0.0            
      1715,  14.601860624715,  5.1636036768911,  0.0            
      1716,  2.7806933426402,  17.013093912901,  0.0            
      1717,  3.8874628908   ,  15.879968397415,  0.0            
      1718,  11.997131851297,  7.7819046389548,  0.0            
      1719,  10.523339851325,  9.2306898904958,  0.0            
      1720,  13.013856864424,  6.7538441963094,  0.0            
      1721,  2.5515228352356,  17.217475698603,  0.0            
      1722,  14.800842892367,  4.9824859333761,  0.0            
      1723,  7.3424229465978,  12.427812858825,  0.0            
      1724,  2.360321191687 ,  17.417156845161,  0.0            
      1725,  11.046869246861,  8.7308606505516,  0.0            
      1726,  2.1745698416751,  17.614137930156,  0.0            
      1727,  1.9883169680817,  17.808044203054,  0.0            
      1728,  8.2249082236359,  11.707326201449,  0.0            
      1729,  13.214899866878,  6.5849876608226,  0.0            
      1730,  3.7139322596418,  16.099061706069,  0.0            
      1731,  12.189357336277,  7.6170651942571,  0.0            
      1732,  9.4460767306588,  10.440714586805,  0.0            
      1733,  4.417550261253 ,  15.40995668261 ,  0.0            
      1734,  6.9847485872147,  12.815778420072,  0.0            
      1735,  13.413812864854,  6.4147036826371,  0.0            
      1736,  6.6370195901954,  13.198847790436,  0.0            
      1737,  9.9254427734798,  9.9150885908798,  0.0            
      1738,  4.9252721689898,  14.909018532063,  0.0            
      1739,  13.611995976083,  6.2429296028405,  0.0            
      1740,  3.5374506653951,  16.316146724853,  0.0            
      1741,  10.413281915112,  9.4114673660648,  0.0            
      1742,  11.378450287642,  8.4082726275348,  0.0            
      1743,  6.2914992739612,  13.578988853088,  0.0            
      1744,  12.395198454391,  7.4502228736206,  0.0            
      1745,  8.5837072727558,  11.337123729856,  0.0            
      1746,  5.2623364297514,  14.612438996867,  0.0            
      1747,  10.963645499673,  8.9117312069047,  0.0            
      1748,  13.809708884693,  6.0696539241026,  0.0            
      1749,  4.2515464842603,  15.633848090091,  0.0            
      1750,  5.6017015218088,  14.294529177186,  0.0            
      1751,  5.9458499906598,  13.947638141077,  0.0            
      1752,  9.1292859747313,  10.778468410126,  0.0            
      1753,  3.358213186869 ,  16.529971044076,  0.0            
      1754,  11.609437237379,  8.2703242107881,  0.0            
      1755,  14.007503233777,  5.8949332459814,  0.0            
      1756,  12.604101804348,  7.2821980556194,  0.0            
      1757,  7.5472302646498,  12.34772972484 ,  0.0            
      1758,  7.1823104757761,  12.733623388488,  0.0            
      1759,  4.7669493967721,  15.150495109668,  0.0            
      1760,  14.205453049088,  5.7187710632158,  0.0            
      1761,  3.1772653073092,  16.73951288252 ,  0.0            
      1762,  9.836617786094 ,  10.102717692309,  0.0            
      1763,  11.819911476447,  8.1263601278052,  0.0            
      1764,  10.317283425766,  9.59328886218  ,  0.0            
      1765,  4.0834355928798,  15.854734583162,  0.0            
      1766,  12.811776163672,  7.1145943783423,  0.0            
      1767,  14.403700316713,  5.5411808530436,  0.0            
      1768,  11.329275915018,  8.585589112669 ,  0.0            
      1769,  3.0037756812743,  16.944971635599,  0.0            
      1770,  14.602231693809,  5.3621687284686,  0.0            
      1771,  10.874447873961,  9.0996384235489,  0.0            
      1772,  6.8315180274817,  13.122428993183,  0.0            
      1773,  12.014019422069,  7.969852488572 ,  0.0            
      1774,  13.015646521621,  6.9470442385576,  0.0            
      1775,  2.7377994833596,  17.230569268399,  0.0            
      1776,  6.4843311089074,  13.503189543092,  0.0            
      1777,  5.1072688670002,  14.867906796013,  0.0            
      1778,  14.801020205273,  5.1817616362894,  0.0            
      1779,  4.6062318192519,  15.383144427481,  0.0            
      1780,  2.5525005421282,  17.417320530977,  0.0            
      1781,  3.9126507120802,  16.073623672787,  0.0            
      1782,  2.3708122059325,  17.612456019067,  0.0            
      1783,  2.1869078656492,  17.807309159032,  0.0            
      1784,  9.3900109977317,  10.63254330297 ,  0.0            
      1785,  5.4443967209163,  14.562625896296,  0.0            
      1786,  8.8474414550526,  11.272309580853,  0.0            
      1787,  13.216773791337,  6.778771398436 ,  0.0            
      1788,  8.8970559548473,  11.081859498576,  0.0            
      1789,  5.7869722725073,  14.232623859087,  0.0            
      1790,  6.1351621996877,  13.876662759269,  0.0            
      1791,  12.203330916582,  7.8068199067525,  0.0            
      1792,  2.9285800689572,  17.138147984794,  0.0            
      1793,  10.227826966552,  9.7760247812323,  0.0            
      1794,  13.415524307326,  6.609113109798 ,  0.0            
      1795,  8.1060277981586,  11.970773675218,  0.0            
      1796,  9.7507678198366,  10.290874454019,  0.0            
      1797,  3.7391982447847,  16.290800938643,  0.0            
      1798,  11.264278282241,  8.759147478412 ,  0.0            
      1799,  7.7648195338164,  12.273372455939,  0.0            
      1800,  4.4432528767646,  15.609277230599,  0.0            
      1801,  13.613428697532,  6.4379940299665,  0.0            
      1802,  10.713432619484,  9.2842630541209,  0.0            
      1803,  8.4489969429325,  11.631102627641,  0.0            
      1804,  12.401999487716,  7.6409135904551,  0.0            
      1805,  3.5626453102621,  16.505545857041,  0.0            
      1806,  9.0737294671856,  10.944970877864,  0.0            
      1807,  4.9515999450574,  15.115571298963,  0.0            
      1808,  13.810875405936,  6.265396516598 ,  0.0            
      1809,  9.6765231172405,  10.481660667866,  0.0            
      1810,  11.583655402272,  8.4466675505012,  0.0            
      1811,  7.0257292816241,  13.04519086528 ,  0.0            
      1812,  7.3833442274461,  12.648787433991,  0.0            
      1813,  8.2927881761254,  11.91345451151 ,  0.0            
      1814,  14.008449518113,  6.091372936488 ,  0.0            
      1815,  3.3851035813018,  16.715932870004,  0.0            
      1816,  4.2778959872052,  15.831131243599,  0.0            
      1817,  5.2895129239947,  14.822980062959,  0.0            
      1818,  6.679092922711 ,  13.427525933583,  0.0            
      1819,  12.607088092433,  7.4739144810333,  0.0            
      1820,  10.140989007264,  9.9603970591964,  0.0            
      1821,  14.206204641628,  5.9159181353897,  0.0            
      1822,  5.6284734219154,  14.5081671453  ,  0.0            
      1823,  11.193881858534,  8.9289323422387,  0.0            
      1824,  11.812774525474,  8.305908516175 ,  0.0            
      1825,  6.3272583642639,  13.8045676469  ,  0.0            
      1826,  5.9751403748092,  14.167403521286,  0.0            
      1827,  3.2138821392658,  16.919520370563,  0.0            
      1828,  10.610401003141,  9.4650752225391,  0.0            
      1829,  12.813669541864,  7.3070386430052,  0.0            
      1830,  14.404263987497,  5.7390385633432,  0.0            
      1831,  4.7938663403869,  15.354001282956,  0.0            
      1832,  3.0818841613057,  17.114644849561,  0.0            
      1833,  4.1100840182577,  16.050109151474,  0.0            
      1834,  14.602606729249,  5.5607383934914,  0.0            
      1835,  13.017436650136,  7.1401471218327,  0.0            
      1836,  12.021209282864,  8.1557031906297,  0.0            
      1837,  2.9236869106752,  17.285117513928,  0.0            
      1838,  10.966582969243,  9.2423108868428,  0.0            
      1839,  7.2189680264393,  12.959706801788,  0.0            
      1840,  2.7429613304097,  17.430289768492,  0.0            
      1841,  14.80120538835 ,  5.3810423182406,  0.0            
      1842,  9.34823131372  ,  10.832945149262,  0.0            
      1843,  11.539024520867,  8.620432449042 ,  0.0            
      1844,  2.5645735514769,  17.614025843619,  0.0            
      1845,  13.218647418547,  6.9725380658319,  0.0            
      1846,  2.3846092148969,  17.806781322783,  0.0            
      1847,  10.054844523326,  10.147261452812,  0.0            
      1848,  5.1353474262037,  15.076321678825,  0.0            
      1849,  3.9391441996326,  16.267079397265,  0.0            
      1850,  12.216259633904,  7.9961466280754,  0.0            
      1851,  4.6337897783992,  15.584143605723,  0.0            
      1852,  11.144298865325,  9.0903246831576,  0.0            
      1853,  8.0132350220173,  12.200876742485,  0.0            
      1854,  13.417313932913,  6.803548080451 ,  0.0            
      1855,  10.521438796423,  9.6439786351392,  0.0            
      1856,  5.4722738841698,  14.774699656081,  0.0            
      1857,  6.87591517441  ,  13.351637474239,  0.0            
      1858,  10.883394668917,  9.3714597129476,  0.0            
      1859,  13.614969803006,  6.6330899117536,  0.0            
      1860,  3.7654972889994,  16.48209340648 ,  0.0            
      1861,  5.8142955028845,  14.449782810482,  0.0            
      1862,  12.411554513762,  7.8317033094621,  0.0            
      1863,  6.5218466370098,  13.731489036204,  0.0            
      1864,  6.1657705481461,  14.100366839914,  0.0            
      1865,  9.0516815549072,  11.097691949976,  0.0            
      1866,  13.812113078859,  6.4611588260154,  0.0            
      1867,  7.589008560189 ,  12.574938597738,  0.0            
      1868,  9.6195378719095,  10.674444541757,  0.0            
      1869,  4.4712299596114,  15.808262513415,  0.0            
      1870,  11.480861116357,  8.7907382288039,  0.0            
      1871,  3.5899166330218,  16.693979837445,  0.0            
      1872,  14.009423701923,  6.2878203855999,  0.0            
      1873,  9.9732552255141,  10.336294244081,  0.0            
      1874,  4.9804529608772,  15.321088671261,  0.0            
      1875,  12.611989471925,  7.6654762169769,  0.0            
      1876,  10.437043439638,  9.8243074888932,  0.0            
      1877,  8.6917259403302,  11.561598251366,  0.0            
      1878,  14.206962975948,  6.1130670584178,  0.0            
      1879,  3.4182424036784,  16.900101479169,  0.0            
      1880,  11.789610702447,  8.482855232092 ,  0.0            
      1881,  7.4151506545136,  12.866235525457,  0.0            
      1882,  11.141961893848,  9.2561402793186,  0.0            
      1883,  12.816298624783,  7.4993040454158,  0.0            
      1884,  4.3059019841905,  16.028296026703,  0.0            
      1885,  8.5177002276403,  11.84686645369 ,  0.0            
      1886,  14.40482847116 ,  5.9368976764183,  0.0            
      1887,  5.3188769475686,  15.033364110294,  0.0            
      1888,  3.263504190114 ,  17.099244890849,  0.0            
      1889,  10.801992736779,  9.5278787141807,  0.0            
      1890,  7.0730609035536,  13.276466443356,  0.0            
      1891,  9.9031131533491,  10.529285598802,  0.0            
      1892,  14.60298237644 ,  5.7593096078696,  0.0            
      1893,  13.019403205602,  7.3331505310676,  0.0            
      1894,  5.656444705375 ,  14.722988818855,  0.0            
      1895,  3.1132098421423,  17.292220937755,  0.0            
      1896,  12.016614254004,  8.338364923002 ,  0.0            
      1897,  2.9352776441963,  17.4566277935  ,  0.0            
      1898,  11.421234908249,  8.9578167879922,  0.0            
      1899,  4.8232986366072,  15.556851388309,  0.0            
      1900,  14.801392696786,  5.5803265262493,  0.0            
      1901,  6.7189380203074,  13.656805580006,  0.0            
      1902,  6.0026957371466,  14.388385961757,  0.0            
      1903,  4.1377647808762,  16.245381161848,  0.0            
      1904,  2.7583942276009,  17.62268309135 ,  0.0            
      1905,  9.3058914826622,  11.042760758227,  0.0            
      1906,  6.3589812247175,  14.031944820733,  0.0            
      1907,  13.220552842553,  7.166267305123 ,  0.0            
      1908,  8.31336967037  ,  12.122249527099,  0.0            
      1909,  2.5809967794832,  17.807948175237,  0.0            
      1910,  10.353699530672,  10.007137902046,  0.0            
      1911,  12.223400712905,  8.1844440562564,  0.0            
      1912,  13.41916850521 ,  6.9979896966897,  0.0            
      1913,  3.9663945596308,  16.460303901601,  0.0            
      1914,  11.747900113555,  8.6567190772338,  0.0            
      1915,  7.2604964944724,  13.191915192336,  0.0            
      1916,  5.1660644221172,  15.284054032887,  0.0            
      1917,  11.080700124938,  9.4175155985222,  0.0            
      1918,  13.616637689451,  6.8282137480141,  0.0            
      1919,  4.6633530527016,  15.784907603906,  0.0            
      1920,  10.722425809142,  9.6966377808726,  0.0            
      1921,  12.421086049793,  8.0228944750154,  0.0            
      1922,  7.798937452774 ,  12.514865287023,  0.0            
      1923,  9.569927554212 ,  10.87087729392 ,  0.0            
      1924,  13.813470319256,  6.656946630381 ,  0.0            
      1925,  3.793110599142 ,  16.672835255441,  0.0            
      1926,  11.374927876188,  9.123272300156 ,  0.0            
      1927,  5.5024213972364,  14.98755000371 ,  0.0            
      1928,  7.6178030541168,  12.797998255844,  0.0            
      1929,  10.270883320684,  10.193766444585,  0.0            
      1930,  14.01046543698 ,  6.484280344718 ,  0.0            
      1931,  12.618606683555,  7.8573843002164,  0.0            
      1932,  5.8420121037283,  14.6680316537  ,  0.0            
      1933,  3.6205183707952,  16.881369751408,  0.0            
      1934,  4.5005443487956,  16.007265832065,  0.0            
      1935,  6.9204485423606,  13.579656788606,  0.0            
      1936,  6.1936043949251,  14.325046427388,  0.0            
      1937,  14.207744762003,  6.3102188068927,  0.0            
      1938,  6.5547921638955,  13.961551374882,  0.0            
      1939,  12.820023392426,  7.6917117873783,  0.0            
      1940,  11.693363859178,  8.8282226441712,  0.0            
      1941,  3.4565009229958,  17.084177955508,  0.0            
      1942,  5.0118365836513,  15.526070139488,  0.0            
      1943,  14.405397946054,  6.1347562584653,  0.0            
      1944,  10.6441084227  ,  9.8723588861247,  0.0            
      1945,  9.8477052944524,  10.724245864525,  0.0            
      1946,  11.995525151183,  8.5175580325723,  0.0            
      1947,  10.999154892784,  9.5755720996672,  0.0            
      1948,  3.2988730904294,  17.281211173715,  0.0            
      1949,  13.021774042962,  7.5261040640246,  0.0            
      1950,  4.3346872499873,  16.225461593664,  0.0            
      1951,  14.603358745234,  5.9578811814596,  0.0            
      1952,  8.2133334551446,  12.352391830514,  0.0            
      1953,  7.4437712978462,  13.070417503942,  0.0            
      1954,  8.9591824399815,  11.51024104188 ,  0.0            
      1955,  10.19275266956 ,  10.38473133625 ,  0.0            
      1956,  3.1302659277515,  17.466661866989,  0.0            
      1957,  8.7606535762841,  11.789059944801,  0.0            
      1958,  11.341727366152,  9.2905112686817,  0.0            
      1959,  5.3511756144353,  15.243641185251,  0.0            
      1960,  14.801580439006,  5.7796118521053,  0.0            
      1961,  2.9535919699295,  17.636234915758,  0.0            
      1962,  13.222561079865,  7.3599760488243,  0.0            
      1963,  2.7777144583977,  17.812117062648,  0.0            
      1964,  9.2157197483776,  11.274771061437,  0.0            
      1965,  12.220671899803,  8.3706448100342,  0.0            
      1966,  5.6866158122097,  14.93896792258 ,  0.0            
      1967,  4.1659692799135,  16.440586298717,  0.0            
      1968,  8.5642798283543,  12.06337481338 ,  0.0            
      1969,  13.421074740353,  7.192423611297 ,  0.0            
      1970,  4.8545237176347,  15.759567557242,  0.0            
      1971,  7.1290546062662,  13.501346659536,  0.0            
      1972,  10.125196801548,  10.582851359125,  0.0            
      1973,  11.638202698878,  8.9992189741438,  0.0            
      1974,  7.8224134295599,  12.754182205137,  0.0            
      1975,  8.0037234506109,  12.489546795563,  0.0            
      1976,  6.0297438365832,  14.610118583181,  0.0            
      1977,  10.565180557581,  10.053110651888,  0.0            
      1978,  13.618410335552,  7.0233564750347,  0.0            
      1979,  6.7530743714702,  13.887843765604,  0.0            
      1980,  12.426888350913,  8.2143585192534,  0.0            
      1981,  6.3871329987782,  14.260061306447,  0.0            
      1982,  3.9944282867528,  16.653244486134,  0.0            
      1983,  13.814971231884,  6.852762425861 ,  0.0            
      1984,  10.922277546333,  9.7421071164375,  0.0            
      1985,  11.95410160519 ,  8.6933573292004,  0.0            
      1986,  4.6939723764811,  15.985828728477,  0.0            
      1987,  9.5288845168105,  11.076860834837,  0.0            
      1988,  11.281626367804,  9.453026658705 ,  0.0            
      1989,  5.1995046593824,  15.491523200034,  0.0            
      1990,  7.6424299233347,  13.011366720528,  0.0            
      1991,  12.625373530404,  8.0505021887366,  0.0            
      1992,  3.8225316357075,  16.862949846135,  0.0            
      1993,  8.3993791216135,  12.31361663727 ,  0.0            
      1994,  7.4813847654659,  13.240625330235,  0.0            
      1995,  14.011625868359,  6.6807605895236,  0.0            
      1996,  7.3541133164073,  13.428453496578,  0.0            
      1997,  14.208586022363,  6.5073772997336,  0.0            
      1998,  5.5358897870003,  15.200872240455,  0.0            
      1999,  3.6536299433914,  17.068512755328,  0.0            
      2000,  12.824711421515,  7.8845928944546,  0.0            
      2001,  11.591370439286,  9.1711893246776,  0.0            
      2002,  9.7974649321698,  10.914851488494,  0.0            
      2003,  10.485982341996,  10.239401441566,  0.0            
      2004,  4.5304067617023,  16.206376954088,  0.0            
      2005,  14.405986237651,  6.3326139336432,  0.0            
      2006,  5.871551041983 ,  14.887215589129,  0.0            
      2007,  3.4904049337182,  17.268770794431,  0.0            
      2008,  13.024739703521,  7.7193141171948,  0.0            
      2009,  14.603738809344,  6.1564507444792,  0.0            
      2010,  3.3240766975458,  17.462183689565,  0.0            
      2011,  6.9557044225313,  13.809624438374,  0.0            
      2012,  6.2200793961146,  14.54993147885 ,  0.0            
      2013,  10.848706088393,  9.9160622407894,  0.0            
      2014,  5.0449592136674,  15.73101746214 ,  0.0            
      2015,  6.5835074052644,  14.192488041771,  0.0            
      2016,  14.801768736504,  5.9788969974278,  0.0            
      2017,  3.1512246045859,  17.643251746136,  0.0            
      2018,  13.224780927032,  7.5536871614446,  0.0            
      2019,  11.897999957637,  8.8679363138618,  0.0            
      2020,  11.194860410788,  9.6135155443192,  0.0            
      2021,  4.3638050546853,  16.422690794021,  0.0            
      2022,  2.9753967319217,  17.817968823516,  0.0            
      2023,  12.202122655097,  8.5527528395267,  0.0            
      2024,  10.06916931425 ,  10.789542423374,  0.0            
      2025,  7.6496748915604,  13.226070762771,  0.0            
      2026,  7.8420193638623,  12.98114281614 ,  0.0            
      2027,  8.2203167958192,  12.531574553907,  0.0            
      2028,  13.423046671129,  7.3868696676551,  0.0            
      2029,  9.0167838196785,  11.74457540899 ,  0.0            
      2030,  11.550118641419,  9.3445579444513,  0.0            
      2031,  5.3867163296176,  15.454044994163,  0.0            
      2032,  8.0275828380676,  12.734928403962,  0.0            
      2033,  10.411047992734,  10.43171392214 ,  0.0            
      2034,  9.2464224467772,  11.492183238379,  0.0            
      2035,  4.1946215656042,  16.635677338189,  0.0            
      2036,  8.8078786615736,  12.01515355089 ,  0.0            
      2037,  13.620249120024,  7.2185071307389,  0.0            
      2038,  12.424594411169,  8.406043966717 ,  0.0            
      2039,  4.8865598751822,  15.962577248542,  0.0            
      2040,  5.7204805906626,  15.155785559557,  0.0            
      2041,  13.81659083282 ,  7.0486026285283,  0.0            
      2042,  4.0234559727442,  16.845850828887,  0.0            
      2043,  10.774464692154,  10.095818860871,  0.0            
      2044,  7.1636077557603,  13.731162571472,  0.0            
      2045,  6.05797626313  ,  14.831829095987,  0.0            
      2046,  9.7333114512539,  11.076356692369,  0.0            
      2047,  12.629404614519,  8.2452476255078,  0.0            
      2048,  14.012930288529,  6.8772672664353,  0.0            
      2049,  10.345996366335,  10.632804113105,  0.0            
      2050,  9.5422903222392,  11.280419280338,  0.0            
      2051,  11.119149497731,  9.7814879532091,  0.0            
      2052,  8.6195681342688,  12.277578989188,  0.0            
      2053,  11.843544237318,  9.0449925517024,  0.0            
      2054,  6.7821069917021,  14.120482261133,  0.0            
      2055,  6.4133210869178,  14.487944505535,  0.0            
      2056,  3.853391038506 ,  17.05282101314 ,  0.0            
      2057,  4.7249171909394,  16.186965068839,  0.0            
      2058,  14.209532727235,  6.7045505874132,  0.0            
      2059,  12.159344056425,  8.7299943541292,  0.0            
      2060,  12.829305951961,  8.0789649989832,  0.0            
      2061,  11.489135900752,  9.5051426128478,  0.0            
      2062,  5.2348623062911,  15.699055500837,  0.0            
      2063,  3.6857269136498,  17.25556418685 ,  0.0            
      2064,  14.406622713041,  6.5304734701618,  0.0            
      2065,  7.6048904869649,  13.438618124088,  0.0            
      2066,  13.028194580733,  7.9129643188443,  0.0            
      2067,  14.60413216117 ,  6.3550168847483,  0.0            
      2068,  7.3794557468348,  13.669073156576,  0.0            
      2069,  3.5192674213825,  17.452802890553,  0.0            
      2070,  4.5604467534858,  16.405663779062,  0.0            
      2071,  5.5733764319379,  15.414745789709,  0.0            
      2072,  3.3485625358176,  17.641666348874,  0.0            
      2073,  10.699461824905,  10.282030268455,  0.0            
      2074,  13.227301268332,  7.7476671162464,  0.0            
      2075,  14.801959178794,  6.1781799778718,  0.0            
      2076,  3.1747737814237,  17.82133814671 ,  0.0            
      2077,  10.008251605066,  11.008470668294,  0.0            
      2078,  7.8479740627825,  13.201429093294,  0.0            
      2079,  5.9048411491354,  15.107117447475,  0.0            
      2080,  8.441093893965 ,  12.521785035902,  0.0            
      2081,  11.051582564843,  9.9558247617999,  0.0            
      2082,  11.796515330833,  9.2258469284449,  0.0            
      2083,  13.425131933539,  7.5813376873392,  0.0            
      2084,  4.3931501963622,  16.619910543088,  0.0            
      2085,  11.377883689909,  9.6540478216206,  0.0            
      2086,  5.0787478688739,  15.936369815413,  0.0            
      2087,  6.2469287074325,  14.77337102152 ,  0.0            
      2088,  8.2398481494787,  12.738001918541,  0.0            
      2089,  8.0456933634588,  12.962052562483,  0.0            
      2090,  6.9842733198214,  14.042070737249,  0.0            
      2091,  12.409489390141,  8.5955029889974,  0.0            
      2092,  6.6099977427562,  14.423345637568,  0.0            
      2093,  13.622136491441,  7.4136839379214,  0.0            
      2094,  12.094604249954,  8.9058938736794,  0.0            
      2095,  9.282348464988 ,  11.716615673022,  0.0            
      2096,  9.0538396634924,  11.974742039568,  0.0            
      2097,  4.2238119240654,  16.830628970885,  0.0            
      2098,  13.818281474596,  7.2444589665517,  0.0            
      2099,  5.4248255002041,  15.664578987221,  0.0            
      2100,  12.626556951127,  8.4434424214081,  0.0            
      2101,  10.628384396422,  10.475040461006,  0.0            
      2102,  10.29142285231 ,  10.842874367634,  0.0            
      2103,  4.918686000489 ,  16.16590496253 ,  0.0            
      2104,  14.014353744223,  7.0738004814477,  0.0            
      2105,  9.5492239479303,  11.481621604515,  0.0            
      2106,  4.0533630821233,  17.038301151068,  0.0            
      2107,  8.8478427015508,  12.24226384    ,  0.0            
      2108,  5.7592950398759,  15.373491303059,  0.0            
      2109,  14.210607587359,  6.9017466588633,  0.0            
      2110,  12.831457985578,  8.2751303800344,  0.0            
      2111,  10.98277393608 ,  10.135260839668,  0.0            
      2112,  11.309058925378,  9.821211286015 ,  0.0            
      2113,  3.8842909161043,  17.242509973086,  0.0            
      2114,  6.0895591138013,  15.05312469039 ,  0.0            
      2115,  7.1903416041258,  13.962617042926,  0.0            
      2116,  14.407344608165,  6.7283422619222,  0.0            
      2117,  4.7558809991966,  16.388384569968,  0.0            
      2118,  13.031370173404,  8.1079817119453,  0.0            
      2119,  3.7158114305506,  17.442321364977,  0.0            
      2120,  10.566885021933,  10.677199363058,  0.0            
      2121,  12.367562365993,  8.7724987765541,  0.0            
      2122,  6.4392073266023,  14.713251671899,  0.0            
      2123,  14.604559023314,  6.553580982413 ,  0.0            
      2124,  6.8090313455771,  14.354043124489,  0.0            
      2125,  12.040769417183,  9.0878187904122,  0.0            
      2126,  5.2709281786144,  15.907032273432,  0.0            
      2127,  3.5466703699732,  17.635678638532,  0.0            
      2128,  7.837981350053 ,  13.414313062744,  0.0            
      2129,  8.6566501018174,  12.496224998676,  0.0            
      2130,  9.8722650855552,  11.240410367945,  0.0            
      2131,  13.23001974916 ,  7.9420053561883,  0.0            
      2132,  14.802156696867,  6.3774590912069,  0.0            
      2133,  7.6056159304379,  13.643941778233,  0.0            
      2134,  11.751489748517,  9.4131705871849,  0.0            
      2135,  3.3742258096539,  17.820825799014,  0.0            
      2136,  4.5905662297288,  16.605010979159,  0.0            
      2137,  13.427372109734,  7.7760591888409,  0.0            
      2138,  8.0576495773533,  13.180995505575,  0.0            
      2139,  8.4558180918142,  12.727760461226,  0.0            
      2140,  7.404017650665 ,  13.897373992706,  0.0            
      2141,  5.6146460051106,  15.628828216772,  0.0            
      2142,  10.91228720371 ,  10.321558114605,  0.0            
      2143,  8.2538294315548,  12.950806087952,  0.0            
      2144,  11.252466135418,  9.9928601713319,  0.0            
      2145,  13.624086988469,  7.6088921441691,  0.0            
      2146,  11.528733388017,  9.7038902460224,  0.0            
      2147,  4.4227657622258,  16.817101373542,  0.0            
      2148,  5.9436601680278,  15.32776559609 ,  0.0            
      2149,  5.1123432527357,  16.142114362659,  0.0            
      2150,  13.820014069746,  7.4403481722532,  0.0            
      2151,  12.61189972592 ,  8.6466941170798,  0.0            
      2152,  6.2762512354558,  14.994541353438,  0.0            
      2153,  9.3025404138089,  11.942410748936,  0.0            
      2154,  4.253510942984 ,  17.025508291475,  0.0            
      2155,  7.0109974202442,  14.275665983993,  0.0            
      2156,  10.232784566526,  11.059506733914,  0.0            
      2157,  14.015847145966,  7.2703541920893,  0.0            
      2158,  11.997590754952,  9.2735044995696,  0.0            
      2159,  6.6359786307832,  14.651323072831,  0.0            
      2160,  12.27699386039 ,  8.9408943114833,  0.0            
      2161,  9.0791333871985,  12.206421309448,  0.0            
      2162,  9.552265325215 ,  11.697690371587,  0.0            
      2163,  12.827493432524,  8.4748000440097,  0.0            
      2164,  14.211788428484,  7.0989681170355,  0.0            
      2165,  4.0835912630986,  17.230638325013,  0.0            
      2166,  4.9506243930663,  16.36962751473 ,  0.0            
      2167,  5.4641691602762,  15.87543129047 ,  0.0            
      2168,  14.408170283874,  6.9262289241313,  0.0            
      2169,  10.845313690334,  10.5149979956  ,  0.0            
      2170,  11.503818348615,  9.850052152211 ,  0.0            
      2171,  13.032374616753,  8.3043454445063,  0.0            
      2172,  3.9145208583948,  17.432084765981,  0.0            
      2173,  11.189671017795,  10.171468402484,  0.0            
      2174,  14.605044997941,  6.752148946444 ,  0.0            
      2175,  8.8738415216547,  12.473651182268,  0.0            
      2176,  9.8380330307174,  11.465888636055,  0.0            
      2177,  10.516576590586,  10.887277906965,  0.0            
      2178,  3.7448760346012,  17.628450274385,  0.0            
      2179,  5.8038047488057,  15.591744856512,  0.0            
      2180,  11.700893171944,  9.6115563084243,  0.0            
      2181,  13.232332137726,  8.1375056415974,  0.0            
      2182,  4.7867972274043,  16.589925134305,  0.0            
      2183,  14.80237147878 ,  6.5767344099922,  0.0            
      2184,  3.573919711152 ,  17.817935542268,  0.0            
      2185,  7.2166201207699,  14.190674193797,  0.0            
      2186,  12.584703217786,  8.8622445289891,  0.0            
      2187,  6.1264385877724,  15.273227670601,  0.0            
      2188,  13.429679717122,  7.9710867435941,  0.0            
      2189,  8.067616101378 ,  13.391725891045,  0.0            
      2190,  12.428887371317,  8.9802027723411,  0.0            
      2191,  6.4662960585693,  14.935299444234,  0.0            
      2192,  8.6716863637245,  12.715132393245,  0.0            
      2193,  7.8411994425527,  13.621218318737,  0.0            
      2194,  5.3064800747627,  16.115380513064,  0.0            
      2195,  10.78767748594 ,  10.71783403648 ,  0.0            
      2196,  6.8368501092772,  14.586215053131,  0.0            
      2197,  4.620790660325 ,  16.804391135082,  0.0            
      2198,  13.626117597638,  7.8043408576917,  0.0            
      2199,  12.229258324165,  9.1241750041836,  0.0            
      2200,  7.6262252818967,  13.856598472359,  0.0            
      2201,  8.2718204200858,  13.163519292272,  0.0            
      2202,  8.4614185465596,  12.933064535774,  0.0            
      2203,  11.955967913972,  9.4628164156452,  0.0            
      2204,  13.821791187051,  7.6362763749123,  0.0            
      2205,  11.455355144933,  10.02084639951 ,  0.0            
      2206,  4.452654094842 ,  17.014259003612,  0.0            
      2207,  11.124023412807,  10.358061009228,  0.0            
      2208,  7.4299781953541,  14.118906245682,  0.0            
      2209,  5.6586057186234,  15.842884443836,  0.0            
      2210,  10.16165010355 ,  11.269719287342,  0.0            
      2211,  14.017377472539,  7.4669427829322,  0.0            
      2212,  5.1453622820287,  16.348372687598,  0.0            
      2213,  12.81429779323 ,  8.6776726278466,  0.0            
      2214,  9.3127480739926,  12.170998449617,  0.0            
      2215,  9.5524055159195,  11.918493451914,  0.0            
      2216,  4.2834792391411,  17.220347255087,  0.0            
      2217,  14.21303150581 ,  7.2962109149922,  0.0            
      2218,  14.409081829762,  7.1241375799928,  0.0            
      2219,  5.9897811945076,  15.549761219526,  0.0            
      2220,  4.1137050749607,  17.422964969242,  0.0            
      2221,  13.028216371918,  8.5033218588656,  0.0            
      2222,  6.3099462350513,  15.210747194581,  0.0            
      2223,  9.0917667673423,  12.441172893456,  0.0            
      2224,  9.8146417653372,  11.686248193176,  0.0            
      2225,  12.420885895748,  9.1382209874696,  0.0            
      2226,  6.6610647260038,  14.87620177235 ,  0.0            
      2227,  7.0402473211173,  14.510381632123,  0.0            
      2228,  14.605602719667,  6.9507288554152,  0.0            
      2229,  4.9823548058938,  16.573544314546,  0.0            
      2230,  11.703692122008,  9.8348841380173,  0.0            
      2231,  3.9441309896014,  17.621420379201,  0.0            
      2232,  13.232678834234,  8.3339933263311,  0.0            
      2233,  5.5027323307433,  16.086416630595,  0.0            
      2234,  12.195746760687,  9.3083506067373,  0.0            
      2235,  10.470560941078,  11.102509890249,  0.0            
      2236,  14.802616342503,  6.7760095329346,  0.0            
      2237,  3.7733010969855,  17.814271772666,  0.0            
      2238,  11.397009863908,  10.202439086585,  0.0            
      2239,  11.061525251098,  10.551927871119,  0.0            
      2240,  13.431571344912,  8.1671439692822,  0.0            
      2241,  4.8177192801823,  16.79154368606 ,  0.0            
      2242,  8.8820288086681,  12.712260404862,  0.0            
      2243,  11.918452257259,  9.6557329538038,  0.0            
      2244,  5.8542936002552,  15.809444111224,  0.0            
      2245,  13.628151568813,  8.0000797096499,  0.0            
      2246,  12.798694532649,  8.8846375744173,  0.0            
      2247,  10.742182688194,  10.928921805057,  0.0            
      2248,  8.0782129286556,  13.598067270081,  0.0            
      2249,  8.3028984239557,  13.369222947002,  0.0            
      2250,  8.6730599571518,  12.923741804963,  0.0            
      2251,  4.6511279226124,  17.003748056012,  0.0            
      2252,  7.2453763443646,  14.413035632597,  0.0            
      2253,  12.611208679136,  9.0976207891394,  0.0            
      2254,  7.8564560197546,  13.828501808818,  0.0            
      2255,  13.823621796141,  7.8324402446131,  0.0            
      2256,  8.4792400800173,  13.140866706948,  0.0            
      2257,  5.3407519727985,  16.324336969401,  0.0            
      2258,  11.008042164129,  10.754984980592,  0.0            
      2259,  10.1122384458  ,  11.479896652448,  0.0            
      2260,  6.4965134991693,  15.151274830036,  0.0            
      2261,  14.018941249964,  7.6635748749526,  0.0            
      2262,  7.650431107588 ,  14.070375493531,  0.0            
      2263,  11.658721009362,  10.034607809652,  0.0            
      2264,  6.8621958595166,  14.81600111471 ,  0.0            
      2265,  4.4827137139898,  17.211399064688,  0.0            
      2266,  6.1705932876466,  15.493182424353,  0.0            
      2267,  9.5477898167372,  12.142549355873,  0.0            
      2268,  14.214306801875,  7.4934852557044,  0.0            
      2269,  11.335533674988,  10.391426867529,  0.0            
      2270,  12.159817857286,  9.4972899029874,  0.0            
      2271,  9.3129838995498,  12.399815789918,  0.0            
      2272,  9.7963950526396,  11.90609573032 ,  0.0            
      2273,  7.4603271362297,  14.334546301182,  0.0            
      2274,  13.017158153835,  8.7039835772548,  0.0            
      2275,  4.3134555943415,  17.415208668331,  0.0            
      2276,  5.7019752894572,  16.056425991898,  0.0            
      2277,  14.41004387443 ,  7.3220657331749,  0.0            
      2278,  5.1778318079264,  16.554940250371,  0.0            
      2279,  12.39476571054 ,  9.322330200264 ,  0.0            
      2280,  14.606219912227,  7.1493254890356,  0.0            
      2281,  4.1434818457801,  17.615251698249,  0.0            
      2282,  13.228533560227,  8.5326066217864,  0.0            
      2283,  14.802897621677,  6.9752905024082,  0.0            
      2284,  3.9729658238525,  17.810706417333,  0.0            
      2285,  11.895689116602,  9.8556864864682,  0.0            
      2286,  10.425633806154,  11.316138599953,  0.0            
      2287,  5.0140138462134,  16.777596813402,  0.0            
      2288,  13.431724976711,  8.3640436767227,  0.0            
      2289,  9.0893934004111,  12.682725372039,  0.0            
      2290,  6.0482345076169,  15.772675429448,  0.0            
      2291,  6.3495060901178,  15.419547264383,  0.0            
      2292,  11.603498704738,  10.228116795117,  0.0            
      2293,  5.5386543085046,  16.298007650311,  0.0            
      2294,  6.6854557303199,  15.097035831011,  0.0            
      2295,  8.6566496821077,  13.10171755641 ,  0.0            
      2296,  13.629783896283,  8.1967894601623,  0.0            
      2297,  7.0759419069212,  14.751159624836,  0.0            
      2298,  11.277335755506,  10.586453543366,  0.0            
      2299,  10.063047876076,  11.693094511797,  0.0            
      2300,  4.8486848815656,  16.993137124098,  0.0            
      2301,  13.825442614778,  8.028909373291 ,  0.0            
      2302,  12.125438104683,  9.6903859082689,  0.0            
      2303,  12.796692420061,  9.0975470899877,  0.0            
      2304,  8.8767117078949,  12.963550296716,  0.0            
      2305,  13.002840503734,  8.9085000049381,  0.0            
      2306,  10.704664695299,  11.14840110852 ,  0.0            
      2307,  8.320433751572 ,  13.573043221556,  0.0            
      2308,  8.0908410715846,  13.804828220251,  0.0            
      2309,  8.549884280112 ,  13.33417433711 ,  0.0            
      2310,  14.020540103895,  7.8604328940649,  0.0            
      2311,  4.6815335394527,  17.203077905042,  0.0            
      2312,  5.9061542701806,  16.025513893679,  0.0            
      2313,  7.877063924181 ,  14.038480861659,  0.0            
      2314,  10.966805796766,  10.965994219022,  0.0            
      2315,  5.3737700475249,  16.533778433704,  0.0            
      2316,  14.215609972076,  7.6908007879766,  0.0            
      2317,  12.362523977035,  9.516345151815 ,  0.0            
      2318,  9.5373418831711,  12.366086213454,  0.0            
      2319,  9.7802126097795,  12.127006247247,  0.0            
      2320,  11.857496051467,  10.057728224765,  0.0            
      2321,  7.2918955778427,  14.615503237488,  0.0            
      2322,  4.5127885604162,  17.408542113041,  0.0            
      2323,  12.590467719296,  9.3135685353599,  0.0            
      2324,  14.411031651865,  7.5200172908999,  0.0            
      2325,  7.679690363062 ,  14.283401576085,  0.0            
      2326,  6.533523342644 ,  15.359395976395,  0.0            
      2327,  11.227906671689,  10.789489511809,  0.0            
      2328,  4.3431955435053,  17.610088261056,  0.0            
      2329,  14.606872399286,  7.3479376050501,  0.0            
      2330,  11.546114200279,  10.422513473433,  0.0            
      2331,  13.218149367812,  8.7325602736533,  0.0            
      2332,  9.3025539884822,  12.627299254679,  0.0            
      2333,  6.8740586542775,  15.046446141836,  0.0            
      2334,  5.2101104829331,  16.761753695761,  0.0            
      2335,  14.803209220796,  7.1745815616604,  0.0            
      2336,  4.1725474042487,  17.807598467936,  0.0            
      2337,  7.5049852724122,  14.54198158107 ,  0.0            
      2338,  5.7402230577491,  16.270362695917,  0.0            
      2339,  13.427823963197,  8.5628607771118,  0.0            
      2340,  10.030936171783,  11.909409115228,  0.0            
      2341,  10.376066121618,  11.518840677496,  0.0            
      2342,  6.2276262783319,  15.716471559586,  0.0            
      2343,  12.093964820111,  9.8878946530853,  0.0            
      2344,  13.629850926936,  8.3943217328194,  0.0            
      2345,  5.0457180057126,  16.98162811669 ,  0.0            
      2346,  6.7190866160137,  15.311590229205,  0.0            
      2347,  13.82691426791 ,  8.2263537180659,  0.0            
      2348,  11.807710415497,  10.256129591764,  0.0            
      2349,  7.2333455218683,  14.863269318979,  0.0            
      2350,  12.32885921864 ,  9.7142231347744,  0.0            
      2351,  12.989962665486,  9.1175149310183,  0.0            
      2352,  5.5717928917316,  16.510321053879,  0.0            
      2353,  4.8796857089872,  17.194678618584,  0.0            
      2354,  14.022115576702,  8.0576229751547,  0.0            
      2355,  9.0727365703087,  12.937491425076,  0.0            
      2356,  11.492407455241,  10.619806444471,  0.0            
      2357,  9.7614828516601,  12.347318264665,  0.0            
      2358,  12.56075683424 ,  9.5223705943481,  0.0            
      2359,  12.781233612173,  9.3154481199515,  0.0            
      2360,  10.670491887516,  11.374689622507,  0.0            
      2361,  6.3941528914155,  15.612957141264,  0.0            
      2362,  8.3290026278068,  13.780159445815,  0.0            
      2363,  8.56836209017  ,  13.535026566024,  0.0            
      2364,  6.116218380607 ,  15.99054188367 ,  0.0            
      2365,  14.216936130352,  7.8883085123588,  0.0            
      2366,  13.202800145222,  8.9360201672124,  0.0            
      2367,  8.1069263676563,  14.014244035056,  0.0            
      2368,  7.0563620404823,  15.017173904383,  0.0            
      2369,  4.7119093035174,  17.402369725179,  0.0            
      2370,  8.8222323236519,  13.235192953946,  0.0            
      2371,  9.5202960405628,  12.588060063006,  0.0            
      2372,  10.9346805397  ,  11.185515703176,  0.0            
      2373,  14.412040162413,  7.7179977440985,  0.0            
      2374,  10.287143200194,  11.716129422156,  0.0            
      2375,  7.9029453261516,  14.250252598664,  0.0            
      2376,  5.9479540644353,  16.241680428   ,  0.0            
      2377,  5.4063331108531,  16.743679653171,  0.0            
      2378,  4.5426656111658,  17.605686331093,  0.0            
      2379,  12.055974492015,  10.087453854843,  0.0            
      2380,  7.3838239917687,  14.798883366368,  0.0            
      2381,  14.607543502457,  7.5465634082672,  0.0            
      2382,  11.190426636338,  10.999288770487,  0.0            
      2383,  10.008389148356,  12.126019709694,  0.0            
      2384,  4.372296570546 ,  17.805026778064,  0.0            
      2385,  14.80353909548 ,  7.3738823742043,  0.0            
      2386,  7.7190121030353,  14.494039441511,  0.0            
      2387,  13.417774252253,  8.7628257009644,  0.0            
      2388,  6.5767808348604,  15.556717253087,  0.0            
      2389,  11.755419688696,  10.454201154047,  0.0            
      2390,  11.44715169093 ,  10.823208178055,  0.0            
      2391,  6.9036695279054,  15.2708151786  ,  0.0            
      2392,  9.2845406151986,  12.843992776577,  0.0            
      2393,  5.2425554125736,  16.968576143954,  0.0            
      2394,  13.626148396383,  8.5936803363864,  0.0            
      2395,  12.29459741587 ,  9.9142276628907,  0.0            
      2396,  5.7728005379212,  16.485254080343,  0.0            
      2397,  7.5685172318585,  14.744913297484,  0.0            
      2398,  13.827029418466,  8.4247127191503,  0.0            
      2399,  6.4463814754825,  15.771888593905,  0.0            
      2400,  7.2466646332276,  15.035372123689,  0.0            
      2401,  5.0775048008117,  17.185575872538,  0.0            
      2402,  12.971704209603,  9.3310987100702,  0.0            
      2403,  12.528328589295,  9.729070493111 ,  0.0            
      2404,  10.252607868961,  11.925589499507,  0.0            
      2405,  9.7379881526074,  12.567915056716,  0.0            
      2406,  14.023370762104,  8.2558223188628,  0.0            
      2407,  6.7593185909639,  15.518546701152,  0.0            
      2408,  12.755107546767,  9.5301894654932,  0.0            
      2409,  10.470312702797,  11.753573737282,  0.0            
      2410,  12.0110157945  ,  10.286749647454,  0.0            
      2411,  13.185036638211,  9.1427431459863,  0.0            
      2412,  14.218224334669,  8.0861441489005,  0.0            
      2413,  4.9106387451682,  17.396131627689,  0.0            
      2414,  6.3366124792511,  15.946143496561,  0.0            
      2415,  8.568341654023 ,  13.749175217553,  0.0            
      2416,  5.6037816828184,  16.723456954917,  0.0            
      2417,  9.9843502653858,  12.341967126276,  0.0            
      2418,  10.64097038349 ,  11.614528252658,  0.0            
      2419,  8.3391995690914,  13.991122526366,  0.0            
      2420,  8.8157585348493,  13.481326318615,  0.0            
      2421,  14.413057833942,  7.9160988333881,  0.0            
      2422,  9.4978933670008,  12.805641138256,  0.0            
      2423,  11.706495716921,  10.653599213462,  0.0            
      2424,  9.2770245362773,  13.026145342166,  0.0            
      2425,  10.907655154706,  11.41032316772 ,  0.0            
      2426,  13.401537211634,  8.9658197079814,  0.0            
      2427,  4.7420725110587,  17.601617588469,  0.0            
      2428,  8.1284496625673,  14.225978661529,  0.0            
      2429,  9.0889168703094,  13.203366490924,  0.0            
      2430,  6.1620649874008,  16.211312581302,  0.0            
      2431,  14.608229961562,  7.7452013898128,  0.0            
      2432,  7.0899596487209,  15.243378298022,  0.0            
      2433,  6.6064428383698,  15.755841167906,  0.0            
      2434,  11.162343547085,  11.216431135331,  0.0            
      2435,  4.5719585730234,  17.802842631646,  0.0            
      2436,  12.25665844677 ,  10.115397941536,  0.0            
      2437,  14.803879127765,  7.5731891927672,  0.0            
      2438,  7.9368741913877,  14.462210264934,  0.0            
      2439,  7.4360448254285,  14.999030190616,  0.0            
      2440,  5.4393519956998,  16.953675345028,  0.0            
      2441,  5.9793350137864,  16.458996483302,  0.0            
      2442,  11.413161681131,  11.031904982152,  0.0            
      2443,  10.232573496784,  12.133034759518,  0.0            
      2444,  10.473827194526,  11.928646857071,  0.0            
      2445,  13.61625309221 ,  8.7940710293902,  0.0            
      2446,  6.9447781828621,  15.482618104645,  0.0            
      2447,  7.7692776577108,  14.703794607558,  0.0            
      2448,  11.963817106202,  10.486848185257,  0.0            
      2449,  12.494328402348,  9.9345678781297,  0.0            
      2450,  5.2753169256428,  17.175279899394,  0.0            
      2451,  13.823745803288,  8.6249403607634,  0.0            
      2452,  11.665350493687,  10.857847590543,  0.0            
      2453,  9.7068166173903,  12.789252592656,  0.0            
      2454,  9.4512428628588,  13.027350961616,  0.0            
      2455,  12.947419844294,  9.5454867329192,  0.0            
      2456,  12.725039824937,  9.7427562369354,  0.0            
      2457,  14.023448168177,  8.4551610401316,  0.0            
      2458,  5.8025783501222,  16.701459289937,  0.0            
      2459,  13.164062082806,  9.353941947898 ,  0.0            
      2460,  5.1092806560569,  17.389366292759,  0.0            
      2461,  9.955829706187 ,  12.559101832876,  0.0            
      2462,  14.219201523827,  8.2849544241499,  0.0            
      2463,  7.2829565547304,  15.229116586582,  0.0            
      2464,  6.7901023618868,  15.721804065601,  0.0            
      2465,  7.623728128937 ,  14.951402478816,  0.0            
      2466,  6.582700534749 ,  15.954918935463,  0.0            
      2467,  12.214902817402,  10.31647029689 ,  0.0            
      2468,  14.414016293769,  8.1144274944907,  0.0            
      2469,  13.381167291117,  9.1713639265628,  0.0            
      2470,  8.5719122710184,  13.965479218733,  0.0            
      2471,  8.8070173988334,  13.713764152274,  0.0            
      2472,  4.9413371301941,  17.597486370186,  0.0            
      2473,  10.206511918663,  12.343307206922,  0.0            
      2474,  8.3555236695983,  14.204035190918,  0.0            
      2475,  10.688150287258,  11.876166982691,  0.0            
      2476,  14.608921694085,  7.9438768346488,  0.0            
      2477,  9.0588894281367,  13.454389756722,  0.0            
      2478,  6.3791703851208,  16.178556290759,  0.0            
      2479,  10.89112942344 ,  11.639186382142,  0.0            
      2480,  5.636819478663 ,  16.936808593302,  0.0            
      2481,  4.7716490894829,  17.800824802485,  0.0            
      2482,  14.804227836123,  7.7724975034549,  0.0            
      2483,  13.599238293122,  8.9971052651759,  0.0            
      2484,  11.919569435115,  10.688206770704,  0.0            
      2485,  11.14027902223 ,  11.437302227887,  0.0            
      2486,  8.1575151774289,  14.438610436406,  0.0            
      2487,  9.3486777534451,  13.244091883372,  0.0            
      2488,  10.455942579367,  12.131023087837,  0.0            
      2489,  7.1338767032113,  15.453360295904,  0.0            
      2490,  12.457769714177,  10.139614648579,  0.0            
      2491,  6.1934888889601,  16.433107584627,  0.0            
      2492,  11.388104088032,  11.246860932526,  0.0            
      2493,  5.4732344881634,  17.163531472677,  0.0            
      2494,  7.9793591957539,  14.67435408513 ,  0.0            
      2495,  9.6581023173946,  13.011857795157,  0.0            
      2496,  13.814342243892,  8.8261847876116,  0.0            
      2497,  7.477096421083 ,  15.197664889178,  0.0            
      2498,  12.692814525898,  9.9529805091672,  0.0            
      2499,  6.0038288817347,  16.678270409402,  0.0            
      2500,  11.63456911359 ,  11.066237784168,  0.0            
      2501,  12.919598072206,  9.7599259978322,  0.0            
      2502,  6.9821930708775,  15.687000042614,  0.0            
      2503,  14.020606282731,  8.6566608190292,  0.0            
      2504,  12.171867991746,  10.518901061023,  0.0            
      2505,  9.9208743128349,  12.777454245157,  0.0            
      2506,  5.3082509014214,  17.38171811752 ,  0.0            
      2507,  13.139948560947,  9.5668978530441,  0.0            
      2508,  14.219149563626,  8.4851710180231,  0.0            
      2509,  7.8207059793211,  14.914210080141,  0.0            
      2510,  11.882338881183,  10.894072623804,  0.0            
      2511,  10.175624582813,  12.556312143338,  0.0            
      2512,  13.358105707574,  9.3810595679054,  0.0            
      2513,  14.414649557781,  8.3134252141788,  0.0            
      2514,  5.1407390776397,  17.592982128285,  0.0            
      2515,  6.8025285152649,  15.919337891008,  0.0            
      2516,  5.8346345231432,  16.917850656289,  0.0            
      2517,  8.8040896294821,  13.938347903073,  0.0            
      2518,  8.5828450253753,  14.181352470905,  0.0            
      2519,  14.609561564581,  8.1426133102037,  0.0            
      2520,  7.3277114449821,  15.428314537777,  0.0            
      2521,  9.0426406327822,  13.689090754995,  0.0            
      2522,  12.418935783357,  10.343881535088,  0.0            
      2523,  6.6011912032407,  16.143236372328,  0.0            
      2524,  13.576937974185,  9.2023117906339,  0.0            
      2525,  4.9713498798114,  17.798757037877,  0.0            
      2526,  10.42905307609 ,  12.341737288952,  0.0            
      2527,  10.675284120032,  12.111836395602,  0.0            
      2528,  7.6719218006581,  15.158177758346,  0.0            
      2529,  14.804581398976,  7.9718005127411,  0.0            
      2530,  9.3002598088157,  13.456277240491,  0.0            
      2531,  10.897731765638,  11.872470734936,  0.0            
      2532,  8.3799614943489,  14.417584819954,  0.0            
      2533,  11.124588525287,  11.66185509709 ,  0.0            
      2534,  6.4217666454455,  16.409250651068,  0.0            
      2535,  13.796721004557,  9.0297469100982,  0.0            
      2536,  5.6718375426342,  17.149987706254,  0.0            
      2537,  12.65842850782 ,  10.16203324459 ,  0.0            
      2538,  9.5906780359036,  13.231714519952,  0.0            
      2539,  12.131574138316,  10.722769716987,  0.0            
      2540,  11.368255204739,  11.46485485565 ,  0.0            
      2541,  7.1768977330394,  15.656418970255,  0.0            
      2542,  8.1945871422042,  14.65156791786 ,  0.0            
      2543,  6.2057167845315,  16.6562659248  ,  0.0            
      2544,  9.8755805700124,  12.99660385847 ,  0.0            
      2545,  11.611933137984,  11.279959979991,  0.0            
      2546,  14.01208654956 ,  8.8593926263855,  0.0            
      2547,  12.889719337302,  9.9727419514625,  0.0            
      2548,  5.5077797156569,  17.372972612126,  0.0            
      2549,  13.113547012685,  9.7814038321057,  0.0            
      2550,  10.139666866645,  12.770776643245,  0.0            
      2551,  8.0263227307505,  14.886427955027,  0.0            
      2552,  14.216727201436,  8.6882132534759,  0.0            
      2553,  7.5231164713547,  15.397576263743,  0.0            
      2554,  7.0124292485895,  15.884544013107,  0.0            
      2555,  13.333402812117,  9.5929034909037,  0.0            
      2556,  12.379429516162,  10.549366312138,  0.0            
      2557,  6.0334881348946,  16.896933602537,  0.0            
      2558,  5.3407905629604,  17.587858642891,  0.0            
      2559,  11.854555809832,  11.103542001889,  0.0            
      2560,  14.414326894779,  8.513566787381 ,  0.0            
      2561,  10.397405501038,  12.554679623868,  0.0            
      2562,  14.609942011317,  8.341489652032 ,  0.0            
      2563,  13.552117884909,  9.411479051576 ,  0.0            
      2564,  8.8098369114557,  14.158016077011,  0.0            
      2565,  9.0346509833269,  13.915241954551,  0.0            
      2566,  6.828947336102 ,  16.107221920444,  0.0            
      2567,  5.1712496923462,  17.796474943083,  0.0            
      2568,  12.097612644005,  10.931208367496,  0.0            
      2569,  7.8703425982988,  15.124429968409,  0.0            
      2570,  9.2777465007172,  13.676377110907,  0.0            
      2571,  14.804910816971,  8.1710795347481,  0.0            
      2572,  12.622492963427,  10.36973325501 ,  0.0            
      2573,  8.6029326855033,  14.396537743433,  0.0            
      2574,  5.8706726451087,  17.133663980214,  0.0            
      2575,  6.6545552752878,  16.324343034932,  0.0            
      2576,  13.772170413635,  9.2353175936855,  0.0            
      2577,  10.649489874694,  12.335644854213,  0.0            
      2578,  7.3738247301036,  15.628279796547,  0.0            
      2579,  10.88882296876 ,  12.107996566686,  0.0            
      2580,  9.5412764926565,  13.447204252098,  0.0            
      2581,  11.115340143757,  11.889289968295,  0.0            
      2582,  8.412782893616 ,  14.63105841287 ,  0.0            
      2583,  9.8223388216873,  13.214608080859,  0.0            
      2584,  7.7201595055381,  15.36364598842 ,  0.0            
      2585,  13.993741800792,  9.0639214251738,  0.0            
      2586,  11.350828602237,  11.686005278585,  0.0            
      2587,  12.858010129881,  10.184723449566,  0.0            
      2588,  6.4028581460943,  16.653024765612,  0.0            
      2589,  5.7085182567776,  17.362607563115,  0.0            
      2590,  6.594783375989 ,  16.534545590335,  0.0            
      2591,  10.096996062696,  12.985812083014,  0.0            
      2592,  7.2168675386078,  15.854678951646,  0.0            
      2593,  12.342453185214,  10.75625573915 ,  0.0            
      2594,  11.593398344548,  11.495744309006,  0.0            
      2595,  13.085685098542,  9.995313898536 ,  0.0            
      2596,  8.2374649237879,  14.864174140036,  0.0            
      2597,  14.210208932689,  8.894221466229 ,  0.0            
      2598,  13.307549314732,  9.807029083596 ,  0.0            
      2599,  6.2324386646742,  16.877760045883,  0.0            
      2600,  5.5420064421546,  17.581949109758,  0.0            
      2601,  10.362078375556,  12.767481458405,  0.0            
      2602,  14.411973909998,  8.7163117976933,  0.0            
      2603,  7.0480780410853,  16.075773229714,  0.0            
      2604,  13.526643978648,  9.6229290703237,  0.0            
      2605,  11.834159125652,  11.317807829198,  0.0            
      2606,  14.609595313888,  8.5404552890343,  0.0            
      2607,  12.586177819755,  10.578321626822,  0.0            
      2608,  9.0358337895141,  14.136092178348,  0.0            
      2609,  7.5708904703412,  15.598758756055,  0.0            
      2610,  5.3717615944813,  17.79382383514 ,  0.0            
      2611,  8.0747155524356,  15.09807531711 ,  0.0            
      2612,  9.2643438118211,  13.897162542627,  0.0            
      2613,  10.619038863718,  12.554149944424,  0.0            
      2614,  14.805116231185,  8.3702464013826,  0.0            
      2615,  6.0705066577264,  17.113262825666,  0.0            
      2616,  6.8795413478968,  16.289470522239,  0.0            
      2617,  13.745417407699,  9.4449635005922,  0.0            
      2618,  12.072246221875,  11.143354391256,  0.0            
      2619,  9.5109145681836,  13.662902724894,  0.0            
      2620,  8.8258577032993,  14.375099584231,  0.0            
      2621,  12.825126504946,  10.395268742878,  0.0            
      2622,  6.7566366410923,  16.498044247463,  0.0            
      2623,  12.311149722102,  10.967734594749,  0.0            
      2624,  9.7755116393522,  13.43092955393 ,  0.0            
      2625,  10.866000150119,  12.33655698945 ,  0.0            
      2626,  13.9647482069  ,  9.2702864535617,  0.0            
      2627,  7.9196877485152,  15.333506637056,  0.0            
      2628,  11.100578887065,  12.118411351867,  0.0            
      2629,  8.6321247146262,  14.610760583057,  0.0            
      2630,  6.607561052211 ,  16.692991506938,  0.0            
      2631,  5.9098447472253,  17.348585915485,  0.0            
      2632,  7.4190766364364,  15.827359281629,  0.0            
      2633,  10.04865060878 ,  13.200868845648,  0.0            
      2634,  11.333310595825,  11.908814572369,  0.0            
      2635,  13.056541574444,  10.209061905202,  0.0            
      2636,  14.192768535657,  9.1016651404822,  0.0            
      2637,  11.574368095156,  11.713382514898,  0.0            
      2638,  10.321454681843,  12.979442269305,  0.0            
      2639,  8.4521947289394,  14.843909287008,  0.0            
      2640,  13.281089059957,  10.021341482687,  0.0            
      2641,  7.7692903191975,  15.568683392334,  0.0            
      2642,  6.4343809382159,  16.870108372284,  0.0            
      2643,  5.7454653662459,  17.574725464101,  0.0            
      2644,  7.2589059995524,  16.049276976571,  0.0            
      2645,  12.552065435417,  10.788042722066,  0.0            
      2646,  14.407112954368,  8.9242481159404,  0.0            
      2647,  13.500974632455,  9.8368971766089,  0.0            
      2648,  10.585983877277,  12.768663441737,  0.0            
      2649,  14.607907256818,  8.7392735010252,  0.0            
      2650,  11.817215777343,  11.533311957715,  0.0            
      2651,  5.573496945862 ,  17.790671508976,  0.0            
      2652,  8.2834676281196,  15.076236411971,  0.0            
      2653,  9.2610162657828,  14.116343502544,  0.0            
      2654,  6.2717194491788,  17.091278735458,  0.0            
      2655,  7.0963848904454,  16.26347728775 ,  0.0            
      2656,  13.719161861711,  9.6569014797487,  0.0            
      2657,  14.804983835316,  8.569042597534 ,  0.0            
      2658,  9.4921186041027,  13.880378389001,  0.0            
      2659,  12.791956417807,  10.606404503557,  0.0            
      2660,  9.0481676328895,  14.3540399906  ,  0.0            
      2661,  9.7406758091367,  13.647083115384,  0.0            
      2662,  10.838267397836,  12.559705021366,  0.0            
      2663,  12.053641265706,  11.360647922147,  0.0            
      2664,  6.9502348653016,  16.472526398403,  0.0            
      2665,  7.6188174184906,  15.800216490651,  0.0            
      2666,  13.93535946766 ,  9.48136239302  ,  0.0            
      2667,  8.123579815158 ,  15.308648319705,  0.0            
      2668,  10.001812121636,  13.416204038566,  0.0            
      2669,  6.1119087290097,  17.326497988938,  0.0            
      2670,  8.8518587920488,  14.590213035921,  0.0            
      2671,  6.8112088310199,  16.6835522975  ,  0.0            
      2672,  13.026649284393,  10.421623918338,  0.0            
      2673,  12.287577621017,  11.183279584146,  0.0            
      2674,  11.07878169874 ,  12.34591650377 ,  0.0            
      2675,  14.15324883188 ,  9.3087247733042,  0.0            
      2676,  10.273390329201,  13.19113180768 ,  0.0            
      2677,  11.312135837172,  12.133674979502,  0.0            
      2678,  12.522861927466,  11.002016526361,  0.0            
      2679,  13.254151369373,  10.236050460519,  0.0            
      2680,  11.550295614659,  11.93127943181 ,  0.0            
      2681,  8.6684886560705,  14.823980108296,  0.0            
      2682,  7.4650957060573,  16.025102471135,  0.0            
      2683,  7.9692813280805,  15.54154999305 ,  0.0            
      2684,  5.9511855552333,  17.563766914553,  0.0            
      2685,  6.6424270200672,  16.875925584921,  0.0            
      2686,  14.398307434968,  9.1441884960211,  0.0            
      2687,  10.548292291591,  12.979181028645,  0.0            
      2688,  13.475574022131,  10.051419087761,  0.0            
      2689,  11.798174705059,  11.748458338943,  0.0            
      2690,  14.605079784047,  8.936540159166 ,  0.0            
      2691,  5.7778766038286,  17.786605903136,  0.0            
      2692,  8.4956033624332,  15.056098985579,  0.0            
      2693,  7.3068650643839,  16.241867786606,  0.0            
      2694,  9.4847368573293,  14.097951296227,  0.0            
      2695,  6.4771468166608,  17.075277372922,  0.0            
      2696,  13.693614625126,  9.8711705647866,  0.0            
      2697,  12.760576960481,  10.818252158982,  0.0            
      2698,  7.818593837952 ,  15.773338315307,  0.0            
      2699,  14.804308545507,  8.7667529822292,  0.0            
      2700,  9.717486313629 ,  13.863776112873,  0.0            
      2701,  10.808366941186,  12.77854344929 ,  0.0            
      2702,  9.2698624616301,  14.333891831766,  0.0            
      2703,  7.1543674991636,  16.451866237488,  0.0            
      2704,  9.9642098874244,  13.632180034005,  0.0            
      2705,  13.908867938049,  9.6946669697774,  0.0            
      2706,  8.3307438864999,  15.287275425929,  0.0            
      2707,  12.996598516637,  10.634549936333,  0.0            
      2708,  6.3157455209193,  17.29667201456 ,  0.0            
      2709,  12.038204502879,  11.579994920521,  0.0            
      2710,  9.0712965206837,  14.569727830321,  0.0            
      2711,  7.008422513859 ,  16.66093188469 ,  0.0            
      2712,  10.222355934353,  13.40437276635 ,  0.0            
      2713,  11.053371292724,  12.571231553769,  0.0            
      2714,  14.120548707061,  9.5233126241909,  0.0            
      2715,  7.6670811047464,  16.001239625316,  0.0            
      2716,  13.227074158652,  10.449900650732,  0.0            
      2717,  12.270073057298,  11.404834374713,  0.0            
      2718,  10.498172847467,  13.186730059722,  0.0            
      2719,  11.288912287212,  12.358886089522,  0.0            
      2720,  8.1726184990082,  15.518142897476,  0.0            
      2721,  6.1574393607372,  17.539754963561,  0.0            
      2722,  8.8855599042236,  14.803920765894,  0.0            
      2723,  6.8514016148057,  16.867496850515,  0.0            
      2724,  14.327357459768,  9.3640757234668,  0.0            
      2725,  11.520750498965,  12.151383055002,  0.0            
      2726,  12.500422566178,  11.219959103521,  0.0            
      2727,  13.450604381454,  10.266602575622,  0.0            
      2728,  12.733282852686,  11.033635000879,  0.0            
      2729,  11.767948985122,  11.960466460368,  0.0            
      2730,  14.615268303426,  9.1265581830415,  0.0            
      2731,  7.5135864380776,  16.221888354946,  0.0            
      2732,  5.9870542904909,  17.779715574166,  0.0            
      2733,  8.7093172321519,  15.036356878354,  0.0            
      2734,  13.669163881173,  10.085871846406,  0.0            
      2735,  6.6867554431493,  17.066151074891,  0.0            
      2736,  8.0188592188717,  15.748592964508,  0.0            
      2737,  9.7069749003222,  14.080462564822,  0.0            
      2738,  10.776233509172,  12.993181111411,  0.0            
      2739,  14.51961162289 ,  9.3098046970997,  0.0            
      2740,  14.804461073126,  8.9623615275684,  0.0            
      2741,  9.9388836244537,  13.848223387619,  0.0            
      2742,  7.3596980838166,  16.434672988224,  0.0            
      2743,  9.4906062453708,  14.314700701863,  0.0            
      2744,  13.884153539574,  9.9095393969219,  0.0            
      2745,  12.022035019222,  11.799514408923,  0.0            
      2746,  12.967931953786,  10.847744839961,  0.0            
      2747,  8.5407996945864,  15.267292077514,  0.0            
      2748,  10.182260550329,  13.61922383131 ,  0.0            
      2749,  6.524580306639 ,  17.272332361861,  0.0            
      2750,  11.026067160972,  12.79542103928 ,  0.0            
      2751,  7.8679006798491,  15.977390957219,  0.0            
      2752,  7.2099603407361,  16.643080717042,  0.0            
      2753,  9.2903561660778,  14.549645269594,  0.0            
      2754,  14.095420767699,  9.7379012570228,  0.0            
      2755,  10.435406827273,  13.396298916215,  0.0            
      2756,  13.200105213554,  10.663925254687,  0.0            
      2757,  6.3632376088262,  17.493873935652,  0.0            
      2758,  11.264988503021,  12.583681750297,  0.0            
      2759,  8.3783955333158,  15.497302343885,  0.0            
      2760,  9.1025841608092,  14.783847054232,  0.0            
      2761,  7.0569539810947,  16.850568400911,  0.0            
      2762,  14.299085954686,  9.5789019906544,  0.0            
      2763,  13.426224740339,  10.48111683574 ,  0.0            
      2764,  11.494488660729,  12.373654969511,  0.0            
      2765,  12.255365881432,  11.631035113251,  0.0            
      2766,  11.724074712034,  12.17359442041 ,  0.0            
      2767,  14.492998903482,  9.4640690273379,  0.0            
      2768,  7.716245036271 ,  16.201652741395,  0.0            
      2769,  14.663091937365,  9.3236695593541,  0.0            
      2770,  10.727839404249,  13.195290621432,  0.0            
      2771,  6.2050558068068,  17.759216229437,  0.0            
      2772,  8.9239865638912,  15.016585685947,  0.0            
      2773,  13.646061484925,  10.301166892082,  0.0            
      2774,  12.48332437029 ,  11.443730073356,  0.0            
      2775,  6.8975833584184,  17.054568161256,  0.0            
      2776,  8.2214857684116,  15.726381754072,  0.0            
      2777,  12.711744279886,  11.252362741808,  0.0            
      2778,  9.9270424659038,  14.063900915167,  0.0            
      2779,  11.989737251986,  12.005538184036,  0.0            
      2780,  14.811710325514,  9.1574632197172,  0.0            
      2781,  12.942492774356,  11.063551058355,  0.0            
      2782,  13.86119528117 ,  10.124250828549,  0.0            
      2783,  7.5643804521135,  16.418557973693,  0.0            
      2784,  10.157035877092,  13.833799275912,  0.0            
      2785,  9.71053497068  ,  14.296361781276,  0.0            
      2786,  8.7522435787991,  15.247713967922,  0.0            
      2787,  6.736641623537 ,  17.256069309318,  0.0            
      2788,  10.996484938474,  13.02239848338 ,  0.0            
      2789,  8.0682010166528,  15.95468364872 ,  0.0            
      2790,  10.393533759029,  13.608635750971,  0.0            
      2791,  14.07268309576 ,  9.9524999664414,  0.0            
      2792,  7.412928136555 ,  16.628798533803,  0.0            
      2793,  9.508804556234 ,  14.530165657213,  0.0            
      2794,  13.17422668603 ,  10.877835426644,  0.0            
      2795,  10.635583714039,  13.3951784532  ,  0.0            
      2796,  6.5778474982134,  17.461987449972,  0.0            
      2797,  8.5865521517995,  15.477540678129,  0.0            
      2798,  11.240031259152,  12.808067604499,  0.0            
      2799,  14.27805026063 ,  9.7898748857201,  0.0            
      2800,  9.3194303875579,  14.763950923222,  0.0            
      2801,  7.2614249209657,  16.835490104019,  0.0            
      2802,  13.402322738824,  10.695612631245,  0.0            
      2803,  7.9172709598721,  16.180647566863,  0.0            
      2804,  11.694474220323,  12.391910500322,  0.0            
      2805,  12.239787472289,  11.864398711965,  0.0            
      2806,  11.471787904847,  12.596120870362,  0.0            
      2807,  14.475113368535,  9.650902448436 ,  0.0            
      2808,  6.4264079906843,  17.671277579765,  0.0            
      2809,  11.914500259751,  12.203292752676,  0.0            
      2810,  8.4258545438756,  15.705995158634,  0.0            
      2811,  13.624323508573,  10.515746167689,  0.0            
      2812,  7.1061051937026,  17.040615906566,  0.0            
      2813,  14.664595731523,  9.5190505789467,  0.0            
      2814,  9.13876234696  ,  14.996818607084,  0.0            
      2815,  10.145598889832,  14.047831116096,  0.0            
      2816,  10.598721394915,  13.601586286637,  0.0            
      2817,  14.82849201805 ,  9.3575110731617,  0.0            
      2818,  7.7663615183062,  16.40163724445 ,  0.0            
      2819,  12.694892549129,  11.47596096778 ,  0.0            
      2820,  13.840303334223,  10.339227741708,  0.0            
      2821,  12.468689426536,  11.671902541868,  0.0            
      2822,  12.921744625631,  11.281840799023,  0.0            
      2823,  10.371748987574,  13.82015214304 ,  0.0            
      2824,  10.803084929308,  13.410859016062,  0.0            
      2825,  9.9293980765078,  14.278693591521,  0.0            
      2826,  8.9646470670922,  15.228180224083,  0.0            
      2827,  6.9488046176818,  17.242817549966,  0.0            
      2828,  10.966198035638,  13.259697568469,  0.0            
      2829,  8.2699205854778,  15.93346750869 ,  0.0            
      2830,  6.3807098318036,  17.866806953426,  0.0            
      2831,  14.05198763008 ,  10.166274006178,  0.0            
      2832,  13.150793763129,  11.093440540158,  0.0            
      2833,  7.6159938849232,  16.615618661096,  0.0            
      2834,  9.7267928292833,  14.511288142788,  0.0            
      2835,  6.7928659906295,  17.444073577914,  0.0            
      2836,  8.7958711614297,  15.458144504011,  0.0            
      2837,  14.258857444461,  10.000994119488,  0.0            
      2838,  11.214527500981,  13.033070583661,  0.0            
      2839,  8.117155340634 ,  16.159646671661,  0.0            
      2840,  9.5358518905764,  14.744409799619,  0.0            
      2841,  7.465070761833 ,  16.823670190628,  0.0            
      2842,  13.379328426997,  10.909675428385,  0.0            
      2843,  11.886961969871,  12.415792701162,  0.0            
      2844,  6.6451530597065,  17.642971257844,  0.0            
      2845,  14.459277888646,  9.8496528340928,  0.0            
      2846,  11.674388504239,  12.610765315011,  0.0            
      2847,  10.806313059047,  13.579767095926,  0.0            
      2848,  12.223042532254,  12.110430518491,  0.0            
      2849,  12.073732905581,  12.246438674701,  0.0            
      2850,  11.449316542846,  12.817849275425,  0.0            
      2851,  8.6321136853629,  15.686426168524,  0.0            
      2852,  13.603478776476,  10.730093900318,  0.0            
      2853,  9.3535049428178,  14.977156586203,  0.0            
      2854,  7.3127869630595,  17.028462197949,  0.0            
      2855,  14.651668971868,  9.7099715169222,  0.0            
      2856,  7.9667643351717,  16.383142837871,  0.0            
      2857,  10.362609816797,  14.03136544194 ,  0.0            
      2858,  6.5385590647522,  17.834132804952,  0.0            
      2859,  10.58552410592 ,  13.804820789899,  0.0            
      2860,  14.831927589346,  9.5582459659155,  0.0            
      2861,  13.821380350708,  10.553267710264,  0.0            
      2862,  7.1586645446584,  17.230963638185,  0.0            
      2863,  9.1772347322758,  15.208685965154,  0.0            
      2864,  10.147623382572,  14.261161369524,  0.0            
      2865,  8.4727680803126,  15.913438950814,  0.0            
      2866,  12.680484842472,  11.702796571141,  0.0            
      2867,  12.904990556117,  11.503884945294,  0.0            
      2868,  14.033753568278,  10.38008444076 ,  0.0            
      2869,  12.454383063868,  11.904871702839,  0.0            
      2870,  7.8170649402445,  16.601376807067,  0.0            
      2871,  13.131011212269,  11.310667702165,  0.0            
      2872,  9.9442241461051,  14.492836613727,  0.0            
      2873,  7.0055085405758,  17.431641232206,  0.0            
      2874,  9.0060674995251,  15.438828209485,  0.0            
      2875,  14.241457194682,  10.211868185577,  0.0            
      2876,  11.008510397385,  13.508163876959,  0.0            
      2877,  8.3176501726745,  16.139150985186,  0.0            
      2878,  13.35809971639 ,  11.124672283773,  0.0            
      2879,  11.19771921161 ,  13.25793992068 ,  0.0            
      2880,  9.751968814318 ,  14.725249051431,  0.0            
      2881,  7.6677350830232,  16.812915566562,  0.0            
      2882,  12.080712811872,  12.425967033037,  0.0            
      2883,  14.444244124547,  10.053994827232,  0.0            
      2884,  6.8583327146138,  17.62898996881 ,  0.0            
      2885,  11.872824293683,  12.62707210929 ,  0.0            
      2886,  8.8393327969894,  15.667177452522,  0.0            
      2887,  11.654483652919,  12.828829120113,  0.0            
      2888,  11.427649505305,  13.038616887352,  0.0            
      2889,  13.58345120445 ,  10.943735631052,  0.0            
      2890,  9.5679404427275,  14.957727392576,  0.0            
      2891,  10.798696424016,  13.778415248468,  0.0            
      2892,  8.1657289982905,  16.363531215329,  0.0            
      2893,  14.640107033121,  9.9060115349456,  0.0            
      2894,  7.5174162630044,  17.01897915681 ,  0.0            
      2895,  6.73027318176  ,  17.820917915077,  0.0            
      2896,  10.579148238625,  14.012379058242,  0.0            
      2897,  14.826659475634,  9.7572631800824,  0.0            
      2898,  13.803662491593,  10.766877733225,  0.0            
      2899,  8.6770408771966,  15.894005072132,  0.0            
      2900,  9.3898831251952,  15.189285493006,  0.0            
      2901,  7.3661354805131,  17.221531254688,  0.0            
      2902,  10.3651107319  ,  14.242959112597,  0.0            
      2903,  14.017834640365,  10.592845426728,  0.0            
      2904,  8.0163951985575,  16.584923819372,  0.0            
      2905,  12.89054096149 ,  11.728320778475,  0.0            
      2906,  10.161362397447,  14.474387221132,  0.0            
      2907,  12.667450966056,  11.93253462073 ,  0.0            
      2908,  13.114474741714,  11.530557485042,  0.0            
      2909,  7.2152261087105,  17.42212608811 ,  0.0            
      2910,  9.2164930986861,  15.419582557538,  0.0            
      2911,  8.5187615550749,  16.11927407771 ,  0.0            
      2912,  14.226477274032,  10.423227985986,  0.0            
      2913,  12.446400262983,  12.14077553148 ,  0.0            
      2914,  13.339555930421,  11.34056252808 ,  0.0            
      2915,  9.9677163701145,  14.706349947647,  0.0            
      2916,  7.8681394398052,  16.800938178412,  0.0            
      2917,  14.43063545466 ,  10.260300320811,  0.0            
      2918,  12.269426977536,  12.380525215461,  0.0            
      2919,  11.206735414163,  13.48442870478 ,  0.0            
      2920,  7.0681189557674,  17.620004496201,  0.0            
      2921,  12.069459056531,  12.63443431165 ,  0.0            
      2922,  9.0473272092248,  15.64803585003 ,  0.0            
      2923,  11.00805116251 ,  13.737720384395,  0.0            
      2924,  11.854339985288,  12.841469387084,  0.0            
      2925,  13.5646340124  ,  11.157784025566,  0.0            
      2926,  8.3646204952651,  16.343458980514,  0.0            
      2927,  11.634534012592,  13.046150438283,  0.0            
      2928,  9.7821544817777,  14.938553179165,  0.0            
      2929,  14.629358139587,  10.106536572806,  0.0            
      2930,  11.412468328038,  13.259343845457,  0.0            
      2931,  7.7199593633824,  17.010404555037,  0.0            
      2932,  6.9315605718475,  17.813921664954,  0.0            
      2933,  10.794569002203,  13.98753585212 ,  0.0            
      2934,  14.820409615195,  9.9557723885061,  0.0            
      2935,  13.786681133122,  10.979566408706,  0.0            
      2936,  8.8821014863457,  15.874855441234,  0.0            
      2937,  9.6023228389177,  15.170074271066,  0.0            
      2938,  10.58228451853 ,  14.22287951157 ,  0.0            
      2939,  7.5710511581254,  17.214414445304,  0.0            
      2940,  8.2139953660518,  16.56630462612 ,  0.0            
      2941,  14.003275763066,  10.805119847128,  0.0            
      2942,  10.378134238884,  14.455386192906,  0.0            
      2943,  9.4270490337893,  15.400456018646,  0.0            
      2944,  8.7208718914751,  16.099819780254,  0.0            
      2945,  7.4221603065297,  17.415212553613,  0.0            
      2946,  12.877217064323,  11.954976757779,  0.0            
      2947,  13.099882251524,  11.752093413677,  0.0            
      2948,  14.213791487192,  10.633837283129,  0.0            
      2949,  12.658187105779,  12.164331971607,  0.0            
      2950,  10.183302148614,  14.687436244644,  0.0            
      2951,  13.323506085599,  11.558160028664,  0.0            
      2952,  8.0661824654232,  16.786203081486,  0.0            
      2953,  14.419174529249,  10.468119404098,  0.0            
      2954,  12.45645601064 ,  12.38211530934 ,  0.0            
      2955,  7.2754864096939,  17.613638429314,  0.0            
      2956,  9.2556004039429,  15.629004087535,  0.0            
      2957,  12.261913861968,  12.624804867166,  0.0            
      2958,  8.5637238654797,  16.323466077792,  0.0            
      2959,  12.050781179391,  12.85255442191 ,  0.0            
      2960,  13.547673213424,  11.372225519362,  0.0            
      2961,  9.9960792881425,  14.919556466338,  0.0            
      2962,  11.834517741818,  13.05674149558 ,  0.0            
      2963,  11.212681403769,  13.713723463493,  0.0            
      2964,  14.619879257868,  10.309152234282,  0.0            
      2965,  11.61774540583 ,  13.263414212005,  0.0            
      2966,  7.9196649336574,  17.000495092566,  0.0            
      2967,  11.409661262938,  13.481595066596,  0.0            
      2968,  7.1347997676272,  17.809389732846,  0.0            
      2969,  11.007699369931,  13.958837761376,  0.0            
      2970,  9.0878438478003,  15.855847994256,  0.0            
      2971,  13.770457933034,  11.192370607091,  0.0            
      2972,  14.814661610144,  10.155599861048,  0.0            
      2973,  8.4108793896393,  16.546224857249,  0.0            
      2974,  9.8146122671954,  15.151068393469,  0.0            
      2975,  10.798645405589,  14.200127036839,  0.0            
      2976,  7.7731839816313,  17.208010826898,  0.0            
      2977,  13.989342691994,  11.016383706777,  0.0            
      2978,  10.594806236584,  14.435256039365,  0.0            
      2979,  8.9236348450815,  16.080652843963,  0.0            
      2980,  9.6375026951991,  15.381537316001,  0.0            
      2981,  7.6265288621786,  17.410270056086,  0.0            
      2982,  8.2619831328698,  16.76819828602 ,  0.0            
      2983,  14.202409282661,  10.844160690637,  0.0            
      2984,  13.085813852014,  11.975082536505,  0.0            
      2985,  12.864857584108,  12.183118380596,  0.0            
      2986,  10.398715251395,  14.668195709676,  0.0            
      2987,  13.308996289231,  11.776668523293,  0.0            
      2988,  8.7634650954243,  16.30380733512 ,  0.0            
      2989,  9.4640777618873,  15.610150929534,  0.0            
      2990,  12.65308614296 ,  12.399181854892,  0.0            
      2991,  14.409742334603,  10.675837556453,  0.0            
      2992,  7.4805548377241,  17.609327253736,  0.0            
      2993,  12.450766435652,  12.626505808299,  0.0            
      2994,  12.242235700526,  12.859192262701,  0.0            
      2995,  10.209915943798,  14.900557250882,  0.0            
      2996,  13.53254434538 ,  11.587773946493,  0.0            
      2997,  12.029857973287,  13.072655719923,  0.0            
      2998,  14.612114424484,  10.513490018576,  0.0            
      2999,  11.815806949061,  13.270578916867,  0.0            
      3000,  8.1161637973178,  16.9873956568  ,  0.0            
      3001,  11.608263049367,  13.481704400734,  0.0            
      3002,  11.415399066436,  13.705056221838,  0.0            
      3003,  9.2939390652008,  15.837004315751,  0.0            
      3004,  7.338013803344 ,  17.806290594589,  0.0            
      3005,  8.6076769811052,  16.525681262966,  0.0            
      3006,  11.218708796501,  13.937710688201,  0.0            
      3007,  13.755409050004,  11.405330341028,  0.0            
      3008,  14.809692494944,  10.356257623742,  0.0            
      3009,  10.026680534849,  15.132207799769,  0.0            
      3010,  11.014253621917,  14.176720221395,  0.0            
      3011,  7.9720342146197,  17.200257131536,  0.0            
      3012,  13.975794884428,  11.227651346395,  0.0            
      3013,  9.127007596361 ,  16.061694577167,  0.0            
      3014,  9.8478861568864,  15.362839522926,  0.0            
      3015,  10.811219632284,  14.414012154   ,  0.0            
      3016,  8.4563747804106,  16.747444257895,  0.0            
      3017,  7.8280164735295,  17.405906757861,  0.0            
      3018,  14.191500273493,  11.053580844032,  0.0            
      3019,  10.614292792342,  14.648387146668,  0.0            
      3020,  8.9637764990272,  16.284550005322,  0.0            
      3021,  13.070662168024,  12.198835408492,  0.0            
      3022,  13.294569919936,  11.995667225466,  0.0            
      3023,  9.6725843733959,  15.591581252925,  0.0            
      3024,  12.851815448369,  12.412824247804,  0.0            
      3025,  14.401425346801,  10.883671053012,  0.0            
      3026,  12.640951543593,  12.635770505801,  0.0            
      3027,  7.6837384504785,  17.606423028909,  0.0            
      3028,  8.3096453747555,  16.969810036818,  0.0            
      3029,  12.431280534819,  12.865493520095,  0.0            
      3030,  10.423703157484,  14.881380473135,  0.0            
      3031,  12.21907727203 ,  13.09123234745 ,  0.0            
      3032,  13.51866877443 ,  11.803783177587,  0.0            
      3033,  12.009140179004,  13.290220363826,  0.0            
      3034,  8.8048726666865,  16.505538554254,  0.0            
      3035,  14.605887238575,  10.718160010898,  0.0            
      3036,  11.799064664402,  13.481134564327,  0.0            
      3037,  9.5003361756815,  15.818429566425,  0.0            
      3038,  11.614891612025,  13.701263169357,  0.0            
      3039,  7.5403597395816,  17.804291733274,  0.0            
      3040,  11.43009428526 ,  13.925632696191,  0.0            
      3041,  10.238719439397,  15.113360504875,  0.0            
      3042,  13.741616448878,  11.61931684356 ,  0.0            
      3043,  14.8057201503  ,  10.557913102146,  0.0            
      3044,  11.229823999202,  14.157299079436,  0.0            
      3045,  8.1668290362393,  17.189111149204,  0.0            
      3046,  8.6505107447749,  16.725532287471,  0.0            
      3047,  9.3308448486675,  16.042981743843,  0.0            
      3048,  13.962863956688,  11.439005574611,  0.0            
      3049,  10.058129253057,  15.344294616473,  0.0            
      3050,  11.027985973256,  14.392979054893,  0.0            
      3051,  14.180696734438,  11.263002298369,  0.0            
      3052,  8.0263101346223,  17.40039994532 ,  0.0            
      3053,  9.1646506123693,  16.265652101722,  0.0            
      3054,  10.830102049606,  14.628183159709,  0.0            
      3055,  9.881119172993 ,  15.573312498906,  0.0            
      3056,  8.5008644460499,  16.947511908894,  0.0            
      3057,  13.277557935656,  12.214366353897,  0.0            
      3058,  13.052022878345,  12.423354005547,  0.0            
      3059,  12.83414996808 ,  12.643764054359,  0.0            
      3060,  14.3934257708  ,  11.090894382312,  0.0            
      3061,  12.620627460513,  12.870661834818,  0.0            
      3062,  7.8847547513574,  17.603916154271,  0.0            
      3063,  10.63787694162 ,  14.861908962586,  0.0            
      3064,  9.0026368293474,  16.486114660254,  0.0            
      3065,  12.406986304694,  13.101713704605,  0.0            
      3066,  13.504938400293,  12.019617482916,  0.0            
      3067,  12.194500917832,  13.324151720829,  0.0            
      3068,  9.706935693107 ,  15.800263207799,  0.0            
      3069,  14.600477540723,  10.923250635503,  0.0            
      3070,  11.988890866734,  13.497900218682,  0.0            
      3071,  11.80305061195 ,  13.695355840059,  0.0            
      3072,  11.644405521059,  13.916719562504,  0.0            
      3073,  7.7419519055462,  17.803020998485,  0.0            
      3074,  10.450790073318,  15.094418166305,  0.0            
      3075,  8.3574776102937,  17.172164128075,  0.0            
      3076,  13.728842656231,  11.834068104885,  0.0            
      3077,  14.80259685432 ,  10.759908196188,  0.0            
      3078,  8.8450574024026,  16.704473703478,  0.0            
      3079,  11.447782880663,  14.142635972952,  0.0            
      3080,  9.5351213766148,  16.024669201463,  0.0            
      3081,  10.268386282034,  15.325773119818,  0.0            
      3082,  13.950662490572,  11.6515797838  ,  0.0            
      3083,  11.245746894451,  14.374183485706,  0.0            
      3084,  9.3661317147202,  16.247122581627,  0.0            
      3085,  8.6918059521853,  16.922833348734,  0.0            
      3086,  8.2201989864099,  17.391890953926,  0.0            
      3087,  14.170100504075,  11.472455741236,  0.0            
      3088,  11.046991591415,  14.608310963357,  0.0            
      3089,  10.089613445357,  15.555250721136,  0.0            
      3090,  13.253840207711,  12.432832712533,  0.0            
      3091,  9.2009367097437,  16.467318943905,  0.0            
      3092,  11.963137617833,  13.674837915841,  0.0            
      3093,  13.029082898406,  12.649094117452,  0.0            
      3094,  14.385357193107,  11.298178156993,  0.0            
      3095,  12.812379653351,  12.873456925823,  0.0            
      3096,  10.852613264272,  14.842283531429,  0.0            
      3097,  8.0836299996862,  17.600614436134,  0.0            
      3098,  12.596470968158,  13.102867692909,  0.0            
      3099,  9.9136927063032,  15.782534861841,  0.0            
      3100,  12.380011422822,  13.336719155565,  0.0            
      3101,  13.488018655588,  12.23342961835 ,  0.0            
      3102,  8.5444229299843,  17.147053151414,  0.0            
      3103,  12.165154058356,  13.566124764494,  0.0            
      3104,  14.595253520745,  11.128077172454,  0.0            
      3105,  11.866459267424,  13.900926330142,  0.0            
      3106,  10.663360723782,  15.075299413512,  0.0            
      3107,  9.0403282700595,  16.684957737246,  0.0            
      3108,  7.9426222357574,  17.801941969235,  0.0            
      3109,  13.716470484006,  12.049583539247,  0.0            
      3110,  14.799924340278,  10.962317506794,  0.0            
      3111,  9.7398368448   ,  16.006954457027,  0.0            
      3112,  11.670291396628,  14.128811483643,  0.0            
      3113,  10.478714692742,  15.307176731149,  0.0            
      3114,  8.4083549693255,  17.376966234492,  0.0            
      3115,  13.939137963347,  11.865671288148,  0.0            
      3116,  11.466422238961,  14.357818607235,  0.0            
      3117,  8.8836296226726,  16.900268093065,  0.0            
      3118,  9.5682202141417,  16.229146701128,  0.0            
      3119,  10.298152857882,  15.537240348431,  0.0            
      3120,  14.159805530704,  11.683054749476,  0.0            
      3121,  11.265364853906,  14.589743180959,  0.0            
      3122,  9.399995191048 ,  16.449048303836,  0.0            
      3123,  13.22403612929 ,  12.653054832575,  0.0            
      3124,  14.377246604436,  11.505438399407,  0.0            
      3125,  8.7310458027648,  17.116602394212,  0.0            
      3126,  11.068858234035,  14.822902206009,  0.0            
      3127,  13.005494427815,  12.874282825805,  0.0            
      3128,  8.2793777569505,  17.595125117411,  0.0            
      3129,  12.78928747988 ,  13.100600219872,  0.0            
      3130,  10.120541714115,  15.76510855429 ,  0.0            
      3131,  12.57074788422 ,  13.329614337295,  0.0            
      3132,  9.2361338134849,  16.666586061467,  0.0            
      3133,  13.459281564321,  12.444554179105,  0.0            
      3134,  12.346867075553,  13.57516254215 ,  0.0            
      3135,  14.589905857024,  11.33302911367 ,  0.0            
      3136,  10.876638055153,  15.056080520314,  0.0            
      3137,  12.101815795274,  13.831309186177,  0.0            
      3138,  8.1427258158767,  17.800427390251,  0.0            
      3139,  8.5895781282414,  17.348248666016,  0.0            
      3140,  9.9448926859762,  15.989893542857,  0.0            
      3141,  13.702917578336,  12.263822190392,  0.0            
      3142,  14.797339301238,  11.164707521421,  0.0            
      3143,  11.899651080004,  14.106298033763,  0.0            
      3144,  9.0765627756493,  16.880928652456,  0.0            
      3145,  10.689522410636,  15.288423825351,  0.0            
      3146,  9.7710443133148,  16.211983270663,  0.0            
      3147,  13.928052213204,  12.083018966375,  0.0            
      3148,  11.690530107574,  14.341485638958,  0.0            
      3149,  10.506775024166,  15.519165479419,  0.0            
      3150,  9.5998384041688,  16.431493218048,  0.0            
      3151,  8.4703850610182,  17.585139795512,  0.0            
      3152,  11.486706024134,  14.572580098593,  0.0            
      3153,  14.149835848858,  11.895040615121,  0.0            
      3154,  8.9199470276262,  17.091703690712,  0.0            
      3155,  11.286862182306,  14.804389128094,  0.0            
      3156,  14.369180614471,  11.713517238341,  0.0            
      3157,  13.198437139918,  12.873908288666,  0.0            
      3158,  10.327473960833,  15.747778653684,  0.0            
      3159,  9.4328351997634,  16.648930589935,  0.0            
      3160,  12.983756566499,  13.097594916531,  0.0            
      3161,  13.41680338734 ,  12.657657043613,  0.0            
      3162,  12.766665732822,  13.321407685045,  0.0            
      3163,  8.7691480518685,  17.305627239566,  0.0            
      3164,  12.54424826569 ,  13.5490311439  ,  0.0            
      3165,  14.584427825178,  11.537942759717,  0.0            
      3166,  11.091549367556,  15.036991933711,  0.0            
      3167,  12.317976542834,  13.814951898565,  0.0            
      3168,  10.150232784168,  15.973293481129,  0.0            
      3169,  8.3425985977888,  17.797730906892,  0.0            
      3170,  9.2700521233531,  16.8634613311  ,  0.0            
      3171,  13.673076036202,  12.466563483498,  0.0            
      3172,  14.79467129869 ,  11.367220178174,  0.0            
      3173,  10.900992924379,  15.269551147242,  0.0            
      3174,  12.130344686708,  14.07283772926 ,  0.0            
      3175,  9.9744492096823,  16.195724225127,  0.0            
      3176,  8.6452939856444,  17.555959558312,  0.0            
      3177,  13.916387430528,  12.305791208955,  0.0            
      3178,  9.8007532100662,  16.414983514784,  0.0            
      3179,  11.918761737121,  14.321486970224,  0.0            
      3180,  9.1106367225101,  17.073376282482,  0.0            
      3181,  10.71575575999 ,  15.500940810304,  0.0            
      3182,  14.140165633703,  12.109880928685,  0.0            
      3183,  11.710616186006,  14.555844929505,  0.0            
      3184,  8.9544105224054,  17.278315695067,  0.0            
      3185,  9.6304784609621,  16.632106115815,  0.0            
      3186,  10.534501267254,  15.73039319376 ,  0.0            
      3187,  11.50787234417 ,  14.787008329547,  0.0            
      3188,  13.389599130972,  12.873388504171,  0.0            
      3189,  14.361259032013,  11.922396814952,  0.0            
      3190,  13.178969954169,  13.093580763466,  0.0            
      3191,  12.964326930781,  13.315649929353,  0.0            
      3192,  12.745703596337,  13.534727304806,  0.0            
      3193,  13.600764273578,  12.666107699021,  0.0            
      3194,  11.30829561717 ,  15.0185758732  ,  0.0            
      3195,  8.5440256767146,  17.791708107437,  0.0            
      3196,  9.4645710023584,  16.846827136312,  0.0            
      3197,  12.524965874634,  13.751563356576,  0.0            
      3198,  14.578895007387,  11.74333208548 ,  0.0            
      3199,  8.8086118659774,  17.483929390523,  0.0            
      3200,  10.355732565619,  15.956872118984,  0.0            
      3201,  14.79190319971 ,  11.569709356948,  0.0            
      3202,  11.113904064456,  15.250744565904,  0.0            
      3203,  10.17840410378 ,  16.180114310228,  0.0            
      3204,  12.374527528172,  14.063083666979,  0.0            
      3205,  9.3019768399432,  17.05773138678 ,  0.0            
      3206,  13.904403402874,  12.541120115118,  0.0            
      3207,  10.002535596399,  16.39966397931 ,  0.0            
      3208,  10.925220499741,  15.482585650682,  0.0            
      3209,  9.1423439501044,  17.262959757608,  0.0            
      3210,  12.148925904248,  14.300348310088,  0.0            
      3211,  9.8295228573081,  16.61649263186 ,  0.0            
      3212,  14.131300509948,  12.327549786539,  0.0            
      3213,  13.757999119368,  12.687805776856,  0.0            
      3214,  12.533784862853,  13.918802082236,  0.0            
      3215,  13.374555950423,  13.08815135734 ,  0.0            
      3216,  11.937730645457,  14.53831460894 ,  0.0            
      3217,  10.741734892404,  15.712868868506,  0.0            
      3218,  13.5777390558  ,  12.874059253666,  0.0            
      3219,  8.9886392773828,  17.459107376094,  0.0            
      3220,  8.8555673713386,  17.634550103034,  0.0            
      3221,  14.35374571839 ,  12.132886480352,  0.0            
      3222,  11.731211513424,  14.770605453647,  0.0            
      3223,  13.163106946081,  13.308991311224,  0.0            
      3224,  8.7513562249609,  17.778804012927,  0.0            
      3225,  9.6601964898339,  16.831042223726,  0.0            
      3226,  12.947217515915,  13.528797207186,  0.0            
      3227,  11.528002050951,  15.001323965332,  0.0            
      3228,  12.730494273803,  13.737024274418,  0.0            
      3229,  10.561377738359,  15.940421486251,  0.0            
      3230,  14.573430764341,  11.949079199556,  0.0            
      3231,  9.4945828440964,  17.042816090436,  0.0            
      3232,  11.328451244216,  15.232572095846,  0.0            
      3233,  10.382654899519,  16.164782296902,  0.0            
      3234,  14.789082617951,  11.772400575259,  0.0            
      3235,  9.3311914179629,  17.250097649366,  0.0            
      3236,  10.205199068909,  16.385220076502,  0.0            
      3237,  11.135679702527,  15.464294035199,  0.0            
      3238,  13.77074440662 ,  12.857139066987,  0.0            
      3239,  9.0085079458991,  17.64238824346 ,  0.0            
      3240,  9.1702046604079,  17.450436112413,  0.0            
      3241,  13.5712927291  ,  13.078930378148,  0.0            
      3242,  12.382158381617,  14.295700848786,  0.0            
      3243,  10.029727003648,  16.602294015874,  0.0            
      3244,  14.130788243702,  12.547613834345,  0.0            
      3245,  12.705455099374,  13.937272498881,  0.0            
      3246,  10.949231428203,  15.695232462364,  0.0            
      3247,  9.8575339163656,  16.816552572522,  0.0            
      3248,  13.362989587664,  13.299512183076,  0.0            
      3249,  12.165697482888,  14.522446957703,  0.0            
      3250,  14.348195147993,  12.344370933147,  0.0            
      3251,  13.149252437961,  13.521217856045,  0.0            
      3252,  10.767116418233,  15.923858241937,  0.0            
      3253,  11.957412947642,  14.754830548118,  0.0            
      3254,  12.931446498886,  13.735746723842,  0.0            
      3255,  9.6885877974577,  17.028602506629,  0.0            
      3256,  14.568393800861,  12.155648476326,  0.0            
      3257,  11.750106920518,  14.985553630691,  0.0            
      3258,  11.545626938501,  15.215707659079,  0.0            
      3259,  10.587163905921,  16.149454479171,  0.0            
      3260,  13.95969007992 ,  12.788992905631,  0.0            
      3261,  8.9816968484673,  17.821373686551,  0.0            
      3262,  9.5221242967262,  17.2373494772  ,  0.0            
      3263,  14.786294534558,  11.975199665603,  0.0            
      3264,  12.634066490072,  14.126356385344,  0.0            
      3265,  10.408354503011,  16.371181548597,  0.0            
      3266,  13.770085472388,  13.056212891048,  0.0            
      3267,  11.347278393567,  15.446674388313,  0.0            
      3268,  9.3562353716196,  17.440574659584,  0.0            
      3269,  9.1864867415079,  17.637164200246,  0.0            
      3270,  10.231164141953,  16.589161347197,  0.0            
      3271,  11.157190702158,  15.67772529658 ,  0.0            
      3272,  13.563964020579,  13.285406051688,  0.0            
      3273,  10.056305233262,  16.803635513533,  0.0            
      3274,  12.908150907289,  13.938757709388,  0.0            
      3275,  13.352724187802,  13.509515481961,  0.0            
      3276,  14.349061199994,  12.557814726687,  0.0            
      3277,  12.396463532438,  14.515236689366,  0.0            
      3278,  9.8846026266543,  17.015621526511,  0.0            
      3279,  14.152666517346,  12.770222089815,  0.0            
      3280,  10.972947266971,  15.907225069578,  0.0            
      3281,  13.135946808689,  13.728250216036,  0.0            
      3282,  12.61914650446 ,  14.317006467886,  0.0            
      3283,  14.565007618692,  12.362748054624,  0.0            
      3284,  12.184420408522,  14.740645478904,  0.0            
      3285,  10.791733304699,  16.134043845233,  0.0            
      3286,  9.7151057340812,  17.225053621516,  0.0            
      3287,  11.975165135439,  14.971186672274,  0.0            
      3288,  13.967466320085,  13.017679651012,  0.0            
      3289,  11.765266320505,  15.200675338858,  0.0            
      3290,  14.783761356196,  12.178311763462,  0.0            
      3291,  9.5463642842452,  17.430309946015,  0.0            
      3292,  10.611941155448,  16.357196588202,  0.0            
      3293,  11.560690024189,  15.430518700528,  0.0            
      3294,  9.3744310820425,  17.629611507844,  0.0            
      3295,  9.187862476999 ,  17.820159368437,  0.0            
      3296,  10.433320658632,  16.576549267457,  0.0            
      3297,  13.766022137013,  13.26346743782 ,  0.0            
      3298,  11.365649917805,  15.661011092025,  0.0            
      3299,  12.873722074001,  14.134312946196,  0.0            
      3300,  10.256629453607,  16.791940702047,  0.0            
      3301,  13.557034669148,  13.493501561885,  0.0            
      3302,  11.178814230127,  15.890815402494,  0.0            
      3303,  10.082280091105,  17.00421998597 ,  0.0            
      3304,  13.119615705297,  13.931608146624,  0.0            
      3305,  13.343216614377,  13.715581532379,  0.0            
      3306,  9.9103930018018,  17.213860834711,  0.0            
      3307,  14.358769678604,  12.77328600722 ,  0.0            
      3308,  10.996322758109,  16.118610596508,  0.0            
      3309,  14.565360820987,  12.571218364007,  0.0            
      3310,  14.165079974689,  12.996139803966,  0.0            
      3311,  12.413611734972,  14.729430944969,  0.0            
      3312,  12.629475274557,  14.517936333788,  0.0            
      3313,  9.7393896553141,  17.420354527607,  0.0            
      3314,  14.782081243864,  12.381607058703,  0.0            
      3315,  10.815632174248,  16.343160538857,  0.0            
      3316,  12.201179974959,  14.957885577845,  0.0            
      3317,  11.988354172102,  15.187528703484,  0.0            
      3318,  9.5667134570255,  17.621903675002,  0.0            
      3319,  11.775982361682,  15.416390472988,  0.0            
      3320,  12.860241045412,  14.32616805197 ,  0.0            
      3321,  13.967167262697,  13.236310061131,  0.0            
      3322,  9.3866884842203,  17.815833436737,  0.0            
      3323,  10.636112677407,  16.564041836887,  0.0            
      3324,  11.574772445561,  15.645989022316,  0.0            
      3325,  10.457891151344,  16.7808761148  ,  0.0            
      3326,  13.761841214883,  13.473067533415,  0.0            
      3327,  11.384682736876,  15.875339863354,  0.0            
      3328,  10.281722852312,  16.994090809218,  0.0            
      3329,  13.550962613715,  13.699050057868,  0.0            
      3330,  13.101713186617,  14.128602305634,  0.0            
      3331,  13.33333903906 ,  13.918734199976,  0.0            
      3332,  10.107497138456,  17.204161791637,  0.0            
      3333,  11.200719434006,  16.103489423081,  0.0            
      3334,  9.9347926445692,  17.411354175312,  0.0            
      3335,  14.569792335648,  12.780807052126,  0.0            
      3336,  14.367117700241,  12.990645411355,  0.0            
      3337,  11.019359196892,  16.329139394152,  0.0            
      3338,  14.782054422319,  12.585529761723,  0.0            
      3339,  9.7614609616711,  17.614635459191,  0.0            
      3340,  14.168413045985,  13.216428479654,  0.0            
      3341,  12.643709886528,  14.720847119924,  0.0            
      3342,  12.214070964214,  15.176121010433,  0.0            
      3343,  9.5840836664057,  17.811615333946,  0.0            
      3344,  10.839100402242,  16.551512821295,  0.0            
      3345,  12.428631043102,  14.942732092798,  0.0            
      3346,  11.994352643358,  15.404279073512,  0.0            
      3347,  12.864866874504,  14.518332920898,  0.0            
      3348,  11.784281167754,  15.633270902711,  0.0            
      3349,  13.965827865804,  13.450895930675,  0.0            
      3350,  10.659978383481,  16.769977501526,  0.0            
      3351,  11.590370635724,  15.861782599038,  0.0            
      3352,  10.482254756476,  16.984649616496,  0.0            
      3353,  13.758631390787,  13.679916127872,  0.0            
      3354,  13.54556003078 ,  13.902451855267,  0.0            
      3355,  13.324454734122,  14.116517152776,  0.0            
      3356,  13.09355928887 ,  14.321772865278,  0.0            
      3357,  11.40488751532 ,  16.08941671185 ,  0.0            
      3358,  10.306403714471,  17.195710957158,  0.0            
      3359,  10.131951218339,  17.403646425128,  0.0            
      3360,  11.222828179656,  16.315479840303,  0.0            
      3361,  9.9579338813342,  17.608184396452,  0.0            
      3362,  14.57465280039 ,  12.991682831668,  0.0            
      3363,  14.783721568247,  12.78998092656 ,  0.0            
      3364,  14.371566240985,  13.206276894126,  0.0            
      3365,  11.042189370842,  16.539024191882,  0.0            
      3366,  9.7817105076961,  17.80774026248 ,  0.0            
      3367,  12.44110731996 ,  15.159513940357,  0.0            
      3368,  12.217629073923,  15.394752133667,  0.0            
      3369,  14.169759953839,  13.432432506585,  0.0            
      3370,  12.656840068128,  14.92322402984 ,  0.0            
      3371,  11.993823537719,  15.623034221856,  0.0            
      3372,  12.875656650399,  14.712822375637,  0.0            
      3373,  10.862362039987,  16.759090945124,  0.0            
      3374,  11.795511692568,  15.850845437324,  0.0            
      3375,  10.683731439271,  16.97542567925 ,  0.0            
      3376,  13.965077311251,  13.660354302556,  0.0            
      3377,  13.756395785658,  13.884482438269,  0.0            
      3378,  13.54159553981 ,  14.101210079209,  0.0            
      3379,  13.320788975251,  14.310974277705,  0.0            
      3380,  13.096290751969,  14.512564532298,  0.0            
      3381,  11.608565414516,  16.077410827101,  0.0            
      3382,  10.506438024749,  17.187965726553,  0.0            
      3383,  10.330704111214,  17.397040052493,  0.0            
      3384,  11.426026231544,  16.302900332276,  0.0            
      3385,  10.155711230005,  17.602739372018,  0.0            
      3386,  11.245042420576,  16.526910875402,  0.0            
      3387,  9.9798729646007,  17.804343857818,  0.0            
      3388,  14.785895155322,  12.995109586392,  0.0            
      3389,  14.578233213441,  13.201808673836,  0.0            
      3390,  14.374406283508,  13.419635521459,  0.0            
      3391,  11.064920841247,  16.748261832897,  0.0            
      3392,  12.452311686511,  15.386051346554,  0.0            
      3393,  12.668682239411,  15.123928000148,  0.0            
      3394,  12.201343340685,  15.616153427554,  0.0            
      3395,  12.88695324264 ,  14.906864338282,  0.0            
      3396,  11.999370540727,  15.842889308377,  0.0            
      3397,  14.171026661912,  13.642969074841,  0.0            
      3398,  10.885578152103,  16.966247112538,  0.0            
      3399,  13.964983738743,  13.866546424508,  0.0            
      3400,  13.755376571013,  14.08458368732 ,  0.0            
      3401,  13.540693747036,  14.297073550044,  0.0            
      3402,  13.323286297048,  14.502377128671,  0.0            
      3403,  13.104392904448,  14.70382128185 ,  0.0            
      3404,  11.811601677622,  16.068187729034,  0.0            
      3405,  10.707423336624,  17.180479638481,  0.0            
      3406,  10.530477444962,  17.391076107001,  0.0            
      3407,  11.628730529048,  16.29237408228 ,  0.0            
      3408,  10.354631816042,  17.598144015253,  0.0            
      3409,  11.447659304448,  16.51584294731 ,  0.0            
      3410,  10.178627879659,  17.801500196389,  0.0            
      3411,  14.787845674273,  13.200020496758,  0.0            
      3412,  11.267294167186,  16.737789794876,  0.0            
      3413,  14.581050917204,  13.410926373616,  0.0            
      3414,  12.696523935303,  15.312025892158,  0.0            
      3415,  12.398463162227,  15.627850806805,  0.0            
      3416,  12.900176515179,  15.09951471494 ,  0.0            
      3417,  14.376845641209,  13.628923915235,  0.0            
      3418,  12.200740752705,  15.840224834734,  0.0            
      3419,  11.087651823718,  16.957139312499,  0.0            
      3420,  14.172427708815,  13.849954918062,  0.0            
      3421,  13.965573066837,  14.068100516482,  0.0            
      3422,  13.756132079642,  14.281964884042,  0.0            
      3423,  13.543311766409,  14.489835152985,  0.0            
      3424,  13.329510466594,  14.693263220277,  0.0            
      3425,  13.114054440433,  14.894531276664,  0.0            
      3426,  12.605851460529,  15.521995878271,  0.0            
      3427,  12.013620758346,  16.062109866378,  0.0            
      3428,  10.908800709155,  17.173070902152,  0.0            
      3429,  10.731084764608,  17.385375878449,  0.0            
      3430,  11.830981037141,  16.284543792368,  0.0            
      3431,  10.554328044554,  17.594055701192,  0.0            
      3432,  11.649866084801,  16.506703826956,  0.0            
      3433,  10.377956671955,  17.799115970735,  0.0            
      3434,  11.469479595314,  16.728267967025,  0.0            
      3435,  14.789585130788,  13.404582131276,  0.0            
      3436,  14.583519836461,  13.617580458388,  0.0            
      3437,  12.770806972228,  15.495463212043,  0.0            
      3438,  12.5950371556  ,  15.68364132782 ,  0.0            
      3439,  14.379008180846,  13.835318987274,  0.0            
      3440,  12.925017957438,  15.289124519559,  0.0            
      3441,  11.289589785891,  16.948353984109,  0.0            
      3442,  12.400659198412,  15.850468653801,  0.0            
      3443,  14.173955556328,  14.052482900926,  0.0            
      3444,  13.967094203236,  14.266911359582,  0.0            
      3445,  13.758806945651,  14.476302786521,  0.0            
      3446,  13.548318728436,  14.681570305442,  0.0            
      3447,  13.337240971949,  14.883462078453,  0.0            
      3448,  13.125930451002,  15.085483243654,  0.0            
      3449,  11.110417044696,  17.165743040754,  0.0            
      3450,  12.214748677511,  16.060448925773,  0.0            
      3451,  10.932049824976,  17.379770903951,  0.0            
      3452,  12.032670154752,  16.279538089592,  0.0            
      3453,  10.754645706879,  17.590194551182,  0.0            
      3454,  11.851788556771,  16.500022292688,  0.0            
      3455,  10.577718123349,  17.797014220502,  0.0            
      3456,  11.671335991491,  16.720459791132,  0.0            
      3457,  14.791167246525,  13.608036909734,  0.0            
      3458,  14.585629915953,  13.822342390051,  0.0            
      3459,  14.380885449985,  14.038030122146,  0.0            
      3460,  12.79605867389 ,  15.688470831825,  0.0            
      3461,  11.491381027849,  16.940394049274,  0.0            
      3462,  12.965504861062,  15.481134229358,  0.0            
      3463,  12.603519048536,  15.874228467528,  0.0            
      3464,  14.175797817703,  14.25236497684 ,  0.0            
      3465,  13.969633064641,  14.462753992536,  0.0            
      3466,  13.762871013288,  14.669340832903,  0.0            
      3467,  13.554438470809,  14.872393994637,  0.0            
      3468,  13.144245122321,  15.276464672157,  0.0            
      3469,  13.346506863035,  15.074299025192,  0.0            
      3470,  11.31193483634 ,  17.158690990223,  0.0            
      3471,  12.41635018473 ,  16.065738421721,  0.0            
      3472,  11.13322555608 ,  17.374250175108,  0.0            
      3473,  12.234147693394,  16.277638990762,  0.0            
      3474,  10.955241238659,  17.586427617571,  0.0            
      3475,  12.053416643374,  16.495697513941,  0.0            
      3476,  10.777824631526,  17.795049440164,  0.0            
      3477,  11.873010220826,  16.71478104887 ,  0.0            
      3478,  14.792520930378,  13.81059492088 ,  0.0            
      3479,  14.587347384514,  14.024556889925,  0.0            
      3480,  11.692907531871,  16.93389494669 ,  0.0            
      3481,  14.382680861599,  14.238481065985,  0.0            
      3482,  12.993133734367,  15.677828263242,  0.0            
      3483,  14.1780709922  ,  14.449497868572,  0.0            
      3484,  12.808869863398,  15.881532948912,  0.0            
      3485,  13.972970139817,  14.657186786171,  0.0            
      3486,  13.767637382335,  14.861205348944,  0.0            
      3487,  13.169430206486,  15.471242394918,  0.0            
      3488,  13.561405415458,  15.063475168181,  0.0            
      3489,  13.358985442244,  15.266233669779,  0.0            
      3490,  11.513334859689,  17.152317163587,  0.0            
      3491,  12.620388547764,  16.075701403302,  0.0            
      3492,  11.334326498948,  17.368951833355,  0.0            
      3493,  12.43640894476 ,  16.279283198608,  0.0            
      3494,  11.155990422145,  17.582737496736,  0.0            
      3495,  12.25505146004 ,  16.493413783634,  0.0            
      3496,  10.978091465842,  17.793149225195,  0.0            
      3497,  12.074518560386,  16.711009599475,  0.0            
      3498,  14.793602496332,  14.011866574028,  0.0            
      3499,  14.588828082746,  14.225138619042,  0.0            
      3500,  11.894310656817,  16.929175603686,  0.0            
      3501,  14.384563845798,  14.43662471117 ,  0.0            
      3502,  14.180749112488,  14.645276346424,  0.0            
      3503,  13.013700440508,  15.877668245147,  0.0            
      3504,  13.976762964778,  14.850328015932,  0.0            
      3505,  13.193464564766,  15.670600121457,  0.0            
      3506,  13.772821050008,  15.052638332294,  0.0            
      3507,  13.375085080106,  15.462168559936,  0.0            
      3508,  13.569753967921,  15.255251763646,  0.0            
      3509,  11.714521100304,  17.147124570623,  0.0            
      3510,  12.827022240315,  16.079970554993,  0.0            
      3511,  11.535328732065,  17.364175023082,  0.0            
      3512,  12.64042696308 ,  16.282795957655,  0.0            
      3513,  11.356680567047,  17.579208554841,  0.0            
      3514,  12.457345009269,  16.492855841932,  0.0            
      3515,  11.178438917536,  17.791301461958,  0.0            
      3516,  12.27607500833 ,  16.70861174843 ,  0.0            
      3517,  14.794492458439,  14.21227372203 ,  0.0            
      3518,  14.590224691413,  14.424054342819,  0.0            
      3519,  14.38661610402 ,  14.633617344683,  0.0            
      3520,  12.095609924396,  16.925971852674,  0.0            
      3521,  14.183711958996,  14.839856758621,  0.0            
      3522,  13.218768778397,  15.874061782278,  0.0            
      3523,  13.98083939075 ,  15.042677586016,  0.0            
      3524,  13.394050501356,  15.663767727545,  0.0            
      3525,  13.778498783835,  15.243524279344,  0.0            
      3526,  13.579845058847,  15.449513269039,  0.0            
      3527,  11.915620164852,  17.143352530242,  0.0            
      3528,  13.03521810398 ,  16.079077273811,  0.0            
      3529,  11.736161512766,  17.360291221615,  0.0            
      3530,  12.846866134348,  16.284433402265,  0.0            
      3531,  11.55728693419 ,  17.576035542563,  0.0            
      3532,  12.660826137055,  16.493097611788,  0.0            
      3533,  11.378745708716,  17.789543367078,  0.0            
      3534,  12.478101320525,  16.707098130277,  0.0            
      3535,  14.795274358901,  14.411793924471,  0.0            
      3536,  14.59164498026 ,  14.622129416899,  0.0            
      3537,  14.38883396111 ,  14.829642820173,  0.0            
      3538,  12.296952821717,  16.923715189544,  0.0            
      3539,  14.186905700094,  15.03372078936 ,  0.0            
      3540,  13.423130851586,  15.87261558252 ,  0.0            
      3541,  13.985200342785,  15.233950708807,  0.0            
      3542,  13.592842591021,  15.648223567274,  0.0            
      3543,  13.784866106836,  15.433698803002,  0.0            
      3544,  12.116653006186,  17.140757079923,  0.0            
      3545,  13.246490641902,  16.078909270425,  0.0            
      3546,  11.936934100209,  17.357470384635,  0.0            
      3547,  13.055516557337,  16.284430051777,  0.0            
      3548,  11.757766538408,  17.573459564736,  0.0            
      3549,  12.866274765273,  16.492967714383,  0.0            
      3550,  11.578991919374,  17.787968246979,  0.0            
      3551,  12.680890672559,  16.705987095531,  0.0            
      3552,  14.796026223342,  14.610858895922,  0.0            
      3553,  14.593131158389,  14.819528299839,  0.0            
      3554,  14.39123277145 ,  15.025182678105,  0.0            
      3555,  12.498607277609,  16.921923509428,  0.0            
      3556,  14.190321619187,  15.226782001822,  0.0            
      3557,  13.616446235017,  15.857221819685,  0.0            
      3558,  13.99000651587 ,  15.423596642374,  0.0            
      3559,  13.79283707005 ,  15.621416254436,  0.0            
      3560,  12.317725296986,  17.138843765198,  0.0            
      3561,  12.137672276145,  17.355514156921,  0.0            
      3562,  13.46349641984 ,  16.081616727869,  0.0            
      3563,  13.267509879721,  16.286024063649,  0.0            
      3564,  11.958209033679,  17.571588150949,  0.0            
      3565,  13.073638827525,  16.493115294771,  0.0            
      3566,  11.779160590539,  17.786690720734,  0.0            
      3567,  12.885143150372,  16.70506044253 ,  0.0            
      3568,  14.796782714985,  14.809569169247,  0.0            
      3569,  14.594721172088,  15.016646760258,  0.0            
      3570,  14.393797217386,  15.22031689255 ,  0.0            
      3571,  14.193953354222,  15.418915233966,  0.0            
      3572,  12.700735888132,  16.920346632277,  0.0            
      3573,  13.805275008823,  15.801215268094,  0.0            
      3574,  13.995790223743,  15.610525431683,  0.0            
      3575,  12.519006241303,  17.137211401012,  0.0            
      3576,  12.338453353576,  17.35403640965 ,  0.0            
      3577,  13.692578035535,  16.087674006537,  0.0            
      3578,  12.158646554603,  17.570284089068,  0.0            
      3579,  13.283655313641,  16.495823696386,  0.0            
      3580,  13.83090022477 ,  15.95572059639 ,  0.0            
      3581,  11.979313102694,  17.785760779875,  0.0            
      3582,  13.483113321558,  16.291584152176,  0.0            
      3583,  13.090847458794,  16.705165973684,  0.0            
      3584,  14.797578880875,  15.008152272412,  0.0            
      3585,  14.596390638467,  15.213607969089,  0.0            
      3586,  14.396379801129,  15.415153997362,  0.0            
      3587,  14.197625021041,  15.610206496122,  0.0            
      3588,  14.003605074079,  15.794401173593,  0.0            
      3589,  12.90390011504 ,  16.919130508021,  0.0            
      3590,  12.720585713428,  17.135711252541,  0.0            
      3591,  12.539380264506,  17.352730938299,  0.0            
      3592,  12.359133567441,  17.569288032978,  0.0            
      3593,  13.995110665851,  15.981072499964,  0.0            
      3594,  12.179481326235,  17.785108147924,  0.0            
      3595,  13.29870244126 ,  16.708149050591,  0.0            
      3596,  13.495763274134,  16.503600230651,  0.0            
      3597,  14.798400856272,  15.206698644253,  0.0            
      3598,  14.597952123252,  15.410554355152,  0.0            
      3599,  14.398276498941,  15.609939686796,  0.0            
      3600,  14.198689956712,  15.801883376436,  0.0            
      3601,  13.108125082322,  16.919165443825,  0.0            
      3602,  13.701034767322,  16.307601441932,  0.0            
      3603,  13.935932531884,  16.160125660213,  0.0            
      3604,  12.922877607654,  17.134550261939,  0.0            
      3605,  12.740496906656,  17.351503999181,  0.0            
      3606,  12.559724575535,  17.568395107372,  0.0            
      3607,  12.379695964021,  17.78460498081 ,  0.0            
      3608,  14.18708212691 ,  15.993701789127,  0.0            
      3609,  14.79914072182 ,  15.405312586748,  0.0            
      3610,  14.598759003124,  15.607623619115,  0.0            
      3611,  14.39707479795 ,  15.804991422307,  0.0            
      3612,  13.508349834701,  16.715891214752,  0.0            
      3613,  13.314093170986,  16.921941087749,  0.0            
      3614,  13.710043224872,  16.519818714006,  0.0            
      3615,  13.125917248014,  17.134477803424,  0.0            
      3616,  12.942084061963,  17.350540938619,  0.0            
      3617,  13.922302622543,  16.345561774646,  0.0            
      3618,  12.760429254756,  17.567544163876,  0.0            
      3619,  12.579974277991,  17.78414851504 ,  0.0            
      3620,  14.159316113378,  16.183101938401,  0.0            
      3621,  14.38863431113 ,  15.999778853272,  0.0            
      3622,  14.79945497307 ,  15.604068829111,  0.0            
      3623,  14.597356668619,  15.804821022606,  0.0            
      3624,  13.521601193857,  16.928698068386,  0.0            
      3625,  13.72015391496 ,  16.729557006568,  0.0            
      3626,  13.330294797396,  17.136629125092,  0.0            
      3627,  13.144169582258,  17.350415931602,  0.0            
      3628,  13.926986177201,  16.544843360058,  0.0            
      3629,  12.961408876906,  17.566855690696,  0.0            
      3630,  14.145914867152,  16.372399806193,  0.0            
      3631,  12.780304361548,  17.783710252427,  0.0            
      3632,  14.374277902274,  16.19330440152 ,  0.0            
      3633,  14.592272048236,  16.001697503191,  0.0            
      3634,  14.79870539229 ,  15.802906292209,  0.0            
      3635,  13.731045044622,  16.939590386516,  0.0            
      3636,  13.535911819855,  17.141827822488,  0.0            
      3637,  13.933849298477,  16.747623122607,  0.0            
      3638,  13.347211226299,  17.351948511609,  0.0            
      3639,  13.162671461699,  17.56670044591 ,  0.0            
      3640,  14.145210996341,  16.566543420917,  0.0            
      3641,  12.980745560847,  17.78334813558 ,  0.0            
      3642,  14.3650345747  ,  16.386067808524,  0.0            
      3643,  14.584863139616,  16.197815520568,  0.0            
      3644,  14.796431950123,  16.001541833578,  0.0            
      3645,  13.941985419938,  16.953042743704,  0.0            
      3646,  13.743138528439,  17.149932571506,  0.0            
      3647,  13.551173203881,  17.355675028257,  0.0            
      3648,  14.148737596297,  16.764642393188,  0.0            
      3649,  13.364526775118,  17.567601824331,  0.0            
      3650,  14.362518408398,  16.580739870236,  0.0            
      3651,  13.181287457133,  17.783244896999,  0.0            
      3652,  14.579388423725,  16.393337979586,  0.0            
      3653,  14.79328427535 ,  16.199737198859,  0.0            
      3654,  13.951563745878,  17.159744857227,  0.0            
      3655,  14.154036568302,  16.966173118712,  0.0            
      3656,  13.756363651589,  17.361392800696,  0.0            
      3657,  13.566979768647,  17.569896199224,  0.0            
      3658,  14.363461599454,  16.77758319798 ,  0.0            
      3659,  13.38208709505 ,  17.783653052103,  0.0            
      3660,  14.577085288592,  16.589576062827,  0.0            
      3661,  14.790757030434,  16.39755756238 ,  0.0            
      3662,  14.16099991938 ,  17.169616681736,  0.0            
      3663,  13.962466664397,  17.368254581521,  0.0            
      3664,  14.366301837148,  16.977109140437,  0.0            
      3665,  13.770265694693,  17.573446149111,  0.0            
      3666,  14.576892657363,  16.78688513197 ,  0.0            
      3667,  13.583173053143,  17.784734755048,  0.0            
      3668,  14.789415880303,  16.595574820058,  0.0            
      3669,  14.169399932684,  17.375279024422,  0.0            
      3670,  14.370817673976,  17.178419470971,  0.0            
      3671,  13.974185996664,  17.5777433576  ,  0.0            
      3672,  14.578129214247,  16.985824509986,  0.0            
      3673,  13.784693331074,  17.786422482687,  0.0            
      3674,  14.789010798449,  16.794003043633,  0.0            
      3675,  14.37673597714 ,  17.381818193012,  0.0            
      3676,  14.178709060144,  17.58223916703 ,  0.0            
      3677,  14.580679509582,  17.186028409198,  0.0            
      3678,  13.98656376705 ,  17.788477430304,  0.0            
      3679,  14.789347188757,  16.993163425908,  0.0            
      3680,  14.383567962551,  17.58657680024 ,  0.0            
      3681,  14.584328819539,  17.38779983624 ,  0.0            
      3682,  14.188771667245,  17.79065243676 ,  0.0            
      3683,  14.790401613038,  17.192962506992,  0.0            
      3684,  14.588719161905,  17.590714199202,  0.0            
      3685,  14.39118108405 ,  17.792788426116,  0.0            
      3686,  14.792064885152,  17.393609931011,  0.0            
      3687,  14.593783069455,  17.794869350606,  0.0            
      3688,  14.794149709632,  17.594938827997,  0.0            
      3689,  14.796620580319,  17.797040442271,  0.0            
      3690,  -0.400781775534,  14.773560947886,  0.0            
      3691,  -11.76251383656,  3.4216614755839,  0.0            
      3692,  -13.60014755042,  1.5611198343156,  0.0            
      3693,  -13.39891922452,  1.7499288356842,  0.0            
      3694,  -0.59842212799 ,  14.562069180258,  0.0            
      3695,  -11.59035719008,  3.5962203229535,  0.0            
      3696,  -13.19667397983,  1.9372727333579,  0.0            
      3697,  -11.39318954913,  3.7428233297284,  0.0            
      3698,  -12.99258789786,  2.1232496470718,  0.0            
      3699,  -0.795119100739,  14.353034467112,  0.0            
      3700,  -12.78630754185,  2.3084294289187,  0.0            
      3701,  -11.19654153777,  3.8988206401209,  0.0            
      3702,  -12.57642995474,  2.4938943404726,  0.0            
      3703,  -0.991831228579,  14.146088920574,  0.0            
      3704,  -11.00272962504,  4.0835740695902,  0.0            
      3705,  -10.81295536703,  4.2708568520472,  0.0            
      3706,  -12.36335945386,  2.6807656303254,  0.0            
      3707,  -10.61510130067,  4.4547414033589,  0.0            
      3708,  -10.4121116516 ,  4.638199572577 ,  0.0            
      3709,  -12.14742938247,  2.8682952176209,  0.0            
      3710,  -10.20721874576,  4.820489653117 ,  0.0            
      3711,  -14.80031526154,  0.1992770029067,  0.0            
      3712,  -11.93293558599,  3.0543145770245,  0.0            
      3713,  -14.60063646736,  0.3972136381843,  0.0            
      3714,  -14.40081918466,  0.5937587363734,  0.0            
      3715,  -14.2008920636 ,  0.7889078677176,  0.0            
      3716,  -0.200322690722,  14.787207555927,  0.0            
      3717,  -14.00088475128,  0.9826657215386,  0.0            
      3718,  -13.80068811043,  1.1750249888922,  0.0            
      3719,  -11.72972301388,  3.2357788558192,  0.0            
      3720,  -13.60016623868,  1.3659918681034,  0.0            
      3721,  -0.398723755642,  14.575779149145,  0.0            
      3722,  -13.39882747707,  1.5554940754376,  0.0            
      3723,  -11.57357208562,  3.4155944565419,  0.0            
      3724,  -13.19652012667,  1.743466751276 ,  0.0            
      3725,  -0.596044654846,  14.367216944019,  0.0            
      3726,  -11.39642321337,  3.5696691180074,  0.0            
      3727,  -12.99244243595,  1.9299024758264,  0.0            
      3728,  -12.78648832958,  2.1152114188885,  0.0            
      3729,  -11.19871495643,  3.7014161641998,  0.0            
      3730,  -0.793739372742,  14.161815850452,  0.0            
      3731,  -12.57728761589,  2.3005245382956,  0.0            
      3732,  -11.00173246877,  3.8781672201344,  0.0            
      3733,  -10.80593178869,  4.065568533352 ,  0.0            
      3734,  -12.36484079002,  2.4871850070188,  0.0            
      3735,  -10.60931508864,  4.2515182652803,  0.0            
      3736,  -10.4089753427 ,  4.4361273649581,  0.0            
      3737,  -12.14858302245,  2.6755850137668,  0.0            
      3738,  -10.20566065456,  4.619377958639 ,  0.0            
      3739,  -11.93041569874,  2.8638098052813,  0.0            
      3740,  -14.60047920854,  0.1985956781359,  0.0            
      3741,  -14.40076355347,  0.3958340720664,  0.0            
      3742,  -14.20088110983,  0.5916800247189,  0.0            
      3743,  -14.00089221725,  0.7861340250678,  0.0            
      3744,  -11.41377269833,  3.4225290608208,  0.0            
      3745,  -0.199148833753,  14.588457394115,  0.0            
      3746,  -13.8007048384 ,  0.9792005201473,  0.0            
      3747,  -11.7134506186 ,  3.0503047278022,  0.0            
      3748,  -13.60018794385,  1.1708690450752,  0.0            
      3749,  -13.3988540775 ,  1.3610853990652,  0.0            
      3750,  -0.39688672539 ,  14.379729660588,  0.0            
      3751,  -13.19637577732,  1.5497206678503,  0.0            
      3752,  -11.50933076775,  3.2355357303423,  0.0            
      3753,  -12.9921256677 ,  1.7366237147224,  0.0            
      3754,  -0.594937842209,  14.175030377098,  0.0            
      3755,  -12.78622417636,  1.9220214779727,  0.0            
      3756,  -11.210002672  ,  3.4971318925028,  0.0            
      3757,  -12.5775777711 ,  2.1068855273349,  0.0            
      3758,  -11.0059178345 ,  3.6732270970838,  0.0            
      3759,  -12.36612658448,  2.292950799979 ,  0.0            
      3760,  -10.80557351942,  3.8603632061299,  0.0            
      3761,  -10.60618900388,  4.047882597473 ,  0.0            
      3762,  -12.15074856849,  2.4810761168654,  0.0            
      3763,  -10.40614139212,  4.2337896815087,  0.0            
      3764,  -10.20418385412,  4.4181601976037,  0.0            
      3765,  -11.93227266715,  2.6708196439685,  0.0            
      3766,  -14.40056288301,  0.1979116531707,  0.0            
      3767,  -14.20082013994,  0.3944515669246,  0.0            
      3768,  -14.00088845055,  0.589601628624 ,  0.0            
      3769,  -13.80074677295,  0.7833673609041,  0.0            
      3770,  -11.71155780986,  2.8603697887269,  0.0            
      3771,  -0.198074919211,  14.390590890026,  0.0            
      3772,  -13.60027332953,  0.9757472686433,  0.0            
      3773,  -13.3989137682 ,  1.166699409423 ,  0.0            
      3774,  -13.19635255864,  1.3560344898177,  0.0            
      3775,  -0.396079774441,  14.185696755621,  0.0            
      3776,  -11.49127724905,  3.0536913820646,  0.0            
      3777,  -12.99181792172,  1.5434830948068,  0.0            
      3778,  -12.78564472917,  1.7289612860959,  0.0            
      3779,  -11.27260038439,  3.2791247329565,  0.0            
      3780,  -12.57712624407,  1.9132935805448,  0.0            
      3781,  -11.02078553904,  3.4663666926554,  0.0            
      3782,  -12.36655205438,  2.0982542213139,  0.0            
      3783,  -10.80994224685,  3.655616927693 ,  0.0            
      3784,  -10.60675460874,  3.8442730654026,  0.0            
      3785,  -12.15257699094,  2.2855625498876,  0.0            
      3786,  -10.40490995192,  4.031336635587 ,  0.0            
      3787,  -11.93529372676,  2.4752156425834,  0.0            
      3788,  -10.20306228957,  4.2168163559401,  0.0            
      3789,  -14.20060006754,  0.1972237769173,  0.0            
      3790,  -14.00083175701,  0.3930684279814,  0.0            
      3791,  -13.80078196   ,  0.5875316615029,  0.0            
      3792,  -11.71473972744,  2.6665116002959,  0.0            
      3793,  -13.60039151304,  0.7806199542244,  0.0            
      3794,  -0.19757311861 ,  14.193831586799,  0.0            
      3795,  -13.39912371674,  0.9723021374174,  0.0            
      3796,  -13.19654625603,  1.1624003273002,  0.0            
      3797,  -11.49270540928,  2.8600736392367,  0.0            
      3798,  -12.99173716063,  1.3504833397629,  0.0            
      3799,  -12.78504922055,  1.53618675794  ,  0.0            
      3800,  -11.27266936943,  3.0662300402792,  0.0            
      3801,  -12.57613175449,  1.7199174965194,  0.0            
      3802,  -11.04803291814,  3.2631888999787,  0.0            
      3803,  -12.3658447771 ,  1.9036087225972,  0.0            
      3804,  -10.82000662393,  3.4515245856419,  0.0            
      3805,  -12.15317018079,  2.089325346244 ,  0.0            
      3806,  -10.61023777162,  3.6410056192195,  0.0            
      3807,  -10.40567182133,  3.8290001923344,  0.0            
      3808,  -11.93774685854,  2.2782185359327,  0.0            
      3809,  -10.20272208208,  4.01545324838  ,  0.0            
      3810,  -14.00060951696,  0.1965344540564,  0.0            
      3811,  -11.71877887201,  2.4694568980855,  0.0            
      3812,  -13.80076365228,  0.3916930934597,  0.0            
      3813,  -13.60051469284,  0.5854845822418,  0.0            
      3814,  -13.39944152568,  0.7779012083336,  0.0            
      3815,  -13.1969914927 ,  0.9687822095175,  0.0            
      3816,  -11.4973099566 ,  2.6630694083244,  0.0            
      3817,  -12.99207468321,  1.1576296624206,  0.0            
      3818,  -12.78479682878,  1.3437139410253,  0.0            
      3819,  -11.27568592468,  2.8613203930502,  0.0            
      3820,  -12.57506144394,  1.5270599789393,  0.0            
      3821,  -11.05696551667,  3.0598055595454,  0.0            
      3822,  -12.36427617554,  1.7092664719967,  0.0            
      3823,  -10.83397625484,  3.2490041686881,  0.0            
      3824,  -10.61648518693,  3.4382655368202,  0.0            
      3825,  -12.15215210045,  1.8930968465831,  0.0            
      3826,  -10.40801957941,  3.6269384150026,  0.0            
      3827,  -11.93853593399,  2.0802119684672,  0.0            
      3828,  -10.20324679017,  3.8142097226687,  0.0            
      3829,  -11.72188489   ,  2.2708235503993,  0.0            
      3830,  -13.8005761721 ,  0.195850628801 ,  0.0            
      3831,  -13.60058661934,  0.3903397687426,  0.0            
      3832,  -13.39979815591,  0.5834789698126,  0.0            
      3833,  -13.19764472454,  0.7751547163288,  0.0            
      3834,  -11.50224369125,  2.4637396126777,  0.0            
      3835,  -12.99291040572,  0.9648510252504,  0.0            
      3836,  -12.78521202783,  1.1516019382208,  0.0            
      3837,  -12.57447485845,  1.334777608325 ,  0.0            
      3838,  -11.28099765612,  2.6592679879288,  0.0            
      3839,  -11.06102755132,  2.8554881227276,  0.0            
      3840,  -12.36249371629,  1.515722926409 ,  0.0            
      3841,  -10.84245459735,  3.0472210386247,  0.0            
      3842,  -10.62421818415,  3.2363528961497,  0.0            
      3843,  -12.14987681643,  1.6972133426634,  0.0            
      3844,  -10.41163359657,  3.4252210126366,  0.0            
      3845,  -11.93719497919,  1.8821109158182,  0.0            
      3846,  -10.20443308971,  3.6131528453347,  0.0            
      3847,  -11.72288536684,  2.0710256712263,  0.0            
      3848,  -13.60048635365,  0.1951817823086,  0.0            
      3849,  -13.40011301682,  0.3890301842154,  0.0            
      3850,  -13.19841759451,  0.5814864029881,  0.0            
      3851,  -11.50588068187,  2.263314484271 ,  0.0            
      3852,  -12.99418073566,  0.7721057528261,  0.0            
      3853,  -12.78646132108,  0.9597370205324,  0.0            
      3854,  -12.57488849709,  1.1432527782569,  0.0            
      3855,  -11.28625098212,  2.4574033799876,  0.0            
      3856,  -11.06603887714,  2.6522446233724,  0.0            
      3857,  -12.36126276734,  1.3231157201989,  0.0            
      3858,  -10.84746244152,  2.8449114051929,  0.0            
      3859,  -10.63028811012,  3.0348854616228,  0.0            
      3860,  -12.14718828988,  1.5023614015119,  0.0            
      3861,  -10.4158791698 ,  3.2238915157511,  0.0            
      3862,  -11.93415434938,  1.6843071627806,  0.0            
      3863,  -10.20609234719,  3.4122889362432,  0.0            
      3864,  -11.72128200712,  1.8710168579091,  0.0            
      3865,  -13.40024945892,  0.1945446041551,  0.0            
      3866,  -13.19919231208,  0.3877594646954,  0.0            
      3867,  -11.50706256022,  2.0619128918911,  0.0            
      3868,  -12.99574501879,  0.5793100679903,  0.0            
      3869,  -12.78850908333,  0.7680719067092,  0.0            
      3870,  -12.5766081887 ,  0.9523462018229,  0.0            
      3871,  -11.29007436852,  2.2554330432615,  0.0            
      3872,  -11.07098752391,  2.449452678817 ,  0.0            
      3873,  -12.36130196739,  1.1318256527797,  0.0            
      3874,  -10.85205227933,  2.6424468771302,  0.0            
      3875,  -10.63470740652,  2.8333029628206,  0.0            
      3876,  -12.14506768965,  1.308805581327 ,  0.0            
      3877,  -10.41967546014,  3.0228038135692,  0.0            
      3878,  -10.20798160203,  3.2115996264527,  0.0            
      3879,  -11.93041884692,  1.4876047685316,  0.0            
      3880,  -13.19979363584,  0.1939437566466,  0.0            
      3881,  -11.71758130274,  1.6711721109496,  0.0            
      3882,  -12.99741867043,  0.3864123009225,  0.0            
      3883,  -12.79121774322,  0.5764200429472,  0.0            
      3884,  -11.50529017857,  1.8602594863905,  0.0            
      3885,  -12.57968066385,  0.7620352878327,  0.0            
      3886,  -11.29133170942,  2.0529379900688,  0.0            
      3887,  -11.07462883383,  2.2468744468438,  0.0            
      3888,  -12.36311221105,  0.9417660511216,  0.0            
      3889,  -10.85636896107,  2.4400137969596,  0.0            
      3890,  -10.63856995606,  2.6316042276621,  0.0            
      3891,  -12.14443668725,  1.1171727988949,  0.0            
      3892,  -10.42281010064,  2.8217329996262,  0.0            
      3893,  -10.20977055406,  3.0110244785113,  0.0            
      3894,  -11.92710943021,  1.2924072290145,  0.0            
      3895,  -12.99893663011,  0.1933300937002,  0.0            
      3896,  -12.79435095923,  0.3846476780512,  0.0            
      3897,  -11.71291428743,  1.472282416703 ,  0.0            
      3898,  -12.58405031062,  0.5719816178937,  0.0            
      3899,  -11.50111989085,  1.6586060761746,  0.0            
      3900,  -11.28953144904,  1.8502378225288,  0.0            
      3901,  -12.36698075904,  0.7530150431051,  0.0            
      3902,  -11.07584093719,  2.0440732707044,  0.0            
      3903,  -10.85954282821,  2.2376945756391,  0.0            
      3904,  -12.14599820041,  0.9275743150987,  0.0            
      3905,  -10.64204815767,  2.4298693564649,  0.0            
      3906,  -10.42557487881,  2.6206525996183,  0.0            
      3907,  -10.21134818254,  2.8104865290556,  0.0            
      3908,  -11.92525503679,  1.0995678925606,  0.0            
      3909,  -12.79746175346,  0.1925476205275,  0.0            
      3910,  -12.58946960183,  0.3818897218778,  0.0            
      3911,  -11.70847578424,  1.2748289832511,  0.0            
      3912,  -12.37323381684,  0.5651107838666,  0.0            
      3913,  -11.4957382021 ,  1.4575842624828,  0.0            
      3914,  -11.28523947532,  1.6474053857679,  0.0            
      3915,  -11.07412771716,  1.8411085258394,  0.0            
      3916,  -12.15035412806,  0.7403155420392,  0.0            
      3917,  -10.86060601063,  2.0352643282119,  0.0            
      3918,  -10.64458855003,  2.2281942007754,  0.0            
      3919,  -10.42800642994,  2.4196037635313,  0.0            
      3920,  -11.92569451582,  0.909559038826 ,  0.0            
      3921,  -10.2127667654 ,  2.6099786395719,  0.0            
      3922,  -12.59515719712,  0.1913037098645,  0.0            
      3923,  -12.38189130706,  0.3774951720955,  0.0            
      3924,  -11.70530085204,  1.0797596691961,  0.0            
      3925,  -11.49030915174,  1.2576056595607,  0.0            
      3926,  -12.15853908264,  0.555007205959 ,  0.0            
      3927,  -11.27963259186,  1.4448355006891,  0.0            
      3928,  -11.07001411066,  1.6379317219239,  0.0            
      3929,  -10.85911148898,  1.8326864774056,  0.0            
      3930,  -10.64544197963,  2.0264700368144,  0.0            
      3931,  -11.92940162655,  0.7231490441099,  0.0            
      3932,  -10.42976421088,  2.2186343075274,  0.0            
      3933,  -10.2140082928 ,  2.4095316299226,  0.0            
      3934,  -12.39160956077,  0.1892771168546,  0.0            
      3935,  -11.70420789892,  0.887883082822 ,  0.0            
      3936,  -12.17145858492,  0.3707986613665,  0.0            
      3937,  -11.48575120963,  1.0594338753469,  0.0            
      3938,  -11.93862651173,  0.5405109219337,  0.0            
      3939,  -11.27380107491,  1.2427616467713,  0.0            
      3940,  -11.06459234937,  1.4347351166862,  0.0            
      3941,  -10.85551205852,  1.6298684936499,  0.0            
      3942,  -10.64424750368,  1.8246188236134,  0.0            
      3943,  -10.43035560779,  2.0176733884071,  0.0            
      3944,  -10.21490118132,  2.2091722403786,  0.0            
      3945,  -11.70615250776,  0.7005301468835,  0.0            
      3946,  -12.18702032316,  0.1860880031944,  0.0            
      3947,  -11.95676909106,  0.3608197590435,  0.0            
      3948,  -11.48273001777,  0.8637399315266,  0.0            
      3949,  -11.05883022989,  1.2316071318234,  0.0            
      3950,  -11.2685357794 ,  1.041568531036 ,  0.0            
      3951,  -10.85075238902,  1.42688400474  ,  0.0            
      3952,  -10.64136240556,  1.6225362958609,  0.0            
      3953,  -10.42953676304,  1.8166224129175,  0.0            
      3954,  -10.21520185346,  2.0088552265333,  0.0            
      3955,  -11.71426191284,  0.5194582719654,  0.0            
      3956,  -11.98143094905,  0.1812368138078,  0.0            
      3957,  -11.482012463  ,  0.6716721398717,  0.0            
      3958,  -11.7372976246 ,  0.3453670262627,  0.0            
      3959,  -11.05338523132,  1.0286903189225,  0.0            
      3960,  -10.84564915846,  1.2237663573803,  0.0            
      3961,  -11.26438249586,  0.8413089508282,  0.0            
      3962,  -10.63753175077,  1.4202394607524,  0.0            
      3963,  -10.42755231576,  1.6153742072501,  0.0            
      3964,  -10.2147887523 ,  1.8084928982742,  0.0            
      3965,  -11.77726583497,  0.1737167816359,  0.0            
      3966,  -11.48503423046,  0.4854976506079,  0.0            
      3967,  -10.8407252098 ,  1.0205983434585,  0.0            
      3968,  -11.04872921996,  0.8258362159623,  0.0            
      3969,  -10.63338452912,  1.2177549673349,  0.0            
      3970,  -11.26183004866,  0.6415943045118,  0.0            
      3971,  -10.42491020173,  1.4139184993831,  0.0            
      3972,  -10.21378299647,  1.6079955350138,  0.0            
      3973,  -11.50731099585,  0.316345064983 ,  0.0            
      3974,  -11.58044967704,  0.1602390958287,  0.0            
      3975,  -10.83632817901,  0.8173373116678,  0.0            
      3976,  -10.62929421868,  1.015161088957 ,  0.0            
      3977,  -11.04532229061,  0.6226206836627,  0.0            
      3978,  -10.42203438483,  1.2122833744935,  0.0            
      3979,  -11.26186609968,  0.4403370619433,  0.0            
      3980,  -10.21243636942,  1.407344558065 ,  0.0            
      3981,  -11.41305679573,  0.1283988807522,  0.0            
      3982,  -10.62547222857,  0.8124931430017,  0.0            
      3983,  -10.83264324797,  0.6139634142771,  0.0            
      3984,  -10.41916342885,  1.0105397982598,  0.0            
      3985,  -11.04293341197,  0.4181500990793,  0.0            
      3986,  -10.21095820307,  1.2065647315072,  0.0            
      3987,  -11.26087638473,  0.2314618557127,  0.0            
      3988,  -10.6219397614 ,  0.6098350294621,  0.0            
      3989,  -10.41640614682,  0.8087348492492,  0.0            
      3990,  -10.82868479375,  0.4104416305877,  0.0            
      3991,  -10.20946328386,  1.0057073442431,  0.0            
      3992,  -11.03386648612,  0.2117127197506,  0.0            
      3993,  -10.41372596087,  0.6069234289916,  0.0            
      3994,  -10.61796046977,  0.4071973960226,  0.0            
      3995,  -10.20799957104,  0.8048064496168,  0.0            
      3996,  -10.81970342473,  0.2064036715113,  0.0            
      3997,  -10.41070930474,  0.4050805647544,  0.0            
      3998,  -10.20655149303,  0.6038865976251,  0.0            
      3999,  -10.61128528124,  0.2042623292695,  0.0            
      4000,  -10.20497046939,  0.4029215930938,  0.0            
      4001,  -10.40638970599,  0.2029655610294,  0.0            
      4002,  -10.20293485604,  0.2017596825424,  0.0            
      4023,  -0.198755573085,  13.998282316162,  0.0            
      4024,  -0.39745177239 ,  13.993129777768,  0.0            
      4025,  -0.596029241871,  13.984543924024,  0.0            
      4026,  -0.794428660954,  13.972527319761,  0.0            
      4027,  -0.992590762249,  13.95708355467 ,  0.0            
      4028,  -1.190456349265,  13.938217242232,  0.0            
      4029,  -1.387966314084,  13.915934018334,  0.0            
      4030,  -1.585061655024,  13.890240539592,  0.0            
      4031,  -1.781683494262,  13.861144481357,  0.0            
      4032,  -1.977773095423,  13.828654535426,  0.0            
      4033,  -2.173271881127,  13.792780407442,  0.0            
      4034,  -2.368121450485,  13.753532813999,  0.0            
      4035,  -2.562263596549,  13.710923479437,  0.0            
      4036,  -2.755640323697,  13.664965132342,  0.0            
      4037,  -2.948193864958,  13.615671501741,  0.0            
      4038,  -3.139866699272,  13.563057313004,  0.0            
      4039,  -3.330601568666,  13.507138283441,  0.0            
      4040,  -3.520341495368,  13.447931117613,  0.0            
      4041,  -3.709029798819,  13.385453502334,  0.0            
      4042,  -3.896610112611,  13.319724101395,  0.0            
      4043,  -4.083026401322,  13.250762549982,  0.0            
      4044,  -4.268222977258,  13.178589448818,  0.0            
      4045,  -4.452144517086,  13.103226358   ,  0.0            
      4046,  -4.63473607836 ,  13.024695790566,  0.0            
      4047,  -4.815943115938,  12.943021205765,  0.0            
      4048,  -4.995711498271,  12.858227002052,  0.0            
      4049,  -5.173987523579,  12.770338509798,  0.0            
      4050,  -5.350717935888,  12.679381983724,  0.0            
      4051,  -5.52584994094 ,  12.585384595057,  0.0            
      4052,  -5.699331221971,  12.488374423412,  0.0            
      4053,  -5.871109955325,  12.38838044841 ,  0.0            
      4054,  -6.041134825954,  12.28543254101 ,  0.0            
      4055,  -6.209355042729,  12.179561454598,  0.0            
      4056,  -6.375720353627,  12.070798815791,  0.0            
      4057,  -6.540181060732,  11.959177114995,  0.0            
      4058,  -6.702688035088,  11.844729696694,  0.0            
      4059,  -6.863192731374,  11.727490749495,  0.0            
      4060,  -7.021647202402,  11.607495295909,  0.0            
      4061,  -7.178004113445,  11.484779181892,  0.0            
      4062,  -7.332216756374,  11.359379066139,  0.0            
      4063,  -7.484239063613,  11.231332409128,  0.0            
      4064,  -7.6340256219  ,  11.100677461932,  0.0            
      4065,  -7.781531685851,  10.967453254793,  0.0            
      4066,  -7.926713191331,  10.831699585462,  0.0            
      4067,  -8.069526768613,  10.69345700731 ,  0.0            
      4068,  -8.209929755337,  10.552766817215,  0.0            
      4069,  -8.347880209252,  10.409671043222,  0.0            
      4070,  -8.483336920747,  10.264212431991,  0.0            
      4071,  -8.616259425161,  10.116434436029,  0.0            
      4072,  -8.746608014869,  9.9663812007046,  0.0            
      4073,  -8.874343751146,  9.8140975510645,  0.0            
      4074,  -8.999428475801,  9.6596289784415,  0.0            
      4075,  -9.12182482257 ,  9.5030216268652,  0.0            
      4076,  -9.241496228284,  9.3443222792777,  0.0            
      4077,  -9.358406943787,  9.1835783435581,  0.0            
      4078,  -9.47252204462 ,  9.0208378383602,  0.0            
      4079,  -9.583807441449,  8.8561493787686,  0.0            
      4080,  -9.692229890253,  8.6895621617755,  0.0            
      4081,  -9.797757002251,  8.5211259515844,  0.0            
      4082,  -9.900357253579,  8.3508910647441,  0.0            
      4083,  -9.999999994709,  8.1789083551179,  0.0            
      4084,  -10.0          ,  8.0            ,  0.0            
      4085,  -10.0          ,  7.8            ,  0.0            
      4086,  -10.0          ,  7.6            ,  0.0            
      4087,  -10.0          ,  7.4            ,  0.0            
      4088,  -10.0          ,  7.2            ,  0.0            
      4089,  -10.0          ,  7.0            ,  0.0            
      4090,  -10.0          ,  6.8            ,  0.0            
      4091,  -10.0          ,  6.6            ,  0.0            
      4092,  -10.0          ,  6.4            ,  0.0            
      4093,  -10.0          ,  6.2            ,  0.0            
      4094,  -10.0          ,  6.0            ,  0.0            
      4095,  -10.0          ,  5.8            ,  0.0            
      4096,  -10.0          ,  5.6            ,  0.0            
      4097,  -10.0          ,  5.4            ,  0.0            
      4098,  -10.0          ,  5.2            ,  0.0            
      4099,  -10.0          ,  5.0            ,  0.0            
      4100,  -10.0          ,  4.8            ,  0.0            
      4101,  -10.0          ,  4.6            ,  0.0            
      4102,  -10.0          ,  4.4            ,  0.0            
      4103,  -10.0          ,  4.2            ,  0.0            
      4104,  -10.0          ,  4.0            ,  0.0            
      4105,  -10.0          ,  3.8            ,  0.0            
      4106,  -10.0          ,  3.6            ,  0.0            
      4107,  -10.0          ,  3.4            ,  0.0            
      4108,  -10.0          ,  3.2            ,  0.0            
      4109,  -10.0          ,  3.0            ,  0.0            
      4110,  -10.0          ,  2.8            ,  0.0            
      4111,  -10.0          ,  2.6            ,  0.0            
      4112,  -10.0          ,  2.4            ,  0.0            
      4113,  -10.0          ,  2.2            ,  0.0            
      4114,  -10.0          ,  2.0            ,  0.0            
      4115,  -10.0          ,  1.8            ,  0.0            
      4116,  -10.0          ,  1.6            ,  0.0            
      4117,  -10.0          ,  1.4            ,  0.0            
      4118,  -10.0          ,  1.2            ,  0.0            
      4119,  -10.0          ,  1.0            ,  0.0            
      4120,  -10.0          ,  0.8            ,  0.0            
      4121,  -10.0          ,  0.6            ,  0.0            
      4122,  -10.0          ,  0.4            ,  0.0            
      4123,  -10.0          ,  0.2            ,  0.0            
      4124,  -10.0          ,  0.0            ,  0.0            
      4125,  -10.2          ,  0.0            ,  0.0            
      4126,  -10.4          ,  0.0            ,  0.0            
      4127,  -10.6          ,  0.0            ,  0.0            
      4128,  -10.8          ,  0.0            ,  0.0            
      4129,  -11.0          ,  0.0            ,  0.0            
      4130,  -11.2          ,  0.0            ,  0.0            
      4131,  -11.4          ,  0.0            ,  0.0            
      4132,  -11.6          ,  0.0            ,  0.0            
      4133,  -11.8          ,  0.0            ,  0.0            
      4134,  -12.0          ,  0.0            ,  0.0            
      4135,  -12.2          ,  0.0            ,  0.0            
      4136,  -12.4          ,  0.0            ,  0.0            
      4137,  -12.6          ,  0.0            ,  0.0            
      4138,  -12.8          ,  0.0            ,  0.0            
      4139,  -13.0          ,  0.0            ,  0.0            
      4140,  -13.2          ,  0.0            ,  0.0            
      4141,  -13.4          ,  0.0            ,  0.0            
      4142,  -13.6          ,  0.0            ,  0.0            
      4143,  -13.8          ,  0.0            ,  0.0            
      4144,  -14.0          ,  0.0            ,  0.0            
      4145,  -14.2          ,  0.0            ,  0.0            
      4146,  -14.4          ,  0.0            ,  0.0            
      4147,  -14.6          ,  0.0            ,  0.0            
      4148,  -14.8          ,  0.0            ,  0.0            
      4149,  -15.0          ,  0.0            ,  0.0            
      4150,  -15.0          ,  0.2            ,  0.0            
      4151,  -15.0          ,  0.4            ,  0.0            
      4152,  -15.0          ,  0.6            ,  0.0            
      4153,  -15.0          ,  0.8            ,  0.0            
      4154,  -15.0          ,  1.0            ,  0.0            
      4155,  -15.0          ,  1.2            ,  0.0            
      4156,  -15.0          ,  1.4            ,  0.0            
      4157,  -15.0          ,  1.6            ,  0.0            
      4158,  -15.0          ,  1.8            ,  0.0            
      4159,  -15.0          ,  2.0            ,  0.0            
      4160,  -15.0          ,  2.2            ,  0.0            
      4161,  -15.0          ,  2.4            ,  0.0            
      4162,  -15.0          ,  2.6            ,  0.0            
      4163,  -15.0          ,  2.8            ,  0.0            
      4164,  -15.0          ,  3.0            ,  0.0            
      4165,  -15.0          ,  3.2            ,  0.0            
      4166,  -15.0          ,  3.4            ,  0.0            
      4167,  -15.0          ,  3.6            ,  0.0            
      4168,  -15.0          ,  3.8            ,  0.0            
      4169,  -15.0          ,  4.0            ,  0.0            
      4170,  -15.0          ,  4.2            ,  0.0            
      4171,  -15.0          ,  4.4            ,  0.0            
      4172,  -15.0          ,  4.6            ,  0.0            
      4173,  -15.0          ,  4.8            ,  0.0            
      4174,  -15.0          ,  5.0            ,  0.0            
      4175,  -15.0          ,  5.2            ,  0.0            
      4176,  -15.0          ,  5.4            ,  0.0            
      4177,  -15.0          ,  5.6            ,  0.0            
      4178,  -15.0          ,  5.8            ,  0.0            
      4179,  -15.0          ,  6.0            ,  0.0            
      4180,  -15.0          ,  6.2            ,  0.0            
      4181,  -15.0          ,  6.4            ,  0.0            
      4182,  -15.0          ,  6.6            ,  0.0            
      4183,  -15.0          ,  6.8            ,  0.0            
      4184,  -15.0          ,  7.0            ,  0.0            
      4185,  -15.0          ,  7.2            ,  0.0            
      4186,  -15.0          ,  7.4            ,  0.0            
      4187,  -15.0          ,  7.6            ,  0.0            
      4188,  -15.0          ,  7.8            ,  0.0            
      4189,  -15.0          ,  8.0            ,  0.0            
      4190,  -15.0          ,  8.2            ,  0.0            
      4191,  -15.0          ,  8.4            ,  0.0            
      4192,  -15.0          ,  8.6            ,  0.0            
      4193,  -15.0          ,  8.8            ,  0.0            
      4194,  -15.0          ,  9.0            ,  0.0            
      4195,  -15.0          ,  9.2            ,  0.0            
      4196,  -15.0          ,  9.4            ,  0.0            
      4197,  -15.0          ,  9.6            ,  0.0            
      4198,  -15.0          ,  9.8            ,  0.0            
      4199,  -15.0          ,  10.0           ,  0.0            
      4200,  -15.0          ,  10.2           ,  0.0            
      4201,  -15.0          ,  10.4           ,  0.0            
      4202,  -15.0          ,  10.6           ,  0.0            
      4203,  -15.0          ,  10.8           ,  0.0            
      4204,  -15.0          ,  11.0           ,  0.0            
      4205,  -15.0          ,  11.2           ,  0.0            
      4206,  -15.0          ,  11.4           ,  0.0            
      4207,  -15.0          ,  11.6           ,  0.0            
      4208,  -15.0          ,  11.8           ,  0.0            
      4209,  -15.0          ,  12.0           ,  0.0            
      4210,  -15.0          ,  12.2           ,  0.0            
      4211,  -15.0          ,  12.4           ,  0.0            
      4212,  -15.0          ,  12.6           ,  0.0            
      4213,  -15.0          ,  12.8           ,  0.0            
      4214,  -15.0          ,  13.0           ,  0.0            
      4215,  -15.0          ,  13.2           ,  0.0            
      4216,  -15.0          ,  13.4           ,  0.0            
      4217,  -15.0          ,  13.6           ,  0.0            
      4218,  -15.0          ,  13.8           ,  0.0            
      4219,  -15.0          ,  14.0           ,  0.0            
      4220,  -15.0          ,  14.2           ,  0.0            
      4221,  -15.0          ,  14.4           ,  0.0            
      4222,  -15.0          ,  14.6           ,  0.0            
      4223,  -15.0          ,  14.8           ,  0.0            
      4224,  -15.0          ,  15.0           ,  0.0            
      4225,  -15.0          ,  15.2           ,  0.0            
      4226,  -15.0          ,  15.4           ,  0.0            
      4227,  -15.0          ,  15.6           ,  0.0            
      4228,  -15.0          ,  15.8           ,  0.0            
      4229,  -15.0          ,  16.0           ,  0.0            
      4230,  -15.0          ,  16.2           ,  0.0            
      4231,  -15.0          ,  16.4           ,  0.0            
      4232,  -15.0          ,  16.6           ,  0.0            
      4233,  -15.0          ,  16.8           ,  0.0            
      4234,  -15.0          ,  17.0           ,  0.0            
      4235,  -15.0          ,  17.2           ,  0.0            
      4236,  -15.0          ,  17.4           ,  0.0            
      4237,  -15.0          ,  17.6           ,  0.0            
      4238,  -15.0          ,  17.8           ,  0.0            
      4239,  -15.0          ,  18.0           ,  0.0            
      4240,  -14.8          ,  18.0           ,  0.0            
      4241,  -14.6          ,  18.0           ,  0.0            
      4242,  -14.4          ,  18.0           ,  0.0            
      4243,  -14.2          ,  18.0           ,  0.0            
      4244,  -14.0          ,  18.0           ,  0.0            
      4245,  -13.8          ,  18.0           ,  0.0            
      4246,  -13.6          ,  18.0           ,  0.0            
      4247,  -13.4          ,  18.0           ,  0.0            
      4248,  -13.2          ,  18.0           ,  0.0            
      4249,  -13.0          ,  18.0           ,  0.0            
      4250,  -12.8          ,  18.0           ,  0.0            
      4251,  -12.6          ,  18.0           ,  0.0            
      4252,  -12.4          ,  18.0           ,  0.0            
      4253,  -12.2          ,  18.0           ,  0.0            
      4254,  -12.0          ,  18.0           ,  0.0            
      4255,  -11.8          ,  18.0           ,  0.0            
      4256,  -11.6          ,  18.0           ,  0.0            
      4257,  -11.4          ,  18.0           ,  0.0            
      4258,  -11.2          ,  18.0           ,  0.0            
      4259,  -11.0          ,  18.0           ,  0.0            
      4260,  -10.8          ,  18.0           ,  0.0            
      4261,  -10.6          ,  18.0           ,  0.0            
      4262,  -10.4          ,  18.0           ,  0.0            
      4263,  -10.2          ,  18.0           ,  0.0            
      4264,  -10.0          ,  18.0           ,  0.0            
      4265,  -9.8           ,  18.0           ,  0.0            
      4266,  -9.6           ,  18.0           ,  0.0            
      4267,  -9.4           ,  18.0           ,  0.0            
      4268,  -9.2           ,  18.0           ,  0.0            
      4269,  -9.0           ,  18.0           ,  0.0            
      4270,  -8.8           ,  18.0           ,  0.0            
      4271,  -8.6           ,  18.0           ,  0.0            
      4272,  -8.4           ,  18.0           ,  0.0            
      4273,  -8.2           ,  18.0           ,  0.0            
      4274,  -8.0           ,  18.0           ,  0.0            
      4275,  -7.8           ,  18.0           ,  0.0            
      4276,  -7.6           ,  18.0           ,  0.0            
      4277,  -7.4           ,  18.0           ,  0.0            
      4278,  -7.2           ,  18.0           ,  0.0            
      4279,  -7.0           ,  18.0           ,  0.0            
      4280,  -6.8           ,  18.0           ,  0.0            
      4281,  -6.6           ,  18.0           ,  0.0            
      4282,  -6.4           ,  18.0           ,  0.0            
      4283,  -6.2           ,  18.0           ,  0.0            
      4284,  -6.0           ,  18.0           ,  0.0            
      4285,  -5.8           ,  18.0           ,  0.0            
      4286,  -5.6           ,  18.0           ,  0.0            
      4287,  -5.4           ,  18.0           ,  0.0            
      4288,  -5.2           ,  18.0           ,  0.0            
      4289,  -5.0           ,  18.0           ,  0.0            
      4290,  -4.8           ,  18.0           ,  0.0            
      4291,  -4.6           ,  18.0           ,  0.0            
      4292,  -4.4           ,  18.0           ,  0.0            
      4293,  -4.2           ,  18.0           ,  0.0            
      4294,  -4.0           ,  18.0           ,  0.0            
      4295,  -3.8           ,  18.0           ,  0.0            
      4296,  -3.6           ,  18.0           ,  0.0            
      4297,  -3.4           ,  18.0           ,  0.0            
      4298,  -3.2           ,  18.0           ,  0.0            
      4299,  -3.0           ,  18.0           ,  0.0            
      4300,  -2.8           ,  18.0           ,  0.0            
      4301,  -2.6           ,  18.0           ,  0.0            
      4302,  -2.4           ,  18.0           ,  0.0            
      4303,  -2.2           ,  18.0           ,  0.0            
      4304,  -2.0           ,  18.0           ,  0.0            
      4305,  -1.8           ,  18.0           ,  0.0            
      4306,  -1.6           ,  18.0           ,  0.0            
      4307,  -1.4           ,  18.0           ,  0.0            
      4308,  -1.2           ,  18.0           ,  0.0            
      4309,  -1.0           ,  18.0           ,  0.0            
      4310,  -0.8           ,  18.0           ,  0.0            
      4311,  -0.6           ,  18.0           ,  0.0            
      4312,  -0.4           ,  18.0           ,  0.0            
      4313,  -0.2           ,  18.0           ,  0.0            
      4315,  -13.80071689641,  1.3708646719604,  0.0            
      4316,  -14.0008779502 ,  1.179196969946 ,  0.0            
      4317,  -0.20139203552 ,  14.986920241784,  0.0            
      4318,  -14.20089176251,  0.9861350722207,  0.0            
      4319,  -11.94424001837,  3.2422331186941,  0.0            
      4320,  -14.40083082733,  0.7916822192186,  0.0            
      4321,  -14.60067795891,  0.595835891289 ,  0.0            
      4322,  -14.8004002503 ,  0.3985954354094,  0.0            
      4323,  -12.14935763022,  3.0594065244295,  0.0            
      4324,  -10.20882303225,  5.0215374473723,  0.0            
      4325,  -10.41507432531,  4.8401820770206,  0.0            
      4326,  -12.36262871924,  2.8732165200483,  0.0            
      4327,  -10.62007112663,  4.6573153710781,  0.0            
      4328,  -1.188615997666,  14.127987992689,  0.0            
      4329,  -10.82490307924,  4.4753466619273,  0.0            
      4330,  -11.0151035452 ,  4.2921239089795,  0.0            
      4331,  -12.57544595162,  2.6868756305381,  0.0            
      4332,  -0.993241101169,  14.337276881301,  0.0            
      4333,  -12.78578338525,  2.5015051304888,  0.0            
      4334,  -11.19749573569,  4.0964333047055,  0.0            
      4335,  -12.9924824312 ,  2.3166092748369,  0.0            
      4336,  -11.39340301038,  3.9225088098154,  0.0            
      4337,  -0.797943873777,  14.5473867387  ,  0.0            
      4338,  -13.19674499028,  2.1311109484764,  0.0            
      4339,  -11.59132514764,  3.7715169713235,  0.0            
      4340,  -13.39894833034,  1.9443786235238,  0.0            
      4341,  -0.601172842844,  14.759310536784,  0.0            
      4342,  -13.6001889698 ,  1.7562564990985,  0.0            
      4343,  -11.78173399046,  3.6066231557327,  0.0            
      4344,  -13.80068665516,  1.5666975078846,  0.0            
      4345,  -0.402713375361,  14.973205766692,  0.0            
      4346,  -14.00087458351,  1.3757281704427,  0.0            
      4347,  -14.20089028022,  1.1833619262963,  0.0            
      4348,  -11.9632778402 ,  3.4301150325384,  0.0            
      4349,  -0.20232979358 ,  15.187246937557,  0.0            
      4350,  -14.40083254515,  0.9896043257447,  0.0            
      4351,  -14.60068650693,  0.7944552267324,  0.0            
      4352,  -14.80042289522,  0.5979141094341,  0.0            
      4353,  -12.15651381139,  3.2488313798442,  0.0            
      4354,  -10.21048434178,  5.2225470389305,  0.0            
      4355,  -12.36390776765,  3.0646825980229,  0.0            
      4356,  -1.382651790213,  14.108065969715,  0.0            
      4357,  -10.41806551407,  5.042156756553 ,  0.0            
      4358,  -10.62399796306,  4.8598962469638,  0.0            
      4359,  -12.57493801804,  2.8792168441046,  0.0            
      4360,  -1.189690093878,  14.320199459885,  0.0            
      4361,  -10.83175515932,  4.6780885598396,  0.0            
      4362,  -12.78518339347,  2.694371509524 ,  0.0            
      4363,  -11.04053667832,  4.4992955090586,  0.0            
      4364,  -11.20763115393,  4.30117531525  ,  0.0            
      4365,  -12.99217933974,  2.5099003798968,  0.0            
      4366,  -0.996503709255,  14.531869764394,  0.0            
      4367,  -11.39451161047,  4.1022760104236,  0.0            
      4368,  -13.19669174226,  2.324953653922 ,  0.0            
      4369,  -0.801337413968,  14.744578596861,  0.0            
      4370,  -11.59332365416,  3.9470145153168,  0.0            
      4371,  -13.39896763316,  2.1388558169597,  0.0            
      4372,  -13.60019751381,  1.9514012498212,  0.0            
      4373,  -0.603864096374,  14.959140514657,  0.0            
      4374,  -11.78923589145,  3.7893430943702,  0.0            
      4375,  -13.80072288924,  1.7625337314158,  0.0            
      4376,  -14.00087453751,  1.5722597459332,  0.0            
      4377,  -0.404460653555,  15.174021100263,  0.0            
      4378,  -14.20088952667,  1.3805886741781,  0.0            
      4379,  -11.97875884149,  3.6171167105512,  0.0            
      4380,  -14.40083268635,  1.1875256884381,  0.0            
      4381,  -0.203142472453,  15.388066559672,  0.0            
      4382,  -14.60068776766,  0.9930718232932,  0.0            
      4383,  -14.80042773043,  0.7972273700429,  0.0            
      4384,  -12.16809380061,  3.4379511218309,  0.0            
      4385,  -1.571976445375,  14.088082500017,  0.0            
      4386,  -10.2121826586 ,  5.4234992311399,  0.0            
      4387,  -12.36831595051,  3.2551079738491,  0.0            
      4388,  -10.42121751064,  5.2441409516911,  0.0            
      4389,  -1.382674068523,  14.302692209737,  0.0            
      4390,  -12.57564212024,  3.0710093421204,  0.0            
      4391,  -10.62798992725,  5.0626371432531,  0.0            
      4392,  -12.78486490917,  2.8869160732875,  0.0            
      4393,  -1.193532934051,  14.515825822462,  0.0            
      4394,  -10.83554501187,  4.8810241217223,  0.0            
      4395,  -12.99182663313,  2.7030887892544,  0.0            
      4396,  -11.04720024998,  4.7027509304029,  0.0            
      4397,  -11.39867417457,  4.2740391328657,  0.0            
      4398,  -11.2700072104 ,  4.5306156864047,  0.0            
      4399,  -13.19653929632,  2.5187664625498,  0.0            
      4400,  -1.000691205554,  14.729525730816,  0.0            
      4401,  -13.39895608437,  2.3333352465832,  0.0            
      4402,  -11.59520396262,  4.1224837840288,  0.0            
      4403,  -0.804816569284,  14.944875717566,  0.0            
      4404,  -13.60020985548,  2.1465498223083,  0.0            
      4405,  -11.7932588196 ,  3.9690666200325,  0.0            
      4406,  -13.80069089656,  1.9583778636579,  0.0            
      4407,  -0.606389301128,  15.160604043632,  0.0            
      4408,  -14.00087644986,  1.7687919264171,  0.0            
      4409,  -11.98792709058,  3.8031329237276,  0.0            
      4410,  -14.20088959183,  1.5778154660918,  0.0            
      4411,  -0.406029269768,  15.375782031136,  0.0            
      4412,  -14.40083268155,  1.3854467648125,  0.0            
      4413,  -0.203778701958,  15.589109360329,  0.0            
      4414,  -14.60068788066,  1.1916870494906,  0.0            
      4415,  -14.80042855569,  0.9965371385372,  0.0            
      4416,  -12.17936098363,  3.6264087920815,  0.0            
      4417,  -1.749586779662,  14.084624201989,  0.0            
      4418,  -11.4164174991 ,  4.4234964705231,  0.0            
      4419,  -12.3754701155 ,  3.445257104665 ,  0.0            
      4420,  -1.926185791674,  13.988843889076,  0.0            
      4421,  -10.21386424958,  5.6243655890604,  0.0            
      4422,  -1.570911074134,  14.287857340179,  0.0            
      4423,  -12.57818040725,  3.2622479766224,  0.0            
      4424,  -10.42449571028,  5.4460568189072,  0.0            
      4425,  -1.387442081549,  14.500215910417,  0.0            
      4426,  -12.78524284617,  3.079194275432 ,  0.0            
      4427,  -10.63239564531,  5.2655142151908,  0.0            
      4428,  -12.99161997743,  2.8961326402134,  0.0            
      4429,  -1.198886952656,  14.714462354765,  0.0            
      4430,  -10.83975648038,  5.08429599333  ,  0.0            
      4431,  -13.19636040754,  2.7125333318666,  0.0            
      4432,  -11.04911268186,  4.9063754594676,  0.0            
      4433,  -13.39892511417,  2.5277911211124,  0.0            
      4434,  -11.59726918096,  4.2950990694937,  0.0            
      4435,  -1.005225766818,  14.930564039128,  0.0            
      4436,  -11.26681386567,  4.7397171635496,  0.0            
      4437,  -13.60020037754,  2.3416985750128,  0.0            
      4438,  -11.79548409439,  4.1485180702303,  0.0            
      4439,  -0.808186288365,  15.147162772186,  0.0            
      4440,  -13.80068136196,  2.1542101161889,  0.0            
      4441,  -2.071932310552,  13.967550669435,  0.0            
      4442,  -14.00087861298,  1.9653246816967,  0.0            
      4443,  -0.60870809952 ,  15.363408769081,  0.0            
      4444,  -11.99318561118,  3.9871242409598,  0.0            
      4445,  -14.2008901306 ,  1.7750423648888,  0.0            
      4446,  -0.40727077179 ,  15.578019704099,  0.0            
      4447,  -14.40083267819,  1.583367755741 ,  0.0            
      4448,  -1.92627895965 ,  14.127011438942,  0.0            
      4449,  -14.60068788171,  1.3903017736091,  0.0            
      4450,  -0.204007757801,  15.790254272808,  0.0            
      4451,  -12.18769438648,  3.8145139729533,  0.0            
      4452,  -14.80042867509,  1.1958454080057,  0.0            
      4453,  -12.38317614368,  3.6350408488556,  0.0            
      4454,  -1.753923126783,  14.283971707992,  0.0            
      4455,  -11.58072065778,  4.468728176619 ,  0.0            
      4456,  -10.21541743623,  5.8250825397526,  0.0            
      4457,  -12.5824331106 ,  3.4533494794862,  0.0            
      4458,  -1.577721033755,  14.487146982176,  0.0            
      4459,  -12.78665888665,  3.2712318634545,  0.0            
      4460,  -10.42777933376,  5.6478560231069,  0.0            
      4461,  -1.394624614754,  14.700227159146,  0.0            
      4462,  -12.99178135276,  3.0890622268382,  0.0            
      4463,  -10.63709334388,  5.4683377759051,  0.0            
      4464,  -13.19625147887,  2.9062411463247,  0.0            
      4465,  -1.205043125296,  14.9164232498  ,  0.0            
      4466,  -10.84489644738,  5.2877678722506,  0.0            
      4467,  -13.39879571632,  2.7222238156146,  0.0            
      4468,  -13.60019072363,  2.5368458178356,  0.0            
      4469,  -11.05309526269,  5.1095461234478,  0.0            
      4470,  -11.51225642823,  4.6282581154126,  0.0            
      4471,  -1.009708837388,  15.133819629716,  0.0            
      4472,  -2.240578089327,  13.941656037491,  0.0            
      4473,  -11.79288241255,  4.3272608700603,  0.0            
      4474,  -11.26642412784,  4.9415479153988,  0.0            
      4475,  -13.80069196893,  2.3500434587017,  0.0            
      4476,  -0.811319237995,  15.351153055324,  0.0            
      4477,  -14.00087962986,  2.1618577700939,  0.0            
      4478,  -2.105230830028,  14.125135235905,  0.0            
      4479,  -11.99534465113,  4.1707315316278,  0.0            
      4480,  -14.2008907087 ,  1.9722693653059,  0.0            
      4481,  -0.610533633572,  15.566936431543,  0.0            
      4482,  -14.40083267772,  1.7812887283242,  0.0            
      4483,  -0.407668568026,  15.780547544923,  0.0            
      4484,  -12.19309086823,  4.0015464272798,  0.0            
      4485,  -14.6006878804 ,  1.5889163530567,  0.0            
      4486,  -14.80042869278,  1.3951531768316,  0.0            
      4487,  -0.203513741204,  15.99154250402 ,  0.0            
      4488,  -1.936862434571,  14.293244677295,  0.0            
      4489,  -12.38961919389,  3.8247626068078,  0.0            
      4490,  -1.763767224855,  14.479052050399,  0.0            
      4491,  -12.58737110059,  3.6443351407732,  0.0            
      4492,  -10.21664403352,  6.0256133341896,  0.0            
      4493,  -11.4897626734 ,  4.8004241843722,  0.0            
      4494,  -12.7890816476 ,  3.4632456435401,  0.0            
      4495,  -1.587385349978,  14.688152237827,  0.0            
      4496,  -10.43083671958,  5.8494331301655,  0.0            
      4497,  -11.77506644571,  4.5049504114615,  0.0            
      4498,  -12.99249524615,  3.2819063966328,  0.0            
      4499,  -13.19632061724,  3.0999040035614,  0.0            
      4500,  -1.403528430829,  14.903070104522,  0.0            
      4501,  -10.64185227727,  5.6710528087142,  0.0            
      4502,  -2.418153579541,  13.909064652714,  0.0            
      4503,  -13.39872345117,  2.9166493842706,  0.0            
      4504,  -1.211181111474,  15.120562269116,  0.0            
      4505,  -13.60013971152,  2.7319830413578,  0.0            
      4506,  -10.85061721991,  5.4912024303876,  0.0            
      4507,  -2.278698555139,  14.101740880361,  0.0            
      4508,  -13.80072334733,  2.5458909845705,  0.0            
      4509,  -1.013781413911,  15.339172963525,  0.0            
      4510,  -11.0586432837 ,  5.3127029338592,  0.0            
      4511,  -14.00087886311,  2.3583908593808,  0.0            
      4512,  -11.99205121579,  4.3533074875843,  0.0            
      4513,  -11.26966671446,  5.1418148623889,  0.0            
      4514,  -0.81382729174 ,  15.556124772856,  0.0            
      4515,  -14.20089097777,  2.1694964203998,  0.0            
      4516,  -2.119409153753,  14.287611005657,  0.0            
      4517,  -14.40083267772,  1.979209698138 ,  0.0            
      4518,  -0.610968619529,  15.770954988023,  0.0            
      4519,  -12.19552594561,  4.1883071499609,  0.0            
      4520,  -14.60068788022,  1.7875309022863,  0.0            
      4521,  -0.406500534765,  15.983461866368,  0.0            
      4522,  -14.80042869564,  1.5944608099475,  0.0            
      4523,  -0.20216075921 ,  16.192976271937,  0.0            
      4524,  -12.39417428684,  4.0140531742637,  0.0            
      4525,  -1.948154602515,  14.472278231656,  0.0            
      4526,  -11.73949621526,  4.6777001433113,  0.0            
      4527,  -12.59189815802,  3.8354035920248,  0.0            
      4528,  -11.48709689933,  4.9883130870865,  0.0            
      4529,  -10.21730746427,  6.2259428129473,  0.0            
      4530,  -2.599938489672,  13.871397902644,  0.0            
      4531,  -12.79201184865,  3.6552781367659,  0.0            
      4532,  -1.775299509232,  14.677751227675,  0.0            
      4533,  -12.99376811107,  3.4747692755683,  0.0            
      4534,  -10.43326610892,  6.0507329197747,  0.0            
      4535,  -1.600654339135,  14.891547665122,  0.0            
      4536,  -13.1966568875 ,  3.2935407991696,  0.0            
      4537,  -2.45359141594 ,  14.07255358113 ,  0.0            
      4538,  -13.39874408916,  3.11105165172  ,  0.0            
      4539,  -1.412627370554,  15.10749728999 ,  0.0            
      4540,  -10.64630851095,  5.8735144576768,  0.0            
      4541,  -13.60011730658,  2.9271157669264,  0.0            
      4542,  -11.97898407362,  4.534883431319 ,  0.0            
      4543,  -1.216295347426,  15.327124722484,  0.0            
      4544,  -13.80066876935,  2.7417320362617,  0.0            
      4545,  -10.85653298085,  5.6945978250213,  0.0            
      4546,  -2.299619613082,  14.268227883828,  0.0            
      4547,  -14.0008765928 ,  2.5549236570137,  0.0            
      4548,  -11.71843656221,  4.8531631805283,  0.0            
      4549,  -1.017099446202,  15.54596545998 ,  0.0            
      4550,  -11.06506898904,  5.5159459477201,  0.0            
      4551,  -14.20089078266,  2.366723468613 ,  0.0            
      4552,  -0.814396854324,  15.761790437214,  0.0            
      4553,  -12.19354516781,  4.3742583054417,  0.0            
      4554,  -14.40083267772,  2.1771306679518,  0.0            
      4555,  -11.27488386623,  5.3425581638363,  0.0            
      4556,  -2.784018195703,  13.829053424704,  0.0            
      4557,  -2.131674336682,  14.457076176012,  0.0            
      4558,  -14.60068788022,  1.9861454469848,  0.0            
      4559,  -0.608704915854,  15.975627232298,  0.0            
      4560,  -0.403526379572,  16.186712355778,  0.0            
      4561,  -14.80042869602,  1.7937684156983,  0.0            
      4562,  -0.200210185904,  16.394713450612,  0.0            
      4563,  -12.3964998111 ,  4.2032342396587,  0.0            
      4564,  -12.59540506382,  4.0263861687017,  0.0            
      4565,  -1.959335280622,  14.660728571744,  0.0            
      4566,  -10.21729648761,  6.4261482880216,  0.0            
      4567,  -11.48887112257,  5.1813624096246,  0.0            
      4568,  -12.79484168954,  3.8474289412214,  0.0            
      4569,  -2.630630349223,  14.037774332555,  0.0            
      4570,  -12.99537620094,  3.6676823341936,  0.0            
      4571,  -1.794237365771,  14.882174690451,  0.0            
      4572,  -13.1972673397 ,  3.4871959903441,  0.0            
      4573,  -10.43459062473,  6.251699686392 ,  0.0            
      4574,  -11.9583220926 ,  4.713933831212 ,  0.0            
      4575,  -1.61547903771 ,  15.095535559524,  0.0            
      4576,  -13.39888448677,  3.3054453751843,  0.0            
      4577,  -2.477307901095,  14.241981325987,  0.0            
      4578,  -2.969612860727,  13.782510793798,  0.0            
      4579,  -13.60012411368,  3.1222410021238,  0.0            
      4580,  -10.6498652955 ,  6.075654861241 ,  0.0            
      4581,  -1.419034684654,  15.313981042916,  0.0            
      4582,  -13.80064594961,  2.9375589402204,  0.0            
      4583,  -11.71168047362,  5.0351764643378,  0.0            
      4584,  -1.220309056852,  15.536026405363,  0.0            
      4585,  -14.00087378566,  2.7514559985284,  0.0            
      4586,  -12.18553871714,  4.5593904951395,  0.0            
      4587,  -10.86212720395,  5.8977716971416,  0.0            
      4588,  -2.314421034338,  14.437478804892,  0.0            
      4589,  -14.20089019125,  2.5639504592726,  0.0            
      4590,  -1.018227776673,  15.753782652052,  0.0            
      4591,  -14.40083267772,  2.3750516377656,  0.0            
      4592,  -11.07184149083,  5.7193894270355,  0.0            
      4593,  -0.810647292863,  15.968327655137,  0.0            
      4594,  -14.60068788022,  2.1847599916832,  0.0            
      4595,  -2.809761704175,  13.997670303011,  0.0            
      4596,  -0.603455729686,  16.180919845794,  0.0            
      4597,  -12.39575400948,  4.3919463782182,  0.0            
      4598,  -0.399441844348,  16.39048015748 ,  0.0            
      4599,  -14.80042869602,  1.9930760174425,  0.0            
      4600,  -0.198126674386,  16.59655687089 ,  0.0            
      4601,  -2.142228565884,  14.630526707824,  0.0            
      4602,  -11.28131371892,  5.5441325141662,  0.0            
      4603,  -12.59752392472,  4.2173794016086,  0.0            
      4604,  -3.156330689922,  13.732321980841,  0.0            
      4605,  -12.79717141152,  4.0396179665824,  0.0            
      4606,  -1.976253479933,  14.860491603915,  0.0            
      4607,  -10.21672607381,  6.6262859431571,  0.0            
      4608,  -11.49318190357,  5.3775961933358,  0.0            
      4609,  -2.654465972426,  14.209534943143,  0.0            
      4610,  -12.99701892597,  3.8606868783021,  0.0            
      4611,  -11.94277038161,  4.8935468514542,  0.0            
      4612,  -13.19805461088,  3.6808834475198,  0.0            
      4613,  -10.43458518503,  6.4524217003089,  0.0            
      4614,  -1.821642036126,  15.08576971119 ,  0.0            
      4615,  -13.39915140275,  3.4998468280516,  0.0            
      4616,  -2.494673506826,  14.414241574585,  0.0            
      4617,  -2.990861345367,  13.952968505083,  0.0            
      4618,  -1.62336896451 ,  15.300141704045,  0.0            
      4619,  -13.6001753084 ,  3.3173620748388,  0.0            
      4620,  -11.71117445549,  5.2231774991281,  0.0            
      4621,  -12.17350576432,  4.7430372708588,  0.0            
      4622,  -13.8006470875 ,  3.1333908340761,  0.0            
      4623,  -10.65182270276,  6.2773627801119,  0.0            
      4624,  -1.423220714316,  15.523034194754,  0.0            
      4625,  -14.00087178766,  2.9479876515584,  0.0            
      4626,  -1.223148876986,  15.747591215567,  0.0            
      4627,  -14.20088944254,  2.7611773665439,  0.0            
      4628,  -10.86662269209,  6.1006397692902,  0.0            
      4629,  -3.3436829551  ,  13.67905139295 ,  0.0            
      4630,  -2.326221439913,  14.608950634602,  0.0            
      4631,  -14.40083267772,  2.5729726075794,  0.0            
      4632,  -1.012702042218,  15.962447472226,  0.0            
      4633,  -12.39136467294,  4.5800777707187,  0.0            
      4634,  -14.60068788022,  2.3833745363817,  0.0            
      4635,  -0.801988795342,  16.175923095939,  0.0            
      4636,  -2.832221898915,  14.171076172324,  0.0            
      4637,  -0.596879450421,  16.386948989973,  0.0            
      4638,  -14.80042869602,  2.1923836191868,  0.0            
      4639,  -0.395291221851,  16.594259432996,  0.0            
      4640,  -11.07830392474,  5.9227880648688,  0.0            
      4641,  -0.196361519125,  16.798485677477,  0.0            
      4642,  -12.59777499305,  4.4081583525833,  0.0            
      4643,  -2.152952991501,  14.799036890679,  0.0            
      4644,  -11.28834635629,  5.7465241573195,  0.0            
      4645,  -12.79876230855,  4.2318576877302,  0.0            
      4646,  -11.93544910175,  5.0761581083963,  0.0            
      4647,  -10.21582538181,  6.8264011594228,  0.0            
      4648,  -3.173816956456,  13.904647916686,  0.0            
      4649,  -12.9984816191 ,  4.0537403042633,  0.0            
      4650,  -2.673179142217,  14.384483010426,  0.0            
      4651,  -11.49909291421,  5.5761399711906,  0.0            
      4652,  -13.19888720326,  3.874615688297 ,  0.0            
      4653,  -2.037442414997,  15.078623220274,  0.0            
      4654,  -10.43348427304,  6.6529519234734,  0.0            
      4655,  -13.39950904012,  3.6942577269795,  0.0            
      4656,  -3.531366959532,  13.623129564928,  0.0            
      4657,  -1.829614543211,  15.289668547278,  0.0            
      4658,  -12.16312932837,  4.9265619746038,  0.0            
      4659,  -11.71377189372,  5.4153610483623,  0.0            
      4660,  -13.60027384771,  3.5124832529872,  0.0            
      4661,  -3.011243123691,  14.127788424349,  0.0            
      4662,  -2.507652241965,  14.589694872672,  0.0            
      4663,  -13.80066396277,  3.3292198600681,  0.0            
      4664,  -1.627385904551,  15.505137756332,  0.0            
      4665,  -2.172966370032,  14.944189453597,  0.0            
      4666,  -10.65185127292,  6.478721232134 ,  0.0            
      4667,  -14.00087210085,  3.1445184956948,  0.0            
      4668,  -1.427443385874,  15.736917233188,  0.0            
      4669,  -14.20088888402,  2.9584040213139,  0.0            
      4670,  -12.38462194933,  4.7673011785482,  0.0            
      4671,  -14.40083267772,  2.7708935773932,  0.0            
      4672,  -1.217695832914,  15.959957471617,  0.0            
      4673,  -3.358108719946,  13.853721199793,  0.0            
      4674,  -2.335452547785,  14.779680738251,  0.0            
      4675,  -10.86913016044,  6.3030127887844,  0.0            
      4676,  -0.997984351335,  16.172882143144,  0.0            
      4677,  -14.60068788022,  2.5819890810802,  0.0            
      4678,  -0.792332701674,  16.3845219067  ,  0.0            
      4679,  -0.590809296169,  16.592810056797,  0.0            
      4680,  -14.80042869602,  2.391691220931 ,  0.0            
      4681,  -2.851202585187,  14.347933944414,  0.0            
      4682,  -0.391936831448,  16.79794170257 ,  0.0            
      4683,  -0.195285629061,  17.000117645501,  0.0            
      4684,  -12.59594110092,  4.5985788538954,  0.0            
      4685,  -11.93346182258,  5.2626568960664,  0.0            
      4686,  -11.08353332628,  6.1260007011747,  0.0            
      4687,  -12.79938516852,  4.424011691605 ,  0.0            
      4688,  -3.718930950342,  13.564937411537,  0.0            
      4689,  -11.29518995793,  5.9492856860332,  0.0            
      4690,  -10.21474738614,  7.0263523981614,  0.0            
      4691,  -12.99964657878,  4.2468348958841,  0.0            
      4692,  -3.191895788444,  14.081112452923,  0.0            
      4693,  -2.686958938522,  14.563176307081,  0.0            
      4694,  -13.19968286362,  4.068366538606 ,  0.0            
      4695,  -11.50590310799,  5.7763969076377,  0.0            
      4696,  -10.43175615688,  6.8533799269936,  0.0            
      4697,  -12.15696839259,  5.1113534350499,  0.0            
      4698,  -13.39991063845,  3.8886796335322,  0.0            
      4699,  -2.324249571486,  14.956907334984,  0.0            
      4700,  -3.543458636888,  13.800944533251,  0.0            
      4701,  -13.60040905699,  3.7075998877657,  0.0            
      4702,  -11.71846805228,  5.6106637349468,  0.0            
      4703,  -1.83271085535 ,  15.493035952015,  0.0            
      4704,  -13.80069826781,  3.5250460018083,  0.0            
      4705,  -3.029708924551,  14.306248033747,  0.0            
      4706,  -2.036354503494,  15.289613347924,  0.0            
      4707,  -2.513225981492,  14.767620408788,  0.0            
      4708,  -10.65029964323,  6.6797636994178,  0.0            
      4709,  -14.00087604269,  3.3410469700875,  0.0            
      4710,  -1.632605153833,  15.708068198935,  0.0            
      4711,  -12.37829621082,  4.9541763269405,  0.0            
      4712,  -14.20088891786,  3.1556302304567,  0.0            
      4713,  -3.906078661745,  13.504650014218,  0.0            
      4714,  -1.431200159756,  15.960975897574,  0.0            
      4715,  -14.40083268699,  2.9688144139621,  0.0            
      4716,  -11.93469523881,  5.4526727094617,  0.0            
      4717,  -1.190615889191,  16.17414173102 ,  0.0            
      4718,  -10.86922988419,  6.5049627647044,  0.0            
      4719,  -14.60068788022,  2.7806036257787,  0.0            
      4720,  -3.373889318281,  14.03241153373 ,  0.0            
      4721,  -0.984319541144,  16.38455444279 ,  0.0            
      4722,  -0.784586838782,  16.592664319365,  0.0            
      4723,  -14.80042869602,  2.5909988226753,  0.0            
      4724,  -0.586317434771,  16.798185437933,  0.0            
      4725,  -0.390036747199,  17.000827499003,  0.0            
      4726,  -12.59270529212,  4.7884514135408,  0.0            
      4727,  -2.865810006049,  14.528740457385,  0.0            
      4728,  -0.195083868271,  17.201376974102,  0.0            
      4729,  -12.79897118571,  4.6159671252286,  0.0            
      4730,  -2.262818361564,  15.131178662526,  0.0            
      4731,  -11.08649863415,  6.3287084334378,  0.0            
      4732,  -3.729297127716,  13.746958489386,  0.0            
      4733,  -13.00043195515,  4.4398917602787,  0.0            
      4734,  -10.21349927532,  7.2260012020278,  0.0            
      4735,  -11.30080245842,  6.1521318916794,  0.0            
      4736,  -3.209278515162,  14.261343583331,  0.0            
      4737,  -13.20042848819,  4.262131302856 ,  0.0            
      4738,  -12.15444450174,  5.2983131181017,  0.0            
      4739,  -2.692783285928,  14.744370114222,  0.0            
      4740,  -2.501468444037,  14.949554430418,  0.0            
      4741,  -13.40034229558,  4.0830939838399,  0.0            
      4742,  -10.42972406973,  7.0534936033394,  0.0            
      4743,  -11.51270381188,  5.9775824507571,  0.0            
      4744,  -4.092416851897,  13.442235352525,  0.0            
      4745,  -13.60057248893,  3.9027095411756,  0.0            
      4746,  -3.557122774464,  13.982668455065,  0.0            
      4747,  -13.80074861939,  3.7208625365196,  0.0            
      4748,  -10.64788536458,  6.8806511036145,  0.0            
      4749,  -11.72444409701,  5.8082980581361,  0.0            
      4750,  -3.044868393293,  14.488827549128,  0.0            
      4751,  -12.37404775175,  5.1414824029909,  0.0            
      4752,  -2.038264801668,  15.491364503342,  0.0            
      4753,  -14.00088436142,  3.5375717274656,  0.0            
      4754,  -1.840724239021,  15.692168083092,  0.0            
      4755,  -2.244037205289,  15.308706921193,  0.0            
      4756,  -14.20088997596,  3.3528544636729,  0.0            
      4757,  -1.654081839889,  15.899103814496,  0.0            
      4758,  -14.40083273381,  3.1667349291553,  0.0            
      4759,  -3.915306397337,  13.692019119157,  0.0            
      4760,  -1.370685764188,  16.195257815388,  0.0            
      4761,  -10.86735230469,  6.7064925864115,  0.0            
      4762,  -14.60068789023,  2.9792180752125,  0.0            
      4763,  -1.172496269871,  16.390745085055,  0.0            
      4764,  -11.93820995669,  5.6455681438027,  0.0            
      4765,  -0.975630149783,  16.595174147933,  0.0            
      4766,  -12.58939172732,  4.9779600014572,  0.0            
      4767,  -0.779552748888,  16.799632227249,  0.0            
      4768,  -14.80042869602,  2.7903064244195,  0.0            
      4769,  -3.389854998198,  14.214885931097,  0.0            
      4770,  -0.584092464118,  17.002138953223,  0.0            
      4771,  -0.389888944797,  17.202887908619,  0.0            
      4772,  -0.195654360981,  17.401950936494,  0.0            
      4773,  -2.873562668601,  14.712215475211,  0.0            
      4774,  -12.7978492084 ,  4.8076027688844,  0.0            
      4775,  -1.565289205911,  16.103379726255,  0.0            
      4776,  -4.277724323773,  13.377314419158,  0.0            
      4777,  -2.471129700346,  15.131069393444,  0.0            
      4778,  -11.08670964846,  6.5309419092152,  0.0            
      4779,  -2.686347867147,  14.928808036928,  0.0            
      4780,  -13.00082229184,  4.6328475923512,  0.0            
      4781,  -12.15465309667,  5.4876853274111,  0.0            
      4782,  -10.21197140187,  7.4249024552665,  0.0            
      4783,  -3.74111866572 ,  13.932677059646,  0.0            
      4784,  -13.20114614437,  4.4558695630463,  0.0            
      4785,  -3.224473685879,  14.44583741205 ,  0.0            
      4786,  -11.30406855615,  6.354541445005 ,  0.0            
      4787,  -13.40084308979,  4.2775014547894,  0.0            
      4788,  -10.42734792353,  7.2531396513633,  0.0            
      4789,  -13.60078435423,  4.0977972033585,  0.0            
      4790,  -11.51838091354,  6.1792288036392,  0.0            
      4791,  -4.101015659147,  13.635953452718,  0.0            
      4792,  -13.80081976266,  3.9166658557539,  0.0            
      4793,  -12.37205287553,  5.3298052980202,  0.0            
      4794,  -3.571494555359,  14.168056205091,  0.0            
      4795,  -10.6451475479 ,  7.0811376090262,  0.0            
      4796,  -14.00089865419,  3.7340859378508,  0.0            
      4797,  -3.054671155041,  14.674278357413,  0.0            
      4798,  -11.73068696695,  6.0072953011234,  0.0            
      4799,  -2.046489717838,  15.688610427324,  0.0            
      4800,  -2.244407413842,  15.496977354339,  0.0            
      4801,  -4.461814312517,  13.309189740934,  0.0            
      4802,  -14.20089259361,  3.5500751937382,  0.0            
      4803,  -1.861491437463,  15.886820010782,  0.0            
      4804,  -2.453920416999,  15.3119523201  ,  0.0            
      4805,  -14.40083294905,  3.3646538297247,  0.0            
      4806,  -1.716560841176,  16.085948031217,  0.0            
      4807,  -1.547646739862,  16.261808906012,  0.0            
      4808,  -10.86442770285,  6.907914782906 ,  0.0            
      4809,  -1.356501774671,  16.411367472819,  0.0            
      4810,  -14.60068794028,  3.1778322812524,  0.0            
      4811,  -1.164729046449,  16.602975372062,  0.0            
      4812,  -12.58695420542,  5.1674958752525,  0.0            
      4813,  -2.872554143452,  14.898480742542,  0.0            
      4814,  -3.925626055934,  13.882729237281,  0.0            
      4815,  -11.94318948076,  5.8408353226498,  0.0            
      4816,  -0.971156268601,  16.80330515796 ,  0.0            
      4817,  -14.80042870579,  2.989613974004 ,  0.0            
      4818,  -0.777580693073,  17.00442540191 ,  0.0            
      4819,  -0.58439296752 ,  17.204728902258,  0.0            
      4820,  -2.670596782854,  15.113177548713,  0.0            
      4821,  -0.39124647337 ,  17.40365943726 ,  0.0            
      4822,  -0.196729913468,  17.60192649631 ,  0.0            
      4823,  -3.404647415763,  14.401659190997,  0.0            
      4824,  -12.7966168196 ,  4.9989640982639,  0.0            
      4825,  -11.0846395916 ,  6.7326239182502,  0.0            
      4826,  -13.00093287493,  4.8256259359688,  0.0            
      4827,  -10.21001896128,  7.6226512901977,  0.0            
      4828,  -4.286221427489,  13.577935648778,  0.0            
      4829,  -12.15703924288,  5.6792095905572,  0.0            
      4830,  -13.20185901676,  4.6495596308889,  0.0            
      4831,  -3.753911326107,  14.121748000426,  0.0            
      4832,  -11.3044545106 ,  6.5564265979618,  0.0            
      4833,  -3.235785123415,  14.633310897795,  0.0            
      4834,  -13.40148120298,  4.4718830832004,  0.0            
      4835,  -4.644706414188,  13.236965395481,  0.0            
      4836,  -10.42426779685,  7.4517491768391,  0.0            
      4837,  -13.60111109683,  4.2928667675247,  0.0            
      4838,  -12.37207051462,  5.5195423244819,  0.0            
      4839,  -13.80094096308,  4.1124429864055,  0.0            
      4840,  -11.52180545635,  6.3805860852639,  0.0            
      4841,  -10.6419171605 ,  7.2810836597715,  0.0            
      4842,  -4.110212459576,  13.83249923434 ,  0.0            
      4843,  -3.058074043395,  14.862328849392,  0.0            
      4844,  -14.00092763096,  3.9305857443255,  0.0            
      4845,  -3.585498170283,  14.357607597502,  0.0            
      4846,  -2.251301494429,  15.688003556166,  0.0            
      4847,  -14.20089870897,  3.7472863169037,  0.0            
      4848,  -11.73604966856,  6.2071066780523,  0.0            
      4849,  -2.063199584074,  15.883265919677,  0.0            
      4850,  -2.450899675111,  15.495235180095,  0.0            
      4851,  -2.65896767359 ,  15.297080796208,  0.0            
      4852,  -14.40083374392,  3.5625696873882,  0.0            
      4853,  -1.895881944752,  16.080868554068,  0.0            
      4854,  -2.865463676968,  15.085068138814,  0.0            
      4855,  -10.86131566563,  7.1090528960676,  0.0            
      4856,  -1.731798459901,  16.278061287861,  0.0            
      4857,  -1.542526467588,  16.446883151896,  0.0            
      4858,  -4.470860500279,  13.516494285553,  0.0            
      4859,  -14.60068816071,  3.3764452859205,  0.0            
      4860,  -12.58574291878,  5.3573783873563,  0.0            
      4861,  -4.826263992841,  13.159593088924,  0.0            
      4862,  -1.352378274388,  16.619165640004,  0.0            
      4863,  -1.162078657276,  16.810682685294,  0.0            
      4864,  -0.970338889098,  17.008380257432,  0.0            
      4865,  -14.80042874994,  3.1889213819591,  0.0            
      4866,  -0.77873355804 ,  17.207211823365,  0.0            
      4867,  -11.94863289835,  6.037578704479 ,  0.0            
      4868,  -0.586785146221,  17.405473800008,  0.0            
      4869,  -0.393563852123,  17.603395519253,  0.0            
      4870,  -3.936917231846,  14.076288254406,  0.0            
      4871,  -0.198133771172,  17.801254574574,  0.0            
      4872,  -12.79575564508,  5.190219284102 ,  0.0            
      4873,  -3.416892956248,  14.591352916682,  0.0            
      4874,  -11.08136684287,  6.9343069153654,  0.0            
      4875,  -13.00097426787,  5.0182338639053,  0.0            
      4876,  -10.20694520747,  7.8180405273154,  0.0            
      4877,  -12.16092523588,  5.8727241936792,  0.0            
      4878,  -13.20258259692,  4.8431589145372,  0.0            
      4879,  -5.006569850347,  13.074026618435,  0.0            
      4880,  -11.30242102496,  6.757465231067 ,  0.0            
      4881,  -4.294627150858,  13.780831284832,  0.0            
      4882,  -3.242500662904,  14.823277423721,  0.0            
      4883,  -3.766953847394,  14.314621302909,  0.0            
      4884,  -13.40229336815,  4.6662416227399,  0.0            
      4885,  -10.42021300951,  7.6492025699717,  0.0            
      4886,  -13.60164314244,  4.4879105230305,  0.0            
      4887,  -12.3738487154 ,  5.7106303141028,  0.0            
      4888,  -13.80118101085,  4.3081984342611,  0.0            
      4889,  -11.52244759038,  6.5813904369887,  0.0            
      4890,  -4.655349677634,  13.449828506461,  0.0            
      4891,  -3.056964789591,  15.051022310527,  0.0            
      4892,  -10.63700792293,  7.479871602148 ,  0.0            
      4893,  -5.187033057325,  12.977989216914,  0.0            
      4894,  -14.00100106286,  4.1270598123311,  0.0            
      4895,  -4.120134344717,  14.031248391106,  0.0            
      4896,  -3.598124770151,  14.549824171046,  0.0            
      4897,  -14.20091635148,  3.9444840329184,  0.0            
      4898,  -2.655847417829,  15.481225010122,  0.0            
      4899,  -2.859216468759,  15.271505201385,  0.0            
      4900,  -2.455893815538,  15.682077880063,  0.0            
      4901,  -2.264737024113,  15.87942609333 ,  0.0            
      4902,  -2.086217139561,  16.077459206378,  0.0            
      4903,  -11.7394513274 ,  6.406834244051 ,  0.0            
      4904,  -14.40083686118,  3.7604773630582,  0.0            
      4905,  -10.85788382612,  7.309733592229 ,  0.0            
      4906,  -1.915530334655,  16.27575913575 ,  0.0            
      4907,  -12.58585946967,  5.5479391886548,  0.0            
      4908,  -1.732020800091,  16.465391340094,  0.0            
      4909,  -14.60068890661,  3.5750559043322,  0.0            
      4910,  -1.542527300973,  16.640937860444,  0.0            
      4911,  -1.352827625442,  16.822612199304,  0.0            
      4912,  -1.163185701784,  17.014709209976,  0.0            
      4913,  -14.80042893849,  3.3882281063263,  0.0            
      4914,  -0.972907462735,  17.210755367523,  0.0            
      4915,  -0.782368794293,  17.407669514492,  0.0            
      4916,  -12.79552814934,  5.381525015617 ,  0.0            
      4917,  -5.368358410084,  12.881182697449,  0.0            
      4918,  -0.590469920591,  17.604827808252,  0.0            
      4919,  -11.95346213666,  6.2353224283738,  0.0            
      4920,  -0.396475837772,  17.802063437761,  0.0            
      4921,  -4.478823131664,  13.725712272653,  0.0            
      4922,  -3.426052551845,  14.783397942564,  0.0            
      4923,  -11.07812954846,  7.1362123611602,  0.0            
      4924,  -4.840256529113,  13.376830254543,  0.0            
      4925,  -3.948884140647,  14.273062583013,  0.0            
      4926,  -13.00114625416,  5.2107278719143,  0.0            
      4927,  -10.20077372381,  8.0097386835054,  0.0            
      4928,  -13.20333937978,  5.0366718139472,  0.0            
      4929,  -12.16541482497,  6.0675452600726,  0.0            
      4930,  -11.29905438477,  6.9582032298679,  0.0            
      4931,  -3.245851240845,  15.014039886466,  0.0            
      4932,  -13.40324871895,  4.8605559222691,  0.0            
      4933,  -5.54941253709 ,  12.786138912   ,  0.0            
      4934,  -10.41438193661,  7.8445983444209,  0.0            
      4935,  -3.779625836369,  14.509695736094,  0.0            
      4936,  -13.6024251401 ,  4.6829430967924,  0.0            
      4937,  -4.30309534417 ,  13.985353938826,  0.0            
      4938,  -5.02403520208 ,  13.291706720059,  0.0            
      4939,  -3.055475292932,  15.239723705672,  0.0            
      4940,  -12.37690784091,  5.9031186695663,  0.0            
      4941,  -13.80162840359,  4.5039292267202,  0.0            
      4942,  -11.52076771205,  6.7809296112757,  0.0            
      4943,  -10.62972074753,  7.6778946790471,  0.0            
      4944,  -14.00118202154,  4.3235122045392,  0.0            
      4945,  -2.857852267246,  15.457626646748,  0.0            
      4946,  -2.659842607898,  15.667206110431,  0.0            
      4947,  -14.20097049149,  4.1416585117897,  0.0            
      4948,  -4.66332474738 ,  13.664722294515,  0.0            
      4949,  -2.466976368452,  15.870485505234,  0.0            
      4950,  -3.609013669343,  14.744128204001,  0.0            
      4951,  -5.729159430967,  12.690805954719,  0.0            
      4952,  -11.74040538897,  6.6060927183229,  0.0            
      4953,  -2.282773551882,  16.071394775189,  0.0            
      4954,  -14.40084876971,  3.9583732153522,  0.0            
      4955,  -4.131006801491,  14.23246359625 ,  0.0            
      4956,  -10.85095492836,  7.5088892557958,  0.0            
      4957,  -5.207064133326,  13.181185148877,  0.0            
      4958,  -2.104961312878,  16.271482387459,  0.0            
      4959,  -12.58727693683,  5.7392170820197,  0.0            
      4960,  -1.924140232605,  16.468355154559,  0.0            
      4961,  -14.60069149098,  3.7736601634182,  0.0            
      4962,  -1.735396936076,  16.655433757443,  0.0            
      4963,  -1.545919264247,  16.836697831464,  0.0            
      4964,  -1.356480198998,  17.023383964761,  0.0            
      4965,  -14.80042951571,  3.5875333942602,  0.0            
      4966,  -1.167523634832,  17.215650114659,  0.0            
      4967,  -12.79608730562,  5.5730804274592,  0.0            
      4968,  -0.978038340024,  17.41049442936 ,  0.0            
      4969,  -0.78748473085 ,  17.606436057281,  0.0            
      4970,  -0.594897988441,  17.802829024385,  0.0            
      4971,  -11.95671390777,  6.4331697659706,  0.0            
      4972,  -3.432885616347,  14.976207190396,  0.0            
      4973,  -11.07598181441,  7.3391224790319,  0.0            
      4974,  -13.001610278  ,  5.4031826205944,  0.0            
      4975,  -10.17522995991,  8.199723190601 ,  0.0            
      4976,  -3.961355712566,  14.471365313414,  0.0            
      4977,  -4.485331096782,  13.936531091096,  0.0            
      4978,  -5.908312280523,  12.593510520528,  0.0            
      4979,  -5.393694965201,  13.078132550557,  0.0            
      4980,  -13.20416852356,  5.2301108070896,  0.0            
      4981,  -4.850582717326,  13.596837234982,  0.0            
      4982,  -12.16956348081,  6.2633403668149,  0.0            
      4983,  -3.248501269011,  15.204877735537,  0.0            
      4984,  -11.29571787945,  7.1589879937414,  0.0            
      4985,  -13.40428727995,  5.0548332424733,  0.0            
      4986,  -10.40129139006,  8.0379246082485,  0.0            
      4987,  -10.09910443112,  8.3797022024031,  0.0            
      4988,  -13.60341157424,  4.8779555184331,  0.0            
      4989,  -3.056837411589,  15.428019270623,  0.0            
      4990,  -3.791760683596,  14.706436509677,  0.0            
      4991,  -12.38055035006,  6.0965746578234,  0.0            
      4992,  -11.5178668512 ,  6.9792140368244,  0.0            
      4993,  -13.80232553524,  4.6996535085112,  0.0            
      4994,  -4.312730464041,  14.19158084114 ,  0.0            
      4995,  -2.862210001606,  15.644423053276,  0.0            
      4996,  -6.087543191009,  12.493950209587,  0.0            
      4997,  -10.62055450216,  7.8745960678914,  0.0            
      4998,  -14.00154948535,  4.5199421905167,  0.0            
      4999,  -5.578642407154,  12.984577502849,  0.0            
      5000,  -2.669841951715,  15.854371450701,  0.0            
      5001,  -5.04620292412 ,  13.520130684115,  0.0            
      5002,  -10.00350693662,  8.5523408343952,  0.0            
      5003,  -14.2011126717 ,  4.3388128464224,  0.0            
      5004,  -11.73936839499,  6.8039502150443,  0.0            
      5005,  -2.482626692143,  16.06014609015 ,  0.0            
      5006,  -3.618600315442,  14.938991104423,  0.0            
      5007,  -14.40088866606,  4.1562489450756,  0.0            
      5008,  -12.58970437344,  5.9313321228507,  0.0            
      5009,  -10.8376581003 ,  7.7075564288072,  0.0            
      5010,  -2.300656565956,  16.263396087139,  0.0            
      5011,  -2.118241079574,  16.464170746818,  0.0            
      5012,  -4.665937887145,  13.882896560958,  0.0            
      5013,  -14.60070036897,  3.9722547457694,  0.0            
      5014,  -1.93155009978 ,  16.659340733284,  0.0            
      5015,  -9.900464778315,  8.7231174687685,  0.0            
      5016,  -4.143176942559,  14.434365255894,  0.0            
      5017,  -1.741311414343,  16.846835003398,  0.0            
      5018,  -1.551805350292,  17.03267693556 ,  0.0            
      5019,  -12.79747798139,  5.7649512680082,  0.0            
      5020,  -14.80043128665,  3.7868348599005,  0.0            
      5021,  -1.362783986352,  17.221649244366,  0.0            
      5022,  -6.268285059418,  12.392060796611,  0.0            
      5023,  -1.174210797614,  17.414040671544,  0.0            
      5024,  -0.984638967122,  17.608348527399,  0.0            
      5025,  -0.793395245724,  17.803662816757,  0.0            
      5026,  -11.95797216792,  6.6307195956249,  0.0            
      5027,  -5.244717978086,  13.36705043091 ,  0.0            
      5028,  -11.06895375109,  7.5402372014248,  0.0            
      5029,  -3.439154849334,  15.169088978827,  0.0            
      5030,  -5.76195426877 ,  12.892643945402,  0.0            
      5031,  -13.00250436467,  5.5956976045337,  0.0            
      5032,  -9.792834960421,  8.8932924448534,  0.0            
      5033,  -13.20513169147,  5.4235121578729,  0.0            
      5034,  -3.974392774947,  14.670740110952,  0.0            
      5035,  -3.25296479085 ,  15.395296284343,  0.0            
      5036,  -11.29483798542,  7.3627780169731,  0.0            
      5037,  -12.17256112293,  6.4593463524256,  0.0            
      5038,  -4.493418975759,  14.148521859191,  0.0            
      5039,  -13.40537546959,  5.2490715077024,  0.0            
      5040,  -10.36732292697,  8.2269978310737,  0.0            
      5041,  -3.06269892188 ,  15.616296988655,  0.0            
      5042,  -5.432891831655,  13.269395718138,  0.0            
      5043,  -13.60451286298,  5.0729569731492,  0.0            
      5044,  -9.681484976423,  9.0641818535638,  0.0            
      5045,  -6.452562477093,  12.288818215741,  0.0            
      5046,  -4.843785420141,  13.825240564013,  0.0            
      5047,  -2.872259355169,  15.831748743906,  0.0            
      5048,  -5.945364031553,  12.799371344079,  0.0            
      5049,  -11.51534102014,  7.1751374715669,  0.0            
      5050,  -12.38404208803,  6.2908071190194,  0.0            
      5051,  -13.8032264048 ,  4.8953682173615,  0.0            
      5052,  -3.803562823795,  14.903378471338,  0.0            
      5053,  -6.745550486278,  11.987819004535,  0.0            
      5054,  -10.60359064961,  8.0692387080646,  0.0            
      5055,  -14.00214082796,  4.7163679514182,  0.0            
      5056,  -10.29971436171,  8.4094478044226,  0.0            
      5057,  -4.32456822802 ,  14.397512958273,  0.0            
      5058,  -2.684677966876,  16.042651391826,  0.0            
      5059,  -9.567285470903,  9.2368377003755,  0.0            
      5060,  -5.182577292833,  13.613563866828,  0.0            
      5061,  -14.2014068976 ,  4.5359473970266,  0.0            
      5062,  -11.73745702116,  7.0001164262417,  0.0            
      5063,  -12.59264310864,  6.1240642731132,  0.0            
      5064,  -10.82451496602,  7.9059256046356,  0.0            
      5065,  -14.40099550324,  4.3541065675951,  0.0            
      5066,  -2.500086111711,  16.250332477523,  0.0            
      5067,  -3.628021088718,  15.133835783903,  0.0            
      5068,  -2.31658071727 ,  16.455104909924,  0.0            
      5069,  -5.616484873766,  13.182205876696,  0.0            
      5070,  -14.60072838307,  4.1708330212392,  0.0            
      5071,  -2.129800859811,  16.655442608266,  0.0            
      5072,  -1.939936123452,  16.849738335155,  0.0            
      5073,  -12.79954419671,  5.9572443732857,  0.0            
      5074,  -6.888590678316,  11.93114573027 ,  0.0            
      5075,  -10.2097165374 ,  8.5854492317878,  0.0            
      5076,  -6.129718685811,  12.704576456231,  0.0            
      5077,  -6.647733324578,  12.192309420226,  0.0            
      5078,  -5.012145806249,  13.784234560407,  0.0            
      5079,  -1.748917389588,  17.039232393421,  0.0            
      5080,  -9.451282673987,  9.4138730652937,  0.0            
      5081,  -14.80043658817,  3.9861300976337,  0.0            
      5082,  -1.559647213912,  17.227613236429,  0.0            
      5083,  -1.370971507986,  17.418047807611,  0.0            
      5084,  -4.156924044243,  14.636598078042,  0.0            
      5085,  -11.9576634536 ,  6.8270810803082,  0.0            
      5086,  -1.182193141345,  17.610579484372,  0.0            
      5087,  -0.991983608231,  17.804619695197,  0.0            
      5088,  -11.04257224952,  7.7392541246689,  0.0            
      5089,  -4.671767613675,  14.101837174281,  0.0            
      5090,  -3.446775358762,  15.361512700415,  0.0            
      5091,  -13.00389546073,  5.7883332656681,  0.0            
      5092,  -9.133928489976,  9.7004421283229,  0.0            
      5093,  -5.32049969839 ,  13.535790383776,  0.0            
      5094,  -13.20630295867,  5.6169174404439,  0.0            
      5095,  -3.261060441918,  15.585322144048,  0.0            
      5096,  -10.10866883402,  8.7588306241555,  0.0            
      5097,  -11.29719440786,  7.5746887010834,  0.0            
      5098,  -12.17406417282,  6.655217156845 ,  0.0            
      5099,  -13.40652369333,  5.4432900998962,  0.0            
      5100,  -3.988027875161,  14.86980933501 ,  0.0            
      5101,  -7.0489996333  ,  11.836341408075,  0.0            
      5102,  -5.799673235214,  13.095819561812,  0.0            
      5103,  -3.073765865734,  15.804602785944,  0.0            
      5104,  -6.316300375972,  12.608885992649,  0.0            
      5105,  -9.064987170576,  9.8419953364519,  0.0            
      5106,  -13.60566393256,  5.267941524228 ,  0.0            
      5107,  -4.505033826088,  14.359066950256,  0.0            
      5108,  -11.51605875312,  7.3679223955252,  0.0            
      5109,  -12.38676443371,  6.4852631374061,  0.0            
      5110,  -13.8042408983 ,  5.0910827905288,  0.0            
      5111,  -10.00191468696,  8.9314122624282,  0.0            
      5112,  -7.812057232211,  11.214034098783,  0.0            
      5113,  -7.21217752206 ,  11.730221603713,  0.0            
      5114,  -2.887261460562,  16.019640999664,  0.0            
      5115,  -5.182053570177,  13.786638321055,  0.0            
      5116,  -10.5669421885 ,  8.2590813230929,  0.0            
      5117,  -3.815693328529,  15.100119600716,  0.0            
      5118,  -14.00291503429,  4.9127895741574,  0.0            
      5119,  -5.48490157578 ,  13.459786196879,  0.0            
      5120,  -8.953825282464,  10.005415240264,  0.0            
      5121,  -4.847047926725,  14.05377226744 ,  0.0            
      5122,  -14.20188317548,  4.7330787757834,  0.0            
      5123,  -2.702274717273,  16.231567456322,  0.0            
      5124,  -9.341317121148,  9.6029698915494,  0.0            
      5125,  -7.37333399258 ,  11.621646110269,  0.0            
      5126,  -11.73642840737,  7.1931261778041,  0.0            
      5127,  -7.941434247247,  11.120053415327,  0.0            
      5128,  -12.59556197827,  6.3173187527326,  0.0            
      5129,  -4.339006859157,  14.602886245459,  0.0            
      5130,  -10.80585847144,  8.1023944164842,  0.0            
      5131,  -14.40121733448,  4.5519472801498,  0.0            
      5132,  -9.89131134208 ,  9.1053027758208,  0.0            
      5133,  -5.984303660225,  13.00773843779 ,  0.0            
      5134,  -3.638695923054,  15.328128676224,  0.0            
      5135,  -2.517579414621,  16.441171740947,  0.0            
      5136,  -10.50267397619,  8.4431544677318,  0.0            
      5137,  -2.331446163114,  16.646317387892,  0.0            
      5138,  -14.60080127128,  4.3693958644376,  0.0            
      5139,  -12.80197792326,  6.149879809658 ,  0.0            
      5140,  -6.871655810729,  12.158186729494,  0.0            
      5141,  -7.530933033572,  11.513355817907,  0.0            
      5142,  -2.140772616387,  16.845807237867,  0.0            
      5143,  -1.948559766361,  17.040568853133,  0.0            
      5144,  -6.505329151923,  12.515043040321,  0.0            
      5145,  -14.80045187105,  4.1854147559466,  0.0            
      5146,  -8.82823306532 ,  10.179080842619,  0.0            
      5147,  -1.757637718349,  17.231566732543,  0.0            
      5148,  -11.95683507318,  7.0219793155276,  0.0            
      5149,  -1.568886972682,  17.421770393929,  0.0            
      5150,  -11.02490836361,  7.9410107133135,  0.0            
      5151,  -1.380172050426,  17.612956347463,  0.0            
      5152,  -1.190796438638,  17.805690114872,  0.0            
      5153,  -13.00571150738,  5.9811601717915,  0.0            
      5154,  -8.096433152314,  11.013117583247,  0.0            
      5155,  -8.701795149496,  10.369029277121,  0.0            
      5156,  -3.457450175571,  15.553353038854,  0.0            
      5157,  -4.172118124378,  14.837891341556,  0.0            
      5158,  -9.779582076174,  9.2814026524666,  0.0            
      5159,  -5.659697768632,  13.382294042415,  0.0            
      5160,  -13.20772571614,  5.8103669427171,  0.0            
      5161,  -5.353577967636,  13.733487013876,  0.0            
      5162,  -4.683601938329,  14.31768451837 ,  0.0            
      5163,  -10.41672967481,  8.6214704881003,  0.0            
      5164,  -3.273846076118,  15.775038811804,  0.0            
      5165,  -5.019850200047,  14.014148857171,  0.0            
      5166,  -11.2353545584 ,  7.7865100497465,  0.0            
      5167,  -12.17441458636,  6.8502400204243,  0.0            
      5168,  -13.40776743726,  5.6375048693153,  0.0            
      5169,  -6.170800867982,  12.91843753125 ,  0.0            
      5170,  -8.261442029861,  10.895911627611,  0.0            
      5171,  -7.687271446203,  11.427333971642,  0.0            
      5172,  -4.002533738672,  15.068398245431,  0.0            
      5173,  -13.60684468692,  5.4629203714137,  0.0            
      5174,  -9.670143321611,  9.4610282854783,  0.0            
      5175,  -8.430201778031,  10.761989157114,  0.0            
      5176,  -3.089684461334,  15.992956603365,  0.0            
      5177,  -11.53648922998,  7.5506483404269,  0.0            
      5178,  -12.38845461465,  6.6796806985703,  0.0            
      5179,  -13.80530059526,  5.2867908394653,  0.0            
      5180,  -9.287075204776,  9.8206955361329,  0.0            
      5181,  -10.31831374597,  8.7970457440213,  0.0            
      5182,  -4.520322679886,  14.567962873831,  0.0            
      5183,  -6.698329087226,  12.432634746773,  0.0            
      5184,  -2.905454528538,  16.207824077166,  0.0            
      5185,  -14.003791512  ,  5.1092158522207,  0.0            
      5186,  -11.44184424793,  7.7292662586762,  0.0            
      5187,  -5.840154342777,  13.302107921016,  0.0            
      5188,  -3.829157808492,  15.296167529728,  0.0            
      5189,  -7.065731021679,  12.069584774043,  0.0            
      5190,  -14.20250796934,  4.9302090079966,  0.0            
      5191,  -11.74055050499,  7.382600594221 ,  0.0            
      5192,  -7.867460894502,  11.398583939644,  0.0            
      5193,  -12.59802185595,  6.5107533048361,  0.0            
      5194,  -6.359747995104,  12.829300764984,  0.0            
      5195,  -2.720811072883,  16.421409095003,  0.0            
      5196,  -10.76910887515,  8.2934513497348,  0.0            
      5197,  -8.609317294012,  10.60330619707 ,  0.0            
      5198,  -14.40157644467,  4.7497857066474,  0.0            
      5199,  -5.523141248925,  13.662698140362,  0.0            
      5200,  -5.195501416366,  13.984760746645,  0.0            
      5201,  -10.21298518544,  8.9711536503553,  0.0            
      5202,  -4.355677180739,  14.806554674305,  0.0            
      5203,  -3.652101741081,  15.521729621876,  0.0            
      5204,  -2.534914675636,  16.632932374311,  0.0            
      5205,  -12.80444807458,  6.3428186960847,  0.0            
      5206,  -14.60095063695,  4.5679450603127,  0.0            
      5207,  -4.860483490777,  14.27422533191 ,  0.0            
      5208,  -9.177651342512,  10.015900028437,  0.0            
      5209,  -2.345086831554,  16.83724214687 ,  0.0            
      5210,  -2.149732210352,  17.036409447349,  0.0            
      5211,  -11.95719241798,  7.2143405153069,  0.0            
      5212,  -14.80048970639,  4.3846886495498,  0.0            
      5213,  -1.957072925813,  17.231790501261,  0.0            
      5214,  -11.00695052398,  8.1387009942246,  0.0            
      5215,  -1.767347627899,  17.424019739485,  0.0            
      5216,  -7.247286515977,  11.972524305412,  0.0            
      5217,  -13.0077777926 ,  6.1741642290915,  0.0            
      5218,  -1.578905132531,  17.615054748837,  0.0            
      5219,  -9.572531314313,  9.6458046149644,  0.0            
      5220,  -1.389844832368,  17.806790735713,  0.0            
      5221,  -3.472321738714,  15.744663303585,  0.0            
      5222,  -10.70718892415,  8.4789994611454,  0.0            
      5223,  -6.024500979305,  13.219358905952,  0.0            
      5224,  -13.20937183485,  6.003898666444 ,  0.0            
      5225,  -4.188694924363,  15.038344279621,  0.0            
      5226,  -8.049961854203,  11.3139557291  ,  0.0            
      5227,  -10.10309433462,  9.1461874676816,  0.0            
      5228,  -12.174469742  ,  7.0442177229379,  0.0            
      5229,  -11.22153149917,  7.9877920493215,  0.0            
      5230,  -13.40913242144,  5.831739707863 ,  0.0            
      5231,  -9.060627460108,  10.203387605093,  0.0            
      5232,  -3.291208252765,  15.964468224533,  0.0            
      5233,  -7.422207236263,  11.876841119282,  0.0            
      5234,  -4.700249140283,  14.530293848648,  0.0            
      5235,  -5.698108448731,  13.589863729455,  0.0            
      5236,  -13.6080617685 ,  5.657898025865 ,  0.0            
      5237,  -11.42483367975,  7.8750938996156,  0.0            
      5238,  -6.898405949681,  12.370752328121,  0.0            
      5239,  -8.954954778576,  10.392058338886,  0.0            
      5240,  -5.372509161143,  13.935710203384,  0.0            
      5241,  -4.018559772352,  15.266103030039,  0.0            
      5242,  -12.38935688575,  6.8735592658941,  0.0            
      5243,  -6.55062179276 ,  12.743223037893,  0.0            
      5244,  -10.62464727572,  8.6592891325985,  0.0            
      5245,  -3.108947393238,  16.181241331508,  0.0            
      5246,  -13.80637781295,  5.4824995364448,  0.0            
      5247,  -5.036421031064,  14.232647019937,  0.0            
      5248,  -11.60359655254,  7.7354936077032,  0.0            
      5249,  -9.994215626954,  9.3231782133627,  0.0            
      5250,  -7.592228867435,  11.785291268142,  0.0            
      5251,  -14.0047076013 ,  5.3056408139404,  0.0            
      5252,  -6.211958451149,  13.13534393965 ,  0.0            
      5253,  -4.538501607982,  14.774232923224,  0.0            
      5254,  -2.925021194681,  16.396193503982,  0.0            
      5255,  -9.49453286541 ,  9.8378496420872,  0.0            
      5256,  -8.235026145135,  11.214987996568,  0.0            
      5257,  -3.845184139608,  15.491452975219,  0.0            
      5258,  -11.75925836696,  7.5688944290245,  0.0            
      5259,  -14.20321571231,  5.1273459185766,  0.0            
      5260,  -12.59983339553,  6.7041893189718,  0.0            
      5261,  -14.40204734199,  4.9476254651137,  0.0            
      5262,  -2.739605898037,  16.612830877984,  0.0            
      5263,  -9.890688943338,  9.5029230812743,  0.0            
      5264,  -10.52970712875,  8.8369145205686,  0.0            
      5265,  -12.80668578704,  6.5358818042228,  0.0            
      5266,  -14.60119096496,  4.7664927980443,  0.0            
      5267,  -2.552082536394,  16.826298999818,  0.0            
      5268,  -5.878924691632,  13.513838301074,  0.0            
      5269,  -7.760930911008,  11.696060977077,  0.0            
      5270,  -3.669287150832,  15.71466103945 ,  0.0            
      5271,  -11.96199360651,  7.4045432383898,  0.0            
      5272,  -2.353791491399,  17.028597616697,  0.0            
      5273,  -4.374190673588,  15.008947709472,  0.0            
      5274,  -14.80056543041,  4.5839534797043,  0.0            
      5275,  -2.156365021613,  17.227994155273,  0.0            
      5276,  -10.97195210579,  8.329809737007 ,  0.0            
      5277,  -13.00990703495,  6.3673308746957,  0.0            
      5278,  -1.966372008847,  17.423722818236,  0.0            
      5279,  -7.098442558724,  12.292181096607,  0.0            
      5280,  -1.777841858298,  17.616224788769,  0.0            
      5281,  -4.879113640734,  14.489489946756,  0.0            
      5282,  -5.550500272893,  13.871538690756,  0.0            
      5283,  -1.589292236579,  17.807725647113,  0.0            
      5284,  -5.21452247843 ,  14.191956780708,  0.0            
      5285,  -9.398584259512,  10.032533553354,  0.0            
      5286,  -13.21116305773,  6.1975195956349,  0.0            
      5287,  -6.40216881886 ,  13.051815949203,  0.0            
      5288,  -8.43018101916 ,  11.117568301917,  0.0            
      5289,  -3.491389047747,  15.935500009428,  0.0            
      5290,  -12.17556012147,  7.2364715577477,  0.0            
      5291,  -11.20655895014,  8.1811035574748,  0.0            
      5292,  -10.42614452048,  9.0122494519597,  0.0            
      5293,  -6.74442872701 ,  12.664099286237,  0.0            
      5294,  -13.41061102376,  6.026013057359 ,  0.0            
      5295,  -4.206998229353,  15.237674386528,  0.0            
      5296,  -7.940687501957,  11.604356515172,  0.0            
      5297,  -8.928290364463,  10.734080792867,  0.0            
      5298,  -9.796293082784,  9.6862152300148,  0.0            
      5299,  -10.91308908298,  8.5155604815372,  0.0            
      5300,  -13.6093248282 ,  5.8528870319933,  0.0            
      5301,  -3.311865141548,  16.153648299063,  0.0            
      5302,  -11.41880263706,  8.047942792474 ,  0.0            
      5303,  -7.292873805616,  12.20376692098 ,  0.0            
      5304,  -4.720207144064,  14.739239761934,  0.0            
      5305,  -12.39010138175,  7.0667644551598,  0.0            
      5306,  -6.0640083367  ,  13.435408097429,  0.0            
      5307,  -8.898086032743,  10.574368084133,  0.0            
      5308,  -13.80746921066,  5.6782091330135,  0.0            
      5309,  -4.037087468026,  15.46298955703 ,  0.0            
      5310,  -11.62139711135,  7.9176915382725,  0.0            
      5311,  -3.129882634405,  16.36914510481 ,  0.0            
      5312,  -9.295938270953,  10.221422477657,  0.0            
      5313,  -8.61113485025 ,  11.006892477374,  0.0            
      5314,  -10.3142529387 ,  9.1878226401371,  0.0            
      5315,  -14.0056351455 ,  5.5020689902054,  0.0            
      5316,  -5.73018417489 ,  13.802091686187,  0.0            
      5317,  -8.139090327626,  11.511350512197,  0.0            
      5318,  -5.057405641512,  14.446861735207,  0.0            
      5319,  -5.394137004607,  14.142219712056,  0.0            
      5320,  -12.60114745438,  6.8973165364376,  0.0            
      5321,  -14.20395527258,  5.3244843438416,  0.0            
      5322,  -11.79455577912,  7.7569746079957,  0.0            
      5323,  -2.945159525813,  16.584179816785,  0.0            
      5324,  -10.83452807086,  8.697061673773 ,  0.0            
      5325,  -4.558872918338,  14.978715184563,  0.0            
      5326,  -3.864651980945,  15.685998050331,  0.0            
      5327,  -14.40258054573,  5.145473258963 ,  0.0            
      5328,  -9.207517057337,  10.40776543544 ,  0.0            
      5329,  -7.484344545573,  12.117755085105,  0.0            
      5330,  -9.709460427056,  9.8736686498946,  0.0            
      5331,  -12.808573214  ,  6.7289589840396,  0.0            
      5332,  -2.759631286019,  16.808153151529,  0.0            
      5333,  -6.594330450471,  12.970709343112,  0.0            
      5334,  -6.942168404817,  12.591057953719,  0.0            
      5335,  -14.60150521492,  4.9650438807797,  0.0            
      5336,  -11.97571002696,  7.5929504518911,  0.0            
      5337,  -10.20617884039,  9.3658168042104,  0.0            
      5338,  -2.562002520792,  17.020494825744,  0.0            
      5339,  -13.01195470665,  6.5605784447458,  0.0            
      5340,  -2.355494553733,  17.221989947373,  0.0            
      5341,  -14.80068596496,  4.7832176754469,  0.0            
      5342,  -2.164132880122,  17.420846153104,  0.0            
      5343,  -6.252624959448,  13.355823803783,  0.0            
      5344,  -1.976901642813,  17.615878321827,  0.0            
      5345,  -3.690236265214,  15.907031903808,  0.0            
      5346,  -1.788812847119,  17.808225660283,  0.0            
      5347,  -4.394622497999,  15.209928014715,  0.0            
      5348,  -13.21302240947,  6.391226358396 ,  0.0            
      5349,  -10.74473006291,  8.8774959520314,  0.0            
      5350,  -4.901037602563,  14.700487604095,  0.0            
      5351,  -12.17979231011,  7.4273543952742,  0.0            
      5352,  -11.1746508401 ,  8.3684039104921,  0.0            
      5353,  -7.676286074741,  12.038602810016,  0.0            
      5354,  -5.913989261853,  13.729380107876,  0.0            
      5355,  -13.41217638431,  6.2203339918068,  0.0            
      5356,  -5.575828570671,  14.082400568542,  0.0            
      5357,  -3.513535387354,  16.126015960615,  0.0            
      5358,  -5.2371524427  ,  14.401923669301,  0.0            
      5359,  -10.10626285637,  9.5465247526638,  0.0            
      5360,  -9.61788421473 ,  10.063228581882,  0.0            
      5361,  -7.141456494956,  12.511900458666,  0.0            
      5362,  -4.22779242575 ,  15.436127382378,  0.0            
      5363,  -13.61063523027,  6.047895250824 ,  0.0            
      5364,  -11.4069014568 ,  8.2282273225328,  0.0            
      5365,  -12.39161956872,  7.2589069477717,  0.0            
      5366,  -3.334348206308,  16.342360178747,  0.0            
      5367,  -13.80857812572,  5.8739262934691,  0.0            
      5368,  -7.85507556321 ,  11.950092208252,  0.0            
      5369,  -8.353435810072,  11.421860093295,  0.0            
      5370,  -10.64482729981,  9.0552917994832,  0.0            
      5371,  -6.443928523394,  13.276617504144,  0.0            
      5372,  -6.78862610713 ,  12.89283091598 ,  0.0            
      5373,  -4.742525843304,  14.945878454479,  0.0            
      5374,  -11.61939033115,  8.0934199184138,  0.0            
      5375,  -14.00656688486,  5.6984987138803,  0.0            
      5376,  -11.12006072356,  8.5512472495643,  0.0            
      5377,  -3.15186547777 ,  16.555757237729,  0.0            
      5378,  -4.058788357687,  15.659124446633,  0.0            
      5379,  -9.155969178088,  10.590570664744,  0.0            
      5380,  -8.780655536826,  10.864327808277,  0.0            
      5381,  -12.60237384455,  7.0900481011175,  0.0            
      5382,  -14.20470325185,  5.5216268831843,  0.0            
      5383,  -11.8150146986 ,  7.9434006441007,  0.0            
      5384,  -10.01375064063,  9.7296051985322,  0.0            
      5385,  -2.966781765277,  16.770179662504,  0.0            
      5386,  -6.101146985824,  13.654689126707,  0.0            
      5387,  -14.40313745741,  5.3433247696851,  0.0            
      5388,  -5.081274946295,  14.65819314676 ,  0.0            
      5389,  -12.81019134644,  6.9218806837764,  0.0            
      5390,  -8.01987403833 ,  11.805146584878,  0.0            
      5391,  -9.5256569161  ,  10.251426610735,  0.0            
      5392,  -5.418259304874,  14.351545530338,  0.0            
      5393,  -5.75920924808 ,  14.016787406836,  0.0            
      5394,  -4.581301133056,  15.181452259134,  0.0            
      5395,  -14.60186062471,  5.1636036768911,  0.0            
      5396,  -2.78069334264 ,  17.013093912901,  0.0            
      5397,  -3.8874628908  ,  15.879968397415,  0.0            
      5398,  -11.9971318513 ,  7.7819046389548,  0.0            
      5399,  -10.52333985132,  9.2306898904958,  0.0            
      5400,  -13.01385686442,  6.7538441963094,  0.0            
      5401,  -2.551522835236,  17.217475698603,  0.0            
      5402,  -14.80084289237,  4.9824859333761,  0.0            
      5403,  -7.342422946598,  12.427812858825,  0.0            
      5404,  -2.360321191687,  17.417156845161,  0.0            
      5405,  -11.04686924686,  8.7308606505516,  0.0            
      5406,  -2.174569841675,  17.614137930156,  0.0            
      5407,  -1.988316968082,  17.808044203054,  0.0            
      5408,  -8.224908223636,  11.707326201449,  0.0            
      5409,  -13.21489986688,  6.5849876608226,  0.0            
      5410,  -3.713932259642,  16.099061706069,  0.0            
      5411,  -12.18935733628,  7.6170651942571,  0.0            
      5412,  -9.446076730659,  10.440714586805,  0.0            
      5413,  -4.417550261253,  15.40995668261 ,  0.0            
      5414,  -6.984748587215,  12.815778420072,  0.0            
      5415,  -13.41381286485,  6.4147036826371,  0.0            
      5416,  -6.637019590195,  13.198847790436,  0.0            
      5417,  -9.92544277348 ,  9.9150885908798,  0.0            
      5418,  -4.92527216899 ,  14.909018532063,  0.0            
      5419,  -13.61199597608,  6.2429296028405,  0.0            
      5420,  -3.537450665395,  16.316146724853,  0.0            
      5421,  -10.41328191511,  9.4114673660648,  0.0            
      5422,  -11.37845028764,  8.4082726275348,  0.0            
      5423,  -6.291499273961,  13.578988853088,  0.0            
      5424,  -12.39519845439,  7.4502228736206,  0.0            
      5425,  -8.583707272756,  11.337123729856,  0.0            
      5426,  -5.262336429751,  14.612438996867,  0.0            
      5427,  -10.96364549967,  8.9117312069047,  0.0            
      5428,  -13.80970888469,  6.0696539241026,  0.0            
      5429,  -4.25154648426 ,  15.633848090091,  0.0            
      5430,  -5.601701521809,  14.294529177186,  0.0            
      5431,  -5.94584999066 ,  13.947638141077,  0.0            
      5432,  -9.129285974731,  10.778468410126,  0.0            
      5433,  -3.358213186869,  16.529971044076,  0.0            
      5434,  -11.60943723738,  8.2703242107881,  0.0            
      5435,  -14.00750323378,  5.8949332459814,  0.0            
      5436,  -12.60410180435,  7.2821980556194,  0.0            
      5437,  -7.54723026465 ,  12.34772972484 ,  0.0            
      5438,  -7.182310475776,  12.733623388488,  0.0            
      5439,  -4.766949396772,  15.150495109668,  0.0            
      5440,  -14.20545304909,  5.7187710632158,  0.0            
      5441,  -3.177265307309,  16.73951288252 ,  0.0            
      5442,  -9.836617786094,  10.102717692309,  0.0            
      5443,  -11.81991147645,  8.1263601278052,  0.0            
      5444,  -10.31728342577,  9.59328886218  ,  0.0            
      5445,  -4.08343559288 ,  15.854734583162,  0.0            
      5446,  -12.81177616367,  7.1145943783423,  0.0            
      5447,  -14.40370031671,  5.5411808530436,  0.0            
      5448,  -11.32927591502,  8.585589112669 ,  0.0            
      5449,  -3.003775681274,  16.944971635599,  0.0            
      5450,  -14.60223169381,  5.3621687284686,  0.0            
      5451,  -10.87444787396,  9.0996384235489,  0.0            
      5452,  -6.831518027482,  13.122428993183,  0.0            
      5453,  -12.01401942207,  7.969852488572 ,  0.0            
      5454,  -13.01564652162,  6.9470442385576,  0.0            
      5455,  -2.73779948336 ,  17.230569268399,  0.0            
      5456,  -6.484331108907,  13.503189543092,  0.0            
      5457,  -5.107268867   ,  14.867906796013,  0.0            
      5458,  -14.80102020527,  5.1817616362894,  0.0            
      5459,  -4.606231819252,  15.383144427481,  0.0            
      5460,  -2.552500542128,  17.417320530977,  0.0            
      5461,  -3.91265071208 ,  16.073623672787,  0.0            
      5462,  -2.370812205932,  17.612456019067,  0.0            
      5463,  -2.186907865649,  17.807309159032,  0.0            
      5464,  -9.390010997732,  10.63254330297 ,  0.0            
      5465,  -5.444396720916,  14.562625896296,  0.0            
      5466,  -8.847441455053,  11.272309580853,  0.0            
      5467,  -13.21677379134,  6.778771398436 ,  0.0            
      5468,  -8.897055954847,  11.081859498576,  0.0            
      5469,  -5.786972272507,  14.232623859087,  0.0            
      5470,  -6.135162199688,  13.876662759269,  0.0            
      5471,  -12.20333091658,  7.8068199067525,  0.0            
      5472,  -2.928580068957,  17.138147984794,  0.0            
      5473,  -10.22782696655,  9.7760247812323,  0.0            
      5474,  -13.41552430732,  6.609113109798 ,  0.0            
      5475,  -8.106027798158,  11.970773675218,  0.0            
      5476,  -9.750767819836,  10.290874454019,  0.0            
      5477,  -3.739198244785,  16.290800938643,  0.0            
      5478,  -11.26427828224,  8.759147478412 ,  0.0            
      5479,  -7.764819533816,  12.273372455939,  0.0            
      5480,  -4.443252876765,  15.609277230599,  0.0            
      5481,  -13.61342869753,  6.4379940299665,  0.0            
      5482,  -10.71343261948,  9.2842630541209,  0.0            
      5483,  -8.448996942932,  11.631102627641,  0.0            
      5484,  -12.40199948772,  7.6409135904551,  0.0            
      5485,  -3.562645310262,  16.505545857041,  0.0            
      5486,  -9.073729467186,  10.944970877864,  0.0            
      5487,  -4.951599945057,  15.115571298963,  0.0            
      5488,  -13.81087540594,  6.265396516598 ,  0.0            
      5489,  -9.67652311724 ,  10.481660667866,  0.0            
      5490,  -11.58365540227,  8.4466675505012,  0.0            
      5491,  -7.025729281624,  13.04519086528 ,  0.0            
      5492,  -7.383344227446,  12.648787433991,  0.0            
      5493,  -8.292788176125,  11.91345451151 ,  0.0            
      5494,  -14.00844951811,  6.091372936488 ,  0.0            
      5495,  -3.385103581302,  16.715932870004,  0.0            
      5496,  -4.277895987205,  15.831131243599,  0.0            
      5497,  -5.289512923995,  14.822980062959,  0.0            
      5498,  -6.679092922711,  13.427525933583,  0.0            
      5499,  -12.60708809243,  7.4739144810333,  0.0            
      5500,  -10.14098900726,  9.9603970591964,  0.0            
      5501,  -14.20620464163,  5.9159181353897,  0.0            
      5502,  -5.628473421915,  14.5081671453  ,  0.0            
      5503,  -11.19388185853,  8.9289323422387,  0.0            
      5504,  -11.81277452547,  8.305908516175 ,  0.0            
      5505,  -6.327258364264,  13.8045676469  ,  0.0            
      5506,  -5.975140374809,  14.167403521286,  0.0            
      5507,  -3.213882139266,  16.919520370563,  0.0            
      5508,  -10.61040100314,  9.4650752225391,  0.0            
      5509,  -12.81366954186,  7.3070386430052,  0.0            
      5510,  -14.4042639875 ,  5.7390385633432,  0.0            
      5511,  -4.793866340387,  15.354001282956,  0.0            
      5512,  -3.081884161306,  17.114644849561,  0.0            
      5513,  -4.110084018258,  16.050109151474,  0.0            
      5514,  -14.60260672925,  5.5607383934914,  0.0            
      5515,  -13.01743665014,  7.1401471218327,  0.0            
      5516,  -12.02120928286,  8.1557031906297,  0.0            
      5517,  -2.923686910675,  17.285117513928,  0.0            
      5518,  -10.96658296924,  9.2423108868428,  0.0            
      5519,  -7.218968026439,  12.959706801788,  0.0            
      5520,  -2.74296133041 ,  17.430289768492,  0.0            
      5521,  -14.80120538835,  5.3810423182406,  0.0            
      5522,  -9.34823131372 ,  10.832945149262,  0.0            
      5523,  -11.53902452087,  8.620432449042 ,  0.0            
      5524,  -2.564573551477,  17.614025843619,  0.0            
      5525,  -13.21864741855,  6.9725380658319,  0.0            
      5526,  -2.384609214897,  17.806781322783,  0.0            
      5527,  -10.05484452333,  10.147261452812,  0.0            
      5528,  -5.135347426204,  15.076321678825,  0.0            
      5529,  -3.939144199633,  16.267079397265,  0.0            
      5530,  -12.2162596339 ,  7.9961466280754,  0.0            
      5531,  -4.633789778399,  15.584143605723,  0.0            
      5532,  -11.14429886532,  9.0903246831576,  0.0            
      5533,  -8.013235022017,  12.200876742485,  0.0            
      5534,  -13.41731393291,  6.803548080451 ,  0.0            
      5535,  -10.52143879642,  9.6439786351392,  0.0            
      5536,  -5.47227388417 ,  14.774699656081,  0.0            
      5537,  -6.87591517441 ,  13.351637474239,  0.0            
      5538,  -10.88339466892,  9.3714597129476,  0.0            
      5539,  -13.614969803  ,  6.6330899117536,  0.0            
      5540,  -3.765497288999,  16.48209340648 ,  0.0            
      5541,  -5.814295502884,  14.449782810482,  0.0            
      5542,  -12.41155451376,  7.8317033094621,  0.0            
      5543,  -6.52184663701 ,  13.731489036204,  0.0            
      5544,  -6.165770548146,  14.100366839914,  0.0            
      5545,  -9.051681554907,  11.097691949976,  0.0            
      5546,  -13.81211307886,  6.4611588260154,  0.0            
      5547,  -7.589008560189,  12.574938597738,  0.0            
      5548,  -9.619537871909,  10.674444541757,  0.0            
      5549,  -4.471229959611,  15.808262513415,  0.0            
      5550,  -11.48086111636,  8.7907382288039,  0.0            
      5551,  -3.589916633022,  16.693979837445,  0.0            
      5552,  -14.00942370192,  6.2878203855999,  0.0            
      5553,  -9.973255225514,  10.336294244081,  0.0            
      5554,  -4.980452960877,  15.321088671261,  0.0            
      5555,  -12.61198947192,  7.6654762169769,  0.0            
      5556,  -10.43704343964,  9.8243074888932,  0.0            
      5557,  -8.69172594033 ,  11.561598251366,  0.0            
      5558,  -14.20696297595,  6.1130670584178,  0.0            
      5559,  -3.418242403678,  16.900101479169,  0.0            
      5560,  -11.78961070245,  8.482855232092 ,  0.0            
      5561,  -7.415150654514,  12.866235525457,  0.0            
      5562,  -11.14196189385,  9.2561402793186,  0.0            
      5563,  -12.81629862478,  7.4993040454158,  0.0            
      5564,  -4.30590198419 ,  16.028296026703,  0.0            
      5565,  -8.51770022764 ,  11.84686645369 ,  0.0            
      5566,  -14.40482847116,  5.9368976764183,  0.0            
      5567,  -5.318876947569,  15.033364110294,  0.0            
      5568,  -3.263504190114,  17.099244890849,  0.0            
      5569,  -10.80199273678,  9.5278787141807,  0.0            
      5570,  -7.073060903554,  13.276466443356,  0.0            
      5571,  -9.903113153349,  10.529285598802,  0.0            
      5572,  -14.60298237644,  5.7593096078696,  0.0            
      5573,  -13.0194032056 ,  7.3331505310676,  0.0            
      5574,  -5.656444705375,  14.722988818855,  0.0            
      5575,  -3.113209842142,  17.292220937755,  0.0            
      5576,  -12.016614254  ,  8.338364923002 ,  0.0            
      5577,  -2.935277644196,  17.4566277935  ,  0.0            
      5578,  -11.42123490825,  8.9578167879922,  0.0            
      5579,  -4.823298636607,  15.556851388309,  0.0            
      5580,  -14.80139269679,  5.5803265262493,  0.0            
      5581,  -6.718938020307,  13.656805580006,  0.0            
      5582,  -6.002695737146,  14.388385961757,  0.0            
      5583,  -4.137764780876,  16.245381161848,  0.0            
      5584,  -2.758394227601,  17.62268309135 ,  0.0            
      5585,  -9.305891482662,  11.042760758227,  0.0            
      5586,  -6.358981224718,  14.031944820733,  0.0            
      5587,  -13.22055284255,  7.166267305123 ,  0.0            
      5588,  -8.31336967037 ,  12.122249527099,  0.0            
      5589,  -2.580996779483,  17.807948175237,  0.0            
      5590,  -10.35369953067,  10.007137902046,  0.0            
      5591,  -12.2234007129 ,  8.1844440562564,  0.0            
      5592,  -13.41916850521,  6.9979896966897,  0.0            
      5593,  -3.966394559631,  16.460303901601,  0.0            
      5594,  -11.74790011355,  8.6567190772338,  0.0            
      5595,  -7.260496494472,  13.191915192336,  0.0            
      5596,  -5.166064422117,  15.284054032887,  0.0            
      5597,  -11.08070012494,  9.4175155985222,  0.0            
      5598,  -13.61663768945,  6.8282137480141,  0.0            
      5599,  -4.663353052702,  15.784907603906,  0.0            
      5600,  -10.72242580914,  9.6966377808726,  0.0            
      5601,  -12.42108604979,  8.0228944750154,  0.0            
      5602,  -7.798937452774,  12.514865287023,  0.0            
      5603,  -9.569927554212,  10.87087729392 ,  0.0            
      5604,  -13.81347031926,  6.656946630381 ,  0.0            
      5605,  -3.793110599142,  16.672835255441,  0.0            
      5606,  -11.37492787619,  9.123272300156 ,  0.0            
      5607,  -5.502421397236,  14.98755000371 ,  0.0            
      5608,  -7.617803054117,  12.797998255844,  0.0            
      5609,  -10.27088332068,  10.193766444585,  0.0            
      5610,  -14.01046543698,  6.484280344718 ,  0.0            
      5611,  -12.61860668356,  7.8573843002164,  0.0            
      5612,  -5.842012103728,  14.6680316537  ,  0.0            
      5613,  -3.620518370795,  16.881369751408,  0.0            
      5614,  -4.500544348796,  16.007265832065,  0.0            
      5615,  -6.92044854236 ,  13.579656788606,  0.0            
      5616,  -6.193604394925,  14.325046427388,  0.0            
      5617,  -14.207744762  ,  6.3102188068927,  0.0            
      5618,  -6.554792163895,  13.961551374882,  0.0            
      5619,  -12.82002339243,  7.6917117873783,  0.0            
      5620,  -11.69336385918,  8.8282226441712,  0.0            
      5621,  -3.456500922996,  17.084177955508,  0.0            
      5622,  -5.011836583651,  15.526070139488,  0.0            
      5623,  -14.40539794605,  6.1347562584653,  0.0            
      5624,  -10.6441084227 ,  9.8723588861247,  0.0            
      5625,  -9.847705294452,  10.724245864525,  0.0            
      5626,  -11.99552515118,  8.5175580325723,  0.0            
      5627,  -10.99915489278,  9.5755720996672,  0.0            
      5628,  -3.298873090429,  17.281211173715,  0.0            
      5629,  -13.02177404296,  7.5261040640246,  0.0            
      5630,  -4.334687249987,  16.225461593664,  0.0            
      5631,  -14.60335874523,  5.9578811814596,  0.0            
      5632,  -8.213333455144,  12.352391830514,  0.0            
      5633,  -7.443771297846,  13.070417503942,  0.0            
      5634,  -8.959182439982,  11.51024104188 ,  0.0            
      5635,  -10.19275266956,  10.38473133625 ,  0.0            
      5636,  -3.130265927751,  17.466661866989,  0.0            
      5637,  -8.760653576284,  11.789059944801,  0.0            
      5638,  -11.34172736615,  9.2905112686817,  0.0            
      5639,  -5.351175614435,  15.243641185251,  0.0            
      5640,  -14.80158043901,  5.7796118521053,  0.0            
      5641,  -2.95359196993 ,  17.636234915758,  0.0            
      5642,  -13.22256107986,  7.3599760488243,  0.0            
      5643,  -2.777714458398,  17.812117062648,  0.0            
      5644,  -9.215719748378,  11.274771061437,  0.0            
      5645,  -12.2206718998 ,  8.3706448100342,  0.0            
      5646,  -5.68661581221 ,  14.93896792258 ,  0.0            
      5647,  -4.165969279914,  16.440586298717,  0.0            
      5648,  -8.564279828354,  12.06337481338 ,  0.0            
      5649,  -13.42107474035,  7.192423611297 ,  0.0            
      5650,  -4.854523717635,  15.759567557242,  0.0            
      5651,  -7.129054606266,  13.501346659536,  0.0            
      5652,  -10.12519680155,  10.582851359125,  0.0            
      5653,  -11.63820269888,  8.9992189741438,  0.0            
      5654,  -7.82241342956 ,  12.754182205137,  0.0            
      5655,  -8.003723450611,  12.489546795563,  0.0            
      5656,  -6.029743836583,  14.610118583181,  0.0            
      5657,  -10.56518055758,  10.053110651888,  0.0            
      5658,  -13.61841033555,  7.0233564750347,  0.0            
      5659,  -6.75307437147 ,  13.887843765604,  0.0            
      5660,  -12.42688835091,  8.2143585192534,  0.0            
      5661,  -6.387132998778,  14.260061306447,  0.0            
      5662,  -3.994428286753,  16.653244486134,  0.0            
      5663,  -13.81497123188,  6.852762425861 ,  0.0            
      5664,  -10.92227754633,  9.7421071164375,  0.0            
      5665,  -11.95410160519,  8.6933573292004,  0.0            
      5666,  -4.693972376481,  15.985828728477,  0.0            
      5667,  -9.52888451681 ,  11.076860834837,  0.0            
      5668,  -11.2816263678 ,  9.453026658705 ,  0.0            
      5669,  -5.199504659382,  15.491523200034,  0.0            
      5670,  -7.642429923335,  13.011366720528,  0.0            
      5671,  -12.6253735304 ,  8.0505021887366,  0.0            
      5672,  -3.822531635708,  16.862949846135,  0.0            
      5673,  -8.399379121613,  12.31361663727 ,  0.0            
      5674,  -7.481384765466,  13.240625330235,  0.0            
      5675,  -14.01162586836,  6.6807605895236,  0.0            
      5676,  -7.354113316407,  13.428453496578,  0.0            
      5677,  -14.20858602236,  6.5073772997336,  0.0            
      5678,  -5.535889787   ,  15.200872240455,  0.0            
      5679,  -3.653629943391,  17.068512755328,  0.0            
      5680,  -12.82471142151,  7.8845928944546,  0.0            
      5681,  -11.59137043929,  9.1711893246776,  0.0            
      5682,  -9.79746493217 ,  10.914851488494,  0.0            
      5683,  -10.485982342  ,  10.239401441566,  0.0            
      5684,  -4.530406761702,  16.206376954088,  0.0            
      5685,  -14.40598623765,  6.3326139336432,  0.0            
      5686,  -5.871551041983,  14.887215589129,  0.0            
      5687,  -3.490404933718,  17.268770794431,  0.0            
      5688,  -13.02473970352,  7.7193141171948,  0.0            
      5689,  -14.60373880934,  6.1564507444792,  0.0            
      5690,  -3.324076697546,  17.462183689565,  0.0            
      5691,  -6.955704422531,  13.809624438374,  0.0            
      5692,  -6.220079396114,  14.54993147885 ,  0.0            
      5693,  -10.84870608839,  9.9160622407894,  0.0            
      5694,  -5.044959213667,  15.73101746214 ,  0.0            
      5695,  -6.583507405264,  14.192488041771,  0.0            
      5696,  -14.8017687365 ,  5.9788969974278,  0.0            
      5697,  -3.151224604586,  17.643251746136,  0.0            
      5698,  -13.22478092703,  7.5536871614446,  0.0            
      5699,  -11.89799995764,  8.8679363138618,  0.0            
      5700,  -11.19486041079,  9.6135155443192,  0.0            
      5701,  -4.363805054685,  16.422690794021,  0.0            
      5702,  -2.975396731922,  17.817968823516,  0.0            
      5703,  -12.2021226551 ,  8.5527528395267,  0.0            
      5704,  -10.06916931425,  10.789542423374,  0.0            
      5705,  -7.64967489156 ,  13.226070762771,  0.0            
      5706,  -7.842019363862,  12.98114281614 ,  0.0            
      5707,  -8.220316795819,  12.531574553907,  0.0            
      5708,  -13.42304667113,  7.3868696676551,  0.0            
      5709,  -9.016783819678,  11.74457540899 ,  0.0            
      5710,  -11.55011864142,  9.3445579444513,  0.0            
      5711,  -5.386716329618,  15.454044994163,  0.0            
      5712,  -8.027582838068,  12.734928403962,  0.0            
      5713,  -10.41104799273,  10.43171392214 ,  0.0            
      5714,  -9.246422446777,  11.492183238379,  0.0            
      5715,  -4.194621565604,  16.635677338189,  0.0            
      5716,  -8.807878661574,  12.01515355089 ,  0.0            
      5717,  -13.62024912002,  7.2185071307389,  0.0            
      5718,  -12.42459441117,  8.406043966717 ,  0.0            
      5719,  -4.886559875182,  15.962577248542,  0.0            
      5720,  -5.720480590662,  15.155785559557,  0.0            
      5721,  -13.81659083282,  7.0486026285283,  0.0            
      5722,  -4.023455972744,  16.845850828887,  0.0            
      5723,  -10.77446469215,  10.095818860871,  0.0            
      5724,  -7.16360775576 ,  13.731162571472,  0.0            
      5725,  -6.05797626313 ,  14.831829095987,  0.0            
      5726,  -9.733311451254,  11.076356692369,  0.0            
      5727,  -12.62940461452,  8.2452476255078,  0.0            
      5728,  -14.01293028853,  6.8772672664353,  0.0            
      5729,  -10.34599636634,  10.632804113105,  0.0            
      5730,  -9.542290322239,  11.280419280338,  0.0            
      5731,  -11.11914949773,  9.7814879532091,  0.0            
      5732,  -8.619568134269,  12.277578989188,  0.0            
      5733,  -11.84354423732,  9.0449925517024,  0.0            
      5734,  -6.782106991702,  14.120482261133,  0.0            
      5735,  -6.413321086918,  14.487944505535,  0.0            
      5736,  -3.853391038506,  17.05282101314 ,  0.0            
      5737,  -4.724917190939,  16.186965068839,  0.0            
      5738,  -14.20953272724,  6.7045505874132,  0.0            
      5739,  -12.15934405642,  8.7299943541292,  0.0            
      5740,  -12.82930595196,  8.0789649989832,  0.0            
      5741,  -11.48913590075,  9.5051426128478,  0.0            
      5742,  -5.234862306291,  15.699055500837,  0.0            
      5743,  -3.68572691365 ,  17.25556418685 ,  0.0            
      5744,  -14.40662271304,  6.5304734701618,  0.0            
      5745,  -7.604890486965,  13.438618124088,  0.0            
      5746,  -13.02819458073,  7.9129643188443,  0.0            
      5747,  -14.60413216117,  6.3550168847483,  0.0            
      5748,  -7.379455746835,  13.669073156576,  0.0            
      5749,  -3.519267421382,  17.452802890553,  0.0            
      5750,  -4.560446753486,  16.405663779062,  0.0            
      5751,  -5.573376431938,  15.414745789709,  0.0            
      5752,  -3.348562535818,  17.641666348874,  0.0            
      5753,  -10.6994618249 ,  10.282030268455,  0.0            
      5754,  -13.22730126833,  7.7476671162464,  0.0            
      5755,  -14.80195917879,  6.1781799778718,  0.0            
      5756,  -3.174773781424,  17.82133814671 ,  0.0            
      5757,  -10.00825160507,  11.008470668294,  0.0            
      5758,  -7.847974062782,  13.201429093294,  0.0            
      5759,  -5.904841149135,  15.107117447475,  0.0            
      5760,  -8.441093893965,  12.521785035902,  0.0            
      5761,  -11.05158256484,  9.9558247617999,  0.0            
      5762,  -11.79651533083,  9.2258469284449,  0.0            
      5763,  -13.42513193354,  7.5813376873392,  0.0            
      5764,  -4.393150196362,  16.619910543088,  0.0            
      5765,  -11.37788368991,  9.6540478216206,  0.0            
      5766,  -5.078747868874,  15.936369815413,  0.0            
      5767,  -6.246928707432,  14.77337102152 ,  0.0            
      5768,  -8.239848149479,  12.738001918541,  0.0            
      5769,  -8.045693363459,  12.962052562483,  0.0            
      5770,  -6.984273319821,  14.042070737249,  0.0            
      5771,  -12.40948939014,  8.5955029889974,  0.0            
      5772,  -6.609997742756,  14.423345637568,  0.0            
      5773,  -13.62213649144,  7.4136839379214,  0.0            
      5774,  -12.09460424995,  8.9058938736794,  0.0            
      5775,  -9.282348464988,  11.716615673022,  0.0            
      5776,  -9.053839663492,  11.974742039568,  0.0            
      5777,  -4.223811924065,  16.830628970885,  0.0            
      5778,  -13.8182814746 ,  7.2444589665517,  0.0            
      5779,  -5.424825500204,  15.664578987221,  0.0            
      5780,  -12.62655695113,  8.4434424214081,  0.0            
      5781,  -10.62838439642,  10.475040461006,  0.0            
      5782,  -10.29142285231,  10.842874367634,  0.0            
      5783,  -4.918686000489,  16.16590496253 ,  0.0            
      5784,  -14.01435374422,  7.0738004814477,  0.0            
      5785,  -9.54922394793 ,  11.481621604515,  0.0            
      5786,  -4.053363082123,  17.038301151068,  0.0            
      5787,  -8.847842701551,  12.24226384    ,  0.0            
      5788,  -5.759295039876,  15.373491303059,  0.0            
      5789,  -14.21060758736,  6.9017466588633,  0.0            
      5790,  -12.83145798558,  8.2751303800344,  0.0            
      5791,  -10.98277393608,  10.135260839668,  0.0            
      5792,  -11.30905892538,  9.821211286015 ,  0.0            
      5793,  -3.884290916104,  17.242509973086,  0.0            
      5794,  -6.089559113801,  15.05312469039 ,  0.0            
      5795,  -7.190341604126,  13.962617042926,  0.0            
      5796,  -14.40734460816,  6.7283422619222,  0.0            
      5797,  -4.755880999196,  16.388384569968,  0.0            
      5798,  -13.0313701734 ,  8.1079817119453,  0.0            
      5799,  -3.71581143055 ,  17.442321364977,  0.0            
      5800,  -10.56688502193,  10.677199363058,  0.0            
      5801,  -12.36756236599,  8.7724987765541,  0.0            
      5802,  -6.439207326602,  14.713251671899,  0.0            
      5803,  -14.60455902331,  6.553580982413 ,  0.0            
      5804,  -6.809031345577,  14.354043124489,  0.0            
      5805,  -12.04076941718,  9.0878187904122,  0.0            
      5806,  -5.270928178614,  15.907032273432,  0.0            
      5807,  -3.546670369973,  17.635678638532,  0.0            
      5808,  -7.837981350053,  13.414313062744,  0.0            
      5809,  -8.656650101817,  12.496224998676,  0.0            
      5810,  -9.872265085555,  11.240410367945,  0.0            
      5811,  -13.23001974916,  7.9420053561883,  0.0            
      5812,  -14.80215669687,  6.3774590912069,  0.0            
      5813,  -7.605615930438,  13.643941778233,  0.0            
      5814,  -11.75148974852,  9.4131705871849,  0.0            
      5815,  -3.374225809654,  17.820825799014,  0.0            
      5816,  -4.590566229729,  16.605010979159,  0.0            
      5817,  -13.42737210973,  7.7760591888409,  0.0            
      5818,  -8.057649577353,  13.180995505575,  0.0            
      5819,  -8.455818091814,  12.727760461226,  0.0            
      5820,  -7.404017650665,  13.897373992706,  0.0            
      5821,  -5.614646005111,  15.628828216772,  0.0            
      5822,  -10.91228720371,  10.321558114605,  0.0            
      5823,  -8.253829431555,  12.950806087952,  0.0            
      5824,  -11.25246613542,  9.9928601713319,  0.0            
      5825,  -13.62408698847,  7.6088921441691,  0.0            
      5826,  -11.52873338802,  9.7038902460224,  0.0            
      5827,  -4.422765762226,  16.817101373542,  0.0            
      5828,  -5.943660168028,  15.32776559609 ,  0.0            
      5829,  -5.112343252736,  16.142114362659,  0.0            
      5830,  -13.82001406975,  7.4403481722532,  0.0            
      5831,  -12.61189972592,  8.6466941170798,  0.0            
      5832,  -6.276251235456,  14.994541353438,  0.0            
      5833,  -9.302540413809,  11.942410748936,  0.0            
      5834,  -4.253510942984,  17.025508291475,  0.0            
      5835,  -7.010997420244,  14.275665983993,  0.0            
      5836,  -10.23278456653,  11.059506733914,  0.0            
      5837,  -14.01584714597,  7.2703541920893,  0.0            
      5838,  -11.99759075495,  9.2735044995696,  0.0            
      5839,  -6.635978630783,  14.651323072831,  0.0            
      5840,  -12.27699386039,  8.9408943114833,  0.0            
      5841,  -9.079133387198,  12.206421309448,  0.0            
      5842,  -9.552265325215,  11.697690371587,  0.0            
      5843,  -12.82749343252,  8.4748000440097,  0.0            
      5844,  -14.21178842848,  7.0989681170355,  0.0            
      5845,  -4.083591263098,  17.230638325013,  0.0            
      5846,  -4.950624393066,  16.36962751473 ,  0.0            
      5847,  -5.464169160276,  15.87543129047 ,  0.0            
      5848,  -14.40817028387,  6.9262289241313,  0.0            
      5849,  -10.84531369033,  10.5149979956  ,  0.0            
      5850,  -11.50381834861,  9.850052152211 ,  0.0            
      5851,  -13.03237461675,  8.3043454445063,  0.0            
      5852,  -3.914520858395,  17.432084765981,  0.0            
      5853,  -11.1896710178 ,  10.171468402484,  0.0            
      5854,  -14.60504499794,  6.752148946444 ,  0.0            
      5855,  -8.873841521655,  12.473651182268,  0.0            
      5856,  -9.838033030717,  11.465888636055,  0.0            
      5857,  -10.51657659058,  10.887277906965,  0.0            
      5858,  -3.744876034601,  17.628450274385,  0.0            
      5859,  -5.803804748806,  15.591744856512,  0.0            
      5860,  -11.70089317194,  9.6115563084243,  0.0            
      5861,  -13.23233213773,  8.1375056415974,  0.0            
      5862,  -4.786797227404,  16.589925134305,  0.0            
      5863,  -14.80237147878,  6.5767344099922,  0.0            
      5864,  -3.573919711152,  17.817935542268,  0.0            
      5865,  -7.21662012077 ,  14.190674193797,  0.0            
      5866,  -12.58470321779,  8.8622445289891,  0.0            
      5867,  -6.126438587772,  15.273227670601,  0.0            
      5868,  -13.42967971712,  7.9710867435941,  0.0            
      5869,  -8.067616101378,  13.391725891045,  0.0            
      5870,  -12.42888737132,  8.9802027723411,  0.0            
      5871,  -6.466296058569,  14.935299444234,  0.0            
      5872,  -8.671686363724,  12.715132393245,  0.0            
      5873,  -7.841199442553,  13.621218318737,  0.0            
      5874,  -5.306480074763,  16.115380513064,  0.0            
      5875,  -10.78767748594,  10.71783403648 ,  0.0            
      5876,  -6.836850109277,  14.586215053131,  0.0            
      5877,  -4.620790660325,  16.804391135082,  0.0            
      5878,  -13.62611759764,  7.8043408576917,  0.0            
      5879,  -12.22925832416,  9.1241750041836,  0.0            
      5880,  -7.626225281897,  13.856598472359,  0.0            
      5881,  -8.271820420086,  13.163519292272,  0.0            
      5882,  -8.46141854656 ,  12.933064535774,  0.0            
      5883,  -11.95596791397,  9.4628164156452,  0.0            
      5884,  -13.82179118705,  7.6362763749123,  0.0            
      5885,  -11.45535514493,  10.02084639951 ,  0.0            
      5886,  -4.452654094842,  17.014259003612,  0.0            
      5887,  -11.12402341281,  10.358061009228,  0.0            
      5888,  -7.429978195354,  14.118906245682,  0.0            
      5889,  -5.658605718623,  15.842884443836,  0.0            
      5890,  -10.16165010355,  11.269719287342,  0.0            
      5891,  -14.01737747254,  7.4669427829322,  0.0            
      5892,  -5.145362282029,  16.348372687598,  0.0            
      5893,  -12.81429779323,  8.6776726278466,  0.0            
      5894,  -9.312748073992,  12.170998449617,  0.0            
      5895,  -9.55240551592 ,  11.918493451914,  0.0            
      5896,  -4.283479239141,  17.220347255087,  0.0            
      5897,  -14.21303150581,  7.2962109149922,  0.0            
      5898,  -14.40908182976,  7.1241375799928,  0.0            
      5899,  -5.989781194508,  15.549761219526,  0.0            
      5900,  -4.113705074961,  17.422964969242,  0.0            
      5901,  -13.02821637192,  8.5033218588656,  0.0            
      5902,  -6.309946235051,  15.210747194581,  0.0            
      5903,  -9.091766767342,  12.441172893456,  0.0            
      5904,  -9.814641765337,  11.686248193176,  0.0            
      5905,  -12.42088589575,  9.1382209874696,  0.0            
      5906,  -6.661064726004,  14.87620177235 ,  0.0            
      5907,  -7.040247321117,  14.510381632123,  0.0            
      5908,  -14.60560271967,  6.9507288554152,  0.0            
      5909,  -4.982354805894,  16.573544314546,  0.0            
      5910,  -11.70369212201,  9.8348841380173,  0.0            
      5911,  -3.944130989601,  17.621420379201,  0.0            
      5912,  -13.23267883423,  8.3339933263311,  0.0            
      5913,  -5.502732330743,  16.086416630595,  0.0            
      5914,  -12.19574676069,  9.3083506067373,  0.0            
      5915,  -10.47056094108,  11.102509890249,  0.0            
      5916,  -14.8026163425 ,  6.7760095329346,  0.0            
      5917,  -3.773301096985,  17.814271772666,  0.0            
      5918,  -11.39700986391,  10.202439086585,  0.0            
      5919,  -11.0615252511 ,  10.551927871119,  0.0            
      5920,  -13.43157134491,  8.1671439692822,  0.0            
      5921,  -4.817719280182,  16.79154368606 ,  0.0            
      5922,  -8.882028808668,  12.712260404862,  0.0            
      5923,  -11.91845225726,  9.6557329538038,  0.0            
      5924,  -5.854293600255,  15.809444111224,  0.0            
      5925,  -13.62815156881,  8.0000797096499,  0.0            
      5926,  -12.79869453265,  8.8846375744173,  0.0            
      5927,  -10.74218268819,  10.928921805057,  0.0            
      5928,  -8.078212928656,  13.598067270081,  0.0            
      5929,  -8.302898423956,  13.369222947002,  0.0            
      5930,  -8.673059957152,  12.923741804963,  0.0            
      5931,  -4.651127922612,  17.003748056012,  0.0            
      5932,  -7.245376344364,  14.413035632597,  0.0            
      5933,  -12.61120867914,  9.0976207891394,  0.0            
      5934,  -7.856456019754,  13.828501808818,  0.0            
      5935,  -13.82362179614,  7.8324402446131,  0.0            
      5936,  -8.479240080017,  13.140866706948,  0.0            
      5937,  -5.340751972798,  16.324336969401,  0.0            
      5938,  -11.00804216413,  10.754984980592,  0.0            
      5939,  -10.1122384458 ,  11.479896652448,  0.0            
      5940,  -6.496513499169,  15.151274830036,  0.0            
      5941,  -14.01894124996,  7.6635748749526,  0.0            
      5942,  -7.650431107588,  14.070375493531,  0.0            
      5943,  -11.65872100936,  10.034607809652,  0.0            
      5944,  -6.862195859516,  14.81600111471 ,  0.0            
      5945,  -4.48271371399 ,  17.211399064688,  0.0            
      5946,  -6.170593287647,  15.493182424353,  0.0            
      5947,  -9.547789816737,  12.142549355873,  0.0            
      5948,  -14.21430680187,  7.4934852557044,  0.0            
      5949,  -11.33553367499,  10.391426867529,  0.0            
      5950,  -12.15981785728,  9.4972899029874,  0.0            
      5951,  -9.31298389955 ,  12.399815789918,  0.0            
      5952,  -9.79639505264 ,  11.90609573032 ,  0.0            
      5953,  -7.46032713623 ,  14.334546301182,  0.0            
      5954,  -13.01715815384,  8.7039835772548,  0.0            
      5955,  -4.313455594342,  17.415208668331,  0.0            
      5956,  -5.701975289457,  16.056425991898,  0.0            
      5957,  -14.41004387443,  7.3220657331749,  0.0            
      5958,  -5.177831807926,  16.554940250371,  0.0            
      5959,  -12.39476571054,  9.322330200264 ,  0.0            
      5960,  -14.60621991223,  7.1493254890356,  0.0            
      5961,  -4.14348184578 ,  17.615251698249,  0.0            
      5962,  -13.22853356023,  8.5326066217864,  0.0            
      5963,  -14.80289762168,  6.9752905024082,  0.0            
      5964,  -3.972965823852,  17.810706417333,  0.0            
      5965,  -11.8956891166 ,  9.8556864864682,  0.0            
      5966,  -10.42563380615,  11.316138599953,  0.0            
      5967,  -5.014013846213,  16.777596813402,  0.0            
      5968,  -13.43172497671,  8.3640436767227,  0.0            
      5969,  -9.089393400411,  12.682725372039,  0.0            
      5970,  -6.048234507617,  15.772675429448,  0.0            
      5971,  -6.349506090118,  15.419547264383,  0.0            
      5972,  -11.60349870474,  10.228116795117,  0.0            
      5973,  -5.538654308505,  16.298007650311,  0.0            
      5974,  -6.68545573032 ,  15.097035831011,  0.0            
      5975,  -8.656649682108,  13.10171755641 ,  0.0            
      5976,  -13.62978389628,  8.1967894601623,  0.0            
      5977,  -7.075941906921,  14.751159624836,  0.0            
      5978,  -11.2773357555 ,  10.586453543366,  0.0            
      5979,  -10.06304787608,  11.693094511797,  0.0            
      5980,  -4.848684881566,  16.993137124098,  0.0            
      5981,  -13.82544261478,  8.028909373291 ,  0.0            
      5982,  -12.12543810468,  9.6903859082689,  0.0            
      5983,  -12.79669242006,  9.0975470899877,  0.0            
      5984,  -8.876711707895,  12.963550296716,  0.0            
      5985,  -13.00284050373,  8.9085000049381,  0.0            
      5986,  -10.7046646953 ,  11.14840110852 ,  0.0            
      5987,  -8.320433751572,  13.573043221556,  0.0            
      5988,  -8.090841071585,  13.804828220251,  0.0            
      5989,  -8.549884280112,  13.33417433711 ,  0.0            
      5990,  -14.0205401039 ,  7.8604328940649,  0.0            
      5991,  -4.681533539453,  17.203077905042,  0.0            
      5992,  -5.906154270181,  16.025513893679,  0.0            
      5993,  -7.877063924181,  14.038480861659,  0.0            
      5994,  -10.96680579676,  10.965994219022,  0.0            
      5995,  -5.373770047525,  16.533778433704,  0.0            
      5996,  -14.21560997208,  7.6908007879766,  0.0            
      5997,  -12.36252397704,  9.516345151815 ,  0.0            
      5998,  -9.537341883171,  12.366086213454,  0.0            
      5999,  -9.78021260978 ,  12.127006247247,  0.0            
      6000,  -11.85749605147,  10.057728224765,  0.0            
      6001,  -7.291895577843,  14.615503237488,  0.0            
      6002,  -4.512788560416,  17.408542113041,  0.0            
      6003,  -12.5904677193 ,  9.3135685353599,  0.0            
      6004,  -14.41103165186,  7.5200172908999,  0.0            
      6005,  -7.679690363062,  14.283401576085,  0.0            
      6006,  -6.533523342644,  15.359395976395,  0.0            
      6007,  -11.22790667169,  10.789489511809,  0.0            
      6008,  -4.343195543505,  17.610088261056,  0.0            
      6009,  -14.60687239928,  7.3479376050501,  0.0            
      6010,  -11.54611420028,  10.422513473433,  0.0            
      6011,  -13.21814936781,  8.7325602736533,  0.0            
      6012,  -9.302553988482,  12.627299254679,  0.0            
      6013,  -6.874058654277,  15.046446141836,  0.0            
      6014,  -5.210110482933,  16.761753695761,  0.0            
      6015,  -14.8032092208 ,  7.1745815616604,  0.0            
      6016,  -4.172547404249,  17.807598467936,  0.0            
      6017,  -7.504985272412,  14.54198158107 ,  0.0            
      6018,  -5.740223057749,  16.270362695917,  0.0            
      6019,  -13.4278239632 ,  8.5628607771118,  0.0            
      6020,  -10.03093617178,  11.909409115228,  0.0            
      6021,  -10.37606612162,  11.518840677496,  0.0            
      6022,  -6.227626278332,  15.716471559586,  0.0            
      6023,  -12.09396482011,  9.8878946530853,  0.0            
      6024,  -13.62985092694,  8.3943217328194,  0.0            
      6025,  -5.045718005712,  16.98162811669 ,  0.0            
      6026,  -6.719086616014,  15.311590229205,  0.0            
      6027,  -13.82691426791,  8.2263537180659,  0.0            
      6028,  -11.8077104155 ,  10.256129591764,  0.0            
      6029,  -7.233345521868,  14.863269318979,  0.0            
      6030,  -12.32885921864,  9.7142231347744,  0.0            
      6031,  -12.98996266548,  9.1175149310183,  0.0            
      6032,  -5.571792891732,  16.510321053879,  0.0            
      6033,  -4.879685708987,  17.194678618584,  0.0            
      6034,  -14.0221155767 ,  8.0576229751547,  0.0            
      6035,  -9.072736570309,  12.937491425076,  0.0            
      6036,  -11.49240745524,  10.619806444471,  0.0            
      6037,  -9.76148285166 ,  12.347318264665,  0.0            
      6038,  -12.56075683424,  9.5223705943481,  0.0            
      6039,  -12.78123361217,  9.3154481199515,  0.0            
      6040,  -10.67049188752,  11.374689622507,  0.0            
      6041,  -6.394152891415,  15.612957141264,  0.0            
      6042,  -8.329002627807,  13.780159445815,  0.0            
      6043,  -8.56836209017 ,  13.535026566024,  0.0            
      6044,  -6.116218380607,  15.99054188367 ,  0.0            
      6045,  -14.21693613035,  7.8883085123588,  0.0            
      6046,  -13.20280014522,  8.9360201672124,  0.0            
      6047,  -8.106926367656,  14.014244035056,  0.0            
      6048,  -7.056362040482,  15.017173904383,  0.0            
      6049,  -4.711909303517,  17.402369725179,  0.0            
      6050,  -8.822232323652,  13.235192953946,  0.0            
      6051,  -9.520296040563,  12.588060063006,  0.0            
      6052,  -10.9346805397 ,  11.185515703176,  0.0            
      6053,  -14.41204016241,  7.7179977440985,  0.0            
      6054,  -10.28714320019,  11.716129422156,  0.0            
      6055,  -7.902945326152,  14.250252598664,  0.0            
      6056,  -5.947954064435,  16.241680428   ,  0.0            
      6057,  -5.406333110853,  16.743679653171,  0.0            
      6058,  -4.542665611166,  17.605686331093,  0.0            
      6059,  -12.05597449202,  10.087453854843,  0.0            
      6060,  -7.383823991769,  14.798883366368,  0.0            
      6061,  -14.60754350246,  7.5465634082672,  0.0            
      6062,  -11.19042663634,  10.999288770487,  0.0            
      6063,  -10.00838914836,  12.126019709694,  0.0            
      6064,  -4.372296570546,  17.805026778064,  0.0            
      6065,  -14.80353909548,  7.3738823742043,  0.0            
      6066,  -7.719012103035,  14.494039441511,  0.0            
      6067,  -13.41777425225,  8.7628257009644,  0.0            
      6068,  -6.57678083486 ,  15.556717253087,  0.0            
      6069,  -11.7554196887 ,  10.454201154047,  0.0            
      6070,  -11.44715169093,  10.823208178055,  0.0            
      6071,  -6.903669527905,  15.2708151786  ,  0.0            
      6072,  -9.284540615198,  12.843992776577,  0.0            
      6073,  -5.242555412574,  16.968576143954,  0.0            
      6074,  -13.62614839638,  8.5936803363864,  0.0            
      6075,  -12.29459741587,  9.9142276628907,  0.0            
      6076,  -5.772800537921,  16.485254080343,  0.0            
      6077,  -7.568517231858,  14.744913297484,  0.0            
      6078,  -13.82702941846,  8.4247127191503,  0.0            
      6079,  -6.446381475482,  15.771888593905,  0.0            
      6080,  -7.246664633228,  15.035372123689,  0.0            
      6081,  -5.077504800812,  17.185575872538,  0.0            
      6082,  -12.9717042096 ,  9.3310987100702,  0.0            
      6083,  -12.5283285893 ,  9.729070493111 ,  0.0            
      6084,  -10.25260786896,  11.925589499507,  0.0            
      6085,  -9.737988152607,  12.567915056716,  0.0            
      6086,  -14.0233707621 ,  8.2558223188628,  0.0            
      6087,  -6.759318590964,  15.518546701152,  0.0            
      6088,  -12.75510754677,  9.5301894654932,  0.0            
      6089,  -10.4703127028 ,  11.753573737282,  0.0            
      6090,  -12.0110157945 ,  10.286749647454,  0.0            
      6091,  -13.18503663821,  9.1427431459863,  0.0            
      6092,  -14.21822433467,  8.0861441489005,  0.0            
      6093,  -4.910638745168,  17.396131627689,  0.0            
      6094,  -6.336612479251,  15.946143496561,  0.0            
      6095,  -8.568341654023,  13.749175217553,  0.0            
      6096,  -5.603781682818,  16.723456954917,  0.0            
      6097,  -9.984350265386,  12.341967126276,  0.0            
      6098,  -10.64097038349,  11.614528252658,  0.0            
      6099,  -8.339199569091,  13.991122526366,  0.0            
      6100,  -8.815758534849,  13.481326318615,  0.0            
      6101,  -14.41305783394,  7.9160988333881,  0.0            
      6102,  -9.497893367001,  12.805641138256,  0.0            
      6103,  -11.70649571692,  10.653599213462,  0.0            
      6104,  -9.277024536277,  13.026145342166,  0.0            
      6105,  -10.90765515471,  11.41032316772 ,  0.0            
      6106,  -13.40153721163,  8.9658197079814,  0.0            
      6107,  -4.742072511059,  17.601617588469,  0.0            
      6108,  -8.128449662567,  14.225978661529,  0.0            
      6109,  -9.088916870309,  13.203366490924,  0.0            
      6110,  -6.162064987401,  16.211312581302,  0.0            
      6111,  -14.60822996156,  7.7452013898128,  0.0            
      6112,  -7.089959648721,  15.243378298022,  0.0            
      6113,  -6.60644283837 ,  15.755841167906,  0.0            
      6114,  -11.16234354708,  11.216431135331,  0.0            
      6115,  -4.571958573023,  17.802842631646,  0.0            
      6116,  -12.25665844677,  10.115397941536,  0.0            
      6117,  -14.80387912776,  7.5731891927672,  0.0            
      6118,  -7.936874191388,  14.462210264934,  0.0            
      6119,  -7.436044825428,  14.999030190616,  0.0            
      6120,  -5.4393519957  ,  16.953675345028,  0.0            
      6121,  -5.979335013786,  16.458996483302,  0.0            
      6122,  -11.41316168113,  11.031904982152,  0.0            
      6123,  -10.23257349678,  12.133034759518,  0.0            
      6124,  -10.47382719453,  11.928646857071,  0.0            
      6125,  -13.61625309221,  8.7940710293902,  0.0            
      6126,  -6.944778182862,  15.482618104645,  0.0            
      6127,  -7.769277657711,  14.703794607558,  0.0            
      6128,  -11.9638171062 ,  10.486848185257,  0.0            
      6129,  -12.49432840235,  9.9345678781297,  0.0            
      6130,  -5.275316925643,  17.175279899394,  0.0            
      6131,  -13.82374580329,  8.6249403607634,  0.0            
      6132,  -11.66535049369,  10.857847590543,  0.0            
      6133,  -9.70681661739 ,  12.789252592656,  0.0            
      6134,  -9.451242862859,  13.027350961616,  0.0            
      6135,  -12.94741984429,  9.5454867329192,  0.0            
      6136,  -12.72503982494,  9.7427562369354,  0.0            
      6137,  -14.02344816818,  8.4551610401316,  0.0            
      6138,  -5.802578350122,  16.701459289937,  0.0            
      6139,  -13.1640620828 ,  9.353941947898 ,  0.0            
      6140,  -5.109280656057,  17.389366292759,  0.0            
      6141,  -9.955829706187,  12.559101832876,  0.0            
      6142,  -14.21920152383,  8.2849544241499,  0.0            
      6143,  -7.28295655473 ,  15.229116586582,  0.0            
      6144,  -6.790102361887,  15.721804065601,  0.0            
      6145,  -7.623728128937,  14.951402478816,  0.0            
      6146,  -6.582700534749,  15.954918935463,  0.0            
      6147,  -12.2149028174 ,  10.31647029689 ,  0.0            
      6148,  -14.41401629377,  8.1144274944907,  0.0            
      6149,  -13.38116729112,  9.1713639265628,  0.0            
      6150,  -8.571912271018,  13.965479218733,  0.0            
      6151,  -8.807017398833,  13.713764152274,  0.0            
      6152,  -4.941337130194,  17.597486370186,  0.0            
      6153,  -10.20651191866,  12.343307206922,  0.0            
      6154,  -8.355523669598,  14.204035190918,  0.0            
      6155,  -10.68815028726,  11.876166982691,  0.0            
      6156,  -14.60892169408,  7.9438768346488,  0.0            
      6157,  -9.058889428137,  13.454389756722,  0.0            
      6158,  -6.379170385121,  16.178556290759,  0.0            
      6159,  -10.89112942344,  11.639186382142,  0.0            
      6160,  -5.636819478663,  16.936808593302,  0.0            
      6161,  -4.771649089483,  17.800824802485,  0.0            
      6162,  -14.80422783612,  7.7724975034549,  0.0            
      6163,  -13.59923829312,  8.9971052651759,  0.0            
      6164,  -11.91956943512,  10.688206770704,  0.0            
      6165,  -11.14027902223,  11.437302227887,  0.0            
      6166,  -8.157515177429,  14.438610436406,  0.0            
      6167,  -9.348677753445,  13.244091883372,  0.0            
      6168,  -10.45594257937,  12.131023087837,  0.0            
      6169,  -7.133876703211,  15.453360295904,  0.0            
      6170,  -12.45776971418,  10.139614648579,  0.0            
      6171,  -6.19348888896 ,  16.433107584627,  0.0            
      6172,  -11.38810408803,  11.246860932526,  0.0            
      6173,  -5.473234488163,  17.163531472677,  0.0            
      6174,  -7.979359195754,  14.67435408513 ,  0.0            
      6175,  -9.658102317394,  13.011857795157,  0.0            
      6176,  -13.81434224389,  8.8261847876116,  0.0            
      6177,  -7.477096421083,  15.197664889178,  0.0            
      6178,  -12.6928145259 ,  9.9529805091672,  0.0            
      6179,  -6.003828881735,  16.678270409402,  0.0            
      6180,  -11.63456911359,  11.066237784168,  0.0            
      6181,  -12.9195980722 ,  9.7599259978322,  0.0            
      6182,  -6.982193070877,  15.687000042614,  0.0            
      6183,  -14.02060628273,  8.6566608190292,  0.0            
      6184,  -12.17186799175,  10.518901061023,  0.0            
      6185,  -9.920874312835,  12.777454245157,  0.0            
      6186,  -5.308250901421,  17.38171811752 ,  0.0            
      6187,  -13.13994856095,  9.5668978530441,  0.0            
      6188,  -14.21914956363,  8.4851710180231,  0.0            
      6189,  -7.820705979321,  14.914210080141,  0.0            
      6190,  -11.88233888118,  10.894072623804,  0.0            
      6191,  -10.17562458281,  12.556312143338,  0.0            
      6192,  -13.35810570757,  9.3810595679054,  0.0            
      6193,  -14.41464955778,  8.3134252141788,  0.0            
      6194,  -5.14073907764 ,  17.592982128285,  0.0            
      6195,  -6.802528515265,  15.919337891008,  0.0            
      6196,  -5.834634523143,  16.917850656289,  0.0            
      6197,  -8.804089629482,  13.938347903073,  0.0            
      6198,  -8.582845025375,  14.181352470905,  0.0            
      6199,  -14.60956156458,  8.1426133102037,  0.0            
      6200,  -7.327711444982,  15.428314537777,  0.0            
      6201,  -9.042640632782,  13.689090754995,  0.0            
      6202,  -12.41893578336,  10.343881535088,  0.0            
      6203,  -6.601191203241,  16.143236372328,  0.0            
      6204,  -13.57693797418,  9.2023117906339,  0.0            
      6205,  -4.971349879811,  17.798757037877,  0.0            
      6206,  -10.42905307609,  12.341737288952,  0.0            
      6207,  -10.67528412003,  12.111836395602,  0.0            
      6208,  -7.671921800658,  15.158177758346,  0.0            
      6209,  -14.80458139898,  7.9718005127411,  0.0            
      6210,  -9.300259808816,  13.456277240491,  0.0            
      6211,  -10.89773176564,  11.872470734936,  0.0            
      6212,  -8.379961494349,  14.417584819954,  0.0            
      6213,  -11.12458852529,  11.66185509709 ,  0.0            
      6214,  -6.421766645445,  16.409250651068,  0.0            
      6215,  -13.79672100456,  9.0297469100982,  0.0            
      6216,  -5.671837542634,  17.149987706254,  0.0            
      6217,  -12.65842850782,  10.16203324459 ,  0.0            
      6218,  -9.590678035904,  13.231714519952,  0.0            
      6219,  -12.13157413832,  10.722769716987,  0.0            
      6220,  -11.36825520474,  11.46485485565 ,  0.0            
      6221,  -7.176897733039,  15.656418970255,  0.0            
      6222,  -8.194587142204,  14.65156791786 ,  0.0            
      6223,  -6.205716784532,  16.6562659248  ,  0.0            
      6224,  -9.875580570012,  12.99660385847 ,  0.0            
      6225,  -11.61193313798,  11.279959979991,  0.0            
      6226,  -14.01208654956,  8.8593926263855,  0.0            
      6227,  -12.8897193373 ,  9.9727419514625,  0.0            
      6228,  -5.507779715657,  17.372972612126,  0.0            
      6229,  -13.11354701268,  9.7814038321057,  0.0            
      6230,  -10.13966686664,  12.770776643245,  0.0            
      6231,  -8.02632273075 ,  14.886427955027,  0.0            
      6232,  -14.21672720144,  8.6882132534759,  0.0            
      6233,  -7.523116471355,  15.397576263743,  0.0            
      6234,  -7.01242924859 ,  15.884544013107,  0.0            
      6235,  -13.33340281212,  9.5929034909037,  0.0            
      6236,  -12.37942951616,  10.549366312138,  0.0            
      6237,  -6.033488134895,  16.896933602537,  0.0            
      6238,  -5.34079056296 ,  17.587858642891,  0.0            
      6239,  -11.85455580983,  11.103542001889,  0.0            
      6240,  -14.41432689478,  8.513566787381 ,  0.0            
      6241,  -10.39740550104,  12.554679623868,  0.0            
      6242,  -14.60994201132,  8.341489652032 ,  0.0            
      6243,  -13.55211788491,  9.411479051576 ,  0.0            
      6244,  -8.809836911456,  14.158016077011,  0.0            
      6245,  -9.034650983327,  13.915241954551,  0.0            
      6246,  -6.828947336102,  16.107221920444,  0.0            
      6247,  -5.171249692346,  17.796474943083,  0.0            
      6248,  -12.097612644  ,  10.931208367496,  0.0            
      6249,  -7.870342598299,  15.124429968409,  0.0            
      6250,  -9.277746500717,  13.676377110907,  0.0            
      6251,  -14.80491081697,  8.1710795347481,  0.0            
      6252,  -12.62249296343,  10.36973325501 ,  0.0            
      6253,  -8.602932685503,  14.396537743433,  0.0            
      6254,  -5.870672645109,  17.133663980214,  0.0            
      6255,  -6.654555275288,  16.324343034932,  0.0            
      6256,  -13.77217041363,  9.2353175936855,  0.0            
      6257,  -10.64948987469,  12.335644854213,  0.0            
      6258,  -7.373824730104,  15.628279796547,  0.0            
      6259,  -10.88882296876,  12.107996566686,  0.0            
      6260,  -9.541276492656,  13.447204252098,  0.0            
      6261,  -11.11534014376,  11.889289968295,  0.0            
      6262,  -8.412782893616,  14.63105841287 ,  0.0            
      6263,  -9.822338821687,  13.214608080859,  0.0            
      6264,  -7.720159505538,  15.36364598842 ,  0.0            
      6265,  -13.99374180079,  9.0639214251738,  0.0            
      6266,  -11.35082860224,  11.686005278585,  0.0            
      6267,  -12.85801012988,  10.184723449566,  0.0            
      6268,  -6.402858146094,  16.653024765612,  0.0            
      6269,  -5.708518256778,  17.362607563115,  0.0            
      6270,  -6.594783375989,  16.534545590335,  0.0            
      6271,  -10.0969960627 ,  12.985812083014,  0.0            
      6272,  -7.216867538608,  15.854678951646,  0.0            
      6273,  -12.34245318521,  10.75625573915 ,  0.0            
      6274,  -11.59339834455,  11.495744309006,  0.0            
      6275,  -13.08568509854,  9.995313898536 ,  0.0            
      6276,  -8.237464923788,  14.864174140036,  0.0            
      6277,  -14.21020893269,  8.894221466229 ,  0.0            
      6278,  -13.30754931473,  9.807029083596 ,  0.0            
      6279,  -6.232438664674,  16.877760045883,  0.0            
      6280,  -5.542006442154,  17.581949109758,  0.0            
      6281,  -10.36207837556,  12.767481458405,  0.0            
      6282,  -14.41197391   ,  8.7163117976933,  0.0            
      6283,  -7.048078041085,  16.075773229714,  0.0            
      6284,  -13.52664397865,  9.6229290703237,  0.0            
      6285,  -11.83415912565,  11.317807829198,  0.0            
      6286,  -14.60959531389,  8.5404552890343,  0.0            
      6287,  -12.58617781976,  10.578321626822,  0.0            
      6288,  -9.035833789514,  14.136092178348,  0.0            
      6289,  -7.570890470341,  15.598758756055,  0.0            
      6290,  -5.371761594481,  17.79382383514 ,  0.0            
      6291,  -8.074715552436,  15.09807531711 ,  0.0            
      6292,  -9.264343811821,  13.897162542627,  0.0            
      6293,  -10.61903886372,  12.554149944424,  0.0            
      6294,  -14.80511623118,  8.3702464013826,  0.0            
      6295,  -6.070506657726,  17.113262825666,  0.0            
      6296,  -6.879541347897,  16.289470522239,  0.0            
      6297,  -13.7454174077 ,  9.4449635005922,  0.0            
      6298,  -12.07224622188,  11.143354391256,  0.0            
      6299,  -9.510914568184,  13.662902724894,  0.0            
      6300,  -8.825857703299,  14.375099584231,  0.0            
      6301,  -12.82512650495,  10.395268742878,  0.0            
      6302,  -6.756636641092,  16.498044247463,  0.0            
      6303,  -12.3111497221 ,  10.967734594749,  0.0            
      6304,  -9.775511639352,  13.43092955393 ,  0.0            
      6305,  -10.86600015012,  12.33655698945 ,  0.0            
      6306,  -13.9647482069 ,  9.2702864535617,  0.0            
      6307,  -7.919687748515,  15.333506637056,  0.0            
      6308,  -11.10057888706,  12.118411351867,  0.0            
      6309,  -8.632124714626,  14.610760583057,  0.0            
      6310,  -6.607561052211,  16.692991506938,  0.0            
      6311,  -5.909844747225,  17.348585915485,  0.0            
      6312,  -7.419076636436,  15.827359281629,  0.0            
      6313,  -10.04865060878,  13.200868845648,  0.0            
      6314,  -11.33331059582,  11.908814572369,  0.0            
      6315,  -13.05654157444,  10.209061905202,  0.0            
      6316,  -14.19276853566,  9.1016651404822,  0.0            
      6317,  -11.57436809516,  11.713382514898,  0.0            
      6318,  -10.32145468184,  12.979442269305,  0.0            
      6319,  -8.452194728939,  14.843909287008,  0.0            
      6320,  -13.28108905996,  10.021341482687,  0.0            
      6321,  -7.769290319198,  15.568683392334,  0.0            
      6322,  -6.434380938216,  16.870108372284,  0.0            
      6323,  -5.745465366246,  17.574725464101,  0.0            
      6324,  -7.258905999552,  16.049276976571,  0.0            
      6325,  -12.55206543542,  10.788042722066,  0.0            
      6326,  -14.40711295437,  8.9242481159404,  0.0            
      6327,  -13.50097463246,  9.8368971766089,  0.0            
      6328,  -10.58598387728,  12.768663441737,  0.0            
      6329,  -14.60790725682,  8.7392735010252,  0.0            
      6330,  -11.81721577734,  11.533311957715,  0.0            
      6331,  -5.573496945862,  17.790671508976,  0.0            
      6332,  -8.28346762812 ,  15.076236411971,  0.0            
      6333,  -9.261016265783,  14.116343502544,  0.0            
      6334,  -6.271719449179,  17.091278735458,  0.0            
      6335,  -7.096384890445,  16.26347728775 ,  0.0            
      6336,  -13.71916186171,  9.6569014797487,  0.0            
      6337,  -14.80498383532,  8.569042597534 ,  0.0            
      6338,  -9.492118604103,  13.880378389001,  0.0            
      6339,  -12.79195641781,  10.606404503557,  0.0            
      6340,  -9.04816763289 ,  14.3540399906  ,  0.0            
      6341,  -9.740675809137,  13.647083115384,  0.0            
      6342,  -10.83826739784,  12.559705021366,  0.0            
      6343,  -12.0536412657 ,  11.360647922147,  0.0            
      6344,  -6.950234865302,  16.472526398403,  0.0            
      6345,  -7.61881741849 ,  15.800216490651,  0.0            
      6346,  -13.93535946766,  9.48136239302  ,  0.0            
      6347,  -8.123579815158,  15.308648319705,  0.0            
      6348,  -10.00181212164,  13.416204038566,  0.0            
      6349,  -6.11190872901 ,  17.326497988938,  0.0            
      6350,  -8.851858792049,  14.590213035921,  0.0            
      6351,  -6.81120883102 ,  16.6835522975  ,  0.0            
      6352,  -13.02664928439,  10.421623918338,  0.0            
      6353,  -12.28757762102,  11.183279584146,  0.0            
      6354,  -11.07878169874,  12.34591650377 ,  0.0            
      6355,  -14.15324883188,  9.3087247733042,  0.0            
      6356,  -10.2733903292 ,  13.19113180768 ,  0.0            
      6357,  -11.31213583717,  12.133674979502,  0.0            
      6358,  -12.52286192746,  11.002016526361,  0.0            
      6359,  -13.25415136937,  10.236050460519,  0.0            
      6360,  -11.55029561466,  11.93127943181 ,  0.0            
      6361,  -8.66848865607 ,  14.823980108296,  0.0            
      6362,  -7.465095706057,  16.025102471135,  0.0            
      6363,  -7.96928132808 ,  15.54154999305 ,  0.0            
      6364,  -5.951185555233,  17.563766914553,  0.0            
      6365,  -6.642427020067,  16.875925584921,  0.0            
      6366,  -14.39830743497,  9.1441884960211,  0.0            
      6367,  -10.54829229159,  12.979181028645,  0.0            
      6368,  -13.47557402213,  10.051419087761,  0.0            
      6369,  -11.79817470506,  11.748458338943,  0.0            
      6370,  -14.60507978405,  8.936540159166 ,  0.0            
      6371,  -5.777876603829,  17.786605903136,  0.0            
      6372,  -8.495603362433,  15.056098985579,  0.0            
      6373,  -7.306865064384,  16.241867786606,  0.0            
      6374,  -9.484736857329,  14.097951296227,  0.0            
      6375,  -6.477146816661,  17.075277372922,  0.0            
      6376,  -13.69361462513,  9.8711705647866,  0.0            
      6377,  -12.76057696048,  10.818252158982,  0.0            
      6378,  -7.818593837952,  15.773338315307,  0.0            
      6379,  -14.80430854551,  8.7667529822292,  0.0            
      6380,  -9.717486313629,  13.863776112873,  0.0            
      6381,  -10.80836694119,  12.77854344929 ,  0.0            
      6382,  -9.26986246163 ,  14.333891831766,  0.0            
      6383,  -7.154367499164,  16.451866237488,  0.0            
      6384,  -9.964209887424,  13.632180034005,  0.0            
      6385,  -13.90886793805,  9.6946669697774,  0.0            
      6386,  -8.3307438865  ,  15.287275425929,  0.0            
      6387,  -12.99659851664,  10.634549936333,  0.0            
      6388,  -6.315745520919,  17.29667201456 ,  0.0            
      6389,  -12.03820450288,  11.579994920521,  0.0            
      6390,  -9.071296520684,  14.569727830321,  0.0            
      6391,  -7.008422513859,  16.66093188469 ,  0.0            
      6392,  -10.22235593435,  13.40437276635 ,  0.0            
      6393,  -11.05337129272,  12.571231553769,  0.0            
      6394,  -14.12054870706,  9.5233126241909,  0.0            
      6395,  -7.667081104746,  16.001239625316,  0.0            
      6396,  -13.22707415865,  10.449900650732,  0.0            
      6397,  -12.2700730573 ,  11.404834374713,  0.0            
      6398,  -10.49817284747,  13.186730059722,  0.0            
      6399,  -11.28891228721,  12.358886089522,  0.0            
      6400,  -8.172618499008,  15.518142897476,  0.0            
      6401,  -6.157439360737,  17.539754963561,  0.0            
      6402,  -8.885559904224,  14.803920765894,  0.0            
      6403,  -6.851401614806,  16.867496850515,  0.0            
      6404,  -14.32735745977,  9.3640757234668,  0.0            
      6405,  -11.52075049896,  12.151383055002,  0.0            
      6406,  -12.50042256618,  11.219959103521,  0.0            
      6407,  -13.45060438145,  10.266602575622,  0.0            
      6408,  -12.73328285269,  11.033635000879,  0.0            
      6409,  -11.76794898512,  11.960466460368,  0.0            
      6410,  -14.61526830343,  9.1265581830415,  0.0            
      6411,  -7.513586438078,  16.221888354946,  0.0            
      6412,  -5.987054290491,  17.779715574166,  0.0            
      6413,  -8.709317232152,  15.036356878354,  0.0            
      6414,  -13.66916388117,  10.085871846406,  0.0            
      6415,  -6.686755443149,  17.066151074891,  0.0            
      6416,  -8.018859218872,  15.748592964508,  0.0            
      6417,  -9.706974900322,  14.080462564822,  0.0            
      6418,  -10.77623350917,  12.993181111411,  0.0            
      6419,  -14.51961162289,  9.3098046970997,  0.0            
      6420,  -14.80446107313,  8.9623615275684,  0.0            
      6421,  -9.938883624454,  13.848223387619,  0.0            
      6422,  -7.359698083816,  16.434672988224,  0.0            
      6423,  -9.490606245371,  14.314700701863,  0.0            
      6424,  -13.88415353957,  9.9095393969219,  0.0            
      6425,  -12.02203501922,  11.799514408923,  0.0            
      6426,  -12.96793195379,  10.847744839961,  0.0            
      6427,  -8.540799694586,  15.267292077514,  0.0            
      6428,  -10.18226055033,  13.61922383131 ,  0.0            
      6429,  -6.524580306639,  17.272332361861,  0.0            
      6430,  -11.02606716097,  12.79542103928 ,  0.0            
      6431,  -7.867900679849,  15.977390957219,  0.0            
      6432,  -7.209960340736,  16.643080717042,  0.0            
      6433,  -9.290356166078,  14.549645269594,  0.0            
      6434,  -14.0954207677 ,  9.7379012570228,  0.0            
      6435,  -10.43540682727,  13.396298916215,  0.0            
      6436,  -13.20010521355,  10.663925254687,  0.0            
      6437,  -6.363237608826,  17.493873935652,  0.0            
      6438,  -11.26498850302,  12.583681750297,  0.0            
      6439,  -8.378395533316,  15.497302343885,  0.0            
      6440,  -9.102584160809,  14.783847054232,  0.0            
      6441,  -7.056953981095,  16.850568400911,  0.0            
      6442,  -14.29908595468,  9.5789019906544,  0.0            
      6443,  -13.42622474034,  10.48111683574 ,  0.0            
      6444,  -11.49448866073,  12.373654969511,  0.0            
      6445,  -12.25536588143,  11.631035113251,  0.0            
      6446,  -11.72407471203,  12.17359442041 ,  0.0            
      6447,  -14.49299890348,  9.4640690273379,  0.0            
      6448,  -7.716245036271,  16.201652741395,  0.0            
      6449,  -14.66309193736,  9.3236695593541,  0.0            
      6450,  -10.72783940425,  13.195290621432,  0.0            
      6451,  -6.205055806807,  17.759216229437,  0.0            
      6452,  -8.923986563891,  15.016585685947,  0.0            
      6453,  -13.64606148492,  10.301166892082,  0.0            
      6454,  -12.48332437029,  11.443730073356,  0.0            
      6455,  -6.897583358418,  17.054568161256,  0.0            
      6456,  -8.221485768412,  15.726381754072,  0.0            
      6457,  -12.71174427989,  11.252362741808,  0.0            
      6458,  -9.927042465904,  14.063900915167,  0.0            
      6459,  -11.98973725198,  12.005538184036,  0.0            
      6460,  -14.81171032551,  9.1574632197172,  0.0            
      6461,  -12.94249277436,  11.063551058355,  0.0            
      6462,  -13.86119528117,  10.124250828549,  0.0            
      6463,  -7.564380452113,  16.418557973693,  0.0            
      6464,  -10.15703587709,  13.833799275912,  0.0            
      6465,  -9.71053497068 ,  14.296361781276,  0.0            
      6466,  -8.752243578799,  15.247713967922,  0.0            
      6467,  -6.736641623537,  17.256069309318,  0.0            
      6468,  -10.99648493847,  13.02239848338 ,  0.0            
      6469,  -8.068201016653,  15.95468364872 ,  0.0            
      6470,  -10.39353375903,  13.608635750971,  0.0            
      6471,  -14.07268309576,  9.9524999664414,  0.0            
      6472,  -7.412928136555,  16.628798533803,  0.0            
      6473,  -9.508804556234,  14.530165657213,  0.0            
      6474,  -13.17422668603,  10.877835426644,  0.0            
      6475,  -10.63558371404,  13.3951784532  ,  0.0            
      6476,  -6.577847498213,  17.461987449972,  0.0            
      6477,  -8.586552151799,  15.477540678129,  0.0            
      6478,  -11.24003125915,  12.808067604499,  0.0            
      6479,  -14.27805026063,  9.7898748857201,  0.0            
      6480,  -9.319430387558,  14.763950923222,  0.0            
      6481,  -7.261424920966,  16.835490104019,  0.0            
      6482,  -13.40232273882,  10.695612631245,  0.0            
      6483,  -7.917270959872,  16.180647566863,  0.0            
      6484,  -11.69447422032,  12.391910500322,  0.0            
      6485,  -12.23978747229,  11.864398711965,  0.0            
      6486,  -11.47178790485,  12.596120870362,  0.0            
      6487,  -14.47511336854,  9.650902448436 ,  0.0            
      6488,  -6.426407990684,  17.671277579765,  0.0            
      6489,  -11.91450025975,  12.203292752676,  0.0            
      6490,  -8.425854543876,  15.705995158634,  0.0            
      6491,  -13.62432350857,  10.515746167689,  0.0            
      6492,  -7.106105193702,  17.040615906566,  0.0            
      6493,  -14.66459573152,  9.5190505789467,  0.0            
      6494,  -9.13876234696 ,  14.996818607084,  0.0            
      6495,  -10.14559888983,  14.047831116096,  0.0            
      6496,  -10.59872139492,  13.601586286637,  0.0            
      6497,  -14.82849201805,  9.3575110731617,  0.0            
      6498,  -7.766361518306,  16.40163724445 ,  0.0            
      6499,  -12.69489254913,  11.47596096778 ,  0.0            
      6500,  -13.84030333422,  10.339227741708,  0.0            
      6501,  -12.46868942654,  11.671902541868,  0.0            
      6502,  -12.92174462563,  11.281840799023,  0.0            
      6503,  -10.37174898757,  13.82015214304 ,  0.0            
      6504,  -10.80308492931,  13.410859016062,  0.0            
      6505,  -9.929398076508,  14.278693591521,  0.0            
      6506,  -8.964647067092,  15.228180224083,  0.0            
      6507,  -6.948804617682,  17.242817549966,  0.0            
      6508,  -10.96619803564,  13.259697568469,  0.0            
      6509,  -8.269920585478,  15.93346750869 ,  0.0            
      6510,  -6.380709831804,  17.866806953426,  0.0            
      6511,  -14.05198763008,  10.166274006178,  0.0            
      6512,  -13.15079376313,  11.093440540158,  0.0            
      6513,  -7.615993884923,  16.615618661096,  0.0            
      6514,  -9.726792829283,  14.511288142788,  0.0            
      6515,  -6.79286599063 ,  17.444073577914,  0.0            
      6516,  -8.79587116143 ,  15.458144504011,  0.0            
      6517,  -14.25885744446,  10.000994119488,  0.0            
      6518,  -11.21452750098,  13.033070583661,  0.0            
      6519,  -8.117155340634,  16.159646671661,  0.0            
      6520,  -9.535851890576,  14.744409799619,  0.0            
      6521,  -7.465070761833,  16.823670190628,  0.0            
      6522,  -13.379328427  ,  10.909675428385,  0.0            
      6523,  -11.88696196987,  12.415792701162,  0.0            
      6524,  -6.645153059706,  17.642971257844,  0.0            
      6525,  -14.45927788864,  9.8496528340928,  0.0            
      6526,  -11.67438850424,  12.610765315011,  0.0            
      6527,  -10.80631305905,  13.579767095926,  0.0            
      6528,  -12.22304253225,  12.110430518491,  0.0            
      6529,  -12.07373290558,  12.246438674701,  0.0            
      6530,  -11.44931654285,  12.817849275425,  0.0            
      6531,  -8.632113685363,  15.686426168524,  0.0            
      6532,  -13.60347877648,  10.730093900318,  0.0            
      6533,  -9.353504942818,  14.977156586203,  0.0            
      6534,  -7.312786963059,  17.028462197949,  0.0            
      6535,  -14.65166897187,  9.7099715169222,  0.0            
      6536,  -7.966764335172,  16.383142837871,  0.0            
      6537,  -10.3626098168 ,  14.03136544194 ,  0.0            
      6538,  -6.538559064752,  17.834132804952,  0.0            
      6539,  -10.58552410592,  13.804820789899,  0.0            
      6540,  -14.83192758935,  9.5582459659155,  0.0            
      6541,  -13.82138035071,  10.553267710264,  0.0            
      6542,  -7.158664544658,  17.230963638185,  0.0            
      6543,  -9.177234732276,  15.208685965154,  0.0            
      6544,  -10.14762338257,  14.261161369524,  0.0            
      6545,  -8.472768080312,  15.913438950814,  0.0            
      6546,  -12.68048484247,  11.702796571141,  0.0            
      6547,  -12.90499055612,  11.503884945294,  0.0            
      6548,  -14.03375356828,  10.38008444076 ,  0.0            
      6549,  -12.45438306387,  11.904871702839,  0.0            
      6550,  -7.817064940244,  16.601376807067,  0.0            
      6551,  -13.13101121227,  11.310667702165,  0.0            
      6552,  -9.944224146105,  14.492836613727,  0.0            
      6553,  -7.005508540576,  17.431641232206,  0.0            
      6554,  -9.006067499525,  15.438828209485,  0.0            
      6555,  -14.24145719468,  10.211868185577,  0.0            
      6556,  -11.00851039738,  13.508163876959,  0.0            
      6557,  -8.317650172674,  16.139150985186,  0.0            
      6558,  -13.35809971639,  11.124672283773,  0.0            
      6559,  -11.19771921161,  13.25793992068 ,  0.0            
      6560,  -9.751968814318,  14.725249051431,  0.0            
      6561,  -7.667735083023,  16.812915566562,  0.0            
      6562,  -12.08071281187,  12.425967033037,  0.0            
      6563,  -14.44424412455,  10.053994827232,  0.0            
      6564,  -6.858332714614,  17.62898996881 ,  0.0            
      6565,  -11.87282429368,  12.62707210929 ,  0.0            
      6566,  -8.839332796989,  15.667177452522,  0.0            
      6567,  -11.65448365292,  12.828829120113,  0.0            
      6568,  -11.4276495053 ,  13.038616887352,  0.0            
      6569,  -13.58345120445,  10.943735631052,  0.0            
      6570,  -9.567940442728,  14.957727392576,  0.0            
      6571,  -10.79869642402,  13.778415248468,  0.0            
      6572,  -8.16572899829 ,  16.363531215329,  0.0            
      6573,  -14.64010703312,  9.9060115349456,  0.0            
      6574,  -7.517416263004,  17.01897915681 ,  0.0            
      6575,  -6.73027318176 ,  17.820917915077,  0.0            
      6576,  -10.57914823862,  14.012379058242,  0.0            
      6577,  -14.82665947563,  9.7572631800824,  0.0            
      6578,  -13.80366249159,  10.766877733225,  0.0            
      6579,  -8.677040877196,  15.894005072132,  0.0            
      6580,  -9.389883125195,  15.189285493006,  0.0            
      6581,  -7.366135480513,  17.221531254688,  0.0            
      6582,  -10.3651107319 ,  14.242959112597,  0.0            
      6583,  -14.01783464036,  10.592845426728,  0.0            
      6584,  -8.016395198557,  16.584923819372,  0.0            
      6585,  -12.89054096149,  11.728320778475,  0.0            
      6586,  -10.16136239745,  14.474387221132,  0.0            
      6587,  -12.66745096606,  11.93253462073 ,  0.0            
      6588,  -13.11447474171,  11.530557485042,  0.0            
      6589,  -7.21522610871 ,  17.42212608811 ,  0.0            
      6590,  -9.216493098686,  15.419582557538,  0.0            
      6591,  -8.518761555075,  16.11927407771 ,  0.0            
      6592,  -14.22647727403,  10.423227985986,  0.0            
      6593,  -12.44640026298,  12.14077553148 ,  0.0            
      6594,  -13.33955593042,  11.34056252808 ,  0.0            
      6595,  -9.967716370114,  14.706349947647,  0.0            
      6596,  -7.868139439805,  16.800938178412,  0.0            
      6597,  -14.43063545466,  10.260300320811,  0.0            
      6598,  -12.26942697754,  12.380525215461,  0.0            
      6599,  -11.20673541416,  13.48442870478 ,  0.0            
      6600,  -7.068118955767,  17.620004496201,  0.0            
      6601,  -12.06945905653,  12.63443431165 ,  0.0            
      6602,  -9.047327209225,  15.64803585003 ,  0.0            
      6603,  -11.00805116251,  13.737720384395,  0.0            
      6604,  -11.85433998529,  12.841469387084,  0.0            
      6605,  -13.5646340124 ,  11.157784025566,  0.0            
      6606,  -8.364620495265,  16.343458980514,  0.0            
      6607,  -11.63453401259,  13.046150438283,  0.0            
      6608,  -9.782154481778,  14.938553179165,  0.0            
      6609,  -14.62935813959,  10.106536572806,  0.0            
      6610,  -11.41246832804,  13.259343845457,  0.0            
      6611,  -7.719959363382,  17.010404555037,  0.0            
      6612,  -6.931560571847,  17.813921664954,  0.0            
      6613,  -10.7945690022 ,  13.98753585212 ,  0.0            
      6614,  -14.82040961519,  9.9557723885061,  0.0            
      6615,  -13.78668113312,  10.979566408706,  0.0            
      6616,  -8.882101486346,  15.874855441234,  0.0            
      6617,  -9.602322838918,  15.170074271066,  0.0            
      6618,  -10.58228451853,  14.22287951157 ,  0.0            
      6619,  -7.571051158125,  17.214414445304,  0.0            
      6620,  -8.213995366052,  16.56630462612 ,  0.0            
      6621,  -14.00327576307,  10.805119847128,  0.0            
      6622,  -10.37813423888,  14.455386192906,  0.0            
      6623,  -9.427049033789,  15.400456018646,  0.0            
      6624,  -8.720871891475,  16.099819780254,  0.0            
      6625,  -7.42216030653 ,  17.415212553613,  0.0            
      6626,  -12.87721706432,  11.954976757779,  0.0            
      6627,  -13.09988225152,  11.752093413677,  0.0            
      6628,  -14.21379148719,  10.633837283129,  0.0            
      6629,  -12.65818710578,  12.164331971607,  0.0            
      6630,  -10.18330214861,  14.687436244644,  0.0            
      6631,  -13.3235060856 ,  11.558160028664,  0.0            
      6632,  -8.066182465423,  16.786203081486,  0.0            
      6633,  -14.41917452925,  10.468119404098,  0.0            
      6634,  -12.45645601064,  12.38211530934 ,  0.0            
      6635,  -7.275486409694,  17.613638429314,  0.0            
      6636,  -9.255600403943,  15.629004087535,  0.0            
      6637,  -12.26191386197,  12.624804867166,  0.0            
      6638,  -8.56372386548 ,  16.323466077792,  0.0            
      6639,  -12.05078117939,  12.85255442191 ,  0.0            
      6640,  -13.54767321342,  11.372225519362,  0.0            
      6641,  -9.996079288142,  14.919556466338,  0.0            
      6642,  -11.83451774182,  13.05674149558 ,  0.0            
      6643,  -11.21268140377,  13.713723463493,  0.0            
      6644,  -14.61987925787,  10.309152234282,  0.0            
      6645,  -11.61774540583,  13.263414212005,  0.0            
      6646,  -7.919664933657,  17.000495092566,  0.0            
      6647,  -11.40966126294,  13.481595066596,  0.0            
      6648,  -7.134799767627,  17.809389732846,  0.0            
      6649,  -11.00769936993,  13.958837761376,  0.0            
      6650,  -9.0878438478  ,  15.855847994256,  0.0            
      6651,  -13.77045793303,  11.192370607091,  0.0            
      6652,  -14.81466161014,  10.155599861048,  0.0            
      6653,  -8.410879389639,  16.546224857249,  0.0            
      6654,  -9.814612267195,  15.151068393469,  0.0            
      6655,  -10.79864540559,  14.200127036839,  0.0            
      6656,  -7.773183981631,  17.208010826898,  0.0            
      6657,  -13.98934269199,  11.016383706777,  0.0            
      6658,  -10.59480623658,  14.435256039365,  0.0            
      6659,  -8.923634845082,  16.080652843963,  0.0            
      6660,  -9.637502695199,  15.381537316001,  0.0            
      6661,  -7.626528862179,  17.410270056086,  0.0            
      6662,  -8.26198313287 ,  16.76819828602 ,  0.0            
      6663,  -14.20240928266,  10.844160690637,  0.0            
      6664,  -13.08581385201,  11.975082536505,  0.0            
      6665,  -12.86485758411,  12.183118380596,  0.0            
      6666,  -10.3987152514 ,  14.668195709676,  0.0            
      6667,  -13.30899628923,  11.776668523293,  0.0            
      6668,  -8.763465095424,  16.30380733512 ,  0.0            
      6669,  -9.464077761887,  15.610150929534,  0.0            
      6670,  -12.65308614296,  12.399181854892,  0.0            
      6671,  -14.4097423346 ,  10.675837556453,  0.0            
      6672,  -7.480554837724,  17.609327253736,  0.0            
      6673,  -12.45076643565,  12.626505808299,  0.0            
      6674,  -12.24223570052,  12.859192262701,  0.0            
      6675,  -10.2099159438 ,  14.900557250882,  0.0            
      6676,  -13.53254434538,  11.587773946493,  0.0            
      6677,  -12.02985797329,  13.072655719923,  0.0            
      6678,  -14.61211442448,  10.513490018576,  0.0            
      6679,  -11.81580694906,  13.270578916867,  0.0            
      6680,  -8.116163797318,  16.9873956568  ,  0.0            
      6681,  -11.60826304937,  13.481704400734,  0.0            
      6682,  -11.41539906644,  13.705056221838,  0.0            
      6683,  -9.293939065201,  15.837004315751,  0.0            
      6684,  -7.338013803344,  17.806290594589,  0.0            
      6685,  -8.607676981105,  16.525681262966,  0.0            
      6686,  -11.2187087965 ,  13.937710688201,  0.0            
      6687,  -13.75540905   ,  11.405330341028,  0.0            
      6688,  -14.80969249494,  10.356257623742,  0.0            
      6689,  -10.02668053485,  15.132207799769,  0.0            
      6690,  -11.01425362192,  14.176720221395,  0.0            
      6691,  -7.97203421462 ,  17.200257131536,  0.0            
      6692,  -13.97579488443,  11.227651346395,  0.0            
      6693,  -9.127007596361,  16.061694577167,  0.0            
      6694,  -9.847886156886,  15.362839522926,  0.0            
      6695,  -10.81121963228,  14.414012154   ,  0.0            
      6696,  -8.45637478041 ,  16.747444257895,  0.0            
      6697,  -7.828016473529,  17.405906757861,  0.0            
      6698,  -14.19150027349,  11.053580844032,  0.0            
      6699,  -10.61429279234,  14.648387146668,  0.0            
      6700,  -8.963776499027,  16.284550005322,  0.0            
      6701,  -13.07066216802,  12.198835408492,  0.0            
      6702,  -13.29456991994,  11.995667225466,  0.0            
      6703,  -9.672584373396,  15.591581252925,  0.0            
      6704,  -12.85181544837,  12.412824247804,  0.0            
      6705,  -14.4014253468 ,  10.883671053012,  0.0            
      6706,  -12.64095154359,  12.635770505801,  0.0            
      6707,  -7.683738450478,  17.606423028909,  0.0            
      6708,  -8.309645374755,  16.969810036818,  0.0            
      6709,  -12.43128053482,  12.865493520095,  0.0            
      6710,  -10.42370315748,  14.881380473135,  0.0            
      6711,  -12.21907727203,  13.09123234745 ,  0.0            
      6712,  -13.51866877443,  11.803783177587,  0.0            
      6713,  -12.009140179  ,  13.290220363826,  0.0            
      6714,  -8.804872666686,  16.505538554254,  0.0            
      6715,  -14.60588723857,  10.718160010898,  0.0            
      6716,  -11.7990646644 ,  13.481134564327,  0.0            
      6717,  -9.500336175682,  15.818429566425,  0.0            
      6718,  -11.61489161202,  13.701263169357,  0.0            
      6719,  -7.540359739582,  17.804291733274,  0.0            
      6720,  -11.43009428526,  13.925632696191,  0.0            
      6721,  -10.2387194394 ,  15.113360504875,  0.0            
      6722,  -13.74161644888,  11.61931684356 ,  0.0            
      6723,  -14.8057201503 ,  10.557913102146,  0.0            
      6724,  -11.2298239992 ,  14.157299079436,  0.0            
      6725,  -8.166829036239,  17.189111149204,  0.0            
      6726,  -8.650510744775,  16.725532287471,  0.0            
      6727,  -9.330844848667,  16.042981743843,  0.0            
      6728,  -13.96286395669,  11.439005574611,  0.0            
      6729,  -10.05812925306,  15.344294616473,  0.0            
      6730,  -11.02798597326,  14.392979054893,  0.0            
      6731,  -14.18069673444,  11.263002298369,  0.0            
      6732,  -8.026310134622,  17.40039994532 ,  0.0            
      6733,  -9.164650612369,  16.265652101722,  0.0            
      6734,  -10.8301020496 ,  14.628183159709,  0.0            
      6735,  -9.881119172993,  15.573312498906,  0.0            
      6736,  -8.50086444605 ,  16.947511908894,  0.0            
      6737,  -13.27755793566,  12.214366353897,  0.0            
      6738,  -13.05202287834,  12.423354005547,  0.0            
      6739,  -12.83414996808,  12.643764054359,  0.0            
      6740,  -14.3934257708 ,  11.090894382312,  0.0            
      6741,  -12.62062746051,  12.870661834818,  0.0            
      6742,  -7.884754751357,  17.603916154271,  0.0            
      6743,  -10.63787694162,  14.861908962586,  0.0            
      6744,  -9.002636829347,  16.486114660254,  0.0            
      6745,  -12.40698630469,  13.101713704605,  0.0            
      6746,  -13.50493840029,  12.019617482916,  0.0            
      6747,  -12.19450091783,  13.324151720829,  0.0            
      6748,  -9.706935693107,  15.800263207799,  0.0            
      6749,  -14.60047754072,  10.923250635503,  0.0            
      6750,  -11.98889086673,  13.497900218682,  0.0            
      6751,  -11.80305061195,  13.695355840059,  0.0            
      6752,  -11.64440552106,  13.916719562504,  0.0            
      6753,  -7.741951905546,  17.803020998485,  0.0            
      6754,  -10.45079007332,  15.094418166305,  0.0            
      6755,  -8.357477610294,  17.172164128075,  0.0            
      6756,  -13.72884265623,  11.834068104885,  0.0            
      6757,  -14.80259685432,  10.759908196188,  0.0            
      6758,  -8.845057402403,  16.704473703478,  0.0            
      6759,  -11.44778288066,  14.142635972952,  0.0            
      6760,  -9.535121376615,  16.024669201463,  0.0            
      6761,  -10.26838628203,  15.325773119818,  0.0            
      6762,  -13.95066249057,  11.6515797838  ,  0.0            
      6763,  -11.24574689445,  14.374183485706,  0.0            
      6764,  -9.36613171472 ,  16.247122581627,  0.0            
      6765,  -8.691805952185,  16.922833348734,  0.0            
      6766,  -8.22019898641 ,  17.391890953926,  0.0            
      6767,  -14.17010050407,  11.472455741236,  0.0            
      6768,  -11.04699159141,  14.608310963357,  0.0            
      6769,  -10.08961344536,  15.555250721136,  0.0            
      6770,  -13.25384020771,  12.432832712533,  0.0            
      6771,  -9.200936709744,  16.467318943905,  0.0            
      6772,  -11.96313761783,  13.674837915841,  0.0            
      6773,  -13.02908289841,  12.649094117452,  0.0            
      6774,  -14.38535719311,  11.298178156993,  0.0            
      6775,  -12.81237965335,  12.873456925823,  0.0            
      6776,  -10.85261326427,  14.842283531429,  0.0            
      6777,  -8.083629999686,  17.600614436134,  0.0            
      6778,  -12.59647096816,  13.102867692909,  0.0            
      6779,  -9.913692706303,  15.782534861841,  0.0            
      6780,  -12.38001142282,  13.336719155565,  0.0            
      6781,  -13.48801865559,  12.23342961835 ,  0.0            
      6782,  -8.544422929984,  17.147053151414,  0.0            
      6783,  -12.16515405836,  13.566124764494,  0.0            
      6784,  -14.59525352074,  11.128077172454,  0.0            
      6785,  -11.86645926742,  13.900926330142,  0.0            
      6786,  -10.66336072378,  15.075299413512,  0.0            
      6787,  -9.04032827006 ,  16.684957737246,  0.0            
      6788,  -7.942622235757,  17.801941969235,  0.0            
      6789,  -13.716470484  ,  12.049583539247,  0.0            
      6790,  -14.79992434028,  10.962317506794,  0.0            
      6791,  -9.7398368448  ,  16.006954457027,  0.0            
      6792,  -11.67029139663,  14.128811483643,  0.0            
      6793,  -10.47871469274,  15.307176731149,  0.0            
      6794,  -8.408354969325,  17.376966234492,  0.0            
      6795,  -13.93913796335,  11.865671288148,  0.0            
      6796,  -11.46642223896,  14.357818607235,  0.0            
      6797,  -8.883629622673,  16.900268093065,  0.0            
      6798,  -9.568220214142,  16.229146701128,  0.0            
      6799,  -10.29815285788,  15.537240348431,  0.0            
      6800,  -14.1598055307 ,  11.683054749476,  0.0            
      6801,  -11.26536485391,  14.589743180959,  0.0            
      6802,  -9.399995191048,  16.449048303836,  0.0            
      6803,  -13.22403612929,  12.653054832575,  0.0            
      6804,  -14.37724660444,  11.505438399407,  0.0            
      6805,  -8.731045802765,  17.116602394212,  0.0            
      6806,  -11.06885823404,  14.822902206009,  0.0            
      6807,  -13.00549442781,  12.874282825805,  0.0            
      6808,  -8.27937775695 ,  17.595125117411,  0.0            
      6809,  -12.78928747988,  13.100600219872,  0.0            
      6810,  -10.12054171411,  15.76510855429 ,  0.0            
      6811,  -12.57074788422,  13.329614337295,  0.0            
      6812,  -9.236133813485,  16.666586061467,  0.0            
      6813,  -13.45928156432,  12.444554179105,  0.0            
      6814,  -12.34686707555,  13.57516254215 ,  0.0            
      6815,  -14.58990585702,  11.33302911367 ,  0.0            
      6816,  -10.87663805515,  15.056080520314,  0.0            
      6817,  -12.10181579527,  13.831309186177,  0.0            
      6818,  -8.142725815877,  17.800427390251,  0.0            
      6819,  -8.589578128241,  17.348248666016,  0.0            
      6820,  -9.944892685976,  15.989893542857,  0.0            
      6821,  -13.70291757834,  12.263822190392,  0.0            
      6822,  -14.79733930124,  11.164707521421,  0.0            
      6823,  -11.89965108   ,  14.106298033763,  0.0            
      6824,  -9.076562775649,  16.880928652456,  0.0            
      6825,  -10.68952241064,  15.288423825351,  0.0            
      6826,  -9.771044313315,  16.211983270663,  0.0            
      6827,  -13.9280522132 ,  12.083018966375,  0.0            
      6828,  -11.69053010757,  14.341485638958,  0.0            
      6829,  -10.50677502417,  15.519165479419,  0.0            
      6830,  -9.599838404169,  16.431493218048,  0.0            
      6831,  -8.470385061018,  17.585139795512,  0.0            
      6832,  -11.48670602413,  14.572580098593,  0.0            
      6833,  -14.14983584886,  11.895040615121,  0.0            
      6834,  -8.919947027626,  17.091703690712,  0.0            
      6835,  -11.28686218231,  14.804389128094,  0.0            
      6836,  -14.36918061447,  11.713517238341,  0.0            
      6837,  -13.19843713992,  12.873908288666,  0.0            
      6838,  -10.32747396083,  15.747778653684,  0.0            
      6839,  -9.432835199763,  16.648930589935,  0.0            
      6840,  -12.9837565665 ,  13.097594916531,  0.0            
      6841,  -13.41680338734,  12.657657043613,  0.0            
      6842,  -12.76666573282,  13.321407685045,  0.0            
      6843,  -8.769148051868,  17.305627239566,  0.0            
      6844,  -12.54424826569,  13.5490311439  ,  0.0            
      6845,  -14.58442782518,  11.537942759717,  0.0            
      6846,  -11.09154936756,  15.036991933711,  0.0            
      6847,  -12.31797654283,  13.814951898565,  0.0            
      6848,  -10.15023278417,  15.973293481129,  0.0            
      6849,  -8.342598597789,  17.797730906892,  0.0            
      6850,  -9.270052123353,  16.8634613311  ,  0.0            
      6851,  -13.6730760362 ,  12.466563483498,  0.0            
      6852,  -14.79467129869,  11.367220178174,  0.0            
      6853,  -10.90099292438,  15.269551147242,  0.0            
      6854,  -12.13034468671,  14.07283772926 ,  0.0            
      6855,  -9.974449209682,  16.195724225127,  0.0            
      6856,  -8.645293985644,  17.555959558312,  0.0            
      6857,  -13.91638743053,  12.305791208955,  0.0            
      6858,  -9.800753210066,  16.414983514784,  0.0            
      6859,  -11.91876173712,  14.321486970224,  0.0            
      6860,  -9.11063672251 ,  17.073376282482,  0.0            
      6861,  -10.71575575999,  15.500940810304,  0.0            
      6862,  -14.1401656337 ,  12.109880928685,  0.0            
      6863,  -11.71061618601,  14.555844929505,  0.0            
      6864,  -8.954410522405,  17.278315695067,  0.0            
      6865,  -9.630478460962,  16.632106115815,  0.0            
      6866,  -10.53450126725,  15.73039319376 ,  0.0            
      6867,  -11.50787234417,  14.787008329547,  0.0            
      6868,  -13.38959913097,  12.873388504171,  0.0            
      6869,  -14.36125903201,  11.922396814952,  0.0            
      6870,  -13.17896995417,  13.093580763466,  0.0            
      6871,  -12.96432693078,  13.315649929353,  0.0            
      6872,  -12.74570359634,  13.534727304806,  0.0            
      6873,  -13.60076427358,  12.666107699021,  0.0            
      6874,  -11.30829561717,  15.0185758732  ,  0.0            
      6875,  -8.544025676714,  17.791708107437,  0.0            
      6876,  -9.464571002358,  16.846827136312,  0.0            
      6877,  -12.52496587463,  13.751563356576,  0.0            
      6878,  -14.57889500739,  11.74333208548 ,  0.0            
      6879,  -8.808611865977,  17.483929390523,  0.0            
      6880,  -10.35573256562,  15.956872118984,  0.0            
      6881,  -14.79190319971,  11.569709356948,  0.0            
      6882,  -11.11390406446,  15.250744565904,  0.0            
      6883,  -10.17840410378,  16.180114310228,  0.0            
      6884,  -12.37452752817,  14.063083666979,  0.0            
      6885,  -9.301976839943,  17.05773138678 ,  0.0            
      6886,  -13.90440340287,  12.541120115118,  0.0            
      6887,  -10.0025355964 ,  16.39966397931 ,  0.0            
      6888,  -10.92522049974,  15.482585650682,  0.0            
      6889,  -9.142343950104,  17.262959757608,  0.0            
      6890,  -12.14892590425,  14.300348310088,  0.0            
      6891,  -9.829522857308,  16.61649263186 ,  0.0            
      6892,  -14.13130050995,  12.327549786539,  0.0            
      6893,  -13.75799911937,  12.687805776856,  0.0            
      6894,  -12.53378486285,  13.918802082236,  0.0            
      6895,  -13.37455595042,  13.08815135734 ,  0.0            
      6896,  -11.93773064546,  14.53831460894 ,  0.0            
      6897,  -10.7417348924 ,  15.712868868506,  0.0            
      6898,  -13.5777390558 ,  12.874059253666,  0.0            
      6899,  -8.988639277383,  17.459107376094,  0.0            
      6900,  -8.855567371338,  17.634550103034,  0.0            
      6901,  -14.35374571839,  12.132886480352,  0.0            
      6902,  -11.73121151342,  14.770605453647,  0.0            
      6903,  -13.16310694608,  13.308991311224,  0.0            
      6904,  -8.751356224961,  17.778804012927,  0.0            
      6905,  -9.660196489834,  16.831042223726,  0.0            
      6906,  -12.94721751592,  13.528797207186,  0.0            
      6907,  -11.52800205095,  15.001323965332,  0.0            
      6908,  -12.7304942738 ,  13.737024274418,  0.0            
      6909,  -10.56137773836,  15.940421486251,  0.0            
      6910,  -14.57343076434,  11.949079199556,  0.0            
      6911,  -9.494582844096,  17.042816090436,  0.0            
      6912,  -11.32845124422,  15.232572095846,  0.0            
      6913,  -10.38265489952,  16.164782296902,  0.0            
      6914,  -14.78908261795,  11.772400575259,  0.0            
      6915,  -9.331191417963,  17.250097649366,  0.0            
      6916,  -10.20519906891,  16.385220076502,  0.0            
      6917,  -11.13567970253,  15.464294035199,  0.0            
      6918,  -13.77074440662,  12.857139066987,  0.0            
      6919,  -9.008507945899,  17.64238824346 ,  0.0            
      6920,  -9.170204660408,  17.450436112413,  0.0            
      6921,  -13.5712927291 ,  13.078930378148,  0.0            
      6922,  -12.38215838162,  14.295700848786,  0.0            
      6923,  -10.02972700365,  16.602294015874,  0.0            
      6924,  -14.1307882437 ,  12.547613834345,  0.0            
      6925,  -12.70545509937,  13.937272498881,  0.0            
      6926,  -10.9492314282 ,  15.695232462364,  0.0            
      6927,  -9.857533916366,  16.816552572522,  0.0            
      6928,  -13.36298958766,  13.299512183076,  0.0            
      6929,  -12.16569748289,  14.522446957703,  0.0            
      6930,  -14.34819514799,  12.344370933147,  0.0            
      6931,  -13.14925243796,  13.521217856045,  0.0            
      6932,  -10.76711641823,  15.923858241937,  0.0            
      6933,  -11.95741294764,  14.754830548118,  0.0            
      6934,  -12.93144649889,  13.735746723842,  0.0            
      6935,  -9.688587797458,  17.028602506629,  0.0            
      6936,  -14.56839380086,  12.155648476326,  0.0            
      6937,  -11.75010692052,  14.985553630691,  0.0            
      6938,  -11.5456269385 ,  15.215707659079,  0.0            
      6939,  -10.58716390592,  16.149454479171,  0.0            
      6940,  -13.95969007992,  12.788992905631,  0.0            
      6941,  -8.981696848467,  17.821373686551,  0.0            
      6942,  -9.522124296726,  17.2373494772  ,  0.0            
      6943,  -14.78629453456,  11.975199665603,  0.0            
      6944,  -12.63406649007,  14.126356385344,  0.0            
      6945,  -10.40835450301,  16.371181548597,  0.0            
      6946,  -13.77008547239,  13.056212891048,  0.0            
      6947,  -11.34727839357,  15.446674388313,  0.0            
      6948,  -9.35623537162 ,  17.440574659584,  0.0            
      6949,  -9.186486741508,  17.637164200246,  0.0            
      6950,  -10.23116414195,  16.589161347197,  0.0            
      6951,  -11.15719070216,  15.67772529658 ,  0.0            
      6952,  -13.56396402058,  13.285406051688,  0.0            
      6953,  -10.05630523326,  16.803635513533,  0.0            
      6954,  -12.90815090729,  13.938757709388,  0.0            
      6955,  -13.3527241878 ,  13.509515481961,  0.0            
      6956,  -14.34906119999,  12.557814726687,  0.0            
      6957,  -12.39646353244,  14.515236689366,  0.0            
      6958,  -9.884602626654,  17.015621526511,  0.0            
      6959,  -14.15266651735,  12.770222089815,  0.0            
      6960,  -10.97294726697,  15.907225069578,  0.0            
      6961,  -13.13594680869,  13.728250216036,  0.0            
      6962,  -12.61914650446,  14.317006467886,  0.0            
      6963,  -14.56500761869,  12.362748054624,  0.0            
      6964,  -12.18442040852,  14.740645478904,  0.0            
      6965,  -10.7917333047 ,  16.134043845233,  0.0            
      6966,  -9.715105734081,  17.225053621516,  0.0            
      6967,  -11.97516513544,  14.971186672274,  0.0            
      6968,  -13.96746632008,  13.017679651012,  0.0            
      6969,  -11.7652663205 ,  15.200675338858,  0.0            
      6970,  -14.7837613562 ,  12.178311763462,  0.0            
      6971,  -9.546364284245,  17.430309946015,  0.0            
      6972,  -10.61194115545,  16.357196588202,  0.0            
      6973,  -11.56069002419,  15.430518700528,  0.0            
      6974,  -9.374431082042,  17.629611507844,  0.0            
      6975,  -9.187862476999,  17.820159368437,  0.0            
      6976,  -10.43332065863,  16.576549267457,  0.0            
      6977,  -13.76602213701,  13.26346743782 ,  0.0            
      6978,  -11.3656499178 ,  15.661011092025,  0.0            
      6979,  -12.873722074  ,  14.134312946196,  0.0            
      6980,  -10.25662945361,  16.791940702047,  0.0            
      6981,  -13.55703466915,  13.493501561885,  0.0            
      6982,  -11.17881423013,  15.890815402494,  0.0            
      6983,  -10.0822800911 ,  17.00421998597 ,  0.0            
      6984,  -13.1196157053 ,  13.931608146624,  0.0            
      6985,  -13.34321661438,  13.715581532379,  0.0            
      6986,  -9.910393001802,  17.213860834711,  0.0            
      6987,  -14.3587696786 ,  12.77328600722 ,  0.0            
      6988,  -10.99632275811,  16.118610596508,  0.0            
      6989,  -14.56536082099,  12.571218364007,  0.0            
      6990,  -14.16507997469,  12.996139803966,  0.0            
      6991,  -12.41361173497,  14.729430944969,  0.0            
      6992,  -12.62947527456,  14.517936333788,  0.0            
      6993,  -9.739389655314,  17.420354527607,  0.0            
      6994,  -14.78208124386,  12.381607058703,  0.0            
      6995,  -10.81563217425,  16.343160538857,  0.0            
      6996,  -12.20117997496,  14.957885577845,  0.0            
      6997,  -11.9883541721 ,  15.187528703484,  0.0            
      6998,  -9.566713457025,  17.621903675002,  0.0            
      6999,  -11.77598236168,  15.416390472988,  0.0            
      7000,  -12.86024104541,  14.32616805197 ,  0.0            
      7001,  -13.9671672627 ,  13.236310061131,  0.0            
      7002,  -9.38668848422 ,  17.815833436737,  0.0            
      7003,  -10.63611267741,  16.564041836887,  0.0            
      7004,  -11.57477244556,  15.645989022316,  0.0            
      7005,  -10.45789115134,  16.7808761148  ,  0.0            
      7006,  -13.76184121488,  13.473067533415,  0.0            
      7007,  -11.38468273688,  15.875339863354,  0.0            
      7008,  -10.28172285231,  16.994090809218,  0.0            
      7009,  -13.55096261371,  13.699050057868,  0.0            
      7010,  -13.10171318662,  14.128602305634,  0.0            
      7011,  -13.33333903906,  13.918734199976,  0.0            
      7012,  -10.10749713846,  17.204161791637,  0.0            
      7013,  -11.20071943401,  16.103489423081,  0.0            
      7014,  -9.934792644569,  17.411354175312,  0.0            
      7015,  -14.56979233565,  12.780807052126,  0.0            
      7016,  -14.36711770024,  12.990645411355,  0.0            
      7017,  -11.01935919689,  16.329139394152,  0.0            
      7018,  -14.78205442232,  12.585529761723,  0.0            
      7019,  -9.761460961671,  17.614635459191,  0.0            
      7020,  -14.16841304598,  13.216428479654,  0.0            
      7021,  -12.64370988653,  14.720847119924,  0.0            
      7022,  -12.21407096421,  15.176121010433,  0.0            
      7023,  -9.584083666406,  17.811615333946,  0.0            
      7024,  -10.83910040224,  16.551512821295,  0.0            
      7025,  -12.4286310431 ,  14.942732092798,  0.0            
      7026,  -11.99435264336,  15.404279073512,  0.0            
      7027,  -12.8648668745 ,  14.518332920898,  0.0            
      7028,  -11.78428116775,  15.633270902711,  0.0            
      7029,  -13.9658278658 ,  13.450895930675,  0.0            
      7030,  -10.65997838348,  16.769977501526,  0.0            
      7031,  -11.59037063572,  15.861782599038,  0.0            
      7032,  -10.48225475648,  16.984649616496,  0.0            
      7033,  -13.75863139079,  13.679916127872,  0.0            
      7034,  -13.54556003078,  13.902451855267,  0.0            
      7035,  -13.32445473412,  14.116517152776,  0.0            
      7036,  -13.09355928887,  14.321772865278,  0.0            
      7037,  -11.40488751532,  16.08941671185 ,  0.0            
      7038,  -10.30640371447,  17.195710957158,  0.0            
      7039,  -10.13195121834,  17.403646425128,  0.0            
      7040,  -11.22282817966,  16.315479840303,  0.0            
      7041,  -9.957933881334,  17.608184396452,  0.0            
      7042,  -14.57465280039,  12.991682831668,  0.0            
      7043,  -14.78372156825,  12.78998092656 ,  0.0            
      7044,  -14.37156624098,  13.206276894126,  0.0            
      7045,  -11.04218937084,  16.539024191882,  0.0            
      7046,  -9.781710507696,  17.80774026248 ,  0.0            
      7047,  -12.44110731996,  15.159513940357,  0.0            
      7048,  -12.21762907392,  15.394752133667,  0.0            
      7049,  -14.16975995384,  13.432432506585,  0.0            
      7050,  -12.65684006813,  14.92322402984 ,  0.0            
      7051,  -11.99382353772,  15.623034221856,  0.0            
      7052,  -12.8756566504 ,  14.712822375637,  0.0            
      7053,  -10.86236203999,  16.759090945124,  0.0            
      7054,  -11.79551169257,  15.850845437324,  0.0            
      7055,  -10.68373143927,  16.97542567925 ,  0.0            
      7056,  -13.96507731125,  13.660354302556,  0.0            
      7057,  -13.75639578566,  13.884482438269,  0.0            
      7058,  -13.54159553981,  14.101210079209,  0.0            
      7059,  -13.32078897525,  14.310974277705,  0.0            
      7060,  -13.09629075197,  14.512564532298,  0.0            
      7061,  -11.60856541452,  16.077410827101,  0.0            
      7062,  -10.50643802475,  17.187965726553,  0.0            
      7063,  -10.33070411121,  17.397040052493,  0.0            
      7064,  -11.42602623154,  16.302900332276,  0.0            
      7065,  -10.15571123   ,  17.602739372018,  0.0            
      7066,  -11.24504242058,  16.526910875402,  0.0            
      7067,  -9.979872964601,  17.804343857818,  0.0            
      7068,  -14.78589515532,  12.995109586392,  0.0            
      7069,  -14.57823321344,  13.201808673836,  0.0            
      7070,  -14.37440628351,  13.419635521459,  0.0            
      7071,  -11.06492084125,  16.748261832897,  0.0            
      7072,  -12.45231168651,  15.386051346554,  0.0            
      7073,  -12.66868223941,  15.123928000148,  0.0            
      7074,  -12.20134334068,  15.616153427554,  0.0            
      7075,  -12.88695324264,  14.906864338282,  0.0            
      7076,  -11.99937054073,  15.842889308377,  0.0            
      7077,  -14.17102666191,  13.642969074841,  0.0            
      7078,  -10.8855781521 ,  16.966247112538,  0.0            
      7079,  -13.96498373874,  13.866546424508,  0.0            
      7080,  -13.75537657101,  14.08458368732 ,  0.0            
      7081,  -13.54069374704,  14.297073550044,  0.0            
      7082,  -13.32328629705,  14.502377128671,  0.0            
      7083,  -13.10439290445,  14.70382128185 ,  0.0            
      7084,  -11.81160167762,  16.068187729034,  0.0            
      7085,  -10.70742333662,  17.180479638481,  0.0            
      7086,  -10.53047744496,  17.391076107001,  0.0            
      7087,  -11.62873052905,  16.29237408228 ,  0.0            
      7088,  -10.35463181604,  17.598144015253,  0.0            
      7089,  -11.44765930445,  16.51584294731 ,  0.0            
      7090,  -10.17862787966,  17.801500196389,  0.0            
      7091,  -14.78784567427,  13.200020496758,  0.0            
      7092,  -11.26729416719,  16.737789794876,  0.0            
      7093,  -14.5810509172 ,  13.410926373616,  0.0            
      7094,  -12.6965239353 ,  15.312025892158,  0.0            
      7095,  -12.39846316223,  15.627850806805,  0.0            
      7096,  -12.90017651518,  15.09951471494 ,  0.0            
      7097,  -14.37684564121,  13.628923915235,  0.0            
      7098,  -12.2007407527 ,  15.840224834734,  0.0            
      7099,  -11.08765182372,  16.957139312499,  0.0            
      7100,  -14.17242770882,  13.849954918062,  0.0            
      7101,  -13.96557306684,  14.068100516482,  0.0            
      7102,  -13.75613207964,  14.281964884042,  0.0            
      7103,  -13.54331176641,  14.489835152985,  0.0            
      7104,  -13.32951046659,  14.693263220277,  0.0            
      7105,  -13.11405444043,  14.894531276664,  0.0            
      7106,  -12.60585146053,  15.521995878271,  0.0            
      7107,  -12.01362075835,  16.062109866378,  0.0            
      7108,  -10.90880070915,  17.173070902152,  0.0            
      7109,  -10.73108476461,  17.385375878449,  0.0            
      7110,  -11.83098103714,  16.284543792368,  0.0            
      7111,  -10.55432804455,  17.594055701192,  0.0            
      7112,  -11.6498660848 ,  16.506703826956,  0.0            
      7113,  -10.37795667196,  17.799115970735,  0.0            
      7114,  -11.46947959531,  16.728267967025,  0.0            
      7115,  -14.78958513079,  13.404582131276,  0.0            
      7116,  -14.58351983646,  13.617580458388,  0.0            
      7117,  -12.77080697223,  15.495463212043,  0.0            
      7118,  -12.5950371556 ,  15.68364132782 ,  0.0            
      7119,  -14.37900818084,  13.835318987274,  0.0            
      7120,  -12.92501795744,  15.289124519559,  0.0            
      7121,  -11.28958978589,  16.948353984109,  0.0            
      7122,  -12.40065919841,  15.850468653801,  0.0            
      7123,  -14.17395555633,  14.052482900926,  0.0            
      7124,  -13.96709420324,  14.266911359582,  0.0            
      7125,  -13.75880694565,  14.476302786521,  0.0            
      7126,  -13.54831872844,  14.681570305442,  0.0            
      7127,  -13.33724097195,  14.883462078453,  0.0            
      7128,  -13.125930451  ,  15.085483243654,  0.0            
      7129,  -11.1104170447 ,  17.165743040754,  0.0            
      7130,  -12.21474867751,  16.060448925773,  0.0            
      7131,  -10.93204982498,  17.379770903951,  0.0            
      7132,  -12.03267015475,  16.279538089592,  0.0            
      7133,  -10.75464570688,  17.590194551182,  0.0            
      7134,  -11.85178855677,  16.500022292688,  0.0            
      7135,  -10.57771812335,  17.797014220502,  0.0            
      7136,  -11.67133599149,  16.720459791132,  0.0            
      7137,  -14.79116724652,  13.608036909734,  0.0            
      7138,  -14.58562991595,  13.822342390051,  0.0            
      7139,  -14.38088544998,  14.038030122146,  0.0            
      7140,  -12.79605867389,  15.688470831825,  0.0            
      7141,  -11.49138102785,  16.940394049274,  0.0            
      7142,  -12.96550486106,  15.481134229358,  0.0            
      7143,  -12.60351904854,  15.874228467528,  0.0            
      7144,  -14.1757978177 ,  14.25236497684 ,  0.0            
      7145,  -13.96963306464,  14.462753992536,  0.0            
      7146,  -13.76287101329,  14.669340832903,  0.0            
      7147,  -13.55443847081,  14.872393994637,  0.0            
      7148,  -13.14424512232,  15.276464672157,  0.0            
      7149,  -13.34650686304,  15.074299025192,  0.0            
      7150,  -11.31193483634,  17.158690990223,  0.0            
      7151,  -12.41635018473,  16.065738421721,  0.0            
      7152,  -11.13322555608,  17.374250175108,  0.0            
      7153,  -12.23414769339,  16.277638990762,  0.0            
      7154,  -10.95524123866,  17.586427617571,  0.0            
      7155,  -12.05341664337,  16.495697513941,  0.0            
      7156,  -10.77782463152,  17.795049440164,  0.0            
      7157,  -11.87301022083,  16.71478104887 ,  0.0            
      7158,  -14.79252093038,  13.81059492088 ,  0.0            
      7159,  -14.58734738451,  14.024556889925,  0.0            
      7160,  -11.69290753187,  16.93389494669 ,  0.0            
      7161,  -14.3826808616 ,  14.238481065985,  0.0            
      7162,  -12.99313373437,  15.677828263242,  0.0            
      7163,  -14.1780709922 ,  14.449497868572,  0.0            
      7164,  -12.8088698634 ,  15.881532948912,  0.0            
      7165,  -13.97297013982,  14.657186786171,  0.0            
      7166,  -13.76763738233,  14.861205348944,  0.0            
      7167,  -13.16943020649,  15.471242394918,  0.0            
      7168,  -13.56140541546,  15.063475168181,  0.0            
      7169,  -13.35898544224,  15.266233669779,  0.0            
      7170,  -11.51333485969,  17.152317163587,  0.0            
      7171,  -12.62038854776,  16.075701403302,  0.0            
      7172,  -11.33432649895,  17.368951833355,  0.0            
      7173,  -12.43640894476,  16.279283198608,  0.0            
      7174,  -11.15599042214,  17.582737496736,  0.0            
      7175,  -12.25505146004,  16.493413783634,  0.0            
      7176,  -10.97809146584,  17.793149225195,  0.0            
      7177,  -12.07451856039,  16.711009599475,  0.0            
      7178,  -14.79360249633,  14.011866574028,  0.0            
      7179,  -14.58882808275,  14.225138619042,  0.0            
      7180,  -11.89431065682,  16.929175603686,  0.0            
      7181,  -14.3845638458 ,  14.43662471117 ,  0.0            
      7182,  -14.18074911249,  14.645276346424,  0.0            
      7183,  -13.01370044051,  15.877668245147,  0.0            
      7184,  -13.97676296478,  14.850328015932,  0.0            
      7185,  -13.19346456477,  15.670600121457,  0.0            
      7186,  -13.77282105001,  15.052638332294,  0.0            
      7187,  -13.37508508011,  15.462168559936,  0.0            
      7188,  -13.56975396792,  15.255251763646,  0.0            
      7189,  -11.7145211003 ,  17.147124570623,  0.0            
      7190,  -12.82702224031,  16.079970554993,  0.0            
      7191,  -11.53532873206,  17.364175023082,  0.0            
      7192,  -12.64042696308,  16.282795957655,  0.0            
      7193,  -11.35668056705,  17.579208554841,  0.0            
      7194,  -12.45734500927,  16.492855841932,  0.0            
      7195,  -11.17843891754,  17.791301461958,  0.0            
      7196,  -12.27607500833,  16.70861174843 ,  0.0            
      7197,  -14.79449245844,  14.21227372203 ,  0.0            
      7198,  -14.59022469141,  14.424054342819,  0.0            
      7199,  -14.38661610402,  14.633617344683,  0.0            
      7200,  -12.0956099244 ,  16.925971852674,  0.0            
      7201,  -14.183711959  ,  14.839856758621,  0.0            
      7202,  -13.2187687784 ,  15.874061782278,  0.0            
      7203,  -13.98083939075,  15.042677586016,  0.0            
      7204,  -13.39405050136,  15.663767727545,  0.0            
      7205,  -13.77849878384,  15.243524279344,  0.0            
      7206,  -13.57984505885,  15.449513269039,  0.0            
      7207,  -11.91562016485,  17.143352530242,  0.0            
      7208,  -13.03521810398,  16.079077273811,  0.0            
      7209,  -11.73616151277,  17.360291221615,  0.0            
      7210,  -12.84686613435,  16.284433402265,  0.0            
      7211,  -11.55728693419,  17.576035542563,  0.0            
      7212,  -12.66082613705,  16.493097611788,  0.0            
      7213,  -11.37874570872,  17.789543367078,  0.0            
      7214,  -12.47810132052,  16.707098130277,  0.0            
      7215,  -14.7952743589 ,  14.411793924471,  0.0            
      7216,  -14.59164498026,  14.622129416899,  0.0            
      7217,  -14.38883396111,  14.829642820173,  0.0            
      7218,  -12.29695282172,  16.923715189544,  0.0            
      7219,  -14.18690570009,  15.03372078936 ,  0.0            
      7220,  -13.42313085159,  15.87261558252 ,  0.0            
      7221,  -13.98520034278,  15.233950708807,  0.0            
      7222,  -13.59284259102,  15.648223567274,  0.0            
      7223,  -13.78486610684,  15.433698803002,  0.0            
      7224,  -12.11665300619,  17.140757079923,  0.0            
      7225,  -13.2464906419 ,  16.078909270425,  0.0            
      7226,  -11.93693410021,  17.357470384635,  0.0            
      7227,  -13.05551655734,  16.284430051777,  0.0            
      7228,  -11.75776653841,  17.573459564736,  0.0            
      7229,  -12.86627476527,  16.492967714383,  0.0            
      7230,  -11.57899191937,  17.787968246979,  0.0            
      7231,  -12.68089067256,  16.705987095531,  0.0            
      7232,  -14.79602622334,  14.610858895922,  0.0            
      7233,  -14.59313115839,  14.819528299839,  0.0            
      7234,  -14.39123277145,  15.025182678105,  0.0            
      7235,  -12.49860727761,  16.921923509428,  0.0            
      7236,  -14.19032161919,  15.226782001822,  0.0            
      7237,  -13.61644623502,  15.857221819685,  0.0            
      7238,  -13.99000651587,  15.423596642374,  0.0            
      7239,  -13.79283707005,  15.621416254436,  0.0            
      7240,  -12.31772529699,  17.138843765198,  0.0            
      7241,  -12.13767227614,  17.355514156921,  0.0            
      7242,  -13.46349641984,  16.081616727869,  0.0            
      7243,  -13.26750987972,  16.286024063649,  0.0            
      7244,  -11.95820903368,  17.571588150949,  0.0            
      7245,  -13.07363882752,  16.493115294771,  0.0            
      7246,  -11.77916059054,  17.786690720734,  0.0            
      7247,  -12.88514315037,  16.70506044253 ,  0.0            
      7248,  -14.79678271498,  14.809569169247,  0.0            
      7249,  -14.59472117209,  15.016646760258,  0.0            
      7250,  -14.39379721738,  15.22031689255 ,  0.0            
      7251,  -14.19395335422,  15.418915233966,  0.0            
      7252,  -12.70073588813,  16.920346632277,  0.0            
      7253,  -13.80527500882,  15.801215268094,  0.0            
      7254,  -13.99579022374,  15.610525431683,  0.0            
      7255,  -12.5190062413 ,  17.137211401012,  0.0            
      7256,  -12.33845335358,  17.35403640965 ,  0.0            
      7257,  -13.69257803554,  16.087674006537,  0.0            
      7258,  -12.1586465546 ,  17.570284089068,  0.0            
      7259,  -13.28365531364,  16.495823696386,  0.0            
      7260,  -13.83090022477,  15.95572059639 ,  0.0            
      7261,  -11.97931310269,  17.785760779875,  0.0            
      7262,  -13.48311332156,  16.291584152176,  0.0            
      7263,  -13.09084745879,  16.705165973684,  0.0            
      7264,  -14.79757888087,  15.008152272412,  0.0            
      7265,  -14.59639063847,  15.213607969089,  0.0            
      7266,  -14.39637980113,  15.415153997362,  0.0            
      7267,  -14.19762502104,  15.610206496122,  0.0            
      7268,  -14.00360507408,  15.794401173593,  0.0            
      7269,  -12.90390011504,  16.919130508021,  0.0            
      7270,  -12.72058571343,  17.135711252541,  0.0            
      7271,  -12.53938026451,  17.352730938299,  0.0            
      7272,  -12.35913356744,  17.569288032978,  0.0            
      7273,  -13.99511066585,  15.981072499964,  0.0            
      7274,  -12.17948132624,  17.785108147924,  0.0            
      7275,  -13.29870244126,  16.708149050591,  0.0            
      7276,  -13.49576327413,  16.503600230651,  0.0            
      7277,  -14.79840085627,  15.206698644253,  0.0            
      7278,  -14.59795212325,  15.410554355152,  0.0            
      7279,  -14.39827649894,  15.609939686796,  0.0            
      7280,  -14.19868995671,  15.801883376436,  0.0            
      7281,  -13.10812508232,  16.919165443825,  0.0            
      7282,  -13.70103476732,  16.307601441932,  0.0            
      7283,  -13.93593253188,  16.160125660213,  0.0            
      7284,  -12.92287760765,  17.134550261939,  0.0            
      7285,  -12.74049690666,  17.351503999181,  0.0            
      7286,  -12.55972457553,  17.568395107372,  0.0            
      7287,  -12.37969596402,  17.78460498081 ,  0.0            
      7288,  -14.18708212691,  15.993701789127,  0.0            
      7289,  -14.79914072182,  15.405312586748,  0.0            
      7290,  -14.59875900312,  15.607623619115,  0.0            
      7291,  -14.39707479795,  15.804991422307,  0.0            
      7292,  -13.5083498347 ,  16.715891214752,  0.0            
      7293,  -13.31409317098,  16.921941087749,  0.0            
      7294,  -13.71004322487,  16.519818714006,  0.0            
      7295,  -13.12591724801,  17.134477803424,  0.0            
      7296,  -12.94208406196,  17.350540938619,  0.0            
      7297,  -13.92230262254,  16.345561774646,  0.0            
      7298,  -12.76042925476,  17.567544163876,  0.0            
      7299,  -12.57997427799,  17.78414851504 ,  0.0            
      7300,  -14.15931611338,  16.183101938401,  0.0            
      7301,  -14.38863431113,  15.999778853272,  0.0            
      7302,  -14.79945497307,  15.604068829111,  0.0            
      7303,  -14.59735666862,  15.804821022606,  0.0            
      7304,  -13.52160119386,  16.928698068386,  0.0            
      7305,  -13.72015391496,  16.729557006568,  0.0            
      7306,  -13.3302947974 ,  17.136629125092,  0.0            
      7307,  -13.14416958226,  17.350415931602,  0.0            
      7308,  -13.9269861772 ,  16.544843360058,  0.0            
      7309,  -12.9614088769 ,  17.566855690696,  0.0            
      7310,  -14.14591486715,  16.372399806193,  0.0            
      7311,  -12.78030436155,  17.783710252427,  0.0            
      7312,  -14.37427790227,  16.19330440152 ,  0.0            
      7313,  -14.59227204824,  16.001697503191,  0.0            
      7314,  -14.79870539229,  15.802906292209,  0.0            
      7315,  -13.73104504462,  16.939590386516,  0.0            
      7316,  -13.53591181986,  17.141827822488,  0.0            
      7317,  -13.93384929848,  16.747623122607,  0.0            
      7318,  -13.3472112263 ,  17.351948511609,  0.0            
      7319,  -13.1626714617 ,  17.56670044591 ,  0.0            
      7320,  -14.14521099634,  16.566543420917,  0.0            
      7321,  -12.98074556085,  17.78334813558 ,  0.0            
      7322,  -14.3650345747 ,  16.386067808524,  0.0            
      7323,  -14.58486313962,  16.197815520568,  0.0            
      7324,  -14.79643195012,  16.001541833578,  0.0            
      7325,  -13.94198541994,  16.953042743704,  0.0            
      7326,  -13.74313852844,  17.149932571506,  0.0            
      7327,  -13.55117320388,  17.355675028257,  0.0            
      7328,  -14.1487375963 ,  16.764642393188,  0.0            
      7329,  -13.36452677512,  17.567601824331,  0.0            
      7330,  -14.3625184084 ,  16.580739870236,  0.0            
      7331,  -13.18128745713,  17.783244896999,  0.0            
      7332,  -14.57938842372,  16.393337979586,  0.0            
      7333,  -14.79328427535,  16.199737198859,  0.0            
      7334,  -13.95156374588,  17.159744857227,  0.0            
      7335,  -14.1540365683 ,  16.966173118712,  0.0            
      7336,  -13.75636365159,  17.361392800696,  0.0            
      7337,  -13.56697976865,  17.569896199224,  0.0            
      7338,  -14.36346159945,  16.77758319798 ,  0.0            
      7339,  -13.38208709505,  17.783653052103,  0.0            
      7340,  -14.57708528859,  16.589576062827,  0.0            
      7341,  -14.79075703043,  16.39755756238 ,  0.0            
      7342,  -14.16099991938,  17.169616681736,  0.0            
      7343,  -13.9624666644 ,  17.368254581521,  0.0            
      7344,  -14.36630183715,  16.977109140437,  0.0            
      7345,  -13.77026569469,  17.573446149111,  0.0            
      7346,  -14.57689265736,  16.78688513197 ,  0.0            
      7347,  -13.58317305314,  17.784734755048,  0.0            
      7348,  -14.7894158803 ,  16.595574820058,  0.0            
      7349,  -14.16939993268,  17.375279024422,  0.0            
      7350,  -14.37081767398,  17.178419470971,  0.0            
      7351,  -13.97418599666,  17.5777433576  ,  0.0            
      7352,  -14.57812921425,  16.985824509986,  0.0            
      7353,  -13.78469333107,  17.786422482687,  0.0            
      7354,  -14.78901079845,  16.794003043633,  0.0            
      7355,  -14.37673597714,  17.381818193012,  0.0            
      7356,  -14.17870906014,  17.58223916703 ,  0.0            
      7357,  -14.58067950958,  17.186028409198,  0.0            
      7358,  -13.98656376705,  17.788477430304,  0.0            
      7359,  -14.78934718876,  16.993163425908,  0.0            
      7360,  -14.38356796255,  17.58657680024 ,  0.0            
      7361,  -14.58432881954,  17.38779983624 ,  0.0            
      7362,  -14.18877166724,  17.79065243676 ,  0.0            
      7363,  -14.79040161304,  17.192962506992,  0.0            
      7364,  -14.5887191619 ,  17.590714199202,  0.0            
      7365,  -14.39118108405,  17.792788426116,  0.0            
      7366,  -14.79206488515,  17.393609931011,  0.0            
      7367,  -14.59378306946,  17.794869350606,  0.0            
      7368,  -14.79414970963,  17.594938827997,  0.0            
      7369,  -14.79662058032,  17.797040442271,  0.0            
*ELEMENT,TYPE=S4
       562,       805,       840,       881,       842
       561,       838,       803,       841,       879
       560,       878,       840,       802,       837
       559,       874,       837,       800,       835
       558,       838,       872,       834,       801
       557,       873,       839,       799,       832
       556,       797,       831,       871,       835
       555,       875,       833,       789,       830
       554,       827,       798,       836,       866
       553,       834,       869,       829,       796
       552,       867,       831,       795,       828
       551,       870,       830,       786,       826
       550,       864,       828,       788,       825
       549,       868,       846,       790,       813
       548,       824,       791,       829,       863
       547,       793,       817,       862,       832
       546,       827,       857,       822,       792
       545,       787,       823,       861,       825
       544,       865,       826,       783,       821
       543,       820,       785,       824,       859
       542,       858,       823,       784,       819
       541,       780,       816,       860,       821
       540,       856,       819,       782,       818
       539,       289,       290,       822,       850
       538,       815,       781,       820,       855
       537,       779,       814,       853,       818
       536,       776,       812,       854,       816
       535,       810,       778,       815,       852
       534,       851,       814,       777,       811
       533,       847,       811,       773,       809
       532,       849,       812,       230,       231
       531,       775,       790,       846,       817
       530,       810,       845,       808,       774
       529,       771,       804,       844,       809
       528,       313,       843,       807,       312
       527,       168,       169,       772,       806
       526,       842,       806,       769,       805
       525,       803,       770,       807,       841
       524,       848,       813,       756,       794
       523,       840,       805,       767,       802
       522,       801,       766,       803,       838
       521,       798,       768,       808,       836
       520,       765,       800,       837,       802
       519,       839,       804,       764,       799
       518,       835,       800,       762,       797
       517,       801,       834,       796,       763
       516,       831,       797,       760,       795
       515,       832,       799,       758,       793
       514,       792,       761,       798,       827
       513,       796,       829,       791,       759
       512,       757,       788,       828,       795
       511,       752,       789,       833,       794
       510,       792,       822,       290,       291
       509,       830,       789,       750,       786
       508,       825,       788,       753,       787
       507,       785,       755,       791,       824
       506,       823,       787,       751,       784
       505,       826,       786,       747,       783
       504,       781,       749,       785,       820
       503,       748,       782,       819,       784
       502,       754,       775,       817,       793
       501,       821,       783,       744,       780
       500,       818,       782,       746,       779
       499,       778,       745,       781,       815
       498,       814,       779,       743,       777
       497,       741,       776,       816,       780
       496,       774,       742,       778,       810
       495,       739,       773,       811,       777
       494,       812,       776,       229,       230
       493,       809,       773,       736,       771
       492,       813,       790,       718,       756
       491,       768,       737,       774,       808
       490,       169,       170,       735,       772
       489,       312,       807,       770,       311
       488,       806,       772,       734,       769
       487,       766,       733,       770,       803
       486,       805,       769,       732,       767
       485,       798,       761,       740,       768
       484,       804,       771,       729,       764
       483,       730,       765,       802,       767
       482,       763,       731,       766,       801
       481,       728,       762,       800,       765
       480,       291,       292,       761,       792
       479,       763,       796,       759,       727
       478,       797,       762,       726,       760
       477,       725,       758,       799,       764
       476,       724,       757,       795,       760
       475,       759,       791,       755,       723
       474,       793,       758,       722,       754
       473,       721,       753,       788,       757
       472,       716,       752,       794,       756
       471,       790,       775,       738,       718
       470,       787,       753,       719,       751
       469,       714,       750,       789,       752
       468,       749,       720,       755,       785
       467,       715,       748,       784,       751
       466,       786,       750,       711,       747
       465,       745,       713,       749,       781
       464,       712,       746,       782,       748
       463,       783,       747,       708,       744
       462,       754,       717,       738,       775
       461,       779,       746,       710,       743
       460,       742,       709,       745,       778
       459,       780,       744,       706,       741
       458,       707,       739,       777,       743
       457,       737,       705,       742,       774
       456,       776,       741,       228,       229
       455,       737,       768,       740,       293
       454,       704,       736,       773,       739
       453,       292,       293,       740,       761
       452,       703,       735,       170,       171
       451,       311,       770,       733,       310
       450,       772,       735,       702,       734
       449,       769,       734,       700,       732
       448,       771,       736,       699,       729
       447,       731,       701,       733,       766
       446,       767,       732,       698,       730
       445,       696,       728,       765,       730
       444,       731,       763,       727,       697
       443,       694,       725,       764,       729
       442,       762,       728,       695,       726
       441,       727,       759,       723,       693
       440,       760,       726,       692,       724
       439,       690,       722,       758,       725
       438,       691,       721,       757,       724
       437,       720,       689,       723,       755
       436,       753,       721,       688,       719
       435,       754,       722,       687,       717
       434,       756,       718,       683,       716
       433,       751,       719,       685,       715
       432,       713,       686,       720,       749
       431,       681,       714,       752,       716
       430,       682,       712,       748,       715
       429,       750,       714,       678,       711
       428,       684,       718,       738,       717
       427,       709,       680,       713,       745
       426,       746,       712,       679,       710
       425,       747,       711,       677,       708
       424,       743,       710,       675,       707
       423,       744,       708,       674,       706
       422,       705,       676,       709,       742
       421,       293,       294,       705,       737
       420,       673,       704,       739,       707
       419,       741,       706,       227,       228
       418,       672,       703,       171,       172
       417,       671,       702,       735,       703
       416,       310,       733,       701,       309
       415,       736,       704,       668,       699
       414,       734,       702,       670,       700
       413,       732,       700,       667,       698
       412,       701,       731,       697,       669
       411,       730,       698,       666,       696
       410,       729,       699,       663,       694
       409,       728,       696,       664,       695
       408,       697,       727,       693,       665
       407,       662,       692,       726,       695
       406,       659,       690,       725,       694
       405,       689,       661,       693,       723
       404,       724,       692,       660,       691
       403,       721,       691,       658,       688
       402,       722,       690,       656,       687
       401,       686,       657,       689,       720
       400,       655,       685,       719,       688
       399,       717,       687,       654,       684
       398,       715,       685,       653,       682
       397,       680,       652,       686,       713
       396,       718,       684,       650,       683
       395,       716,       683,       649,       681
       394,       712,       682,       651,       679
       393,       714,       681,       647,       678
       392,       676,       648,       680,       709
       391,       645,       677,       711,       678
       390,       294,       295,       676,       705
       389,       646,       675,       710,       679
       388,       708,       677,       644,       674
       387,       707,       675,       643,       673
       386,       706,       674,       226,       227
       385,       704,       673,       639,       668
       384,       172,       173,       642,       672
       383,       641,       671,       703,       672
       382,       309,       701,       669,       308
       381,       702,       671,       640,       670
       380,       700,       670,       638,       667
       379,       669,       697,       665,       637
       378,       698,       667,       636,       666
       377,       633,       663,       699,       668
       376,       696,       666,       635,       664
       375,       661,       634,       665,       693
       374,       632,       662,       695,       664
       373,       694,       663,       629,       659
       372,       631,       660,       692,       662
       371,       661,       689,       657,       630
       370,       691,       660,       628,       658
       369,       690,       659,       627,       656
       368,       626,       655,       688,       658
       367,       652,       625,       657,       686
       366,       687,       656,       623,       654
       365,       624,       653,       685,       655
       364,       682,       653,       622,       651
       363,       684,       654,       620,       650
       362,       295,       296,       648,       676
       361,       648,       621,       652,       680
       360,       683,       650,       619,       649
       359,       681,       649,       617,       647
       358,       618,       646,       679,       651
       357,       616,       645,       678,       647
       356,       614,       644,       677,       645
       355,       615,       643,       675,       646
       354,       674,       644,       225,       226
       353,       673,       643,       612,       639
       352,       613,       642,       173,       174
       351,       672,       642,       611,       641
       350,       671,       641,       610,       640
       349,       308,       669,       637,       307
       348,       609,       638,       670,       640
       347,       667,       638,       607,       636
       346,       605,       633,       668,       639
       345,       634,       608,       637,       665
       344,       666,       636,       606,       635
       343,       664,       635,       604,       632
       342,       634,       661,       630,       603
       341,       602,       631,       662,       632
       340,       601,       629,       663,       633
       339,       660,       631,       600,       628
       338,       659,       629,       598,       627
       337,       630,       657,       625,       599
       336,       658,       628,       597,       626
       335,       656,       627,       595,       623
       334,       596,       624,       655,       626
       333,       296,       297,       621,       648
       332,       621,       594,       625,       652
       331,       653,       624,       593,       622
       330,       654,       623,       592,       620
       329,       651,       622,       590,       618
       328,       650,       620,       591,       619
       327,       649,       619,       589,       617
       326,       647,       617,       588,       616
       325,       587,       615,       646,       618
       324,       586,       614,       645,       616
       323,       643,       615,       585,       612
       322,       644,       614,       224,       225
       321,       176,       613,       174,       175
       320,       584,       611,       642,       613
       319,       641,       611,       583,       610
       318,       608,       306,       307,       637
       317,       582,       609,       640,       610
       316,       581,       607,       638,       609
       315,       639,       612,       577,       605
       314,       636,       607,       578,       606
       313,       603,       579,       608,       634
       312,       635,       606,       576,       604
       311,       632,       604,       575,       602
       310,       572,       601,       633,       605
       309,       603,       630,       599,       574
       308,       598,       629,       601,       580
       307,       631,       602,       573,       600
       306,       571,       597,       628,       600
       305,       297,       298,       594,       621
       304,       594,       570,       599,       625
       303,       626,       597,       569,       596
       302,       627,       598,       568,       595
       301,       624,       596,       567,       593
       300,       566,       592,       623,       595
       299,       565,       590,       622,       593
       298,       620,       592,       564,       591
       297,       619,       591,       563,       589
       296,       618,       590,       562,       587
       295,       617,       589,       561,       588
       294,       616,       588,       560,       586
       293,       615,       587,       559,       585
       292,       614,       586,       223,       224
       291,       177,       584,       613,       176
       290,       611,       584,       558,       583
       289,       610,       583,       557,       582
       288,       579,       305,       306,       608
       287,       554,       577,       612,       585
       286,       556,       581,       609,       582
       285,       607,       581,       555,       578
       284,       606,       578,       552,       576
       283,       574,       553,       579,       603
       282,       604,       576,       551,       575
       281,       605,       577,       548,       572
       280,       602,       575,       550,       573
       279,       572,       545,       580,       601
       278,       298,       299,       570,       594
       277,       574,       599,       570,       549
       276,       547,       571,       600,       573
       275,       568,       598,       580,       545
       274,       546,       569,       597,       571
       273,       596,       569,       544,       567
       272,       595,       568,       543,       566
       271,       542,       565,       593,       567
       270,       541,       564,       592,       566
       269,       591,       564,       540,       563
       268,       539,       562,       590,       565
       267,       589,       563,       538,       561
       266,       587,       562,       537,       559
       265,       588,       561,       536,       560
       264,       586,       560,       222,       223
       263,       584,       177,       178,       558
       262,       535,       557,       583,       558
       261,       532,       554,       585,       559
       260,       582,       557,       534,       556
       259,       553,       304,       305,       579
       258,       581,       556,       533,       555
       257,       531,       552,       578,       555
       256,       576,       552,       529,       551
       255,       549,       530,       553,       574
       254,       527,       548,       577,       554
       253,       549,       570,       299,       300
       252,       575,       551,       528,       550
       251,       573,       550,       526,       547
       250,       525,       546,       571,       547
       249,       572,       548,       524,       545
       248,       569,       546,       523,       544
       247,       568,       545,       522,       543
       246,       567,       544,       521,       542
       245,       566,       543,       520,       541
       244,       519,       539,       565,       542
       243,       518,       540,       564,       541
       242,       517,       538,       563,       540
       241,       562,       539,       516,       537
       240,       561,       538,       515,       536
       239,       560,       536,       221,       222
       238,       559,       537,       513,       532
       237,       179,       535,       558,       178
       236,       514,       534,       557,       535
       235,       556,       534,       512,       533
       234,       530,       303,       304,       553
       233,       511,       531,       555,       533
       232,       300,       301,       530,       549
       231,       510,       529,       552,       531
       230,       508,       527,       554,       532
       229,       551,       529,       509,       528
       228,       550,       528,       507,       526
       227,       547,       526,       506,       525
       226,       548,       527,       505,       524
       225,       546,       525,       504,       523
       224,       545,       524,       503,       522
       223,       502,       521,       544,       523
       222,       543,       522,       501,       520
       221,       542,       521,       499,       519
       220,       541,       520,       500,       518
       219,       498,       517,       540,       518
       218,       539,       519,       497,       516
       217,       496,       515,       538,       517
       216,       495,       513,       537,       516
       215,       536,       515,       220,       221
       214,       180,       514,       535,       179
       213,       534,       514,       494,       512
       212,       301,       302,       303,       530
       211,       533,       512,       493,       511
       210,       492,       510,       531,       511
       209,       532,       513,       490,       508
       208,       529,       510,       491,       509
       207,       528,       509,       489,       507
       206,       526,       507,       488,       506
       205,       527,       508,       486,       505
       204,       525,       506,       487,       504
       203,       485,       503,       524,       505
       202,       484,       502,       523,       504
       201,       522,       503,       483,       501
       200,       481,       499,       521,       502
       199,       520,       501,       482,       500
       198,       518,       500,       480,       498
       197,       519,       499,       479,       497
       196,       478,       496,       517,       498
       195,       477,       495,       516,       497
       194,       515,       496,       219,       220
       193,       514,       180,       181,       494
       192,       476,       493,       512,       494
       191,       511,       493,       475,       492
       190,       473,       490,       513,       495
       189,       510,       492,       474,       491
       188,       472,       489,       509,       491
       187,       507,       489,       471,       488
       186,       508,       490,       469,       486
       185,       506,       488,       470,       487
       184,       468,       485,       505,       486
       183,       504,       487,       467,       484
       182,       466,       483,       503,       485
       181,       464,       481,       502,       484
       180,       501,       483,       465,       482
       179,       500,       482,       463,       480
       178,       499,       481,       462,       479
       177,       498,       480,       461,       478
       176,       497,       479,       460,       477
       175,       496,       478,       218,       219
       174,       182,       476,       494,       181
       173,       459,       475,       493,       476
       172,       457,       473,       495,       477
       171,       492,       475,       458,       474
       170,       456,       472,       491,       474
       169,       455,       471,       489,       472
       168,       490,       473,       453,       469
       167,       488,       471,       454,       470
       166,       486,       469,       452,       468
       165,       487,       470,       451,       467
       164,       450,       466,       485,       468
       163,       484,       467,       448,       464
       162,       483,       466,       449,       465
       161,       482,       465,       447,       463
       160,       481,       464,       445,       462
       159,       480,       463,       446,       461
       158,       478,       461,       217,       218
       157,       443,       460,       479,       462
       156,       183,       459,       476,       182
       155,       475,       459,       444,       458
       154,       477,       460,       440,       457
       153,       474,       458,       442,       456
       152,       441,       455,       472,       456
       151,       473,       457,       438,       453
       150,       471,       455,       439,       454
       149,       437,       452,       469,       453
       148,       470,       454,       436,       451
       147,       468,       452,       435,       450
       146,       467,       451,       433,       448
       145,       466,       450,       434,       449
       144,       432,       447,       465,       449
       143,       464,       448,       430,       445
       142,       463,       447,       431,       446
       141,       461,       446,       216,       217
       140,       427,       443,       462,       445
       139,       459,       183,       184,       444
       138,       429,       442,       458,       444
       137,       456,       442,       428,       441
       136,       425,       440,       460,       443
       135,       455,       441,       426,       439
       134,       457,       440,       424,       438
       133,       423,       436,       454,       439
       132,       422,       437,       453,       438
       131,       421,       435,       452,       437
       130,       451,       436,       420,       433
       129,       450,       435,       419,       434
       128,       418,       432,       449,       434
       127,       448,       433,       416,       430
       126,       417,       431,       447,       432
       125,       446,       431,       215,       216
       124,       445,       430,       413,       427
       123,       185,       429,       444,       184
       122,       415,       428,       442,       429
       121,       441,       428,       414,       426
       120,       411,       425,       443,       427
       119,       412,       423,       439,       426
       118,       440,       425,       410,       424
       117,       438,       424,       409,       422
       116,       407,       421,       437,       422
       115,       408,       420,       436,       423
       114,       435,       421,       406,       419
       113,       434,       419,       405,       418
       112,       433,       420,       404,       416
       111,       403,       417,       432,       418
       110,       431,       417,       214,       215
       109,       186,       415,       429,       185
       108,       430,       416,       400,       413
       107,       428,       415,       402,       414
       106,       426,       414,       401,       412
       105,       427,       413,       399,       411
       104,       425,       411,       397,       410
       103,       398,       408,       423,       412
       102,       396,       409,       424,       410
       101,       422,       409,       395,       407
       100,       421,       407,       394,       406
        99,       420,       408,       393,       404
        98,       392,       405,       419,       406
        97,       418,       405,       391,       403
        96,       417,       403,       213,       214
        95,       416,       404,       389,       400
        94,       415,       186,       187,       402
        93,       390,       401,       414,       402
        92,       412,       401,       388,       398
        91,       413,       400,       387,       399
        90,       411,       399,       385,       397
        89,       384,       396,       410,       397
        88,       408,       398,       386,       393
        87,       383,       395,       409,       396
        86,       407,       395,       382,       394
        85,       381,       392,       406,       394
        84,       380,       391,       405,       392
        83,       379,       389,       404,       393
        82,       403,       391,       212,       213
        81,       188,       390,       402,       187
        80,       378,       388,       401,       390
        79,       400,       389,       376,       387
        78,       398,       388,       377,       386
        77,       399,       387,       374,       385
        76,       397,       385,       375,       384
        75,       373,       383,       396,       384
        74,       395,       383,       372,       382
        73,       394,       382,       371,       381
        72,       369,       379,       393,       386
        71,       370,       380,       392,       381
        70,       391,       380,       211,       212
        69,       189,       378,       390,       188
        68,       388,       378,       368,       377
        67,       367,       376,       389,       379
        66,       387,       376,       363,       374
        65,       386,       377,       366,       369
        64,       385,       374,       365,       375
        63,       384,       375,       364,       373
        62,       383,       373,       362,       372
        61,       361,       371,       382,       372
        60,       381,       371,       360,       370
        59,       380,       370,       210,       211
        58,       378,       189,       190,       368
        57,       358,       367,       379,       369
        56,       359,       366,       377,       368
        55,       376,       367,       354,       363
        54,       375,       365,       357,       364
        53,       374,       363,       356,       365
        52,       373,       364,       355,       362
        51,       353,       361,       372,       362
        50,       352,       360,       371,       361
        49,       370,       360,       209,       210
        48,       369,       366,       351,       358
        47,       191,       359,       368,       190
        46,       350,       351,       366,       359
        45,       367,       358,       345,       354
        44,       365,       356,       349,       357
        43,       364,       357,       348,       355
        42,       363,       354,       347,       356
        41,       362,       355,       346,       353
        40,       344,       352,       361,       353
        39,       360,       352,       208,       209
        38,       192,       350,       359,       191
        37,       358,       351,       337,       345
        36,       357,       349,       342,       348
        35,       356,       347,       341,       349
        34,       355,       348,       340,       346
        33,       354,       345,       339,       347
        32,       353,       346,       338,       344
        31,       351,       350,       343,       337
        30,       352,       344,       207,       208
        29,       192,       193,       343,       350
        28,       349,       341,       336,       342
        27,       348,       342,       335,       340
        26,       347,       339,       334,       341
        25,       346,       340,       333,       338
        24,       345,       337,       332,       339
        23,       344,       338,       206,       207
        22,       194,       337,       343,       193
        21,       331,       335,       342,       336
        20,       341,       334,       330,       336
        19,       340,       335,       329,       333
        18,       339,       332,       328,       334
        17,       338,       333,       205,       206
        16,       337,       194,       195,       332
        15,       327,       331,       336,       330
        14,       326,       329,       335,       331
        13,       334,       328,       325,       330
        12,       333,       329,       204,       205
        11,       332,       195,       196,       328
        10,       324,       326,       331,       327
         9,       330,       325,       323,       327
         8,       329,       326,       203,       204
         7,       328,       196,       197,       325
         6,       327,       323,       322,       324
         5,       326,       324,       202,       203
         4,       325,       197,       198,       323
         3,       324,       322,       201,       202
         2,       323,       198,       199,       322
         1,       322,       199,       200,       201
      7046,      4239,      4240,      7369,      4238
      7045,      7368,      4237,      4238,      7369
      7044,      4240,      4241,      7367,      7369
      7043,      7366,      4236,      4237,      7368
      7042,      4241,      4242,      7365,      7367
      7041,      7364,      7368,      7369,      7367
      7040,      4236,      7366,      7363,      4235
      7039,      4242,      4243,      7362,      7365
      7038,      7361,      7366,      7368,      7364
      7037,      7367,      7365,      7360,      7364
      7036,      4235,      7363,      7359,      4234
      7035,      4243,      4244,      7358,      7362
      7034,      7366,      7361,      7357,      7363
      7033,      7365,      7362,      7356,      7360
      7032,      7364,      7360,      7355,      7361
      7031,      4234,      7359,      7354,      4233
      7030,      4244,      4245,      7353,      7358
      7029,      7363,      7357,      7352,      7359
      7028,      7362,      7358,      7351,      7356
      7027,      7361,      7355,      7350,      7357
      7026,      7360,      7356,      7349,      7355
      7025,      7348,      4232,      4233,      7354
      7024,      4245,      4246,      7347,      7353
      7023,      7359,      7352,      7346,      7354
      7022,      7358,      7353,      7345,      7351
      7021,      7357,      7350,      7344,      7352
      7020,      7356,      7351,      7343,      7349
      7019,      7355,      7349,      7342,      7350
      7018,      7341,      4231,      4232,      7348
      7017,      4246,      4247,      7339,      7347
      7016,      7340,      7348,      7354,      7346
      7015,      7353,      7347,      7337,      7345
      7014,      7352,      7344,      7338,      7346
      7013,      7351,      7345,      7336,      7343
      7012,      7350,      7342,      7335,      7344
      7011,      7349,      7343,      7334,      7342
      7010,      4231,      7341,      7333,      4230
      7009,      7332,      7341,      7348,      7340
      7008,      4247,      4248,      7331,      7339
      7007,      7330,      7340,      7346,      7338
      7006,      7347,      7339,      7329,      7337
      7005,      7344,      7335,      7328,      7338
      7004,      7345,      7337,      7327,      7336
      7003,      7343,      7336,      7326,      7334
      7002,      7342,      7334,      7325,      7335
      7001,      7324,      4229,      4230,      7333
      7000,      7341,      7332,      7323,      7333
      6999,      4248,      4249,      7321,      7331
      6998,      7322,      7332,      7340,      7330
      6997,      7339,      7331,      7319,      7329
      6996,      7320,      7330,      7338,      7328
      6995,      7337,      7329,      7318,      7327
      6994,      7335,      7325,      7317,      7328
      6993,      7336,      7327,      7316,      7326
      6992,      7334,      7326,      7315,      7325
      6991,      7314,      4228,      4229,      7324
      6990,      7313,      7324,      7333,      7323
      6989,      4249,      4250,      7311,      7321
      6988,      7332,      7322,      7312,      7323
      6987,      7310,      7322,      7330,      7320
      6986,      7331,      7321,      7309,      7319
      6985,      7308,      7320,      7328,      7317
      6984,      7329,      7319,      7307,      7318
      6983,      7327,      7318,      7306,      7316
      6982,      7325,      7315,      7305,      7317
      6981,      7326,      7316,      7304,      7315
      6980,      4228,      7314,      7302,      4227
      6979,      7303,      7314,      7324,      7313
      6978,      7301,      7313,      7323,      7312
      6977,      4250,      4251,      7299,      7311
      6976,      7322,      7310,      7300,      7312
      6975,      7321,      7311,      7298,      7309
      6974,      7297,      7310,      7320,      7308
      6973,      7319,      7309,      7296,      7307
      6972,      7318,      7307,      7295,      7306
      6971,      7294,      7308,      7317,      7305
      6970,      7316,      7306,      7293,      7304
      6969,      7315,      7304,      7292,      7305
      6968,      7314,      7303,      7290,      7302
      6967,      7291,      7303,      7313,      7301
      6966,      7289,      4226,      4227,      7302
      6965,      7288,      7301,      7312,      7300
      6964,      4251,      4252,      7287,      7299
      6963,      7311,      7299,      7286,      7298
      6962,      7310,      7297,      7283,      7300
      6961,      7309,      7298,      7285,      7296
      6960,      7307,      7296,      7284,      7295
      6959,      7282,      7297,      7308,      7294
      6958,      7306,      7295,      7281,      7293
      6957,      7276,      7294,      7305,      7292
      6956,      7304,      7293,      7275,      7292
      6955,      7303,      7291,      7279,      7290
      6954,      7278,      7289,      7302,      7290
      6953,      7280,      7291,      7301,      7288
      6952,      7277,      4225,      4226,      7289
      6951,      4252,      4253,      7274,      7287
      6950,      7299,      7287,      7272,      7286
      6949,      7273,      7288,      7300,      7283
      6948,      7298,      7286,      7271,      7285
      6947,      7296,      7285,      7270,      7284
      6946,      7295,      7284,      7269,      7281
      6945,      7297,      7282,      7257,      7283
      6944,      7291,      7280,      7267,      7279
      6943,      7266,      7278,      7290,      7279
      6942,      7262,      7282,      7294,      7276
      6941,      7265,      7277,      7289,      7278
      6940,      4225,      7277,      7264,      4224
      6939,      7293,      7281,      7263,      7275
      6938,      7268,      7280,      7288,      7273
      6937,      4253,      4254,      7261,      7274
      6936,      7259,      7276,      7292,      7275
      6935,      7287,      7274,      7258,      7272
      6934,      7286,      7272,      7256,      7271
      6933,      7285,      7271,      7255,      7270
      6932,      7283,      7257,      7260,      7273
      6931,      7284,      7270,      7252,      7269
      6930,      7280,      7268,      7254,      7267
      6929,      7251,      7266,      7279,      7267
      6928,      7250,      7265,      7278,      7266
      6927,      7277,      7265,      7249,      7264
      6926,      4224,      7264,      7248,      4223
      6925,      7281,      7269,      7247,      7263
      6924,      4254,      4255,      7246,      7261
      6923,      7268,      7273,      7260,      7253
      6922,      7275,      7263,      7245,      7259
      6921,      7282,      7262,      7242,      7257
      6920,      7243,      7262,      7276,      7259
      6919,      7274,      7261,      7244,      7258
      6918,      7272,      7258,      7241,      7256
      6917,      7271,      7256,      7240,      7255
      6916,      7270,      7255,      7235,      7252
      6915,      7237,      7253,      7260,      7257
      6914,      7268,      7253,      7239,      7254
      6913,      7267,      7254,      7238,      7251
      6912,      7236,      7250,      7266,      7251
      6911,      7265,      7250,      7234,      7249
      6910,      7264,      7249,      7233,      7248
      6909,      4223,      7248,      7232,      4222
      6908,      7269,      7252,      7231,      7247
      6907,      4255,      4256,      7230,      7246
      6906,      7263,      7247,      7229,      7245
      6905,      7261,      7246,      7228,      7244
      6904,      7259,      7245,      7227,      7243
      6903,      7258,      7244,      7226,      7241
      6902,      7262,      7243,      7225,      7242
      6901,      7256,      7241,      7224,      7240
      6900,      7257,      7242,      7220,      7237
      6899,      7255,      7240,      7218,      7235
      6898,      7254,      7239,      7223,      7238
      6897,      7253,      7237,      7222,      7239
      6896,      7221,      7236,      7251,      7238
      6895,      7250,      7236,      7219,      7234
      6894,      7249,      7234,      7217,      7233
      6893,      7248,      7233,      7216,      7232
      6892,      7215,      4221,      4222,      7232
      6891,      7252,      7235,      7214,      7231
      6890,      4256,      4257,      7213,      7230
      6889,      7247,      7231,      7212,      7229
      6888,      7246,      7230,      7211,      7228
      6887,      7245,      7229,      7210,      7227
      6886,      7244,      7228,      7209,      7226
      6885,      7243,      7227,      7208,      7225
      6884,      7241,      7226,      7207,      7224
      6883,      7242,      7225,      7202,      7220
      6882,      7240,      7224,      7200,      7218
      6881,      7206,      7223,      7239,      7222
      6880,      7205,      7221,      7238,      7223
      6879,      7237,      7220,      7204,      7222
      6878,      7236,      7221,      7203,      7219
      6877,      7234,      7219,      7201,      7217
      6876,      7233,      7217,      7199,      7216
      6875,      7198,      7215,      7232,      7216
      6874,      7197,      4220,      4221,      7215
      6873,      7235,      7218,      7196,      7214
      6872,      4257,      4258,      7195,      7213
      6871,      7231,      7214,      7194,      7212
      6870,      7230,      7213,      7193,      7211
      6869,      7229,      7212,      7192,      7210
      6868,      7228,      7211,      7191,      7209
      6867,      7227,      7210,      7190,      7208
      6866,      7226,      7209,      7189,      7207
      6865,      7225,      7208,      7183,      7202
      6864,      7224,      7207,      7180,      7200
      6863,      7188,      7205,      7223,      7206
      6862,      7187,      7206,      7222,      7204
      6861,      7221,      7205,      7186,      7203
      6860,      7220,      7202,      7185,      7204
      6859,      7219,      7203,      7184,      7201
      6858,      7217,      7201,      7182,      7199
      6857,      7181,      7198,      7216,      7199
      6856,      7179,      7197,      7215,      7198
      6855,      4220,      7197,      7178,      4219
      6854,      7218,      7200,      7177,      7196
      6853,      4258,      4259,      7176,      7195
      6852,      7214,      7196,      7175,      7194
      6851,      7213,      7195,      7174,      7193
      6850,      7212,      7194,      7173,      7192
      6849,      7211,      7193,      7172,      7191
      6848,      7210,      7192,      7171,      7190
      6847,      7209,      7191,      7170,      7189
      6846,      7208,      7190,      7164,      7183
      6845,      7207,      7189,      7160,      7180
      6844,      7169,      7188,      7206,      7187
      6843,      7205,      7188,      7168,      7186
      6842,      7204,      7185,      7167,      7187
      6841,      7203,      7186,      7166,      7184
      6840,      7202,      7183,      7162,      7185
      6839,      7201,      7184,      7165,      7182
      6838,      7163,      7181,      7199,      7182
      6837,      7161,      7179,      7198,      7181
      6836,      7197,      7179,      7159,      7178
      6835,      7158,      4218,      4219,      7178
      6834,      7200,      7180,      7157,      7177
      6833,      7156,      7176,      4259,      4260
      6832,      7196,      7177,      7155,      7175
      6831,      7195,      7176,      7154,      7174
      6830,      7194,      7175,      7153,      7173
      6829,      7193,      7174,      7152,      7172
      6828,      7192,      7173,      7151,      7171
      6827,      7191,      7172,      7150,      7170
      6826,      7190,      7171,      7143,      7164
      6825,      7189,      7170,      7141,      7160
      6824,      7188,      7169,      7149,      7168
      6823,      7187,      7167,      7148,      7169
      6822,      7186,      7168,      7147,      7166
      6821,      7184,      7166,      7146,      7165
      6820,      7142,      7167,      7185,      7162
      6819,      7145,      7163,      7182,      7165
      6818,      7183,      7164,      7140,      7162
      6817,      7144,      7161,      7181,      7163
      6816,      7179,      7161,      7139,      7159
      6815,      7138,      7158,      7178,      7159
      6814,      7137,      4217,      4218,      7158
      6813,      7180,      7160,      7136,      7157
      6812,      7135,      7156,      4260,      4261
      6811,      7177,      7157,      7134,      7155
      6810,      7133,      7154,      7176,      7156
      6809,      7175,      7155,      7132,      7153
      6808,      7174,      7154,      7131,      7152
      6807,      7173,      7153,      7130,      7151
      6806,      7172,      7152,      7129,      7150
      6805,      7171,      7151,      7122,      7143
      6804,      7170,      7150,      7121,      7141
      6803,      7169,      7148,      7128,      7149
      6802,      7168,      7149,      7127,      7147
      6801,      7166,      7147,      7126,      7146
      6800,      7125,      7145,      7165,      7146
      6799,      7120,      7148,      7167,      7142
      6798,      7124,      7144,      7163,      7145
      6797,      7161,      7144,      7123,      7139
      6796,      7164,      7143,      7118,      7140
      6795,      7117,      7142,      7162,      7140
      6794,      7119,      7138,      7159,      7139
      6793,      7116,      7137,      7158,      7138
      6792,      7160,      7141,      7114,      7136
      6791,      4216,      4217,      7137,      7115
      6790,      4261,      4262,      7113,      7135
      6789,      7157,      7136,      7112,      7134
      6788,      7111,      7133,      7156,      7135
      6787,      7155,      7134,      7110,      7132
      6786,      7109,      7131,      7154,      7133
      6785,      7153,      7132,      7107,      7130
      6784,      7152,      7131,      7108,      7129
      6783,      7151,      7130,      7098,      7122
      6782,      7150,      7129,      7099,      7121
      6781,      7149,      7128,      7105,      7127
      6780,      7147,      7127,      7104,      7126
      6779,      7146,      7126,      7103,      7125
      6778,      7102,      7124,      7145,      7125
      6777,      7144,      7124,      7101,      7123
      6776,      7148,      7120,      7096,      7128
      6775,      7118,      7106,      7117,      7140
      6774,      7100,      7119,      7139,      7123
      6773,      7143,      7122,      7095,      7118
      6772,      7097,      7116,      7138,      7119
      6771,      7094,      7120,      7142,      7117
      6770,      7141,      7121,      7092,      7114
      6769,      7115,      7137,      7116,      7093
      6768,      4215,      4216,      7115,      7091
      6767,      4262,      4263,      7090,      7113
      6766,      7136,      7114,      7089,      7112
      6765,      7135,      7113,      7088,      7111
      6764,      7134,      7112,      7087,      7110
      6763,      7086,      7109,      7133,      7111
      6762,      7132,      7110,      7084,      7107
      6761,      7085,      7108,      7131,      7109
      6760,      7129,      7108,      7078,      7099
      6759,      7130,      7107,      7076,      7098
      6758,      7127,      7105,      7083,      7104
      6757,      7082,      7103,      7126,      7104
      6756,      7125,      7103,      7081,      7102
      6755,      7124,      7102,      7080,      7101
      6754,      7079,      7100,      7123,      7101
      6753,      7128,      7096,      7075,      7105
      6752,      7077,      7097,      7119,      7100
      6751,      7095,      7072,      7106,      7118
      6750,      7094,      7117,      7106,      7072
      6749,      7122,      7098,      7074,      7095
      6748,      7120,      7094,      7073,      7096
      6747,      7121,      7099,      7071,      7092
      6746,      7093,      7116,      7097,      7070
      6745,      7091,      7115,      7093,      7069
      6744,      4214,      4215,      7091,      7068
      6743,      4263,      4264,      7067,      7090
      6742,      7114,      7092,      7066,      7089
      6741,      7113,      7090,      7065,      7088
      6740,      7112,      7089,      7064,      7087
      6739,      7111,      7088,      7063,      7086
      6738,      7062,      7085,      7109,      7086
      6737,      7110,      7087,      7061,      7084
      6736,      7055,      7078,      7108,      7085
      6735,      7107,      7084,      7054,      7076
      6734,      7060,      7082,      7104,      7083
      6733,      7059,      7081,      7103,      7082
      6732,      7102,      7081,      7058,      7080
      6731,      7057,      7079,      7101,      7080
      6730,      7056,      7077,      7100,      7079
      6729,      7105,      7075,      7052,      7083
      6728,      7099,      7078,      7053,      7071
      6727,      7098,      7076,      7051,      7074
      6726,      7070,      7097,      7077,      7049
      6725,      7096,      7073,      7050,      7075
      6724,      7095,      7074,      7048,      7072
      6723,      7094,      7072,      7047,      7073
      6722,      7069,      7093,      7070,      7044
      6721,      7092,      7071,      7045,      7066
      6720,      4264,      4265,      7046,      7067
      6719,      7068,      7043,      4213,      4214
      6718,      7068,      7091,      7069,      7042
      6717,      7090,      7067,      7041,      7065
      6716,      7089,      7066,      7040,      7064
      6715,      7088,      7065,      7039,      7063
      6714,      7086,      7063,      7038,      7062
      6713,      7087,      7064,      7037,      7061
      6712,      7032,      7055,      7085,      7062
      6711,      7036,      7059,      7082,      7060
      6710,      7081,      7059,      7035,      7058
      6709,      7084,      7061,      7031,      7054
      6708,      7080,      7058,      7034,      7057
      6707,      7033,      7056,      7079,      7057
      6706,      7030,      7053,      7078,      7055
      6705,      7027,      7060,      7083,      7052
      6704,      7049,      7077,      7056,      7029
      6703,      7076,      7054,      7028,      7051
      6702,      7075,      7050,      7021,      7052
      6701,      7074,      7051,      7026,      7048
      6700,      7073,      7047,      7025,      7050
      6699,      7072,      7048,      7022,      7047
      6698,      7071,      7053,      7024,      7045
      6697,      4265,      4266,      7023,      7046
      6696,      7044,      7070,      7049,      7020
      6695,      7043,      7018,      4212,      4213
      6694,      7019,      7041,      7067,      7046
      6693,      7042,      7069,      7044,      7016
      6692,      7042,      7015,      7043,      7068
      6691,      7066,      7045,      7017,      7040
      6690,      7065,      7041,      7014,      7039
      6689,      7064,      7040,      7013,      7037
      6688,      7063,      7039,      7012,      7038
      6687,      7062,      7038,      7008,      7032
      6686,      7059,      7036,      7010,      7035
      6685,      7011,      7034,      7058,      7035
      6684,      7061,      7037,      7007,      7031
      6683,      7057,      7034,      7009,      7033
      6682,      7029,      7056,      7033,      7006
      6681,      7005,      7030,      7055,      7032
      6680,      7000,      7036,      7060,      7027
      6679,      7054,      7031,      7004,      7028
      6678,      7003,      7024,      7053,      7030
      6677,      7051,      7028,      6999,      7026
      6676,      7020,      7049,      7029,      7001
      6675,      4266,      4267,      7002,      7023
      6674,      7048,      7026,      6997,      7022
      6673,      7047,      7022,      6996,      7025
      6672,      6992,      7027,      7052,      7021
      6671,      7050,      7025,      6991,      7021
      6670,      4211,      4212,      7018,      6994
      6669,      6998,      7019,      7046,      7023
      6668,      7045,      7024,      6995,      7017
      6667,      7016,      7044,      7020,      6990
      6666,      6993,      7014,      7041,      7019
      6665,      7015,      6989,      7018,      7043
      6664,      7015,      7042,      7016,      6987
      6663,      7040,      7017,      6988,      7013
      6662,      7039,      7014,      6986,      7012
      6661,      7038,      7012,      6983,      7008
      6660,      7037,      7013,      6982,      7007
      6659,      6984,      7011,      7035,      7010
      6658,      6985,      7009,      7034,      7011
      6657,      7006,      7033,      7009,      6981
      6656,      7032,      7008,      6980,      7005
      6655,      7036,      7000,      6979,      7010
      6654,      7031,      7007,      6978,      7004
      6653,      7006,      6977,      7001,      7029
      6652,      6976,      7003,      7030,      7005
      6651,      4267,      4268,      6975,      7002
      6650,      7028,      7004,      6973,      6999
      6649,      6974,      6998,      7023,      7002
      6648,      6972,      6995,      7024,      7003
      6647,      4210,      4211,      6994,      6970
      6646,      7026,      6999,      6969,      6997
      6645,      7022,      6997,      6967,      6996
      6644,      6971,      6993,      7019,      6998
      6643,      6962,      7000,      7027,      6992
      6642,      6990,      7020,      7001,      6968
      6641,      7025,      6996,      6964,      6991
      6640,      6994,      7018,      6989,      6963
      6639,      7017,      6995,      6965,      6988
      6638,      7021,      6991,      6957,      6992
      6637,      7014,      6993,      6966,      6986
      6636,      6987,      7016,      6990,      6959
      6635,      6989,      7015,      6987,      6956
      6634,      7013,      6988,      6960,      6982
      6633,      7012,      6986,      6958,      6983
      6632,      6961,      6985,      7011,      6984
      6631,      6981,      7009,      6985,      6955
      6630,      6954,      6984,      7010,      6979
      6629,      7008,      6983,      6953,      6980
      6628,      7007,      6982,      6951,      6978
      6627,      6981,      6952,      6977,      7006
      6626,      6950,      6976,      7005,      6980
      6625,      7004,      6978,      6947,      6973
      6624,      6949,      6974,      7002,      6975
      6623,      6945,      6972,      7003,      6976
      6622,      6977,      6946,      6968,      7001
      6621,      4268,      4269,      6941,      6975
      6620,      6948,      6971,      6998,      6974
      6619,      4209,      4210,      6970,      6943
      6618,      7000,      6962,      6944,      6979
      6617,      6999,      6973,      6938,      6969
      6616,      6993,      6971,      6942,      6966
      6615,      6997,      6969,      6937,      6967
      6614,      6939,      6965,      6995,      6972
      6613,      6970,      6994,      6963,      6936
      6612,      6996,      6967,      6933,      6964
      6611,      6959,      6990,      6968,      6940
      6610,      6986,      6966,      6935,      6958
      6609,      6988,      6965,      6932,      6960
      6608,      6929,      6957,      6991,      6964
      6607,      6963,      6989,      6956,      6930
      6606,      6992,      6957,      6922,      6962
      6605,      6934,      6961,      6984,      6954
      6604,      6955,      6985,      6961,      6931
      6603,      6956,      6987,      6959,      6924
      6602,      6983,      6958,      6927,      6953
      6601,      6982,      6960,      6926,      6951
      6600,      6952,      6981,      6955,      6928
      6599,      6923,      6950,      6980,      6953
      6598,      6925,      6954,      6979,      6944
      6597,      6952,      6921,      6946,      6977
      6596,      6978,      6951,      6917,      6947
      6595,      6916,      6945,      6976,      6950
      6594,      6920,      6948,      6974,      6949
      6593,      6919,      6949,      6975,      6941
      6592,      4208,      4209,      6943,      6914
      6591,      6971,      6948,      6915,      6942
      6590,      6940,      6968,      6946,      6918
      6589,      6973,      6947,      6912,      6938
      6588,      6913,      6939,      6972,      6945
      6587,      4269,      4270,      6904,      6941
      6586,      6943,      6970,      6936,      6910
      6585,      6966,      6942,      6911,      6935
      6584,      6969,      6938,      6907,      6937
      6583,      6909,      6932,      6965,      6939
      6582,      6967,      6937,      6902,      6933
      6581,      6936,      6963,      6930,      6901
      6580,      6931,      6961,      6934,      6906
      6579,      6896,      6929,      6964,      6933
      6578,      6958,      6935,      6905,      6927
      6577,      6908,      6934,      6954,      6925
      6576,      6928,      6955,      6931,      6903
      6575,      6960,      6932,      6897,      6926
      6574,      6962,      6922,      6884,      6944
      6573,      6924,      6959,      6940,      6886
      6572,      6930,      6956,      6924,      6892
      6571,      6890,      6922,      6957,      6929
      6570,      6953,      6927,      6891,      6923
      6569,      6921,      6952,      6928,      6895
      6568,      6951,      6926,      6888,      6917
      6567,      6899,      6920,      6949,      6919
      6566,      6918,      6946,      6921,      6898
      6565,      6887,      6916,      6950,      6923
      6564,      6948,      6920,      6889,      6915
      6563,      4207,      4208,      6914,      6881
      6562,      6941,      6904,      6900,      6919
      6561,      6947,      6917,      6882,      6912
      6560,      6945,      6916,      6883,      6913
      6559,      6942,      6915,      6885,      6911
      6558,      6944,      6884,      6894,      6925
      6557,      4270,      4271,      6875,      6904
      6556,      6940,      6918,      6893,      6886
      6555,      6914,      6943,      6910,      6878
      6554,      6880,      6909,      6939,      6913
      6553,      6938,      6912,      6874,      6907
      6552,      6935,      6911,      6876,      6905
      6551,      6906,      6934,      6908,      6872
      6550,      6910,      6936,      6901,      6869
      6549,      6937,      6907,      6867,      6902
      6548,      6903,      6931,      6906,      6871
      6547,      6866,      6897,      6932,      6909
      6546,      6908,      6925,      6894,      6877
      6545,      6863,      6896,      6933,      6902
      6544,      6895,      6928,      6903,      6870
      6543,      6899,      6919,      6900,      6879
      6542,      6927,      6905,      6865,      6891
      6541,      6901,      6930,      6892,      6862
      6540,      6873,      6893,      6918,      6898
      6539,      6898,      6921,      6895,      6868
      6538,      6859,      6890,      6929,      6896
      6537,      6920,      6899,      6864,      6889
      6536,      6926,      6897,      6861,      6888
      6535,      6923,      6891,      6858,      6887
      6534,      6892,      6924,      6886,      6857
      6533,      6922,      6890,      6854,      6884
      6532,      6915,      6889,      6860,      6885
      6531,      6916,      6887,      6855,      6883
      6530,      6917,      6888,      6853,      6882
      6529,      4206,      4207,      6881,      6852
      6528,      6856,      6879,      6900,      6904
      6527,      4271,      4272,      6849,      6875
      6526,      6911,      6885,      6850,      6876
      6525,      6913,      6883,      6848,      6880
      6524,      6881,      6914,      6878,      6845
      6523,      6912,      6882,      6846,      6874
      6522,      6851,      6886,      6893,      6873
      6521,      6847,      6877,      6894,      6884
      6520,      6872,      6908,      6877,      6844
      6519,      6878,      6910,      6869,      6836
      6518,      6871,      6906,      6872,      6842
      6517,      6838,      6866,      6909,      6880
      6516,      6907,      6874,      6835,      6867
      6515,      6905,      6876,      6839,      6865
      6514,      6870,      6903,      6871,      6840
      6513,      6899,      6879,      6843,      6864
      6512,      6873,      6898,      6868,      6841
      6511,      6868,      6895,      6870,      6837
      6510,      6832,      6863,      6902,      6867
      6509,      6869,      6901,      6862,      6833
      6508,      6904,      6875,      6831,      6856
      6507,      6829,      6861,      6897,      6866
      6506,      6891,      6865,      6830,      6858
      6505,      6889,      6864,      6834,      6860
      6504,      6828,      6859,      6896,      6863
      6503,      6862,      6892,      6857,      6827
      6502,      6887,      6858,      6826,      6855
      6501,      6890,      6859,      6823,      6854
      6500,      6888,      6861,      6825,      6853
      6499,      6885,      6860,      6824,      6850
      6498,      4206,      6852,      6822,      4205
      6497,      6857,      6886,      6851,      6821
      6496,      6849,      4272,      4273,      6818
      6495,      6883,      6855,      6820,      6848
      6494,      6884,      6854,      6817,      6847
      6493,      6882,      6853,      6816,      6846
      6492,      6852,      6881,      6845,      6815
      6491,      6879,      6856,      6819,      6843
      6490,      6851,      6873,      6841,      6813
      6489,      6844,      6877,      6847,      6814
      6488,      6876,      6850,      6812,      6839
      6487,      6880,      6848,      6810,      6838
      6486,      6842,      6872,      6844,      6811
      6485,      6845,      6878,      6836,      6804
      6484,      6874,      6846,      6806,      6835
      6483,      6875,      6849,      6808,      6831
      6482,      6840,      6871,      6842,      6809
      6481,      6837,      6870,      6840,      6807
      6480,      6841,      6868,      6837,      6803
      6479,      6864,      6843,      6805,      6834
      6478,      6865,      6839,      6802,      6830
      6477,      6836,      6869,      6833,      6800
      6476,      6867,      6835,      6801,      6832
      6475,      6799,      6829,      6866,      6838
      6474,      6796,      6828,      6863,      6832
      6473,      6833,      6862,      6827,      6795
      6472,      6860,      6834,      6797,      6824
      6471,      6858,      6830,      6798,      6826
      6470,      6793,      6825,      6861,      6829
      6469,      6859,      6828,      6792,      6823
      6468,      6856,      6831,      6794,      6819
      6467,      6790,      4204,      4205,      6822
      6466,      6827,      6857,      6821,      6789
      6465,      6855,      6826,      6791,      6820
      6464,      4274,      6788,      6818,      4273
      6463,      6854,      6823,      6785,      6817
      6462,      6853,      6825,      6786,      6816
      6461,      6850,      6824,      6787,      6812
      6460,      6852,      6815,      6784,      6822
      6459,      6821,      6851,      6813,      6781
      6458,      6848,      6820,      6779,      6810
      6457,      6814,      6847,      6817,      6783
      6456,      6808,      6849,      6818,      6777
      6455,      6843,      6819,      6782,      6805
      6454,      6811,      6844,      6814,      6780
      6453,      6846,      6816,      6776,      6806
      6452,      6815,      6845,      6804,      6774
      6451,      6809,      6842,      6811,      6778
      6450,      6813,      6841,      6803,      6770
      6449,      6807,      6840,      6809,      6775
      6448,      6839,      6812,      6771,      6802
      6447,      6803,      6837,      6807,      6773
      6446,      6838,      6810,      6769,      6799
      6445,      6835,      6806,      6768,      6801
      6444,      6804,      6836,      6800,      6767
      6443,      6834,      6805,      6765,      6797
      6442,      6831,      6808,      6766,      6794
      6441,      6830,      6802,      6764,      6798
      6440,      6832,      6801,      6763,      6796
      6439,      6800,      6833,      6795,      6762
      6438,      6761,      6793,      6829,      6799
      6437,      6828,      6796,      6759,      6792
      6436,      6826,      6798,      6760,      6791
      6435,      6757,      4203,      4204,      6790
      6434,      6795,      6827,      6789,      6756
      6433,      6758,      6787,      6824,      6797
      6432,      4275,      6753,      6788,      4274
      6431,      6754,      6786,      6825,      6793
      6430,      6823,      6792,      6752,      6785
      6429,      6819,      6794,      6755,      6782
      6428,      6749,      6790,      6822,      6784
      6427,      6820,      6791,      6748,      6779
      6426,      6789,      6821,      6781,      6746
      6425,      6785,      6751,      6772,      6817
      6424,      6788,      6742,      6777,      6818
      6423,      6780,      6814,      6783,      6747
      6422,      6783,      6817,      6772,      6750
      6421,      6816,      6786,      6743,      6776
      6420,      6812,      6787,      6744,      6771
      6419,      6778,      6811,      6780,      6745
      6418,      6815,      6774,      6740,      6784
      6417,      6781,      6813,      6770,      6737
      6416,      6775,      6809,      6778,      6741
      6415,      6773,      6807,      6775,      6739
      6414,      6810,      6779,      6735,      6769
      6413,      6770,      6803,      6773,      6738
      6412,      6805,      6782,      6736,      6765
      6411,      6806,      6776,      6734,      6768
      6410,      6766,      6808,      6777,      6732
      6409,      6774,      6804,      6767,      6731
      6408,      6802,      6771,      6733,      6764
      6407,      6801,      6768,      6730,      6763
      6406,      6799,      6769,      6729,      6761
      6405,      6767,      6800,      6762,      6728
      6404,      6798,      6764,      6727,      6760
      6403,      6726,      6758,      6797,      6765
      6402,      6794,      6766,      6725,      6755
      6401,      6796,      6763,      6724,      6759
      6400,      4203,      6757,      6723,      4202
      6399,      6762,      6795,      6756,      6722
      6398,      6753,      4275,      4276,      6719
      6397,      6721,      6754,      6793,      6761
      6396,      6792,      6759,      6720,      6752
      6395,      6791,      6760,      6717,      6748
      6394,      6715,      6757,      6790,      6749
      6393,      6751,      6785,      6752,      6718
      6392,      6756,      6789,      6746,      6712
      6391,      6714,      6744,      6787,      6758
      6390,      6786,      6754,      6710,      6743
      6389,      6750,      6713,      6747,      6783
      6388,      6753,      6707,      6742,      6788
      6387,      6716,      6750,      6772,      6751
      6386,      6745,      6780,      6747,      6711
      6385,      6782,      6755,      6708,      6736
      6384,      6784,      6740,      6705,      6749
      6383,      6741,      6778,      6745,      6709
      6382,      6746,      6781,      6737,      6702
      6381,      6779,      6748,      6703,      6735
      6380,      6739,      6775,      6741,      6706
      6379,      6738,      6773,      6739,      6704
      6378,      6776,      6743,      6699,      6734
      6377,      6737,      6770,      6738,      6701
      6376,      6771,      6744,      6700,      6733
      6375,      6742,      6697,      6732,      6777
      6374,      6774,      6731,      6698,      6740
      6373,      6769,      6735,      6694,      6729
      6372,      6768,      6734,      6695,      6730
      6371,      6696,      6726,      6765,      6736
      6370,      6731,      6767,      6728,      6692
      6369,      6764,      6733,      6693,      6727
      6368,      6725,      6766,      6732,      6691
      6367,      6763,      6730,      6690,      6724
      6366,      6761,      6729,      6689,      6721
      6365,      4202,      6723,      6688,      4201
      6364,      6728,      6762,      6722,      6687
      6363,      6719,      4276,      4277,      6684
      6362,      6760,      6727,      6683,      6717
      6361,      6759,      6724,      6686,      6720
      6360,      6685,      6714,      6758,      6726
      6359,      6718,      6752,      6720,      6682
      6358,      6757,      6715,      6678,      6723
      6357,      6755,      6725,      6680,      6708
      6356,      6722,      6756,      6712,      6676
      6355,      6716,      6751,      6718,      6681
      6354,      6754,      6721,      6675,      6710
      6353,      6716,      6679,      6713,      6750
      6352,      6707,      6753,      6719,      6672
      6351,      6713,      6677,      6711,      6747
      6350,      6749,      6705,      6671,      6715
      6349,      6709,      6745,      6711,      6674
      6348,      6748,      6717,      6669,      6703
      6347,      6706,      6741,      6709,      6673
      6346,      6712,      6746,      6702,      6667
      6345,      6744,      6714,      6668,      6700
      6344,      6704,      6739,      6706,      6670
      6343,      6666,      6699,      6743,      6710
      6342,      6701,      6738,      6704,      6665
      6341,      6707,      6661,      6697,      6742
      6340,      6702,      6737,      6701,      6664
      6339,      6740,      6698,      6663,      6705
      6338,      6736,      6708,      6662,      6696
      6337,      6735,      6703,      6660,      6694
      6336,      6734,      6699,      6658,      6695
      6335,      6733,      6700,      6659,      6693
      6334,      6731,      6692,      6657,      6698
      6333,      6697,      6656,      6691,      6732
      6332,      6730,      6695,      6655,      6690
      6331,      6729,      6694,      6654,      6689
      6330,      6653,      6685,      6726,      6696
      6329,      4201,      6688,      6652,      4200
      6328,      6692,      6728,      6687,      6651
      6327,      6727,      6693,      6650,      6683
      6326,      6684,      4277,      4278,      6648
      6325,      6724,      6690,      6649,      6686
      6324,      6680,      6725,      6691,      6646
      6323,      6723,      6678,      6644,      6688
      6322,      6686,      6643,      6682,      6720
      6321,      6681,      6718,      6682,      6647
      6320,      6721,      6689,      6641,      6675
      6319,      6687,      6722,      6676,      6640
      6318,      6679,      6716,      6681,      6645
      6317,      6679,      6642,      6677,      6713
      6316,      6672,      6719,      6684,      6635
      6315,      6717,      6683,      6636,      6669
      6314,      6714,      6685,      6638,      6668
      6313,      6674,      6711,      6677,      6639
      6312,      6715,      6671,      6633,      6678
      6311,      6673,      6709,      6674,      6637
      6310,      6676,      6712,      6667,      6631
      6309,      6670,      6706,      6673,      6634
      6308,      6630,      6666,      6710,      6675
      6307,      6708,      6680,      6632,      6662
      6306,      6665,      6704,      6670,      6629
      6305,      6705,      6663,      6628,      6671
      6304,      6661,      6707,      6672,      6625
      6303,      6667,      6702,      6664,      6627
      6302,      6664,      6701,      6665,      6626
      6301,      6703,      6669,      6623,      6660
      6300,      6700,      6668,      6624,      6659
      6299,      6622,      6658,      6699,      6666
      6298,      6698,      6657,      6621,      6663
      6297,      6661,      6619,      6656,      6697
      6296,      6696,      6662,      6620,      6653
      6295,      6695,      6658,      6618,      6655
      6294,      6694,      6660,      6617,      6654
      6293,      6693,      6659,      6616,      6650
      6292,      6692,      6651,      6615,      6657
      6291,      4200,      6652,      6614,      4199
      6290,      6648,      4278,      4279,      6612
      6289,      6690,      6655,      6613,      6649
      6288,      6646,      6691,      6656,      6611
      6287,      6688,      6644,      6609,      6652
      6286,      6689,      6654,      6608,      6641
      6285,      6651,      6687,      6640,      6605
      6284,      6649,      6603,      6643,      6686
      6283,      6685,      6653,      6606,      6638
      6282,      6645,      6681,      6647,      6610
      6281,      6683,      6650,      6602,      6636
      6280,      6643,      6599,      6647,      6682
      6279,      6642,      6679,      6645,      6607
      6278,      6635,      6684,      6648,      6600
      6277,      6639,      6677,      6642,      6604
      6276,      6678,      6633,      6597,      6644
      6275,      6632,      6680,      6646,      6596
      6274,      6639,      6601,      6637,      6674
      6273,      6634,      6673,      6637,      6598
      6272,      6595,      6630,      6675,      6641
      6271,      6640,      6676,      6631,      6594
      6270,      6629,      6670,      6634,      6593
      6269,      6671,      6628,      6592,      6633
      6268,      6668,      6638,      6591,      6624
      6267,      6625,      6672,      6635,      6589
      6266,      6669,      6636,      6590,      6623
      6265,      6631,      6667,      6627,      6588
      6264,      6626,      6665,      6629,      6587
      6263,      6586,      6622,      6666,      6630
      6262,      6627,      6664,      6626,      6585
      6261,      6663,      6621,      6583,      6628
      6260,      6662,      6632,      6584,      6620
      6259,      6619,      6661,      6625,      6581
      6258,      6658,      6622,      6582,      6618
      6257,      6660,      6623,      6580,      6617
      6256,      6579,      6616,      6659,      6624
      6255,      6657,      6615,      6578,      6621
      6254,      4199,      6614,      6577,      4198
      6253,      6612,      4279,      4280,      6575
      6252,      6655,      6618,      6576,      6613
      6251,      6611,      6656,      6619,      6574
      6250,      6653,      6620,      6572,      6606
      6249,      6654,      6617,      6570,      6608
      6248,      6652,      6609,      6573,      6614
      6247,      6651,      6605,      6569,      6615
      6246,      6603,      6649,      6613,      6571
      6245,      6650,      6616,      6566,      6602
      6244,      6607,      6645,      6610,      6568
      6243,      6600,      6648,      6612,      6564
      6242,      6604,      6642,      6607,      6567
      6241,      6644,      6597,      6563,      6609
      6240,      6611,      6561,      6596,      6646
      6239,      6599,      6559,      6610,      6647
      6238,      6604,      6565,      6601,      6639
      6237,      6641,      6608,      6560,      6595
      6236,      6601,      6562,      6598,      6637
      6235,      6603,      6556,      6599,      6643
      6234,      6605,      6640,      6594,      6558
      6233,      6638,      6606,      6557,      6591
      6232,      6636,      6602,      6554,      6590
      6231,      6633,      6592,      6555,      6597
      6230,      6589,      6635,      6600,      6553
      6229,      6594,      6631,      6588,      6551
      6228,      6552,      6586,      6630,      6595
      6227,      6584,      6632,      6596,      6550
      6226,      6587,      6629,      6593,      6549
      6225,      6593,      6634,      6598,      6528
      6224,      6628,      6583,      6548,      6592
      6223,      6588,      6627,      6585,      6547
      6222,      6585,      6626,      6587,      6546
      6221,      6545,      6579,      6624,      6591
      6220,      6581,      6625,      6589,      6542
      6219,      6623,      6590,      6543,      6580
      6218,      6622,      6586,      6544,      6582
      6217,      6621,      6578,      6541,      6583
      6216,      4198,      6577,      6540,      4197
      6215,      6575,      4280,      4281,      6538
      6214,      6618,      6582,      6537,      6576
      6213,      6620,      6584,      6536,      6572
      6212,      6574,      6619,      6581,      6534
      6211,      6617,      6580,      6533,      6570
      6210,      6614,      6573,      6535,      6577
      6209,      6571,      6613,      6576,      6539
      6208,      6615,      6569,      6532,      6578
      6207,      6531,      6566,      6616,      6579
      6206,      6564,      6612,      6575,      6524
      6205,      6567,      6607,      6568,      6530
      6204,      6609,      6563,      6525,      6573
      6203,      6574,      6521,      6561,      6611
      6202,      6565,      6604,      6567,      6526
      6201,      6608,      6570,      6520,      6560
      6200,      6565,      6523,      6562,      6601
      6199,      6556,      6603,      6571,      6527
      6198,      6606,      6572,      6519,      6557
      6197,      6559,      6518,      6568,      6610
      6196,      6605,      6558,      6522,      6569
      6195,      6602,      6566,      6516,      6554
      6194,      6597,      6555,      6517,      6563
      6193,      6553,      6600,      6564,      6515
      6192,      6556,      6508,      6559,      6599
      6191,      6561,      6513,      6550,      6596
      6190,      6598,      6562,      6529,      6528
      6189,      6595,      6560,      6514,      6552
      6188,      6558,      6594,      6551,      6512
      6187,      6592,      6548,      6511,      6555
      6186,      6591,      6557,      6509,      6545
      6185,      6590,      6554,      6506,      6543
      6184,      6542,      6589,      6553,      6507
      6183,      6551,      6588,      6547,      6502
      6182,      6586,      6552,      6505,      6544
      6181,      6546,      6587,      6549,      6501
      6180,      6547,      6585,      6546,      6499
      6179,      6583,      6541,      6500,      6548
      6178,      4281,      4282,      6510,      6538
      6177,      6536,      6584,      6550,      6498
      6176,      6497,      4196,      4197,      6540
      6175,      6582,      6544,      6495,      6537
      6174,      6549,      6593,      6528,      6485
      6173,      6537,      6503,      6539,      6576
      6172,      6534,      6581,      6542,      6492
      6171,      6580,      6543,      6494,      6533
      6170,      6490,      6531,      6579,      6545
      6169,      6577,      6535,      6493,      6540
      6168,      6578,      6532,      6491,      6541
      6167,      6527,      6571,      6539,      6496
      6166,      6524,      6575,      6538,      6488
      6165,      6573,      6525,      6487,      6535
      6164,      6572,      6536,      6483,      6519
      6163,      6526,      6567,      6530,      6486
      6162,      6521,      6574,      6534,      6481
      6161,      6489,      6529,      6562,      6523
      6160,      6569,      6522,      6482,      6532
      6159,      6480,      6520,      6570,      6533
      6158,      6523,      6565,      6526,      6484
      6157,      6518,      6478,      6530,      6568
      6156,      6477,      6516,      6566,      6531
      6155,      6556,      6527,      6504,      6508
      6154,      6563,      6517,      6479,      6525
      6153,      6515,      6564,      6524,      6476
      6152,      6521,      6472,      6513,      6561
      6151,      6560,      6520,      6473,      6514
      6150,      6558,      6512,      6474,      6522
      6149,      6555,      6511,      6471,      6517
      6148,      6557,      6519,      6469,      6509
      6147,      6508,      6468,      6518,      6559
      6146,      6554,      6516,      6466,      6506
      6145,      6507,      6553,      6515,      6467
      6144,      6552,      6514,      6465,      6505
      6143,      6498,      6550,      6513,      6463
      6142,      6512,      6551,      6502,      6461
      6141,      6548,      6500,      6462,      6511
      6140,      4283,      6451,      6510,      4282
      6139,      6503,      6470,      6496,      6539
      6138,      6460,      4195,      4196,      6497
      6137,      6459,      6528,      6529,      6489
      6136,      6502,      6547,      6499,      6457
      6135,      6475,      6504,      6527,      6496
      6134,      6544,      6505,      6458,      6495
      6133,      6499,      6546,      6501,      6454
      6132,      6495,      6464,      6503,      6537
      6131,      6545,      6509,      6456,      6490
      6130,      6492,      6542,      6507,      6455
      6129,      6543,      6506,      6452,      6494
      6128,      6488,      6538,      6510,      6451
      6127,      6541,      6491,      6453,      6500
      6126,      6501,      6549,      6485,      6445
      6125,      6449,      6497,      6540,      6493
      6124,      6483,      6536,      6498,      6448
      6123,      6535,      6487,      6447,      6493
      6122,      6532,      6482,      6443,      6491
      6121,      6489,      6523,      6484,      6446
      6120,      6481,      6534,      6492,      6441
      6119,      6440,      6480,      6533,      6494
      6118,      6484,      6526,      6486,      6444
      6117,      6439,      6477,      6531,      6490
      6116,      6450,      6508,      6504,      6475
      6115,      6525,      6479,      6442,      6487
      6114,      6478,      6438,      6486,      6530
      6113,      6476,      6524,      6488,      6437
      6112,      6522,      6474,      6436,      6482
      6111,      6472,      6521,      6481,      6432
      6110,      6433,      6473,      6520,      6480
      6109,      6519,      6483,      6431,      6469
      6108,      6517,      6471,      6434,      6479
      6107,      6468,      6430,      6478,      6518
      6106,      6485,      6528,      6459,      6425
      6105,      6427,      6466,      6516,      6477
      6104,      6467,      6515,      6476,      6429
      6103,      6470,      6435,      6475,      6496
      6102,      6514,      6473,      6423,      6465
      6101,      6463,      6513,      6472,      6422
      6100,      6512,      6461,      6426,      6474
      6099,      6511,      6462,      6424,      6471
      6098,      6464,      6428,      6470,      6503
      6097,      4195,      6460,      6420,      4194
      6096,      6509,      6469,      6416,      6456
      6095,      6450,      6418,      6468,      6508
      6094,      6505,      6465,      6417,      6458
      6093,      6455,      6507,      6467,      6415
      6092,      6506,      6466,      6413,      6452
      6091,      6458,      6421,      6464,      6495
      6090,      6451,      4283,      4284,      6412
      6089,      6500,      6453,      6414,      6462
      6088,      6461,      6502,      6457,      6408
      6087,      6448,      6498,      6463,      6411
      6086,      6410,      6460,      6497,      6449
      6085,      6457,      6499,      6454,      6406
      6084,      6447,      6419,      6449,      6493
      6083,      6459,      6489,      6446,      6409
      6082,      6454,      6501,      6445,      6397
      6081,      6491,      6443,      6407,      6453
      6080,      6441,      6492,      6455,      6403
      6079,      6494,      6452,      6402,      6440
      6078,      6490,      6456,      6400,      6439
      6077,      6437,      6488,      6451,      6401
      6076,      6446,      6484,      6444,      6405
      6075,      6487,      6442,      6404,      6447
      6074,      6438,      6399,      6444,      6486
      6073,      6396,      6443,      6482,      6436
      6072,      6435,      6398,      6450,      6475
      6071,      6431,      6483,      6448,      6395
      6070,      6479,      6434,      6394,      6442
      6069,      6432,      6481,      6441,      6391
      6068,      6445,      6485,      6425,      6389
      6067,      6390,      6433,      6480,      6440
      6066,      6430,      6393,      6438,      6478
      6065,      6429,      6476,      6437,      6388
      6064,      6386,      6427,      6477,      6439
      6063,      6474,      6426,      6387,      6436
      6062,      6428,      6392,      6435,      6470
      6061,      6471,      6424,      6385,      6434
      6060,      6422,      6472,      6432,      6383
      6059,      6473,      6433,      6382,      6423
      6058,      6418,      6381,      6430,      6468
      6057,      6421,      6384,      6428,      6464
      6056,      6469,      6431,      6378,      6416
      6055,      4194,      6420,      6379,      4193
      6054,      6429,      6375,      6415,      6467
      6053,      6466,      6427,      6372,      6413
      6052,      6465,      6423,      6374,      6417
      6051,      6412,      4284,      4285,      6371
      6050,      6462,      6414,      6376,      6424
      6049,      6417,      6380,      6421,      6458
      6048,      6411,      6463,      6422,      6373
      6047,      6461,      6408,      6377,      6426
      6046,      6425,      6459,      6409,      6369
      6045,      6460,      6410,      6370,      6420
      6044,      6410,      6449,      6419,      6366
      6043,      6453,      6407,      6368,      6414
      6042,      6404,      6366,      6419,      6447
      6041,      6398,      6367,      6418,      6450
      6040,      6403,      6455,      6415,      6365
      6039,      6456,      6416,      6363,      6400
      6038,      6401,      6451,      6412,      6364
      6037,      6452,      6413,      6361,      6402
      6036,      6408,      6457,      6406,      6358
      6035,      6409,      6446,      6405,      6360
      6034,      6411,      6362,      6395,      6448
      6033,      6406,      6454,      6397,      6353
      6032,      6443,      6396,      6359,      6407
      6031,      6399,      6357,      6405,      6444
      6030,      6442,      6394,      6355,      6404
      6029,      6391,      6441,      6403,      6351
      6028,      6440,      6402,      6350,      6390
      6027,      6393,      6354,      6399,      6438
      6026,      6392,      6356,      6398,      6435
      6025,      6397,      6445,      6389,      6343
      6024,      6388,      6437,      6401,      6349
      6023,      6439,      6400,      6347,      6386
      6022,      6352,      6396,      6436,      6387
      6021,      6434,      6385,      6346,      6394
      6020,      6384,      6348,      6392,      6428
      6019,      6383,      6432,      6391,      6344
      6018,      6378,      6431,      6395,      6345
      6017,      6433,      6390,      6340,      6382
      6016,      6381,      6342,      6393,      6430
      6015,      6426,      6377,      6339,      6387
      6014,      6375,      6429,      6388,      6334
      6013,      6380,      6341,      6384,      6421
      6012,      6337,      4192,      4193,      6379
      6011,      6427,      6386,      6332,      6372
      6010,      6424,      6376,      6336,      6385
      6009,      6389,      6425,      6369,      6330
      6008,      6373,      6422,      6383,      6335
      6007,      6423,      6382,      6333,      6374
      6006,      6371,      4285,      4286,      6331
      6005,      6374,      6338,      6380,      6417
      6004,      6420,      6370,      6329,      6379
      6003,      6367,      6328,      6381,      6418
      6002,      6414,      6368,      6327,      6376
      6001,      6416,      6378,      6321,      6363
      6000,      6375,      6322,      6365,      6415
      5999,      6410,      6366,      6326,      6370
      5998,      6373,      6324,      6362,      6411
      5997,      6371,      6323,      6364,      6412
      5996,      6319,      6361,      6413,      6372
      5995,      6408,      6358,      6325,      6377
      5994,      6369,      6409,      6360,      6317
      5993,      6407,      6359,      6320,      6368
      5992,      6404,      6355,      6316,      6366
      5991,      6356,      6318,      6367,      6398
      5990,      6357,      6314,      6360,      6405
      5989,      6351,      6403,      6365,      6310
      5988,      6396,      6352,      6315,      6359
      5987,      6349,      6401,      6364,      6311
      5986,      6402,      6361,      6309,      6350
      5985,      6358,      6406,      6353,      6303
      5984,      6400,      6363,      6307,      6347
      5983,      6354,      6308,      6357,      6399
      5982,      6362,      6312,      6345,      6395
      5981,      6348,      6313,      6356,      6392
      5980,      6394,      6346,      6306,      6355
      5979,      6342,      6305,      6354,      6393
      5978,      6353,      6397,      6343,      6298
      5977,      6344,      6391,      6351,      6302
      5976,      6301,      6352,      6387,      6339
      5975,      6390,      6350,      6300,      6340
      5974,      6341,      6304,      6348,      6384
      5973,      6334,      6388,      6349,      6295
      5972,      6385,      6336,      6297,      6346
      5971,      6335,      6383,      6344,      6296
      5970,      6386,      6347,      6291,      6332
      5969,      6338,      6299,      6341,      6380
      5968,      4192,      6337,      6294,      4191
      5967,      6343,      6389,      6330,      6285
      5966,      6331,      4286,      4287,      6290
      5965,      6382,      6340,      6288,      6333
      5964,      6328,      6293,      6342,      6381
      5963,      6292,      6338,      6374,      6333
      5962,      6286,      6337,      6379,      6329
      5961,      6321,      6378,      6345,      6289
      5960,      6287,      6339,      6377,      6325
      5959,      6376,      6327,      6284,      6336
      5958,      6324,      6373,      6335,      6283
      5957,      6370,      6326,      6282,      6329
      5956,      6322,      6375,      6334,      6279
      5955,      6331,      6280,      6323,      6371
      5954,      6276,      6319,      6372,      6332
      5953,      6368,      6320,      6278,      6327
      5952,      6330,      6369,      6317,      6274
      5951,      6318,      6281,      6328,      6367
      5950,      6366,      6316,      6277,      6326
      5949,      6359,      6315,      6275,      6320
      5948,      6324,      6272,      6312,      6362
      5947,      6323,      6269,      6311,      6364
      5946,      6322,      6268,      6310,      6365
      5945,      6313,      6271,      6318,      6356
      5944,      6358,      6303,      6273,      6325
      5943,      6314,      6266,      6317,      6360
      5942,      6363,      6321,      6264,      6307
      5941,      6262,      6309,      6361,      6319
      5940,      6355,      6306,      6265,      6316
      5939,      6308,      6261,      6314,      6357
      5938,      6351,      6310,      6270,      6302
      5937,      6352,      6301,      6267,      6315
      5936,      6304,      6263,      6313,      6348
      5935,      6305,      6259,      6308,      6354
      5934,      6350,      6309,      6253,      6300
      5933,      6295,      6349,      6311,      6254
      5932,      6346,      6297,      6256,      6306
      5931,      6312,      6258,      6289,      6345
      5930,      6299,      6260,      6304,      6341
      5929,      6303,      6353,      6298,      6248
      5928,      6296,      6344,      6302,      6255
      5927,      6293,      6257,      6305,      6342
      5926,      6347,      6307,      6249,      6291
      5925,      4191,      6294,      6251,      4190
      5924,      6252,      6301,      6339,      6287
      5923,      6290,      4287,      4288,      6247
      5922,      6250,      6299,      6338,      6292
      5921,      6340,      6300,      6244,      6288
      5920,      6298,      6343,      6285,      6239
      5919,      6337,      6286,      6242,      6294
      5918,      6336,      6284,      6243,      6297
      5917,      6283,      6335,      6296,      6246
      5916,      6245,      6292,      6333,      6288
      5915,      6279,      6334,      6295,      6237
      5914,      6281,      6241,      6293,      6328
      5913,      6280,      6331,      6290,      6238
      5912,      6240,      6286,      6329,      6282
      5911,      6231,      6276,      6332,      6291
      5910,      6327,      6278,      6235,      6284
      5909,      6236,      6287,      6325,      6273
      5908,      6232,      6282,      6326,      6277
      5907,      6285,      6330,      6274,      6225
      5906,      6272,      6324,      6283,      6234
      5905,      6264,      6321,      6289,      6233
      5904,      6320,      6275,      6229,      6278
      5903,      6271,      6230,      6281,      6318
      5902,      6280,      6228,      6269,      6323
      5901,      6268,      6322,      6279,      6223
      5900,      6316,      6265,      6226,      6277
      5899,      6315,      6267,      6227,      6275
      5898,      6222,      6262,      6319,      6276
      5897,      6266,      6220,      6274,      6317
      5896,      6263,      6224,      6271,      6313
      5895,      6268,      6214,      6270,      6310
      5894,      6272,      6221,      6258,      6312
      5893,      6261,      6213,      6266,      6314
      5892,      6254,      6311,      6269,      6216
      5891,      6260,      6218,      6263,      6304
      5890,      6255,      6302,      6270,      6214
      5889,      6303,      6248,      6219,      6273
      5888,      6306,      6256,      6215,      6265
      5887,      6301,      6252,      6217,      6267
      5886,      6309,      6262,      6212,      6253
      5885,      6259,      6211,      6261,      6308
      5884,      6307,      6264,      6208,      6249
      5883,      6257,      6207,      6259,      6305
      5882,      6210,      6260,      6299,      6250
      5881,      6209,      4189,      4190,      6251
      5880,      6247,      4288,      4289,      6205
      5879,      6246,      6296,      6255,      6203
      5878,      6297,      6243,      6204,      6256
      5877,      6300,      6253,      6198,      6244
      5876,      6241,      6206,      6257,      6293
      5875,      6294,      6242,      6199,      6251
      5874,      6201,      6250,      6292,      6245
      5873,      6237,      6295,      6254,      6196
      5872,      6258,      6200,      6233,      6289
      5871,      6197,      6245,      6288,      6244
      5870,      6202,      6252,      6287,      6236
      5869,      6248,      6298,      6239,      6190
      5868,      6238,      6290,      6247,      6194
      5867,      6286,      6240,      6193,      6242
      5866,      6291,      6249,      6189,      6231
      5865,      6234,      6283,      6246,      6195
      5864,      6192,      6243,      6284,      6235
      5863,      6230,      6191,      6241,      6281
      5862,      6188,      6240,      6282,      6232
      5861,      6278,      6229,      6187,      6235
      5860,      6228,      6280,      6238,      6186
      5859,      6239,      6285,      6225,      6180
      5858,      6223,      6279,      6237,      6179
      5857,      6183,      6232,      6277,      6226
      5856,      6275,      6227,      6181,      6229
      5855,      6224,      6185,      6230,      6271
      5854,      6184,      6236,      6273,      6219
      5853,      6221,      6272,      6234,      6182
      5852,      6174,      6222,      6276,      6231
      5851,      6220,      6172,      6225,      6274
      5850,      6267,      6217,      6178,      6227
      5849,      6216,      6269,      6228,      6173
      5848,      6265,      6215,      6176,      6226
      5847,      6218,      6175,      6224,      6263
      5846,      6208,      6264,      6233,      6177
      5845,      6214,      6268,      6223,      6171
      5844,      6213,      6165,      6220,      6266
      5843,      6262,      6222,      6166,      6212
      5842,      6167,      6218,      6260,      6210
      5841,      6221,      6169,      6200,      6258
      5840,      6211,      6159,      6213,      6261
      5839,      6252,      6202,      6170,      6217
      5838,      4189,      6209,      6162,      4188
      5837,      6256,      6204,      6163,      6215
      5836,      6205,      4289,      4290,      6161
      5835,      6206,      6168,      6207,      6257
      5834,      6203,      6255,      6214,      6158
      5833,      6216,      6160,      6196,      6254
      5832,      6207,      6155,      6211,      6259
      5831,      6248,      6190,      6164,      6219
      5830,      6253,      6212,      6154,      6198
      5829,      6157,      6210,      6250,      6201
      5828,      6156,      6209,      6251,      6199
      5827,      6194,      6247,      6205,      6152
      5826,      6151,      6201,      6245,      6197
      5825,      6191,      6153,      6206,      6241
      5824,      6150,      6197,      6244,      6198
      5823,      6195,      6246,      6203,      6146
      5822,      6243,      6192,      6149,      6204
      5821,      6242,      6193,      6148,      6199
      5820,      6249,      6208,      6145,      6189
      5819,      6147,      6202,      6236,      6184
      5818,      6240,      6188,      6142,      6193
      5817,      6186,      6238,      6194,      6140
      5816,      6139,      6192,      6235,      6187
      5815,      6179,      6237,      6196,      6138
      5814,      6182,      6234,      6195,      6144
      5813,      6200,      6143,      6177,      6233
      5812,      6185,      6141,      6191,      6230
      5811,      6137,      6188,      6232,      6183
      5810,      6190,      6239,      6180,      6132
      5809,      6229,      6181,      6135,      6187
      5808,      6231,      6189,      6127,      6174
      5807,      6227,      6178,      6136,      6181
      5806,      6173,      6228,      6186,      6130
      5805,      6226,      6176,      6131,      6183
      5804,      6175,      6133,      6185,      6224
      5803,      6172,      6122,      6180,      6225
      5802,      6169,      6221,      6182,      6126
      5801,      6128,      6184,      6219,      6164
      5800,      6171,      6223,      6179,      6121
      5799,      6217,      6170,      6129,      6178
      5798,      6134,      6175,      6218,      6167
      5797,      6222,      6174,      6118,      6166
      5796,      6215,      6163,      6125,      6176
      5795,      6165,      6114,      6172,      6220
      5794,      6173,      6120,      6160,      6216
      5793,      4188,      6162,      6117,      4187
      5792,      6161,      4290,      4291,      6115
      5791,      6168,      6124,      6155,      6207
      5790,      6158,      6214,      6171,      6110
      5789,      6153,      6123,      6168,      6206
      5788,      6145,      6208,      6177,      6119
      5787,      6159,      6105,      6165,      6213
      5786,      6109,      6167,      6210,      6157
      5785,      6212,      6166,      6108,      6154
      5784,      6209,      6156,      6111,      6162
      5783,      6202,      6147,      6116,      6170
      5782,      6161,      6107,      6152,      6205
      5781,      6155,      6098,      6159,      6211
      5780,      6204,      6149,      6106,      6163
      5779,      6169,      6112,      6143,      6200
      5778,      6100,      6157,      6201,      6151
      5777,      6101,      6156,      6199,      6148
      5776,      6099,      6150,      6198,      6154
      5775,      6146,      6203,      6158,      6094
      5774,      6095,      6151,      6197,      6150
      5773,      6160,      6096,      6138,      6196
      5772,      6144,      6195,      6146,      6113
      5771,      6190,      6132,      6103,      6164
      5770,      6141,      6097,      6153,      6191
      5769,      6140,      6194,      6152,      6093
      5768,      6092,      6148,      6193,      6142
      5767,      6192,      6139,      6091,      6149
      5766,      6188,      6137,      6086,      6142
      5765,      6090,      6147,      6184,      6128
      5764,      6082,      6139,      6187,      6135
      5763,      6133,      6085,      6141,      6185
      5762,      6130,      6186,      6140,      6081
      5761,      6102,      6133,      6175,      6134
      5760,      6126,      6182,      6144,      6087
      5759,      6189,      6145,      6077,      6127
      5758,      6181,      6136,      6088,      6135
      5757,      6183,      6131,      6078,      6137
      5756,      6178,      6129,      6083,      6136
      5755,      6121,      6179,      6138,      6076
      5754,      6143,      6080,      6119,      6177
      5753,      6167,      6109,      6104,      6134
      5752,      6074,      6131,      6176,      6125
      5751,      6122,      6070,      6132,      6180
      5750,      6123,      6084,      6124,      6168
      5749,      6120,      6173,      6130,      6073
      5748,      6174,      6127,      6066,      6118
      5747,      6170,      6116,      6075,      6129
      5746,      6112,      6169,      6126,      6071
      5745,      6155,      6124,      6089,      6098
      5744,      6069,      6128,      6164,      6103
      5743,      6114,      6062,      6122,      6172
      5742,      6065,      4186,      4187,      6117
      5741,      6115,      4291,      4292,      6064
      5740,      6163,      6106,      6067,      6125
      5739,      6110,      6171,      6121,      6056
      5738,      6162,      6111,      6061,      6117
      5737,      6166,      6118,      6055,      6108
      5736,      6146,      6094,      6079,      6113
      5735,      6097,      6063,      6123,      6153
      5734,      6115,      6058,      6107,      6161
      5733,      6120,      6057,      6096,      6160
      5732,      6105,      6052,      6114,      6165
      5731,      6156,      6101,      6053,      6111
      5730,      6050,      6109,      6157,      6100
      5729,      6147,      6090,      6059,      6116
      5728,      6102,      6134,      6104,      6072
      5727,      6087,      6144,      6113,      6068
      5726,      6047,      6099,      6154,      6108
      5725,      6098,      6040,      6105,      6159
      5724,      6094,      6158,      6110,      6044
      5723,      6107,      6049,      6093,      6152
      5722,      6077,      6145,      6119,      6060
      5721,      6149,      6091,      6046,      6106
      5720,      6043,      6100,      6151,      6095
      5719,      6042,      6095,      6150,      6099
      5718,      6045,      6101,      6148,      6092
      5717,      6112,      6048,      6080,      6143
      5716,      6051,      6085,      6133,      6102
      5715,      6085,      6037,      6097,      6141
      5714,      6034,      6092,      6142,      6086
      5713,      6081,      6140,      6093,      6033
      5712,      6139,      6082,      6031,      6091
      5711,      6076,      6138,      6096,      6032
      5710,      6136,      6083,      6038,      6088
      5709,      6135,      6088,      6039,      6082
      5708,      6054,      6089,      6124,      6084
      5707,      6132,      6070,      6036,      6103
      5706,      6137,      6078,      6027,      6086
      5705,      6129,      6075,      6030,      6083
      5704,      6028,      6090,      6128,      6069
      5703,      6035,      6072,      6104,      6109
      5702,      6071,      6126,      6087,      6026
      5701,      6073,      6130,      6081,      6025
      5700,      6024,      6078,      6131,      6074
      5699,      6113,      6079,      6041,      6068
      5698,      6119,      6080,      6029,      6060
      5697,      6063,      6020,      6084,      6123
      5696,      6127,      6077,      6017,      6066
      5695,      6019,      6074,      6125,      6067
      5694,      6056,      6121,      6076,      6018
      5693,      6064,      4292,      4293,      6016
      5692,      4186,      6065,      6015,      4185
      5691,      6116,      6059,      6023,      6075
      5690,      6021,      6098,      6089,      6054
      5689,      6057,      6120,      6073,      6014
      5688,      6062,      6007,      6070,      6122
      5687,      6009,      6065,      6117,      6061
      5686,      6022,      6041,      6079,      6094
      5685,      6058,      6115,      6064,      6008
      5684,      6118,      6066,      6005,      6055
      5683,      6048,      6112,      6071,      6013
      5682,      6012,      6051,      6102,      6072
      5681,      6106,      6046,      6011,      6067
      5680,      6010,      6069,      6103,      6036
      5679,      6111,      6053,      6004,      6061
      5678,      6052,      5994,      6062,      6114
      5677,      6058,      6002,      6049,      6107
      5676,      5993,      6047,      6108,      6055
      5675,      6044,      6110,      6056,      5992
      5674,      6037,      5999,      6063,      6097
      5673,      6101,      6045,      5996,      6053
      5672,      6026,      6087,      6068,      6006
      5671,      6032,      6096,      6057,      5995
      5670,      6040,      5986,      6052,      6105
      5669,      6090,      6028,      6000,      6059
      5668,      6109,      6050,      5984,      6035
      5667,      5989,      6050,      6100,      6043
      5666,      5988,      6042,      6099,      6047
      5665,      6088,      6038,      6003,      6039
      5664,      5998,      6037,      6085,      6051
      5663,      5987,      6043,      6095,      6042
      5662,      6033,      6093,      6049,      5991
      5661,      5990,      6045,      6092,      6034
      5660,      6091,      6031,      5985,      6046
      5659,      6083,      6030,      5997,      6038
      5658,      6082,      6039,      5983,      6031
      5657,      6017,      6077,      6060,      6001
      5656,      6086,      6027,      5981,      6034
      5655,      6048,      5977,      6029,      6080
      5654,      6020,      5979,      6054,      6084
      5653,      6022,      6094,      6044,      5970
      5652,      6040,      6098,      6021,      5966
      5651,      6025,      6081,      6033,      5980
      5650,      6078,      6024,      5976,      6027
      5649,      6075,      6023,      5982,      6030
      5648,      6032,      5973,      6018,      6076
      5647,      5969,      6012,      6072,      6035
      5646,      6070,      6007,      5978,      6036
      5645,      6013,      6071,      6026,      5974
      5644,      5968,      6024,      6074,      6019
      5643,      6041,      5971,      6006,      6068
      5642,      5972,      6028,      6069,      6010
      5641,      6014,      6073,      6025,      5967
      5640,      6001,      6060,      6029,      5977
      5639,      6016,      4293,      4294,      5964
      5638,      5963,      4184,      4185,      6015
      5637,      6067,      6011,      5962,      6019
      5636,      6008,      6064,      6016,      5961
      5635,      6065,      6009,      5960,      6015
      5634,      6059,      6000,      5965,      6023
      5633,      6066,      6017,      5953,      6005
      5632,      5999,      5952,      6020,      6063
      5631,      5957,      6009,      6061,      6004
      5630,      5995,      6057,      6014,      5958
      5629,      5992,      6056,      6018,      5956
      5628,      6002,      6058,      6008,      5955
      5627,      5951,      5998,      6051,      6012
      5626,      6038,      5997,      5959,      6003
      5625,      5948,      6004,      6053,      5996
      5624,      5994,      5938,      6007,      6062
      5623,      6046,      5985,      5954,      6011
      5622,      5979,      5939,      6021,      6054
      5621,      5942,      5993,      6055,      6005
      5620,      6037,      5998,      5947,      5999
      5619,      5991,      6049,      6002,      5945
      5618,      6022,      5946,      5971,      6041
      5617,      5977,      6048,      6013,      5944
      5616,      5949,      6010,      6036,      5978
      5615,      6045,      5990,      5941,      5996
      5614,      6030,      5982,      5950,      5997
      5613,      5934,      5988,      6047,      5993
      5612,      6039,      6003,      5933,      5983
      5611,      5986,      5927,      5994,      6052
      5610,      5974,      6026,      6006,      5940
      5609,      5929,      5989,      6043,      5987
      5608,      6028,      5972,      5943,      6000
      5607,      5928,      5987,      6042,      5988
      5606,      5989,      5936,      5975,      6050
      5605,      6034,      5981,      5935,      5990
      5604,      5984,      6050,      5975,      5930
      5603,      5995,      5937,      5973,      6032
      5602,      5991,      5931,      5980,      6033
      5601,      6031,      5983,      5926,      5985
      5600,      5970,      6044,      5992,      5924
      5599,      5922,      5969,      6035,      5984
      5598,      5925,      5981,      6027,      5976
      5597,      5986,      6040,      5966,      5915
      5596,      5953,      6017,      6001,      5932
      5595,      5967,      6025,      5980,      5921
      5594,      6023,      5965,      5923,      5982
      5593,      6024,      5968,      5920,      5976
      5592,      5964,      4294,      4295,      5917
      5591,      5916,      4183,      4184,      5963
      5590,      6019,      5962,      5912,      5968
      5589,      5973,      5913,      5956,      6018
      5588,      5952,      5904,      5979,      6020
      5587,      5961,      6016,      5964,      5911
      5586,      5918,      5972,      6010,      5949
      5585,      5908,      5963,      6015,      5960
      5584,      5958,      6014,      5967,      5909
      5583,      5946,      6022,      5970,      5899
      5582,      6007,      5938,      5919,      5978
      5581,      5903,      5951,      6012,      5969
      5580,      5944,      6013,      5974,      5906
      5579,      5901,      5962,      6011,      5954
      5578,      5955,      6008,      5961,      5900
      5577,      6009,      5957,      5898,      5960
      5576,      5971,      5902,      5940,      6006
      5575,      5932,      6001,      5977,      5907
      5574,      5997,      5950,      5914,      5959
      5573,      6000,      5943,      5910,      5965
      5572,      5966,      6021,      5939,      5890
      5571,      5897,      5957,      6004,      5948
      5570,      6003,      5959,      5905,      5933
      5569,      5945,      6002,      5955,      5896
      5568,      5999,      5947,      5895,      5952
      5567,      5998,      5951,      5894,      5947
      5566,      5888,      5942,      6005,      5953
      5565,      5937,      5995,      5958,      5892
      5564,      5891,      5948,      5996,      5941
      5563,      5985,      5926,      5893,      5954
      5562,      5924,      5992,      5956,      5889
      5561,      5945,      5886,      5931,      5991
      5560,      5990,      5935,      5884,      5941
      5559,      5880,      5934,      5993,      5942
      5558,      5883,      5950,      5982,      5923
      5557,      5927,      5875,      5938,      5994
      5556,      5881,      5936,      5989,      5929
      5555,      5887,      5949,      5978,      5919
      5554,      5873,      5928,      5988,      5934
      5553,      5878,      5935,      5981,      5925
      5552,      5930,      5975,      5936,      5882
      5551,      5869,      5929,      5987,      5928
      5550,      5972,      5918,      5885,      5943
      5549,      5872,      5922,      5984,      5930
      5548,      5983,      5933,      5866,      5926
      5547,      5931,      5877,      5921,      5980
      5546,      5907,      5977,      5944,      5876
      5545,      5937,      5874,      5913,      5973
      5544,      5906,      5974,      5940,      5871
      5543,      5868,      5925,      5976,      5920
      5542,      5927,      5986,      5915,      5857
      5541,      5946,      5867,      5902,      5971
      5540,      5904,      5856,      5939,      5979
      5539,      4296,      5864,      5917,      4295
      5538,      4183,      5916,      5863,      4182
      5537,      5899,      5970,      5924,      5859
      5536,      5968,      5912,      5861,      5920
      5535,      5909,      5967,      5921,      5862
      5534,      5965,      5910,      5860,      5923
      5533,      5855,      5903,      5969,      5922
      5532,      5959,      5914,      5879,      5905
      5531,      5911,      5964,      5917,      5858
      5530,      5854,      5916,      5963,      5908
      5529,      5888,      5953,      5932,      5865
      5528,      5851,      5912,      5962,      5901
      5527,      5900,      5961,      5911,      5852
      5526,      5960,      5898,      5848,      5908
      5525,      5915,      5966,      5890,      5836
      5524,      5853,      5918,      5949,      5887
      5523,      5892,      5958,      5909,      5846
      5522,      5889,      5956,      5913,      5847
      5521,      5896,      5955,      5900,      5845
      5520,      5957,      5897,      5844,      5898
      5519,      5843,      5901,      5954,      5893
      5518,      5952,      5895,      5842,      5904
      5517,      5951,      5903,      5841,      5894
      5516,      5943,      5885,      5850,      5910
      5515,      5838,      5914,      5950,      5883
      5514,      5938,      5875,      5849,      5919
      5513,      5933,      5905,      5870,      5866
      5512,      5837,      5897,      5948,      5891
      5511,      5947,      5894,      5833,      5895
      5510,      5876,      5944,      5906,      5839
      5509,      5886,      5945,      5896,      5834
      5508,      5871,      5940,      5902,      5832
      5507,      5941,      5884,      5830,      5891
      5506,      5865,      5932,      5907,      5835
      5505,      5867,      5946,      5899,      5828
      5504,      5874,      5937,      5892,      5829
      5503,      5820,      5880,      5942,      5888
      5502,      5926,      5866,      5831,      5893
      5501,      5886,      5827,      5877,      5931
      5500,      5935,      5878,      5825,      5884
      5499,      5823,      5882,      5936,      5881
      5498,      5819,      5872,      5930,      5882
      5497,      5818,      5881,      5929,      5869
      5496,      5813,      5873,      5934,      5880
      5495,      5859,      5924,      5889,      5821
      5494,      5890,      5939,      5856,      5810
      5493,      5879,      5840,      5870,      5905
      5492,      5817,      5878,      5925,      5868
      5491,      5808,      5869,      5928,      5873
      5490,      5918,      5853,      5824,      5885
      5489,      5814,      5883,      5923,      5860
      5488,      5822,      5887,      5919,      5849
      5487,      5862,      5921,      5877,      5816
      5486,      5875,      5927,      5857,      5800
      5485,      5864,      4296,      4297,      5815
      5484,      5809,      5855,      5922,      5872
      5483,      5812,      4181,      4182,      5863
      5482,      5920,      5861,      5811,      5868
      5481,      5864,      5807,      5858,      5917
      5480,      5910,      5850,      5826,      5860
      5479,      5847,      5913,      5874,      5806
      5478,      5916,      5854,      5803,      5863
      5477,      5914,      5838,      5805,      5879
      5476,      5912,      5851,      5798,      5861
      5475,      5852,      5911,      5858,      5799
      5474,      5835,      5907,      5876,      5804
      5473,      5839,      5906,      5871,      5802
      5472,      5846,      5909,      5862,      5797
      5471,      5908,      5848,      5796,      5854
      5470,      5832,      5902,      5867,      5794
      5469,      5845,      5900,      5852,      5793
      5468,      5857,      5915,      5836,      5782
      5467,      5790,      5851,      5901,      5843
      5466,      5904,      5842,      5785,      5856
      5465,      5903,      5855,      5787,      5841
      5464,      5789,      5848,      5898,      5844
      5463,      5828,      5899,      5859,      5788
      5462,      5801,      5866,      5870,      5840
      5461,      5820,      5888,      5865,      5795
      5460,      5834,      5896,      5845,      5786
      5459,      5897,      5837,      5784,      5844
      5458,      5829,      5892,      5846,      5783
      5457,      5791,      5853,      5887,      5822
      5456,      5893,      5831,      5780,      5843
      5455,      5885,      5824,      5792,      5850
      5454,      5895,      5833,      5775,      5842
      5453,      5894,      5841,      5776,      5833
      5452,      5891,      5830,      5778,      5837
      5451,      5847,      5779,      5821,      5889
      5450,      5827,      5886,      5834,      5777
      5449,      5773,      5830,      5884,      5825
      5448,      5875,      5800,      5781,      5849
      5447,      5762,      5838,      5883,      5814
      5446,      5774,      5840,      5879,      5805
      5445,      5836,      5890,      5810,      5757
      5444,      5804,      5876,      5839,      5772
      5443,      5768,      5819,      5882,      5823
      5442,      5769,      5823,      5881,      5818
      5441,      5878,      5817,      5763,      5825
      5440,      5816,      5877,      5827,      5764
      5439,      5806,      5874,      5829,      5766
      5438,      5832,      5767,      5802,      5871
      5437,      5866,      5801,      5771,      5831
      5436,      5795,      5865,      5835,      5770
      5435,      5748,      5813,      5880,      5820
      5434,      5760,      5809,      5872,      5819
      5433,      5758,      5818,      5869,      5808
      5432,      5815,      4297,      4298,      5756
      5431,      5794,      5867,      5828,      5759
      5430,      5868,      5811,      5754,      5817
      5429,      5755,      4180,      4181,      5812
      5428,      5807,      5864,      5815,      5752
      5427,      5745,      5808,      5873,      5813
      5426,      5792,      5765,      5826,      5850
      5425,      5853,      5791,      5761,      5824
      5424,      5816,      5750,      5797,      5862
      5423,      5747,      5812,      5863,      5803
      5422,      5788,      5859,      5821,      5751
      5421,      5807,      5749,      5799,      5858
      5420,      5746,      5811,      5861,      5798
      5419,      5753,      5822,      5849,      5781
      5418,      5854,      5796,      5744,      5803
      5417,      5793,      5852,      5799,      5743
      5416,      5741,      5860,      5826,      5765
      5415,      5855,      5809,      5732,      5787
      5414,      5785,      5730,      5810,      5856
      5413,      5851,      5790,      5740,      5798
      5412,      5806,      5742,      5779,      5847
      5411,      5800,      5857,      5782,      5729
      5410,      5738,      5796,      5848,      5789
      5409,      5783,      5846,      5797,      5737
      5408,      5786,      5845,      5793,      5736
      5407,      5739,      5801,      5840,      5774
      5406,      5728,      5789,      5844,      5784
      5405,      5772,      5839,      5802,      5735
      5404,      5843,      5780,      5727,      5790
      5403,      5770,      5835,      5804,      5734
      5402,      5838,      5762,      5733,      5805
      5401,      5777,      5834,      5786,      5722
      5400,      5794,      5725,      5767,      5832
      5399,      5837,      5778,      5721,      5784
      5398,      5860,      5741,      5710,      5814
      5397,      5841,      5787,      5716,      5776
      5396,      5842,      5775,      5714,      5785
      5395,      5824,      5761,      5731,      5792
      5394,      5766,      5829,      5783,      5719
      5393,      5718,      5780,      5831,      5771
      5392,      5759,      5828,      5788,      5720
      5391,      5833,      5776,      5709,      5775
      5390,      5717,      5778,      5830,      5773
      5389,      5723,      5791,      5822,      5753
      5388,      5748,      5820,      5795,      5724
      5387,      5782,      5836,      5757,      5704
      5386,      5764,      5827,      5777,      5715
      5385,      5712,      5768,      5823,      5769
      5384,      5708,      5773,      5825,      5763
      5383,      5779,      5711,      5751,      5821
      5382,      5707,      5760,      5819,      5768
      5381,      5706,      5769,      5818,      5758
      5380,      4299,      5702,      5756,      4298
      5379,      5817,      5754,      5698,      5763
      5378,      5764,      5701,      5750,      5816
      5377,      4180,      5755,      5696,      4179
      5376,      5800,      5729,      5713,      5781
      5375,      5752,      5815,      5756,      5697
      5374,      5705,      5758,      5808,      5745
      5373,      5742,      5806,      5766,      5694
      5372,      5801,      5739,      5703,      5771
      5371,      5699,      5774,      5805,      5733
      5370,      5689,      5755,      5812,      5747
      5369,      5749,      5807,      5752,      5690
      5368,      5734,      5804,      5772,      5695
      5367,      5688,      5754,      5811,      5746
      5366,      5767,      5692,      5735,      5802
      5365,      5700,      5765,      5792,      5731
      5364,      5724,      5795,      5770,      5691
      5363,      5749,      5687,      5743,      5799
      5362,      5803,      5744,      5685,      5747
      5361,      5676,      5745,      5813,      5748
      5360,      5757,      5810,      5726,      5682
      5359,      5791,      5723,      5693,      5761
      5358,      5750,      5684,      5737,      5797
      5357,      5809,      5760,      5673,      5732
      5356,      5725,      5794,      5759,      5686
      5355,      5814,      5710,      5681,      5762
      5354,      5680,      5746,      5798,      5740
      5353,      5796,      5738,      5677,      5744
      5352,      5736,      5793,      5743,      5679
      5351,      5720,      5788,      5751,      5678
      5350,      5730,      5667,      5726,      5810
      5349,      5683,      5753,      5781,      5713
      5348,      5675,      5738,      5789,      5728
      5347,      5790,      5727,      5671,      5740
      5346,      5722,      5786,      5736,      5672
      5345,      5719,      5783,      5737,      5666
      5344,      5784,      5721,      5663,      5728
      5343,      5742,      5669,      5711,      5779
      5342,      5660,      5727,      5780,      5718
      5341,      5787,      5732,      5648,      5716
      5340,      5714,      5644,      5730,      5785
      5339,      5715,      5777,      5722,      5662
      5338,      5665,      5739,      5774,      5699
      5337,      5778,      5717,      5658,      5721
      5336,      5729,      5782,      5704,      5652
      5335,      5668,      5741,      5765,      5700
      5334,      5695,      5772,      5735,      5661
      5333,      5761,      5693,      5664,      5731
      5332,      5691,      5770,      5734,      5659
      5331,      5649,      5717,      5773,      5708
      5330,      5670,      5706,      5758,      5705
      5329,      5725,      5656,      5692,      5767
      5328,      5655,      5707,      5768,      5712
      5327,      5654,      5712,      5769,      5706
      5326,      5776,      5716,      5637,      5709
      5325,      5775,      5709,      5634,      5714
      5324,      5645,      5718,      5771,      5703
      5323,      5694,      5766,      5719,      5650
      5322,      5762,      5681,      5653,      5733
      5321,      5701,      5764,      5715,      5647
      5320,      5657,      5723,      5753,      5683
      5319,      5686,      5759,      5720,      5646
      5318,      5763,      5698,      5642,      5708
      5317,      4300,      5643,      5702,      4299
      5316,      4179,      5696,      5640,      4178
      5315,      5676,      5748,      5724,      5651
      5314,      5702,      5641,      5697,      5756
      5313,      5745,      5676,      5674,      5705
      5312,      5690,      5752,      5697,      5636
      5311,      5678,      5751,      5711,      5639
      5310,      5755,      5689,      5631,      5696
      5309,      5754,      5688,      5629,      5698
      5308,      5682,      5625,      5704,      5757
      5307,      5760,      5707,      5632,      5673
      5306,      5701,      5630,      5684,      5750
      5305,      5687,      5749,      5690,      5628
      5304,      5638,      5710,      5741,      5668
      5303,      5747,      5685,      5623,      5689
      5302,      5619,      5688,      5746,      5680
      5301,      5739,      5665,      5626,      5703
      5300,      5687,      5621,      5679,      5743
      5299,      5669,      5742,      5694,      5622
      5298,      5729,      5652,      5635,      5713
      5297,      5617,      5685,      5744,      5677
      5296,      5627,      5700,      5731,      5664
      5295,      5659,      5734,      5695,      5618
      5294,      5733,      5653,      5620,      5699
      5293,      5666,      5737,      5684,      5614
      5292,      5661,      5735,      5692,      5616
      5291,      5723,      5657,      5624,      5693
      5290,      5740,      5671,      5611,      5680
      5289,      5672,      5736,      5679,      5613
      5288,      5738,      5675,      5610,      5677
      5287,      5651,      5724,      5691,      5615
      5286,      5656,      5725,      5686,      5612
      5285,      5603,      5682,      5726,      5667
      5284,      5670,      5705,      5674,      5633
      5283,      5728,      5663,      5604,      5675
      5282,      5662,      5722,      5672,      5605
      5281,      5727,      5660,      5601,      5671
      5280,      5646,      5720,      5678,      5607
      5279,      5598,      5663,      5721,      5658
      5278,      5609,      5683,      5713,      5635
      5277,      5608,      5654,      5706,      5670
      5276,      5650,      5719,      5666,      5599
      5275,      5606,      5681,      5710,      5638
      5274,      5732,      5673,      5588,      5648
      5273,      5644,      5585,      5667,      5730
      5272,      5602,      5655,      5712,      5654
      5271,      5639,      5711,      5669,      5596
      5270,      5647,      5715,      5662,      5593
      5269,      5717,      5649,      5592,      5658
      5268,      5591,      5660,      5718,      5645
      5267,      5597,      5668,      5700,      5627
      5266,      5693,      5624,      5600,      5664
      5265,      5699,      5620,      5594,      5665
      5264,      5708,      5642,      5587,      5649
      5263,      5595,      5633,      5674,      5676
      5262,      4301,      5589,      5643,      4300
      5261,      4178,      5640,      5580,      4177
      5260,      5716,      5648,      5565,      5637
      5259,      5643,      5584,      5641,      5702
      5258,      5630,      5701,      5647,      5583
      5257,      5618,      5695,      5661,      5586
      5256,      5625,      5571,      5652,      5704
      5255,      5703,      5626,      5576,      5645
      5254,      5641,      5577,      5636,      5697
      5253,      5622,      5694,      5650,      5579
      5252,      5615,      5691,      5659,      5581
      5251,      5616,      5692,      5656,      5582
      5250,      5573,      5642,      5698,      5629
      5249,      5696,      5631,      5572,      5640
      5248,      5709,      5637,      5557,      5634
      5247,      5628,      5690,      5636,      5575
      5246,      5590,      5657,      5683,      5609
      5245,      5655,      5533,      5632,      5707
      5244,      5612,      5686,      5646,      5574
      5243,      5681,      5606,      5578,      5653
      5242,      5689,      5623,      5566,      5631
      5241,      5621,      5687,      5628,      5568
      5240,      5688,      5619,      5563,      5629
      5239,      5614,      5684,      5630,      5564
      5238,      5595,      5676,      5651,      5570
      5237,      5558,      5623,      5685,      5617
      5236,      5639,      5567,      5607,      5678
      5235,      5621,      5559,      5613,      5679
      5234,      5561,      5608,      5670,      5633
      5233,      5680,      5611,      5555,      5619
      5232,      5562,      5638,      5668,      5597
      5231,      5552,      5617,      5677,      5610
      5230,      5664,      5600,      5569,      5627
      5229,      5603,      5548,      5625,      5682
      5228,      5466,      5644,      5714,      5634
      5227,      5665,      5594,      5560,      5626
      5226,      5596,      5669,      5622,      5554
      5225,      5605,      5672,      5613,      5551
      5224,      5675,      5604,      5546,      5610
      5223,      5614,      5549,      5599,      5666
      5222,      5657,      5590,      5556,      5624
      5221,      5542,      5611,      5671,      5601
      5220,      5588,      5673,      5632,      5533
      5219,      5652,      5571,      5553,      5635
      5218,      5547,      5602,      5654,      5608
      5217,      5539,      5604,      5663,      5598
      5216,      5550,      5620,      5653,      5578
      5215,      5616,      5544,      5586,      5661
      5214,      5593,      5662,      5605,      5540
      5213,      5581,      5659,      5618,      5543
      5212,      5582,      5656,      5612,      5541
      5211,      5534,      5598,      5658,      5592
      5210,      5570,      5651,      5615,      5537
      5209,      5585,      5522,      5603,      5667
      5208,      5660,      5591,      5530,      5601
      5207,      5574,      5646,      5607,      5536
      5206,      5579,      5650,      5599,      5531
      5205,      5583,      5647,      5593,      5529
      5204,      5649,      5587,      5525,      5592
      5203,      5532,      5606,      5638,      5562
      5202,      5589,      4301,      4302,      5526
      5201,      5627,      5569,      5538,      5597
      5200,      5596,      5528,      5567,      5639
      5199,      5589,      5524,      5584,      5643
      5198,      5527,      5609,      5635,      5553
      5197,      5521,      4176,      4177,      5580
      5196,      5645,      5576,      5516,      5591
      5195,      5584,      5520,      5577,      5641
      5194,      5624,      5556,      5535,      5600
      5193,      5519,      5561,      5633,      5595
      5192,      5515,      5587,      5642,      5573
      5191,      5640,      5572,      5514,      5580
      5190,      5575,      5636,      5577,      5517
      5189,      5564,      5630,      5583,      5513
      5188,      5523,      5594,      5620,      5550
      5187,      5648,      5588,      5493,      5565
      5186,      5568,      5628,      5575,      5512
      5185,      5631,      5566,      5510,      5572
      5184,      5509,      5573,      5629,      5563
      5183,      5504,      5576,      5626,      5560
      5182,      5554,      5622,      5579,      5511
      5181,      5602,      5479,      5533,      5655
      5180,      5559,      5621,      5568,      5507
      5179,      5585,      5644,      5545,      5486
      5178,      5623,      5558,      5501,      5566
      5177,      5543,      5618,      5586,      5505
      5176,      5582,      5506,      5544,      5616
      5175,      5637,      5565,      5483,      5557
      5174,      5619,      5555,      5499,      5563
      5173,      5548,      5489,      5571,      5625
      5172,      5537,      5615,      5581,      5498
      5171,      5541,      5612,      5574,      5502
      5170,      5494,      5558,      5617,      5552
      5169,      5564,      5496,      5549,      5614
      5168,      5559,      5495,      5551,      5613
      5167,      5500,      5590,      5609,      5527
      5166,      5606,      5532,      5503,      5578
      5165,      5538,      5518,      5562,      5597
      5164,      5492,      5547,      5608,      5561
      5163,      5567,      5497,      5536,      5607
      5162,      5600,      5535,      5508,      5569
      5161,      5610,      5546,      5488,      5552
      5160,      5484,      5555,      5611,      5542
      5159,      5540,      5605,      5551,      5485
      5158,      5519,      5595,      5570,      5491
      5157,      5604,      5539,      5481,      5546
      5156,      5594,      5523,      5490,      5560
      5155,      5528,      5596,      5554,      5487
      5154,      5549,      5480,      5531,      5599
      5153,      5474,      5539,      5598,      5534
      5152,      5471,      5542,      5601,      5530
      5151,      5529,      5593,      5540,      5477
      5150,      5522,      5464,      5548,      5603
      5149,      5466,      5468,      5545,      5644
      5148,      5590,      5500,      5473,      5556
      5147,      5592,      5525,      5467,      5534
      5146,      5478,      5550,      5578,      5503
      5145,      5544,      5470,      5505,      5586
      5144,      5526,      4302,      4303,      5463
      5143,      5569,      5508,      5482,      5538
      5142,      5506,      5582,      5541,      5469
      5141,      5571,      5489,      5476,      5553
      5140,      5524,      5589,      5526,      5462
      5139,      5458,      4175,      4176,      5521
      5138,      5591,      5516,      5453,      5530
      5137,      5466,      5634,      5557,      5425
      5136,      5524,      5460,      5520,      5584
      5135,      5513,      5583,      5529,      5461
      5134,      5588,      5533,      5475,      5493
      5133,      5587,      5515,      5454,      5525
      5132,      5498,      5581,      5543,      5456
      5131,      5511,      5579,      5531,      5459
      5130,      5502,      5574,      5536,      5465
      5129,      5575,      5517,      5472,      5512
      5128,      5517,      5577,      5520,      5455
      5127,      5450,      5521,      5580,      5514
      5126,      5532,      5562,      5518,      5451
      5125,      5479,      5602,      5547,      5437
      5124,      5491,      5570,      5537,      5452
      5123,      5528,      5457,      5497,      5567
      5122,      5446,      5515,      5573,      5509
      5121,      5572,      5510,      5447,      5514
      5120,      5443,      5516,      5576,      5504
      5119,      5507,      5568,      5512,      5449
      5118,      5496,      5564,      5513,      5445
      5117,      5522,      5585,      5486,      5432
      5116,      5566,      5501,      5440,      5510
      5115,      5438,      5492,      5561,      5519
      5114,      5556,      5473,      5444,      5535
      5113,      5563,      5499,      5436,      5509
      5112,      5495,      5559,      5507,      5441
      5111,      5442,      5527,      5553,      5476
      5110,      5448,      5523,      5550,      5478
      5109,      5487,      5554,      5511,      5439
      5108,      5434,      5504,      5560,      5490
      5107,      5558,      5494,      5435,      5501
      5106,      5482,      5451,      5518,      5538
      5105,      5495,      5433,      5485,      5551
      5104,      5552,      5488,      5428,      5494
      5103,      5555,      5484,      5424,      5499
      5102,      5496,      5429,      5480,      5549
      5101,      5565,      5493,      5408,      5483
      5100,      5506,      5431,      5470,      5544
      5099,      5469,      5541,      5502,      5430
      5098,      5419,      5488,      5546,      5481
      5097,      5456,      5543,      5505,      5423
      5096,      5465,      5536,      5497,      5426
      5095,      5477,      5540,      5485,      5420
      5094,      5532,      5451,      5427,      5503
      5093,      5464,      5412,      5489,      5548
      5092,      5539,      5474,      5415,      5481
      5091,      5535,      5444,      5421,      5508
      5090,      5452,      5537,      5498,      5416
      5089,      5411,      5484,      5542,      5471
      5088,      5457,      5528,      5487,      5418
      5087,      5417,      5500,      5527,      5442
      5086,      5523,      5448,      5422,      5490
      5085,      5492,      5403,      5437,      5547
      5084,      5459,      5531,      5480,      5413
      5083,      5545,      5468,      5380,      5486
      5082,      5534,      5467,      5409,      5474
      5081,      5461,      5529,      5477,      5410
      5080,      5438,      5519,      5491,      5414
      5079,      4304,      5407,      5463,      4303
      5078,      5462,      5526,      5463,      5406
      5077,      4175,      5458,      5402,      4174
      5076,      5530,      5453,      5398,      5471
      5075,      5460,      5524,      5462,      5404
      5074,      5400,      5467,      5525,      5454
      5073,      5425,      5557,      5483,      5369
      5072,      5460,      5401,      5455,      5520
      5071,      5455,      5396,      5472,      5517
      5070,      5395,      5458,      5521,      5450
      5069,      5449,      5512,      5472,      5396
      5068,      5445,      5513,      5461,      5397
      5067,      5503,      5427,      5405,      5478
      5066,      5515,      5446,      5389,      5454
      5065,      5399,      5482,      5508,      5421
      5064,      5439,      5511,      5459,      5394
      5063,      5514,      5447,      5387,      5450
      5062,      5516,      5443,      5383,      5453
      5061,      5431,      5506,      5469,      5393
      5060,      5464,      5522,      5432,      5379
      5059,      5430,      5502,      5465,      5392
      5058,      5441,      5507,      5449,      5385
      5057,      5470,      5386,      5423,      5505
      5056,      5510,      5440,      5382,      5447
      5055,      5500,      5417,      5384,      5473
      5054,      5509,      5436,      5381,      5446
      5053,      5426,      5497,      5457,      5388
      5052,      5489,      5412,      5391,      5476
      5051,      5368,      5390,      5475,      5533
      5050,      5493,      5475,      5390,      5408
      5049,      5374,      5443,      5504,      5434
      5048,      5501,      5435,      5375,      5440
      5047,      5429,      5496,      5445,      5378
      5046,      5433,      5495,      5441,      5377
      5045,      5416,      5498,      5456,      5371
      5044,      5414,      5491,      5452,      5372
      5043,      5479,      5353,      5368,      5533
      5042,      5494,      5428,      5367,      5435
      5041,      5365,      5436,      5499,      5424
      5040,      5418,      5487,      5439,      5373
      5039,      5364,      5434,      5490,      5422
      5038,      5433,      5366,      5420,      5485
      5037,      5370,      5451,      5482,      5399
      5036,      5478,      5405,      5376,      5448
      5035,      5363,      5428,      5488,      5419
      5034,      5438,      5361,      5403,      5492
      5033,      5413,      5480,      5429,      5362
      5032,      5476,      5391,      5360,      5442
      5031,      5355,      5419,      5481,      5415
      5030,      5484,      5411,      5351,      5424
      5029,      5473,      5384,      5359,      5444
      5028,      5410,      5477,      5420,      5357
      5027,      5393,      5469,      5430,      5356
      5026,      5474,      5409,      5348,      5415
      5025,      5431,      5354,      5386,      5470
      5024,      5426,      5358,      5392,      5465
      5023,      5380,      5468,      5466,      5313
      5022,      5388,      5457,      5418,      5350
      5021,      4305,      5346,      5407,      4304
      5020,      5407,      5344,      5406,      5463
      5019,      5471,      5398,      5336,      5411
      5018,      5413,      5347,      5394,      5459
      5017,      5341,      4173,      4174,      5402
      5016,      5339,      5409,      5467,      5400
      5015,      5397,      5461,      5410,      5345
      5014,      5404,      5462,      5406,      5342
      5013,      5451,      5370,      5349,      5427
      5012,      5404,      5340,      5401,      5460
      5011,      5353,      5479,      5437,      5329
      5010,      5448,      5376,      5352,      5422
      5009,      5371,      5456,      5423,      5343
      5008,      5380,      5297,      5432,      5486
      5007,      5401,      5338,      5396,      5455
      5006,      5458,      5395,      5335,      5402
      5005,      5412,      5464,      5379,      5328
      5004,      5369,      5483,      5408,      5317
      5003,      5372,      5452,      5416,      5333
      5002,      5331,      5400,      5454,      5389
      5001,      5450,      5387,      5327,      5395
      5000,      5385,      5449,      5396,      5332
      4999,      5444,      5359,      5337,      5421
      4998,      5322,      5398,      5453,      5383
      4997,      5442,      5360,      5330,      5417
      4996,      5378,      5445,      5397,      5326
      4995,      5361,      5438,      5414,      5334
      4994,      5321,      5387,      5447,      5382
      4993,      5446,      5381,      5320,      5389
      4992,      5373,      5439,      5394,      5325
      4991,      5377,      5441,      5385,      5323
      4990,      5443,      5374,      5310,      5383
      4989,      5440,      5375,      5315,      5382
      4988,      5324,      5405,      5427,      5349
      4987,      5356,      5430,      5392,      5319
      4986,      5354,      5431,      5393,      5316
      4985,      5313,      5466,      5425,      5288
      4984,      5305,      5381,      5436,      5365
      4983,      5366,      5433,      5377,      5311
      4982,      5388,      5318,      5358,      5426
      4981,      5435,      5367,      5308,      5375
      4980,      5362,      5429,      5378,      5309
      4979,      5403,      5303,      5329,      5437
      4978,      5302,      5374,      5434,      5364
      4977,      5314,      5399,      5421,      5337
      4976,      5428,      5363,      5300,      5367
      4975,      5386,      5306,      5343,      5423
      4974,      5350,      5418,      5373,      5304
      4973,      5366,      5301,      5357,      5420
      4972,      5412,      5328,      5312,      5391
      4971,      5294,      5363,      5419,      5355
      4970,      5417,      5330,      5298,      5384
      4969,      5290,      5365,      5424,      5351
      4968,      5291,      5364,      5422,      5352
      4967,      5432,      5297,      5307,      5379
      4966,      5362,      5295,      5347,      5413
      4965,      5334,      5414,      5372,      5293
      4964,      5333,      5416,      5371,      5287
      4963,      5390,      5296,      5317,      5408
      4962,      5299,      5376,      5405,      5324
      4961,      5415,      5348,      5286,      5355
      4960,      5345,      5410,      5357,      5289
      4959,      5292,      5370,      5399,      5314
      4958,      4306,      5283,      5346,      4305
      4957,      5411,      5336,      5271,      5351
      4956,      5409,      5339,      5277,      5348
      4955,      5346,      5280,      5344,      5407
      4954,      5274,      4172,      4173,      5341
      4953,      5344,      5278,      5342,      5406
      4952,      5342,      5275,      5340,      5404
      4951,      5358,      5284,      5319,      5392
      4950,      5285,      5360,      5391,      5312
      4949,      5340,      5272,      5338,      5401
      4948,      5361,      5279,      5303,      5403
      4947,      5316,      5393,      5356,      5282
      4946,      5288,      5425,      5369,      5256
      4945,      5266,      5341,      5402,      5335
      4944,      5347,      5273,      5325,      5394
      4943,      5326,      5397,      5345,      5270
      4942,      5318,      5388,      5350,      5281
      4941,      5265,      5339,      5400,      5331
      4940,      5332,      5396,      5338,      5267
      4939,      5368,      5269,      5296,      5390
      4938,      5395,      5327,      5261,      5335
      4937,      5354,      5268,      5306,      5386
      4936,      5258,      5336,      5398,      5322
      4935,      5384,      5298,      5263,      5359
      4934,      5323,      5385,      5332,      5262
      4933,      5376,      5299,      5276,      5352
      4932,      5389,      5320,      5260,      5331
      4931,      5259,      5327,      5387,      5321
      4930,      5370,      5292,      5264,      5349
      4929,      5309,      5378,      5326,      5257
      4928,      5251,      5321,      5382,      5315
      4927,      5311,      5377,      5323,      5254
      4926,      5248,      5322,      5383,      5310
      4925,      5304,      5373,      5325,      5253
      4924,      5287,      5371,      5343,      5252
      4923,      5239,      5328,      5379,      5307
      4922,      5381,      5305,      5242,      5320
      4921,      5353,      5250,      5269,      5368
      4920,      5375,      5308,      5246,      5315
      4919,      5293,      5372,      5333,      5243
      4918,      5255,      5330,      5360,      5285
      4917,      5374,      5302,      5237,      5310
      4916,      5301,      5366,      5311,      5245
      4915,      5367,      5300,      5236,      5308
      4914,      5279,      5361,      5334,      5238
      4913,      5359,      5263,      5249,      5337
      4912,      5295,      5362,      5309,      5241
      4911,      5318,      5247,      5284,      5358
      4910,      5282,      5356,      5319,      5240
      4909,      5228,      5305,      5365,      5290
      4908,      5363,      5294,      5230,      5300
      4907,      5244,      5324,      5349,      5264
      4906,      5307,      5297,      5380,      5197
      4905,      5229,      5302,      5364,      5291
      4904,      5268,      5354,      5316,      5235
      4903,      5301,      5232,      5289,      5357
      4902,      5256,      5369,      5317,      5226
      4901,      5281,      5350,      5304,      5234
      4900,      5250,      5353,      5329,      5233
      4899,      5355,      5286,      5224,      5294
      4898,      5295,      5225,      5273,      5347
      4897,      5214,      5291,      5352,      5276
      4896,      5351,      5271,      5211,      5290
      4895,      5306,      5223,      5252,      5343
      4894,      5217,      5286,      5348,      5277
      4893,      5270,      5345,      5289,      5221
      4892,      5337,      5249,      5227,      5314
      4891,      5283,      4306,      4307,      5220
      4890,      5283,      5218,      5280,      5346
      4889,      4172,      5274,      5212,      4171
      4888,      5328,      5239,      5231,      5312
      4887,      5280,      5215,      5278,      5344
      4886,      5278,      5213,      5275,      5342
      4885,      5330,      5255,      5219,      5298
      4884,      5275,      5210,      5272,      5340
      4883,      5206,      5274,      5341,      5266
      4882,      5272,      5209,      5267,      5338
      4881,      5222,      5299,      5324,      5244
      4880,      5339,      5265,      5205,      5277
      4879,      5233,      5329,      5303,      5216
      4878,      5262,      5332,      5267,      5204
      4877,      5175,      5197,      5380,      5313
      4876,      5335,      5261,      5198,      5266
      4875,      5257,      5326,      5270,      5203
      4874,      5336,      5258,      5191,      5271
      4873,      5253,      5325,      5273,      5202
      4872,      5243,      5333,      5287,      5194
      4871,      5331,      5260,      5193,      5265
      4870,      5247,      5318,      5281,      5207
      4869,      5238,      5334,      5293,      5183
      4868,      5284,      5200,      5240,      5319
      4867,      5327,      5259,      5190,      5261
      4866,      5254,      5323,      5262,      5195
      4865,      5235,      5316,      5282,      5199
      4864,      5208,      5285,      5312,      5231
      4863,      5314,      5227,      5201,      5292
      4862,      5296,      5192,      5226,      5317
      4861,      5185,      5259,      5321,      5251
      4860,      5177,      5258,      5322,      5248
      4859,      5178,      5260,      5320,      5242
      4858,      5245,      5311,      5254,      5184
      4857,      5241,      5309,      5257,      5188
      4856,      5299,      5222,      5196,      5276
      4855,      5315,      5246,      5179,      5251
      4854,      5268,      5187,      5223,      5306
      4853,      5279,      5189,      5216,      5303
      4852,      5237,      5186,      5248,      5310
      4851,      5234,      5304,      5253,      5182
      4850,      5308,      5236,      5173,      5246
      4849,      5298,      5219,      5174,      5263
      4848,      5232,      5301,      5245,      5176
      4847,      5292,      5201,      5181,      5264
      4846,      5175,      5313,      5288,      5170
      4845,      5305,      5228,      5167,      5242
      4844,      5300,      5230,      5168,      5236
      4843,      5225,      5295,      5241,      5172
      4842,      5269,      5171,      5192,      5296
      4841,      5180,      5255,      5285,      5208
      4840,      5302,      5229,      5166,      5237
      4839,      5194,      5287,      5252,      5169
      4838,      5294,      5224,      5160,      5230
      4837,      5232,      5164,      5221,      5289
      4836,      5197,      5155,      5239,      5307
      4835,      5247,      5165,      5200,      5284
      4834,      5199,      5282,      5240,      5161
      4833,      5207,      5281,      5234,      5162
      4832,      5150,      5229,      5291,      5214
      4831,      5290,      5211,      5148,      5228
      4830,      5153,      5224,      5286,      5217
      4829,      5183,      5293,      5243,      5144
      4828,      5256,      5154,      5170,      5288
      4827,      5220,      4307,      4308,      5152
      4826,      5218,      5283,      5220,      5151
      4825,      5202,      5273,      5225,      5157
      4824,      5264,      5181,      5163,      5244
      4823,      5145,      4170,      4171,      5212
      4822,      5187,      5268,      5235,      5159
      4821,      5218,      5149,      5215,      5280
      4820,      5189,      5279,      5238,      5140
      4819,      5215,      5147,      5213,      5278
      4818,      5203,      5270,      5221,      5156
      4817,      5263,      5174,      5158,      5249
      4816,      5213,      5143,      5210,      5275
      4815,      5139,      5217,      5277,      5205
      4814,      5250,      5141,      5171,      5269
      4813,      5209,      5272,      5210,      5142
      4812,      5274,      5206,      5138,      5212
      4811,      5209,      5137,      5204,      5267
      4810,      5130,      5214,      5276,      5196
      4809,      5266,      5198,      5131,      5206
      4808,      5126,      5211,      5271,      5191
      4807,      5195,      5262,      5204,      5135
      4806,      5265,      5193,      5128,      5205
      4805,      5188,      5257,      5203,      5134
      4804,      5122,      5198,      5261,      5190
      4803,      5255,      5180,      5124,      5219
      4802,      5223,      5133,      5169,      5252
      4801,      5202,      5129,      5182,      5253
      4800,      5184,      5254,      5195,      5123
      4799,      5239,      5155,      5146,      5231
      4798,      5244,      5163,      5136,      5222
      4797,      5226,      5127,      5154,      5256
      4796,      5259,      5185,      5118,      5190
      4795,      5132,      5227,      5249,      5158
      4794,      5141,      5250,      5233,      5125
      4793,      5109,      5193,      5260,      5178
      4792,      5258,      5177,      5108,      5191
      4791,      5165,      5247,      5207,      5121
      4790,      5251,      5179,      5110,      5185
      4789,      5176,      5245,      5184,      5114
      4788,      5172,      5241,      5188,      5117
      4787,      5200,      5115,      5161,      5240
      4786,      5159,      5235,      5199,      5119
      4785,      5177,      5248,      5186,      5097
      4784,      5120,      5208,      5231,      5146
      4783,      5106,      5179,      5246,      5173
      4782,      5125,      5233,      5216,      5113
      4781,      5144,      5243,      5194,      5104
      4780,      5166,      5097,      5186,      5237
      4779,      5162,      5234,      5182,      5107
      4778,      5098,      5178,      5242,      5167
      4777,      5111,      5201,      5227,      5132
      4776,      5236,      5168,      5099,      5173
      4775,      5222,      5136,      5116,      5196
      4774,      5164,      5232,      5176,      5103
      4773,      5226,      5192,      5112,      5127
      4772,      5157,      5225,      5172,      5100
      4771,      5187,      5102,      5133,      5223
      4770,      5230,      5160,      5094,      5168
      4769,      5140,      5238,      5183,      5077
      4768,      5189,      5101,      5113,      5216
      4767,      5164,      5095,      5156,      5221
      4766,      5229,      5150,      5088,      5166
      4765,      5105,      5180,      5208,      5120
      4764,      5228,      5148,      5085,      5167
      4763,      5224,      5153,      5091,      5160
      4762,      4309,      5087,      5152,      4308
      4761,      5201,      5111,      5096,      5181
      4760,      5219,      5124,      5080,      5174
      4759,      5151,      5220,      5152,      5086
      4758,      5081,      4169,      4170,      5145
      4757,      5149,      5218,      5151,      5083
      4756,      5149,      5082,      5147,      5215
      4755,      5073,      5153,      5217,      5139
      4754,      5147,      5079,      5143,      5213
      4753,      5134,      5203,      5156,      5090
      4752,      5121,      5207,      5162,      5089
      4751,      5142,      5210,      5143,      5072
      4750,      5119,      5199,      5161,      5093
      4749,      5157,      5084,      5129,      5202
      4748,      5070,      5145,      5212,      5138
      4747,      5137,      5209,      5142,      5071
      4746,      5064,      5150,      5214,      5130
      4745,      5165,      5078,      5115,      5200
      4744,      5137,      5068,      5135,      5204
      4743,      5062,      5148,      5211,      5126
      4742,      5206,      5131,      5065,      5138
      4741,      5104,      5194,      5169,      5076
      4740,      5205,      5128,      5063,      5139
      4739,      5171,      4064,      5112,      5192
      4738,      5123,      5195,      5135,      5066
      4737,      5061,      5131,      5198,      5122
      4736,      5102,      5187,      5159,      5069
      4735,      5075,      5163,      5181,      5096
      4734,      5117,      5188,      5134,      5067
      4733,      5101,      5189,      5140,      5074
      4732,      5197,      5175,      4068,      4069
      4731,      5196,      5116,      5054,      5130
      4730,      5180,      5105,      5092,      5124
      4729,      5055,      5122,      5190,      5118
      4728,      5114,      5184,      5123,      5058
      4727,      5193,      5109,      5050,      5128
      4726,      5049,      5126,      5191,      5108
      4725,      5155,      5197,      4069,      4070
      4724,      5129,      5057,      5107,      5182
      4723,      4068,      5175,      5170,      4067
      4722,      5185,      5110,      5051,      5118
      4721,      5174,      5080,      5059,      5158
      4720,      5154,      4066,      4067,      5170
      4719,      5077,      5183,      5144,      5045
      4718,      5043,      5110,      5179,      5106
      4717,      5103,      5176,      5114,      5047
      4716,      5100,      5172,      5117,      5052
      4715,      5056,      5136,      5163,      5075
      4714,      5161,      5115,      5060,      5093
      4713,      5141,      4063,      4064,      5171
      4712,      5076,      5169,      5133,      5048
      4711,      5037,      5109,      5178,      5098
      4710,      5177,      5097,      5036,      5108
      4709,      5155,      4070,      4071,      5146
      4708,      5039,      5106,      5173,      5099
      4707,      5127,      4065,      4066,      5154
      4706,      5078,      5165,      5121,      5046
      4705,      5095,      5164,      5103,      5041
      4704,      5044,      5132,      5158,      5059
      4703,      5069,      5159,      5119,      5042
      4702,      5089,      5162,      5107,      5038
      4701,      5168,      5094,      5033,      5099
      4700,      4072,      5120,      5146,      4071
      4699,      5125,      4062,      4063,      5141
      4698,      4065,      5127,      5112,      4064
      4697,      5084,      5157,      5100,      5034
      4696,      5095,      5035,      5090,      5156
      4695,      5166,      5088,      5028,      5097
      4694,      5167,      5085,      5026,      5098
      4693,      5160,      5091,      5031,      5094
      4692,      5136,      5056,      5040,      5116
      4691,      5140,      5077,      5053,      5074
      4690,      5087,      4309,      4310,      5025
      4689,      5113,      4061,      4062,      5125
      4688,      4073,      5105,      5120,      4072
      4687,      5087,      5024,      5086,      5152
      4686,      4169,      5081,      5020,      4168
      4685,      5083,      5151,      5086,      5023
      4684,      5153,      5073,      5019,      5091
      4683,      5032,      5111,      5132,      5044
      4682,      5083,      5021,      5082,      5149
      4681,      5082,      5018,      5079,      5147
      4680,      5045,      5144,      5104,      5022
      4679,      5067,      5134,      5090,      5029
      4678,      5072,      5143,      5079,      5017
      4677,      5048,      5133,      5102,      5030
      4676,      5013,      5081,      5145,      5070
      4675,      5150,      5064,      5009,      5088
      4674,      5071,      5142,      5072,      5014
      4673,      5148,      5062,      5004,      5085
      4672,      5068,      5137,      5071,      5011
      4671,      5139,      5063,      5008,      5073
      4670,      5101,      4060,      4061,      5113
      4669,      5138,      5065,      5007,      5070
      4668,      5084,      5016,      5057,      5129
      4667,      5068,      5010,      5066,      5135
      4666,      4075,      5124,      5092,      4074
      4665,      4073,      4074,      5092,      5105
      4664,      5042,      5119,      5093,      5027
      4663,      5046,      5121,      5089,      5012
      4662,      5131,      5061,      5003,      5065
      4661,      5058,      5123,      5066,      5005
      4660,      5078,      5001,      5060,      5115
      4659,      5111,      5032,      5015,      5096
      4658,      5124,      4075,      4076,      5080
      4657,      5130,      5054,      4997,      5064
      4656,      5052,      5117,      5067,      5006
      4655,      4998,      5061,      5122,      5055
      4654,      4991,      5063,      5128,      5050
      4653,      4992,      5062,      5126,      5049
      4652,      4060,      5101,      5074,      4059
      4651,      5047,      5114,      5058,      5000
      4650,      5118,      5051,      4993,      5055
      4649,      5038,      5107,      5057,      4994
      4648,      5030,      5102,      5069,      4999
      4647,      5110,      5043,      4988,      5051
      4646,      4986,      5054,      5116,      5040
      4645,      5022,      5104,      5076,      4996
      4644,      5041,      5103,      5047,      4995
      4643,      5002,      5075,      5096,      5015
      4642,      5109,      5037,      4982,      5050
      4641,      5108,      5036,      4984,      5049
      4640,      5034,      5100,      5052,      4990
      4639,      5027,      5093,      5060,      5001
      4638,      4985,      5043,      5106,      5039
      4637,      5080,      4076,      4077,      5059
      4636,      5035,      5095,      5041,      4989
      4635,      5074,      5053,      4058,      4059
      4634,      5099,      5033,      4980,      5039
      4633,      4057,      4058,      5053,      5077
      4632,      5035,      4983,      5029,      5090
      4631,      5097,      5028,      4973,      5036
      4630,      4987,      5056,      5075,      5002
      4629,      5098,      5026,      4971,      5037
      4628,      5094,      5031,      4974,      5033
      4627,      5012,      5089,      5038,      4977
      4626,      5059,      4077,      4078,      5044
      4625,      5001,      5078,      5046,      4981
      4624,      5016,      5084,      5034,      4976
      4623,      5048,      4978,      4996,      5076
      4622,      4057,      5077,      5045,      4056
      4621,      4999,      5069,      5042,      4979
      4620,      5025,      4310,      4311,      4970
      4619,      5024,      5087,      5025,      4969
      4618,      5091,      5019,      4967,      5031
      4617,      4965,      4167,      4168,      5020
      4616,      5024,      4968,      5023,      5086
      4615,      5023,      4966,      5021,      5083
      4614,      5021,      4964,      5018,      5082
      4613,      5017,      5079,      5018,      4963
      4612,      5088,      5009,      4956,      5028
      4611,      5081,      5013,      4961,      5020
      4610,      5006,      5067,      5029,      4972
      4609,      5014,      5072,      5017,      4962
      4608,      4952,      5026,      5085,      5004
      4607,      5011,      5071,      5014,      4960
      4606,      5073,      5008,      4959,      5019
      4605,      5056,      4987,      4975,      5040
      4604,      5070,      5007,      4954,      5013
      4603,      5010,      5068,      5011,      4958
      4602,      5044,      4078,      4079,      5032
      4601,      5010,      4953,      5005,      5066
      4600,      4947,      5007,      5065,      5003
      4599,      4994,      5057,      5016,      4955
      4598,      5000,      5058,      5005,      4949
      4597,      5064,      4997,      4943,      5009
      4596,      5061,      4998,      4944,      5003
      4595,      4056,      5045,      5022,      4055
      4594,      4940,      5008,      5063,      4991
      4593,      5062,      4992,      4942,      5004
      4592,      5030,      4951,      4978,      5048
      4591,      4990,      5052,      5006,      4950
      4590,      4979,      5042,      5027,      4957
      4589,      4995,      5047,      5000,      4946
      4588,      4981,      5046,      5012,      4948
      4587,      5055,      4993,      4941,      4998
      4586,      5032,      4079,      4080,      5015
      4585,      4989,      5041,      4995,      4945
      4584,      4934,      4997,      5054,      4986
      4583,      4936,      4993,      5051,      4988
      4582,      5049,      4984,      4930,      4992
      4581,      4929,      4991,      5050,      4982
      4580,      4983,      5035,      4989,      4939
      4579,      5043,      4985,      4932,      4988
      4578,      4994,      4937,      4977,      5038
      4577,      4976,      5034,      4990,      4935
      4576,      4055,      5022,      4996,      4054
      4575,      5015,      4080,      4081,      5002
      4574,      5039,      4980,      4928,      4985
      4573,      4927,      4986,      5040,      4975
      4572,      4957,      5027,      5001,      4938
      4571,      4951,      5030,      4999,      4933
      4570,      4972,      5029,      4983,      4931
      4569,      4923,      4984,      5036,      4973
      4568,      4926,      4980,      5033,      4974
      4567,      5037,      4971,      4919,      4982
      4566,      5031,      4967,      4916,      4974
      4565,      4312,      4920,      4970,      4311
      4564,      4969,      5025,      4970,      4918
      4563,      4968,      5024,      4969,      4915
      4562,      4955,      5016,      4976,      4925
      4561,      4913,      4166,      4167,      4965
      4560,      5002,      4081,      4082,      4987
      4559,      4968,      4914,      4966,      5023
      4558,      4966,      4912,      4964,      5021
      4557,      4948,      5012,      4977,      4921
      4556,      5028,      4956,      4905,      4973
      4555,      4963,      5018,      4964,      4911
      4554,      4978,      4053,      4054,      4996
      4553,      4909,      4965,      5020,      4961
      4552,      4903,      4971,      5026,      4952
      4551,      4963,      4910,      4962,      5017
      4550,      4972,      4922,      4950,      5006
      4549,      5019,      4959,      4907,      4967
      4548,      4960,      5014,      4962,      4908
      4547,      4938,      5001,      4981,      4924
      4546,      4958,      5011,      4960,      4906
      4545,      5013,      4954,      4904,      4961
      4544,      4953,      5010,      4958,      4902
      4543,      4933,      4999,      4979,      4917
      4542,      4953,      4901,      4949,      5005
      4541,      4897,      4954,      5007,      4947
      4540,      5009,      4943,      4892,      4956
      4539,      4946,      5000,      4949,      4900
      4538,      4894,      4947,      5003,      4944
      4537,      4987,      4082,      4083,      4975
      4536,      5008,      4940,      4887,      4959
      4535,      4889,      4952,      5004,      4942
      4534,      4945,      4995,      4946,      4898
      4533,      4955,      4895,      4937,      4994
      4532,      4939,      4989,      4945,      4899
      4531,      4998,      4941,      4888,      4944
      4530,      4935,      4990,      4950,      4896
      4529,      4951,      4052,      4053,      4978
      4528,      4997,      4934,      4885,      4943
      4527,      4886,      4941,      4993,      4936
      4526,      4992,      4930,      4880,      4942
      4525,      4931,      4983,      4939,      4891
      4524,      4917,      4979,      4957,      4893
      4523,      4924,      4981,      4948,      4890
      4522,      4884,      4936,      4988,      4932
      4521,      4877,      4940,      4991,      4929
      4520,      4876,      4934,      4986,      4927
      4519,      4985,      4928,      4878,      4932
      4518,      4925,      4976,      4935,      4883
      4517,      4937,      4881,      4921,      4977
      4516,      4931,      4882,      4922,      4972
      4515,      4874,      4930,      4984,      4923
      4514,      4052,      4951,      4933,      4051
      4513,      4875,      4928,      4980,      4926
      4512,      4982,      4919,      4867,      4929
      4511,      4975,      4083,      4084,      4927
      4510,      4872,      4926,      4974,      4916
      4509,      4893,      4957,      4938,      4879
      4508,      4920,      4312,      4313,      4871
      4507,      4920,      4869,      4918,      4970
      4506,      4915,      4969,      4918,      4868
      4505,      4166,      4913,      4865,      4165
      4504,      4914,      4968,      4915,      4866
      4503,      4914,      4864,      4912,      4966
      4502,      4855,      4923,      4973,      4905
      4501,      4911,      4964,      4912,      4863
      4500,      4967,      4907,      4860,      4916
      4499,      4859,      4913,      4965,      4909
      4498,      4911,      4862,      4910,      4963
      4497,      4895,      4955,      4925,      4870
      4496,      4971,      4903,      4848,      4919
      4495,      4922,      4873,      4896,      4950
      4494,      4910,      4857,      4908,      4962
      4493,      4906,      4960,      4908,      4856
      4492,      4961,      4904,      4852,      4909
      4491,      4902,      4958,      4906,      4853
      4490,      4890,      4948,      4921,      4858
      4489,      4901,      4953,      4902,      4849
      4488,      4051,      4933,      4917,      4050
      4487,      4954,      4897,      4847,      4904
      4486,      4901,      4846,      4900,      4949
      4485,      4898,      4946,      4900,      4850
      4484,      4899,      4945,      4898,      4851
      4483,      4956,      4892,      4841,      4905
      4482,      4844,      4897,      4947,      4894
      4481,      4959,      4887,      4838,      4907
      4480,      4840,      4903,      4952,      4889
      4479,      4879,      4938,      4924,      4861
      4478,      4891,      4939,      4899,      4854
      4477,      4944,      4888,      4839,      4894
      4476,      4883,      4935,      4896,      4845
      4475,      4895,      4842,      4881,      4937
      4474,      4943,      4885,      4836,      4892
      4473,      4941,      4886,      4837,      4888
      4472,      4882,      4931,      4891,      4843
      4471,      4942,      4880,      4832,      4889
      4470,      4834,      4886,      4936,      4884
      4469,      4050,      4917,      4893,      4049
      4468,      4940,      4877,      4829,      4887
      4467,      4934,      4876,      4827,      4885
      4466,      4932,      4878,      4830,      4884
      4465,      4861,      4924,      4890,      4835
      4464,      4882,      4833,      4873,      4922
      4463,      4930,      4874,      4825,      4880
      4462,      4928,      4875,      4826,      4878
      4461,      4870,      4925,      4883,      4831
      4460,      4858,      4921,      4881,      4828
      4459,      4927,      4084,      4085,      4876
      4458,      4929,      4867,      4815,      4877
      4457,      4824,      4875,      4926,      4872
      4456,      4871,      4313,        10,       321
      4455,      4869,      4920,      4871,      4822
      4454,      4869,      4821,      4868,      4918
      4453,      4817,      4164,      4165,      4865
      4452,      4866,      4915,      4868,      4819
      4451,      4049,      4893,      4879,      4048
      4450,      4808,      4874,      4923,      4855
      4449,      4864,      4914,      4866,      4818
      4448,      4916,      4860,      4812,      4872
      4447,      4863,      4912,      4864,      4816
      4446,      4913,      4859,      4810,      4865
      4445,      4862,      4911,      4863,      4811
      4444,      4862,      4809,      4857,      4910
      4443,      4856,      4908,      4857,      4807
      4442,      4845,      4896,      4873,      4823
      4441,      4798,      4867,      4919,      4848
      4440,      4909,      4852,      4805,      4859
      4439,      4854,      4899,      4851,      4820
      4438,      4853,      4906,      4856,      4806
      4437,      4842,      4895,      4870,      4814
      4436,      4849,      4902,      4853,      4803
      4435,      4851,      4898,      4850,      4804
      4434,      4802,      4852,      4904,      4847
      4433,      4846,      4800,      4850,      4900
      4432,      4846,      4901,      4849,      4799
      4431,      4843,      4891,      4854,      4813
      4430,      4905,      4841,      4795,      4855
      4429,      4907,      4838,      4793,      4860
      4428,      4897,      4844,      4796,      4847
      4427,      4903,      4840,      4790,      4848
      4426,      4835,      4890,      4858,      4801
      4425,      4894,      4839,      4792,      4844
      4424,      4048,      4879,      4861,      4047
      4423,      4789,      4839,      4888,      4837
      4422,      4892,      4836,      4788,      4841
      4421,      4833,      4882,      4843,      4797
      4420,      4831,      4883,      4845,      4794
      4419,      4889,      4832,      4786,      4840
      4418,      4828,      4881,      4842,      4791
      4417,      4886,      4834,      4787,      4837
      4416,      4887,      4829,      4781,      4838
      4415,      4884,      4830,      4784,      4834
      4414,      4885,      4827,      4782,      4836
      4413,      4778,      4832,      4880,      4825
      4412,      4780,      4830,      4878,      4826
      4411,      4823,      4873,      4833,      4785
      4410,      4814,      4870,      4831,      4783
      4409,      4876,      4085,      4086,      4827
      4408,      4047,      4861,      4835,      4046
      4407,      4875,      4824,      4774,      4826
      4406,      4877,      4815,      4764,      4829
      4405,      4822,      4871,       321,       320
      4404,      4821,      4869,      4822,      4772
      4403,      4828,      4776,      4801,      4858
      4402,      4821,      4771,      4819,      4868
      4401,      4768,      4163,      4164,      4817
      4400,      4872,      4812,      4766,      4824
      4399,      4813,      4854,      4820,      4779
      4398,      4874,      4808,      4761,      4825
      4397,      4818,      4866,      4819,      4770
      4396,      4816,      4864,      4818,      4767
      4395,      4811,      4863,      4816,      4765
      4394,      4820,      4851,      4804,      4777
      4393,      4762,      4817,      4865,      4810
      4392,      4856,      4807,      4775,      4806
      4391,      4809,      4862,      4811,      4763
      4390,      4807,      4857,      4809,      4760
      4389,      4859,      4805,      4758,      4810
      4388,      4803,      4853,      4806,      4757
      4387,      4749,      4815,      4867,      4798
      4386,      4797,      4843,      4813,      4773
      4385,      4823,      4769,      4794,      4845
      4384,      4756,      4805,      4852,      4802
      4383,      4751,      4812,      4860,      4793
      4382,      4800,      4755,      4804,      4850
      4381,      4799,      4849,      4803,      4754
      4380,      4855,      4795,      4748,      4808
      4379,      4791,      4842,      4814,      4759
      4378,      4800,      4846,      4799,      4752
      4377,      4753,      4802,      4847,      4796
      4376,      4844,      4792,      4747,      4796
      4375,      4743,      4798,      4848,      4790
      4374,      4046,      4835,      4801,      4045
      4373,      4745,      4792,      4839,      4789
      4372,      4742,      4795,      4841,      4788
      4371,      4785,      4833,      4797,      4750
      4370,      4741,      4789,      4837,      4787
      4369,      4783,      4831,      4794,      4746
      4368,      4840,      4786,      4735,      4790
      4367,      4838,      4781,      4738,      4793
      4366,      4834,      4784,      4737,      4787
      4365,      4791,      4744,      4776,      4828
      4364,      4836,      4782,      4734,      4788
      4363,      4733,      4784,      4830,      4780
      4362,      4731,      4786,      4832,      4778
      4361,      4779,      4820,      4777,      4740
      4360,      4785,      4736,      4769,      4823
      4359,      4729,      4780,      4826,      4774
      4358,      4773,      4813,      4779,      4739
      4357,      4827,      4086,      4087,      4782
      4356,      4829,      4764,      4716,      4781
      4355,      4759,      4814,      4783,      4732
      4354,      4824,      4766,      4726,      4774
      4353,      4772,      4822,       320,       319
      4352,      4718,      4778,      4825,      4761
      4351,      4771,      4821,      4772,      4728
      4350,      4163,      4768,      4723,      4162
      4349,      4771,      4725,      4770,      4819
      4348,      4776,      4044,      4045,      4801
      4347,      4767,      4818,      4770,      4724
      4346,      4755,      4730,      4777,      4804
      4345,      4765,      4816,      4767,      4722
      4344,      4719,      4768,      4817,      4762
      4343,      4763,      4811,      4765,      4721
      4342,      4760,      4714,      4775,      4807
      4341,      4757,      4806,      4775,      4714
      4340,      4760,      4809,      4763,      4717
      4339,      4810,      4758,      4715,      4762
      4338,      4750,      4797,      4773,      4727
      4337,      4711,      4766,      4812,      4751
      4336,      4805,      4756,      4712,      4758
      4335,      4815,      4749,      4702,      4764
      4334,      4769,      4720,      4746,      4794
      4333,      4754,      4803,      4757,      4710
      4332,      4808,      4748,      4708,      4761
      4331,      4709,      4756,      4802,      4753
      4330,      4755,      4800,      4752,      4706
      4329,      4752,      4799,      4754,      4703
      4328,      4744,      4791,      4759,      4713
      4327,      4796,      4747,      4704,      4753
      4326,      4792,      4745,      4701,      4747
      4325,      4695,      4749,      4798,      4743
      4324,      4696,      4748,      4795,      4742
      4323,      4697,      4751,      4793,      4738
      4322,      4736,      4785,      4750,      4705
      4321,      4698,      4745,      4789,      4741
      4320,      4739,      4779,      4740,      4707
      4319,      4732,      4783,      4746,      4700
      4318,      4787,      4737,      4694,      4741
      4317,      4744,      4043,      4044,      4776
      4316,      4790,      4735,      4689,      4743
      4315,      4690,      4742,      4788,      4734
      4314,      4730,      4699,      4740,      4777
      4313,      4784,      4733,      4691,      4737
      4312,      4786,      4731,      4686,      4735
      4311,      4727,      4773,      4739,      4693
      4310,      4687,      4733,      4780,      4729
      4309,      4781,      4716,      4685,      4738
      4308,      4736,      4692,      4720,      4769
      4307,      4782,      4087,      4088,      4734
      4306,      4774,      4726,      4684,      4729
      4305,      4675,      4731,      4778,      4718
      4304,      4728,      4772,       319,       318
      4303,      4713,      4759,      4732,      4688
      4302,      4725,      4771,      4728,      4683
      4301,      4680,      4161,      4162,      4723
      4300,      4724,      4770,      4725,      4682
      4299,      4724,      4679,      4722,      4767
      4298,      4768,      4719,      4677,      4723
      4297,      4721,      4765,      4722,      4678
      4296,      4717,      4763,      4721,      4676
      4295,      4762,      4715,      4671,      4719
      4294,      4766,      4711,      4670,      4726
      4293,      4714,      4760,      4717,      4672
      4292,      4669,      4715,      4758,      4712
      4291,      4705,      4750,      4727,      4681
      4290,      4710,      4757,      4714,      4668
      4289,      4761,      4708,      4666,      4718
      4288,      4043,      4744,      4713,      4042
      4287,      4756,      4709,      4667,      4712
      4286,      4764,      4702,      4659,      4716
      4285,      4706,      4653,      4730,      4755
      4284,      4700,      4746,      4720,      4673
      4283,      4703,      4754,      4710,      4664
      4282,      4753,      4704,      4663,      4709
      4281,      4706,      4752,      4703,      4657
      4280,      4699,      4674,      4707,      4740
      4279,      4658,      4711,      4751,      4697
      4278,      4660,      4704,      4747,      4701
      4277,      4748,      4696,      4654,      4708
      4276,      4745,      4698,      4655,      4701
      4275,      4749,      4695,      4651,      4702
      4274,      4693,      4739,      4707,      4662
      4273,      4692,      4736,      4705,      4661
      4272,      4741,      4694,      4652,      4698
      4271,      4688,      4732,      4700,      4656
      4270,      4647,      4696,      4742,      4690
      4269,      4649,      4694,      4737,      4691
      4268,      4743,      4689,      4644,      4695
      4267,      4738,      4685,      4646,      4697
      4266,      4733,      4687,      4645,      4691
      4265,      4730,      4653,      4665,      4699
      4264,      4681,      4727,      4693,      4650
      4263,      4042,      4713,      4688,      4041
      4262,      4640,      4689,      4735,      4686
      4261,      4734,      4088,      4089,      4690
      4260,      4692,      4648,      4673,      4720
      4259,      4729,      4684,      4642,      4687
      4258,      4683,      4728,       318,       317
      4257,      4638,      4160,      4161,      4680
      4256,      4682,      4725,      4683,      4641
      4255,      4731,      4675,      4628,      4686
      4254,      4682,      4639,      4679,      4724
      4253,      4679,      4637,      4678,      4722
      4252,      4634,      4680,      4723,      4677
      4251,      4633,      4684,      4726,      4670
      4250,      4676,      4721,      4678,      4635
      4249,      4672,      4717,      4676,      4632
      4248,      4719,      4671,      4631,      4677
      4247,      4627,      4671,      4715,      4669
      4246,      4668,      4714,      4672,      4626
      4245,      4661,      4705,      4681,      4636
      4244,      4718,      4666,      4623,      4675
      4243,      4699,      4665,      4643,      4674
      4242,      4716,      4659,      4620,      4685
      4241,      4625,      4669,      4712,      4667
      4240,      4662,      4707,      4674,      4630
      4239,      4664,      4710,      4668,      4624
      4238,      4711,      4658,      4621,      4670
      4237,      4709,      4663,      4622,      4667
      4236,      4656,      4700,      4673,      4629
      4235,      4619,      4663,      4704,      4660
      4234,      4657,      4703,      4664,      4618
      4233,      4613,      4666,      4708,      4654
      4232,      4615,      4660,      4701,      4655
      4231,      4657,      4614,      4653,      4706
      4230,      4041,      4688,      4656,      4040
      4229,      4662,      4616,      4650,      4693
      4228,      4698,      4652,      4612,      4655
      4227,      4702,      4651,      4608,      4659
      4226,      4648,      4692,      4661,      4617
      4225,      4697,      4646,      4611,      4658
      4224,      4610,      4652,      4694,      4649
      4223,      4696,      4647,      4607,      4654
      4222,      4605,      4649,      4691,      4645
      4221,      4695,      4644,      4602,      4651
      4220,      4636,      4681,      4650,      4609
      4219,      4690,      4089,      4090,      4647
      4218,      4687,      4642,      4603,      4645
      4217,      4606,      4643,      4665,      4653
      4216,      4648,      4604,      4629,      4673
      4215,      4592,      4644,      4689,      4640
      4214,      4641,      4683,       317,       316
      4213,      4160,      4638,      4599,      4159
      4212,      4639,      4682,      4641,      4600
      4211,      4597,      4642,      4684,      4633
      4210,      4639,      4598,      4637,      4679
      4209,      4630,      4674,      4643,      4601
      4208,      4594,      4638,      4680,      4634
      4207,      4635,      4678,      4637,      4596
      4206,      4587,      4640,      4686,      4628
      4205,      4632,      4676,      4635,      4593
      4204,      4677,      4631,      4591,      4634
      4203,      4583,      4646,      4685,      4620
      4202,      4626,      4672,      4632,      4590
      4201,      4040,      4656,      4629,      4039
      4200,      4671,      4627,      4589,      4631
      4199,      4586,      4633,      4670,      4621
      4198,      4585,      4627,      4669,      4625
      4197,      4617,      4661,      4636,      4595
      4196,      4675,      4623,      4580,      4628
      4195,      4624,      4668,      4626,      4584
      4194,      4667,      4622,      4582,      4625
      4193,      4630,      4588,      4616,      4662
      4192,      4618,      4664,      4624,      4581
      4191,      4663,      4619,      4579,      4622
      4190,      4573,      4623,      4666,      4613
      4189,      4576,      4619,      4660,      4615
      4188,      4614,      4657,      4618,      4575
      4187,      4658,      4611,      4574,      4621
      4186,      4655,      4612,      4572,      4615
      4185,      4659,      4608,      4567,      4620
      4184,      4616,      4577,      4609,      4650
      4183,      4604,      4648,      4617,      4578
      4182,      4614,      4571,      4606,      4653
      4181,      4652,      4610,      4570,      4612
      4180,      4566,      4613,      4654,      4607
      4179,      4568,      4610,      4649,      4605
      4178,      4604,      4038,      4039,      4629
      4177,      4645,      4603,      4564,      4605
      4176,      4651,      4602,      4555,      4608
      4175,      4647,      4090,      4091,      4607
      4174,      4601,      4643,      4606,      4565
      4173,      4595,      4636,      4609,      4569
      4172,      4642,      4597,      4563,      4603
      4171,      4548,      4611,      4646,      4583
      4170,      4600,      4641,       316,       315
      4169,      4561,      4158,      4159,      4599
      4168,      4598,      4639,      4600,      4562
      4167,      4598,      4560,      4596,      4637
      4166,      4644,      4592,      4550,      4602
      4165,      4638,      4594,      4558,      4599
      4164,      4593,      4635,      4596,      4559
      4163,      4634,      4591,      4554,      4594
      4162,      4588,      4630,      4601,      4557
      4161,      4553,      4597,      4633,      4586
      4160,      4593,      4552,      4590,      4632
      4159,      4551,      4591,      4631,      4589
      4158,      4545,      4592,      4640,      4587
      4157,      4584,      4626,      4590,      4549
      4156,      4627,      4585,      4547,      4589
      4155,      4578,      4617,      4595,      4556
      4154,      4625,      4582,      4544,      4585
      4153,      4628,      4580,      4540,      4587
      4152,      4581,      4624,      4584,      4543
      4151,      4588,      4546,      4577,      4616
      4150,      4541,      4582,      4622,      4579
      4149,      4621,      4574,      4542,      4586
      4148,      4575,      4618,      4581,      4539
      4147,      4619,      4576,      4538,      4579
      4146,      4623,      4573,      4534,      4580
      4145,      4038,      4604,      4578,      4037
      4144,      4615,      4572,      4536,      4576
      4143,      4528,      4583,      4620,      4567
      4142,      4571,      4614,      4575,      4535
      4141,      4569,      4609,      4577,      4537
      4140,      4533,      4572,      4612,      4570
      4139,      4529,      4573,      4613,      4566
      4138,      4610,      4568,      4531,      4570
      4137,      4565,      4606,      4571,      4532
      4136,      4605,      4564,      4527,      4568
      4135,      4611,      4548,      4526,      4574
      4134,      4607,      4091,      4092,      4566
      4133,      4556,      4595,      4569,      4530
      4132,      4524,      4564,      4603,      4563
      4131,      4608,      4555,      4513,      4567
      4130,      4565,      4525,      4557,      4601
      4129,      4562,      4600,       315,       314
      4128,      4522,      4157,      4158,      4561
      4127,      4562,      4523,      4560,      4598
      4126,      4520,      4561,      4599,      4558
      4125,      4560,      4521,      4559,      4596
      4124,      4597,      4553,      4519,      4563
      4123,      4594,      4554,      4517,      4558
      4122,      4559,      4518,      4552,      4593
      4121,      4602,      4550,      4510,      4555
      4120,      4515,      4554,      4591,      4551
      4119,      4037,      4578,      4556,      4036
      4118,      4546,      4588,      4557,      4516
      4117,      4552,      4514,      4549,      4590
      4116,      4511,      4551,      4589,      4547
      4115,      4592,      4545,      4506,      4550
      4114,      4586,      4542,      4512,      4553
      4113,      4585,      4544,      4508,      4547
      4112,      4543,      4584,      4549,      4509
      4111,      4505,      4544,      4582,      4541
      4110,      4587,      4540,      4501,      4545
      4109,      4546,      4507,      4537,      4577
      4108,      4539,      4581,      4543,      4504
      4107,      4503,      4541,      4579,      4538
      4106,      4576,      4536,      4499,      4538
      4105,      4496,      4540,      4580,      4534
      4104,      4535,      4575,      4539,      4500
      4103,      4493,      4548,      4583,      4528
      4102,      4498,      4536,      4572,      4533
      4101,      4497,      4542,      4574,      4526
      4100,      4530,      4569,      4537,      4502
      4099,      4532,      4571,      4535,      4495
      4098,      4573,      4529,      4492,      4534
      4097,      4494,      4533,      4570,      4531
      4096,      4568,      4527,      4491,      4531
      4095,      4532,      4490,      4525,      4565
      4094,      4036,      4556,      4530,      4035
      4093,      4566,      4092,      4093,      4529
      4092,      4489,      4527,      4564,      4524
      4091,      4567,      4513,      4474,      4528
      4090,       314,       313,      4523,      4562
      4089,      4157,      4522,      4486,      4156
      4088,      4484,      4524,      4563,      4519
      4087,      4523,      4487,      4521,      4560
      4086,      4525,      4488,      4516,      4557
      4085,      4002,      4123,      4124,      4125
      4084,      4001,      4002,      4125,      4126
      4083,      4000,      4122,      4123,      4002
      4082,      3999,      4001,      4126,      4127
      4081,      3998,      4121,      4122,      4000
      4080,      3997,      4000,      4002,      4001
      4079,      3996,      3999,      4127,      4128
      4078,      3995,      4120,      4121,      3998
      4077,      3994,      3997,      4001,      3999
      4076,      4000,      3997,      3993,      3998
      4075,      3992,      3996,      4128,      4129
      4074,      3991,      4119,      4120,      3995
      4073,      3990,      3994,      3999,      3996
      4072,      3998,      3993,      3989,      3995
      4071,      3997,      3994,      3988,      3993
      4070,      3987,      3992,      4129,      4130
      4069,      3986,      4118,      4119,      3991
      4068,      3985,      3990,      3996,      3992
      4067,      3984,      3991,      3995,      3989
      4066,      3983,      3988,      3994,      3990
      4065,      3993,      3988,      3982,      3989
      4064,      4130,      4131,      3981,      3987
      4063,      3980,      4117,      4118,      3986
      4062,      3979,      3985,      3992,      3987
      4061,      3978,      3986,      3991,      3984
      4060,      3977,      3983,      3990,      3985
      4059,      3976,      3984,      3989,      3982
      4058,      3975,      3982,      3988,      3983
      4057,      4132,      3974,      3981,      4131
      4056,      3972,      4116,      4117,      3980
      4055,      3973,      3987,      3981,      3974
      4054,      3971,      3980,      3986,      3978
      4053,      3970,      3977,      3985,      3979
      4052,      3969,      3978,      3984,      3976
      4051,      3968,      3975,      3983,      3977
      4050,      3967,      3976,      3982,      3975
      4049,      3966,      3979,      3987,      3973
      4048,      4132,      4133,      3965,      3974
      4047,      3964,      4115,      4116,      3972
      4046,      3980,      3971,      3963,      3972
      4045,      3962,      3971,      3978,      3969
      4044,      3961,      3968,      3977,      3970
      4043,      3960,      3969,      3976,      3967
      4042,      3959,      3967,      3975,      3968
      4041,      3957,      3970,      3979,      3966
      4040,      3974,      3965,      3958,      3973
      4039,      4133,      4134,      3956,      3965
      4038,      3955,      3966,      3973,      3958
      4037,      3954,      4114,      4115,      3964
      4036,      3972,      3963,      3953,      3964
      4035,      3971,      3962,      3952,      3963
      4034,      3951,      3962,      3969,      3960
      4033,      3950,      3959,      3968,      3961
      4032,      3949,      3960,      3967,      3959
      4031,      3948,      3961,      3970,      3957
      4030,      3965,      3956,      3947,      3958
      4029,      3966,      3955,      3945,      3957
      4028,      3946,      3956,      4134,      4135
      4027,      3944,      4113,      4114,      3954
      4026,      3943,      3954,      3964,      3953
      4025,      3963,      3952,      3942,      3953
      4024,      3941,      3952,      3962,      3951
      4023,      3940,      3951,      3960,      3949
      4022,      3939,      3949,      3959,      3950
      4021,      3938,      3955,      3958,      3947
      4020,      3937,      3950,      3961,      3948
      4019,      3957,      3945,      3935,      3948
      4018,      3936,      3947,      3956,      3946
      4017,      4135,      4136,      3934,      3946
      4016,      3933,      4112,      4113,      3944
      4015,      3954,      3943,      3932,      3944
      4014,      3955,      3938,      3931,      3945
      4013,      3930,      3943,      3953,      3942
      4012,      3929,      3942,      3952,      3941
      4011,      3951,      3940,      3928,      3941
      4010,      3927,      3940,      3949,      3939
      4009,      3925,      3939,      3950,      3937
      4008,      3926,      3938,      3947,      3936
      4007,      3924,      3937,      3948,      3935
      4006,      3946,      3934,      3923,      3936
      4005,      4136,      4137,      3922,      3934
      4004,      3921,      4111,      4112,      3933
      4003,      3945,      3931,      3920,      3935
      4002,      3944,      3932,      3919,      3933
      4001,      3943,      3930,      3918,      3932
      4000,      3917,      3930,      3942,      3929
      3999,      3941,      3928,      3915,      3929
      3998,      3916,      3931,      3938,      3926
      3997,      3940,      3927,      3914,      3928
      3996,      3913,      3927,      3939,      3925
      3995,      3911,      3925,      3937,      3924
      3994,      3912,      3926,      3936,      3923
      3993,      3934,      3922,      3910,      3923
      3992,      3909,      3922,      4137,      4138
      3991,      3908,      3924,      3935,      3920
      3990,      3907,      4110,      4111,      3921
      3989,      3906,      3921,      3933,      3919
      3988,      3932,      3918,      3905,      3919
      3987,      3904,      3920,      3931,      3916
      3986,      3903,      3918,      3930,      3917
      3985,      3902,      3917,      3929,      3915
      3984,      3928,      3914,      3900,      3915
      3983,      3926,      3912,      3901,      3916
      3982,      3899,      3914,      3927,      3913
      3981,      3897,      3913,      3925,      3911
      3980,      3898,      3912,      3923,      3910
      3979,      3896,      3910,      3922,      3909
      3978,      3894,      3911,      3924,      3908
      3977,      4138,      4139,      3895,      3909
      3976,      3893,      4109,      4110,      3907
      3975,      3921,      3906,      3892,      3907
      3974,      3891,      3908,      3920,      3904
      3973,      3890,      3906,      3919,      3905
      3972,      3889,      3905,      3918,      3903
      3971,      3916,      3901,      3888,      3904
      3970,      3917,      3902,      3887,      3903
      3969,      3886,      3902,      3915,      3900
      3968,      3884,      3900,      3914,      3899
      3967,      3912,      3898,      3885,      3901
      3966,      3913,      3897,      3881,      3899
      3965,      3883,      3898,      3910,      3896
      3964,      3909,      3895,      3882,      3896
      3963,      4139,      4140,      3880,      3895
      3962,      3879,      3897,      3911,      3894
      3961,      3878,      4108,      4109,      3893
      3960,      3907,      3892,      3877,      3893
      3959,      3876,      3894,      3908,      3891
      3958,      3906,      3890,      3875,      3892
      3957,      3874,      3890,      3905,      3889
      3956,      3873,      3891,      3904,      3888
      3955,      3903,      3887,      3872,      3889
      3954,      3902,      3886,      3871,      3887
      3953,      3901,      3885,      3870,      3888
      3952,      3867,      3886,      3900,      3884
      3951,      3869,      3885,      3898,      3883
      3950,      3899,      3881,      3864,      3884
      3949,      3868,      3883,      3896,      3882
      3948,      3895,      3880,      3866,      3882
      3947,      3865,      3880,      4140,      4141
      3946,      3897,      3879,      3862,      3881
      3945,      3863,      4107,      4108,      3878
      3944,      3861,      3878,      3893,      3877
      3943,      3860,      3879,      3894,      3876
      3942,      3892,      3875,      3859,      3877
      3941,      3858,      3875,      3890,      3874
      3940,      3857,      3876,      3891,      3873
      3939,      3856,      3874,      3889,      3872
      3938,      3854,      3873,      3888,      3870
      3937,      3887,      3871,      3855,      3872
      3936,      3853,      3870,      3885,      3869
      3935,      3851,      3871,      3886,      3867
      3934,      3883,      3868,      3852,      3869
      3933,      3850,      3868,      3882,      3866
      3932,      3847,      3867,      3884,      3864
      3931,      3849,      3866,      3880,      3865
      3930,      4141,      4142,      3848,      3865
      3929,      3881,      3862,      3845,      3864
      3928,      3846,      4106,      4107,      3863
      3927,      3844,      3863,      3878,      3861
      3926,      3843,      3862,      3879,      3860
      3925,      3842,      3861,      3877,      3859
      3924,      3841,      3859,      3875,      3858
      3923,      3840,      3860,      3876,      3857
      3922,      3874,      3856,      3839,      3858
      3921,      3837,      3857,      3873,      3854
      3920,      3838,      3856,      3872,      3855
      3919,      3836,      3854,      3870,      3853
      3918,      3834,      3855,      3871,      3851
      3917,      3869,      3852,      3835,      3853
      3916,      3868,      3850,      3833,      3852
      3915,      3832,      3850,      3866,      3849
      3914,      3867,      3847,      3829,      3851
      3913,      3865,      3848,      3831,      3849
      3912,      4142,      4143,      3830,      3848
      3911,      3828,      4105,      4106,      3846
      3910,      3827,      3847,      3864,      3845
      3909,      3826,      3846,      3863,      3844
      3908,      3825,      3845,      3862,      3843
      3907,      3824,      3844,      3861,      3842
      3906,      3823,      3842,      3859,      3841
      3905,      3860,      3840,      3822,      3843
      3904,      3858,      3839,      3821,      3841
      3903,      3820,      3840,      3857,      3837
      3902,      3856,      3838,      3819,      3839
      3901,      3818,      3837,      3854,      3836
      3900,      3816,      3838,      3855,      3834
      3899,      3817,      3836,      3853,      3835
      3898,      3852,      3833,      3815,      3835
      3897,      3814,      3833,      3850,      3832
      3896,      3851,      3829,      3811,      3834
      3895,      3813,      3832,      3849,      3831
      3894,      3848,      3830,      3812,      3831
      3893,      3810,      3830,      4143,      4144
      3892,      3809,      4104,      4105,      3828
      3891,      3847,      3827,      3808,      3829
      3890,      3846,      3826,      3807,      3828
      3889,      3805,      3827,      3845,      3825
      3888,      3806,      3826,      3844,      3824
      3887,      3804,      3824,      3842,      3823
      3886,      3843,      3822,      3803,      3825
      3885,      3802,      3823,      3841,      3821
      3884,      3840,      3820,      3801,      3822
      3883,      3839,      3819,      3800,      3821
      3882,      3799,      3820,      3837,      3818
      3881,      3797,      3819,      3838,      3816
      3880,      3798,      3818,      3836,      3817
      3879,      3796,      3817,      3835,      3815
      3878,      3795,      3815,      3833,      3814
      3877,      3792,      3816,      3834,      3811
      3876,      3832,      3813,      3793,      3814
      3875,      3791,      3813,      3831,      3812
      3874,      4023,      3794,       303,       302
      3873,      3790,      3812,      3830,      3810
      3872,      4144,      4145,      3789,      3810
      3871,      3788,      4103,      4104,      3809
      3870,      3829,      3808,      3787,      3811
      3869,      3828,      3807,      3786,      3809
      3868,      3785,      3808,      3827,      3805
      3867,      3826,      3806,      3784,      3807
      3866,      3783,      3806,      3824,      3804
      3865,      3782,      3805,      3825,      3803
      3864,      3781,      3804,      3823,      3802
      3863,      3822,      3801,      3780,      3803
      3862,      3779,      3802,      3821,      3800
      3861,      3778,      3801,      3820,      3799
      3860,      3776,      3800,      3819,      3797
      3859,      3777,      3799,      3818,      3798
      3858,      3774,      3798,      3817,      3796
      3857,      3773,      3796,      3815,      3795
      3856,      3816,      3792,      3770,      3797
      3855,      3814,      3793,      3772,      3795
      3854,      4024,      3775,      3794,      4023
      3853,      3813,      3791,      3769,      3793
      3852,      3794,      3771,       304,       303
      3851,      3768,      3791,      3812,      3790
      3850,      3810,      3789,      3767,      3790
      3849,      4145,      4146,      3766,      3789
      3848,      3765,      3792,      3811,      3787
      3847,      3764,      4102,      4103,      3788
      3846,      3763,      3788,      3809,      3786
      3845,      3762,      3787,      3808,      3785
      3844,      3807,      3784,      3761,      3786
      3843,      3806,      3783,      3760,      3784
      3842,      3805,      3782,      3759,      3785
      3841,      3758,      3783,      3804,      3781
      3840,      3757,      3782,      3803,      3780
      3839,      3756,      3781,      3802,      3779
      3838,      3755,      3780,      3801,      3778
      3837,      3752,      3779,      3800,      3776
      3836,      3799,      3777,      3753,      3778
      3835,      3751,      3777,      3798,      3774
      3834,      3749,      3774,      3796,      3773
      3833,      3775,      4024,      4025,      3754
      3832,      3797,      3770,      3747,      3776
      3831,      3775,      3750,      3771,      3794
      3830,      3748,      3773,      3795,      3772
      3829,      3793,      3769,      3746,      3772
      3828,      3743,      3769,      3791,      3768
      3827,      3771,      3745,       305,       304
      3826,      3742,      3768,      3790,      3767
      3825,      3792,      3765,      3739,      3770
      3824,      3789,      3766,      3741,      3767
      3823,      3740,      3766,      4146,      4147
      3822,      3738,      4101,      4102,      3764
      3821,      3736,      3764,      3788,      3763
      3820,      3737,      3765,      3787,      3762
      3819,      3735,      3763,      3786,      3761
      3818,      3785,      3759,      3734,      3762
      3817,      3733,      3761,      3784,      3760
      3816,      3783,      3758,      3732,      3760
      3815,      3782,      3757,      3731,      3759
      3814,      3729,      3758,      3781,      3756
      3813,      3728,      3757,      3780,      3755
      3812,      3778,      3753,      3727,      3755
      3811,      3756,      3779,      3744,      3726
      3810,      3777,      3751,      3724,      3753
      3809,      3750,      3775,      3754,      3725
      3808,      4026,      3730,      3754,      4025
      3807,      3752,      3723,      3744,      3779
      3806,      3722,      3751,      3774,      3749
      3805,      3719,      3752,      3776,      3747
      3804,      3720,      3749,      3773,      3748
      3803,      3750,      3721,      3745,      3771
      3802,      3718,      3748,      3772,      3746
      3801,      3717,      3746,      3769,      3743
      3800,      3768,      3742,      3715,      3743
      3799,      3770,      3739,      3712,      3747
      3798,      3745,      3716,       306,       305
      3797,      3714,      3742,      3767,      3741
      3796,      3713,      3741,      3766,      3740
      3795,      4147,      4148,      3711,      3740
      3794,      3710,      4100,      4101,      3738
      3793,      3709,      3739,      3765,      3737
      3792,      3708,      3738,      3764,      3736
      3791,      3707,      3736,      3763,      3735
      3790,      3706,      3737,      3762,      3734
      3789,      3705,      3735,      3761,      3733
      3788,      3704,      3733,      3760,      3732
      3787,      3759,      3731,      3702,      3734
      3786,      3758,      3729,      3701,      3732
      3785,      3700,      3731,      3757,      3728
      3784,      3697,      3729,      3756,      3726
      3783,      3698,      3728,      3755,      3727
      3782,      3730,      3699,      3725,      3754
      3781,      4027,      3703,      3730,      4026
      3780,      3753,      3724,      3696,      3727
      3779,      3693,      3724,      3751,      3722
      3778,      3726,      3744,      3723,      3695
      3777,      3721,      3750,      3725,      3694
      3776,      3752,      3719,      3691,      3723
      3775,      3692,      3722,      3749,      3720
      3774,      4315,      3720,      3748,      3718
      3773,      3721,      3690,      3716,      3745
      3772,      4316,      3718,      3746,      3717
      3771,      4319,      3719,      3747,      3712
      3770,      3743,      3715,      4318,      3717
      3769,      3742,      3714,      4320,      3715
      3768,      3716,      4317,       307,       306
      3767,      4321,      3714,      3741,      3713
      3766,      3740,      3711,      4322,      3713
      3765,      4148,      4149,      4150,      3711
      3764,      4324,      4099,      4100,      3710
      3763,      4323,      3712,      3739,      3709
      3762,      3738,      3708,      4325,      3710
      3761,      3737,      3706,      4326,      3709
      3760,      4327,      3708,      3736,      3707
      3759,      4329,      3707,      3735,      3705
      3758,      4330,      3705,      3733,      3704
      3757,      4331,      3706,      3734,      3702
      3756,      4334,      3704,      3732,      3701
      3755,      4333,      3702,      3731,      3700
      3754,      3703,      4332,      3699,      3730
      3753,      4028,      4328,      3703,      4027
      3752,      3728,      3698,      4335,      3700
      3751,      4336,      3701,      3729,      3697
      3750,      4338,      3698,      3727,      3696
      3749,      3694,      3725,      3699,      4337
      3748,      4339,      3697,      3726,      3695
      3747,      4340,      3696,      3724,      3693
      3746,      3723,      3691,      4343,      3695
      3745,      3722,      3692,      4342,      3693
      3744,      3690,      3721,      3694,      4341
      3743,      4344,      3692,      3720,      4315
      3742,      4346,      4315,      3718,      4316
      3741,      3690,      4345,      4317,      3716
      3740,      3719,      4319,      4348,      3691
      3739,      4347,      4316,      3717,      4318
      3738,      3715,      4320,      4350,      4318
      3737,       308,       307,      4317,      4349
      3736,      4351,      4320,      3714,      4321
      3735,      4352,      4321,      3713,      4322
      3734,      3711,      4150,      4151,      4322
      3733,      4353,      4319,      3712,      4323
      3732,      4354,      4098,      4099,      4324
      3731,      3709,      4326,      4355,      4323
      3730,      3710,      4325,      4357,      4324
      3729,      3708,      4327,      4358,      4325
      3728,      3706,      4331,      4359,      4326
      3727,      4361,      4327,      3707,      4329
      3726,      4363,      4329,      3705,      4330
      3725,      4328,      4360,      4332,      3703
      3724,      4029,      4356,      4328,      4028
      3723,      4364,      4330,      3704,      4334
      3722,      4362,      4331,      3702,      4333
      3721,      3700,      4335,      4365,      4333
      3720,      4367,      4334,      3701,      4336
      3719,      4332,      4366,      4337,      3699
      3718,      3698,      4338,      4368,      4335
      3717,      4370,      4336,      3697,      4339
      3716,      4371,      4338,      3696,      4340
      3715,      4341,      3694,      4337,      4369
      3714,      3693,      4342,      4372,      4340
      3713,      4374,      4339,      3695,      4343
      3712,      3692,      4344,      4375,      4342
      3711,      4341,      4373,      4345,      3690
      3710,      4376,      4344,      4315,      4346
      3709,      3691,      4348,      4379,      4343
      3708,      4378,      4346,      4316,      4347
      3707,      4349,      4317,      4345,      4377
      3706,      4380,      4347,      4318,      4350
      3705,      4382,      4350,      4320,      4351
      3704,       309,       308,      4349,      4381
      3703,      4321,      4352,      4383,      4351
      3702,      4152,      4352,      4322,      4151
      3701,      4384,      4348,      4319,      4353
      3700,      4386,      4097,      4098,      4354
      3699,      4387,      4353,      4323,      4355
      3698,      4388,      4354,      4324,      4357
      3697,      4326,      4359,      4390,      4355
      3696,      4030,      4385,      4356,      4029
      3695,      4325,      4358,      4391,      4357
      3694,      4356,      4389,      4360,      4328
      3693,      4394,      4358,      4327,      4361
      3692,      4392,      4359,      4331,      4362
      3691,      4396,      4361,      4329,      4363
      3690,      4398,      4363,      4330,      4364
      3689,      4360,      4393,      4366,      4332
      3688,      4395,      4362,      4333,      4365
      3687,      4397,      4364,      4334,      4367
      3686,      4335,      4368,      4399,      4365
      3685,      4366,      4400,      4369,      4337
      3684,      4402,      4367,      4336,      4370
      3683,      4401,      4368,      4338,      4371
      3682,      4404,      4371,      4340,      4372
      3681,      4369,      4403,      4373,      4341
      3680,      4339,      4374,      4405,      4370
      3679,      4342,      4375,      4406,      4372
      3678,      4377,      4345,      4373,      4407
      3677,      4408,      4375,      4344,      4376
      3676,      4409,      4374,      4343,      4379
      3675,      4410,      4376,      4346,      4378
      3674,      4381,      4349,      4377,      4411
      3673,      4412,      4378,      4347,      4380
      3672,      4414,      4380,      4350,      4382
      3671,      4416,      4379,      4348,      4384
      3670,       310,       309,      4381,      4413
      3669,      4351,      4383,      4415,      4382
      3668,      4352,      4152,      4153,      4383
      3667,      4421,      4096,      4097,      4386
      3666,      4353,      4387,      4419,      4384
      3665,      4031,      4417,      4385,      4030
      3664,      4385,      4422,      4389,      4356
      3663,      4424,      4386,      4354,      4388
      3662,      4423,      4387,      4355,      4390
      3661,      4427,      4388,      4357,      4391
      3660,      4426,      4390,      4359,      4392
      3659,      4389,      4425,      4393,      4360
      3658,      4364,      4397,      4418,      4398
      3657,      4430,      4391,      4358,      4394
      3656,      4362,      4395,      4428,      4392
      3655,      4361,      4396,      4432,      4394
      3654,      4393,      4429,      4400,      4366
      3653,      4431,      4395,      4365,      4399
      3652,      4436,      4396,      4363,      4398
      3651,      4434,      4397,      4367,      4402
      3650,      4433,      4399,      4368,      4401
      3649,      4400,      4435,      4403,      4369
      3648,      4371,      4404,      4437,      4401
      3647,      4370,      4405,      4438,      4402
      3646,      4440,      4404,      4372,      4406
      3645,      4407,      4373,      4403,      4439
      3644,      4442,      4406,      4375,      4408
      3643,      4374,      4409,      4444,      4405
      3642,      4411,      4377,      4407,      4443
      3641,      4376,      4410,      4445,      4408
      3640,      4447,      4410,      4378,      4412
      3639,      4411,      4446,      4413,      4381
      3638,      4451,      4409,      4379,      4416
      3637,      4449,      4412,      4380,      4414
      3636,      4452,      4414,      4382,      4415
      3635,       311,       310,      4413,      4450
      3634,      4383,      4153,      4154,      4415
      3633,      4032,      4441,      4420,      4031
      3632,      4384,      4419,      4453,      4416
      3631,      4417,      4031,      4420,      4448
      3630,      4456,      4095,      4096,      4421
      3629,      4417,      4454,      4422,      4385
      3628,      4387,      4423,      4457,      4419
      3627,      4460,      4421,      4386,      4424
      3626,      4422,      4458,      4425,      4389
      3625,      4459,      4423,      4390,      4426
      3624,      4434,      4455,      4418,      4397
      3623,      4463,      4424,      4388,      4427
      3622,      4392,      4428,      4462,      4426
      3621,      4425,      4461,      4429,      4393
      3620,      4466,      4427,      4391,      4430
      3619,      4395,      4431,      4464,      4428
      3618,      4429,      4465,      4435,      4400
      3617,      4394,      4432,      4469,      4430
      3616,      4467,      4431,      4399,      4433
      3615,      4470,      4398,      4418,      4455
      3614,      4396,      4436,      4474,      4432
      3613,      4401,      4437,      4468,      4433
      3612,      4473,      4434,      4402,      4438
      3611,      4439,      4403,      4435,      4471
      3610,      4404,      4440,      4475,      4437
      3609,      4405,      4444,      4479,      4438
      3608,      4477,      4440,      4406,      4442
      3607,      4443,      4407,      4439,      4476
      3606,      4033,      4472,      4441,      4032
      3605,      4408,      4445,      4480,      4442
      3604,      4443,      4481,      4446,      4411
      3603,      4410,      4447,      4482,      4445
      3602,      4484,      4444,      4409,      4451
      3601,      4478,      4448,      4420,      4441
      3600,      4485,      4447,      4412,      4449
      3599,      4446,      4483,      4450,      4413
      3598,      4486,      4449,      4414,      4452
      3597,       312,       311,      4450,      4487
      3596,      4155,      4452,      4415,      4154
      3595,      4448,      4488,      4454,      4417
      3594,      4493,      4436,      4398,      4470
      3593,      4489,      4451,      4416,      4453
      3592,      4492,      4094,      4095,      4456
      3591,      4419,      4457,      4491,      4453
      3590,      4454,      4490,      4458,      4422
      3589,      4421,      4460,      4496,      4456
      3588,      4494,      4457,      4423,      4459
      3587,      4458,      4495,      4461,      4425
      3586,      4498,      4459,      4426,      4462
      3585,      4501,      4460,      4424,      4463
      3584,      4434,      4473,      4497,      4455
      3583,      4428,      4464,      4499,      4462
      3582,      4461,      4500,      4465,      4429
      3581,      4506,      4463,      4427,      4466
      3580,      4503,      4464,      4431,      4467
      3579,      4465,      4504,      4471,      4435
      3578,      4505,      4467,      4433,      4468
      3577,      4510,      4466,      4430,      4469
      3576,      4472,      4033,      4034,      4502
      3575,      4432,      4474,      4513,      4469
      3574,      4437,      4475,      4508,      4468
      3573,      4476,      4439,      4471,      4509
      3572,      4472,      4507,      4478,      4441
      3571,      4512,      4473,      4438,      4479
      3570,      4511,      4475,      4440,      4477
      3569,      4481,      4443,      4476,      4514
      3568,      4515,      4477,      4442,      4480
      3567,      4519,      4479,      4444,      4484
      3566,      4445,      4482,      4517,      4480
      3565,      4478,      4516,      4488,      4448
      3564,      4481,      4518,      4483,      4446
      3563,      4520,      4482,      4447,      4485
      3562,      4528,      4474,      4436,      4493
      3561,      4483,      4521,      4487,      4450
      3560,      4522,      4485,      4449,      4486
      3559,      4156,      4486,      4452,      4155
      3558,       313,       312,      4487,      4523
      3557,      4451,      4489,      4524,      4484
      3556,      4490,      4454,      4488,      4525
      3555,      4455,      4497,      4526,      4470
      3554,      4529,      4093,      4094,      4492
      3553,      4527,      4489,      4453,      4491
      3552,      4531,      4491,      4457,      4494
      3551,      4490,      4532,      4495,      4458
      3550,      4456,      4496,      4534,      4492
      3549,      4459,      4498,      4533,      4494
      3548,      4495,      4535,      4500,      4461
      3547,      4035,      4530,      4502,      4034
      3546,      4536,      4498,      4462,      4499
      3545,      4460,      4501,      4540,      4496
      3544,      4538,      4499,      4464,      4503
      3543,      4500,      4539,      4504,      4465
      3542,      4545,      4501,      4463,      4506
      3541,      4467,      4505,      4541,      4503
      3540,      4507,      4472,      4502,      4537
      3539,      4473,      4512,      4542,      4497
      3538,      4504,      4543,      4509,      4471
      3537,      4548,      4493,      4470,      4526
      3536,      4544,      4505,      4468,      4508
      3535,      4550,      4506,      4466,      4510
      3534,      4547,      4508,      4475,      4511
      3533,      4514,      4476,      4509,      4549
      3532,      4507,      4546,      4516,      4478
      3531,      4555,      4510,      4469,      4513
      3530,      4477,      4515,      4551,      4511
      3529,      4553,      4512,      4479,      4519
      3528,      4518,      4481,      4514,      4552
      3527,      4554,      4515,      4480,      4517
      3526,      4558,      4517,      4482,      4520
      3525,      4518,      4559,      4521,      4483
      3524,      4485,      4522,      4561,      4520
       563,       845,       877,       836,       808
       564,       843,       880,       841,       807
       565,       804,       839,       883,       844
       566,       167,       168,       806,       842
       567,       314,       882,       843,       313
       568,       887,       848,       794,       833
       569,       809,       844,       884,       847
       570,       886,       849,       231,       232
       571,       288,       289,       850,       876
       572,       852,       885,       845,       810
       573,       888,       851,       811,       847
       574,       814,       851,       890,       853
       575,       893,       854,       812,       849
       576,       852,       815,       855,       891
       577,       850,       822,       857,       889
       578,       817,       846,       894,       862
       579,       818,       853,       892,       856
       580,       813,       848,       903,       868
       581,       855,       820,       859,       895
       582,       816,       854,       900,       860
       583,       896,       858,       819,       856
       584,       823,       858,       899,       861
       585,       859,       824,       863,       901
       586,       866,       897,       857,       827
       587,       907,       865,       821,       860
       588,       825,       861,       902,       864
       589,       863,       829,       869,       904
       590,       905,       867,       828,       864
       591,       906,       873,       832,       862
       592,       912,       870,       826,       865
       593,       831,       867,       909,       871
       594,       872,       910,       869,       834
       595,       866,       836,       877,       908
       596,       287,       288,       876,       898
       597,       835,       871,       911,       874
       598,       922,       875,       830,       870
       599,       879,       913,       872,       838
       600,       914,       878,       837,       874
       601,       917,       883,       839,       873
       602,       880,       916,       879,       841
       603,       840,       878,       919,       881
       604,       882,       918,       880,       843
       605,       842,       881,       166,       167
       606,       882,       314,       315,       920
       607,       885,       921,       877,       845
       608,       928,       887,       833,       875
       609,       844,       883,       923,       884
       610,       876,       850,       889,       915
       611,       927,       886,       232,       233
       612,       931,       894,       846,       868
       613,       925,       888,       847,       884
       614,       885,       852,       891,       926
       615,       930,       890,       851,       888
       616,       849,       886,       933,       893
       617,       853,       890,       932,       892
       618,       889,       857,       897,       929
       619,       891,       855,       895,       934
       620,       848,       887,       940,       903
       621,       935,       896,       856,       892
       622,       286,       287,       898,       924
       623,       943,       900,       854,       893
       624,       939,       899,       858,       896
       625,       895,       859,       901,       938
       626,       941,       906,       862,       894
       627,       861,       899,       942,       902
       628,       908,       936,       897,       866
       629,       901,       863,       904,       944
       630,       948,       907,       860,       900
       631,       945,       905,       864,       902
       632,       898,       876,       915,       937
       633,       947,       909,       867,       905
       634,       904,       869,       910,       946
       635,       865,       907,       960,       912
       636,       871,       909,       951,       911
       637,       913,       952,       910,       872
       638,       873,       906,       953,       917
       639,       908,       877,       921,       950
       640,       954,       914,       874,       911
       641,       913,       879,       916,       955
       642,       958,       919,       878,       914
       643,       964,       922,       870,       912
       644,       918,       957,       916,       880
       645,       918,       882,       920,       959
       646,       881,       919,       165,       166
       647,       920,       315,       316,       961
       648,       868,       903,       966,       931
       649,       962,       923,       883,       917
       650,       915,       889,       929,       956
       651,       921,       885,       926,       963
       652,       967,       927,       233,       234
       653,       971,       928,       875,       922
       654,       965,       925,       884,       923
       655,       924,       949,       285,       286
       656,       888,       925,       969,       930
       657,       886,       927,       974,       933
       658,       972,       932,       890,       930
       659,       934,       973,       926,       891
       660,       924,       898,       937,       968
       661,       936,       970,       929,       897
       662,       979,       940,       887,       928
       663,       975,       935,       892,       932
       664,       978,       941,       894,       931
       665,       934,       895,       938,       977
       666,       896,       935,       980,       939
       667,       893,       933,       986,       943
       668,       983,       942,       899,       939
       669,       938,       901,       944,       984
       670,       950,       982,       936,       908
       671,       987,       945,       902,       942
       672,       944,       904,       946,       988
       673,       995,       948,       900,       943
       674,       937,       915,       956,       981
       675,       905,       945,       989,       947
       676,       906,       941,       990,       953
       677,       991,       951,       909,       947
       678,       284,       285,       949,       976
       679,       946,       910,       952,       992
       680,       903,       940,      1005,       966
       681,       997,       954,       911,       951
       682,       952,       913,       955,       996
       683,       907,       948,      1006,       960
       684,       955,       916,       957,       998
       685,       914,       954,      1000,       958
       686,       950,       921,       963,       994
       687,       959,       999,       957,       918
       688,       917,       953,      1004,       962
       689,       959,       920,       961,      1002
       690,       164,       165,       919,       958
       691,       961,       316,       317,      1003
       692,       912,       960,      1009,       964
       693,       968,       993,       949,       924
       694,       926,       973,       985,       963
       695,      1007,       965,       923,       962
       696,      1010,       967,       234,       235
       697,       956,       929,       970,      1001
       698,      1015,       971,       922,       964
       699,       925,       965,      1011,       969
       700,      1016,       974,       927,       967
       701,       930,       969,      1014,       972
       702,      1017,       978,       931,       966
       703,       968,       937,       981,      1012
       704,      1022,       979,       928,       971
       705,      1018,       975,       932,       972
       706,       982,      1013,       970,       936
       707,       283,       284,       976,      1008
       708,       977,      1026,       973,       934
       709,       935,       975,      1021,       980
       710,       933,       974,      1028,       986
       711,       977,       938,       984,      1023
       712,       939,       980,      1024,       983
       713,       976,       949,       993,      1020
       714,      1029,       987,       942,       983
       715,      1031,       990,       941,       978
       716,       984,       944,       988,      1030
       717,       982,       950,       994,      1027
       718,       945,       987,      1032,       989
       719,      1036,      1005,       940,       979
       720,      1019,       994,       963,       985
       721,      1038,       995,       943,       986
       722,       981,       956,      1001,      1025
       723,       988,       946,       992,      1034
       724,       947,       989,      1035,       991
       725,      1039,       997,       951,       991
       726,       992,       952,       996,      1037
       727,       996,       955,       998,      1041
       728,       953,       990,      1046,      1004
       729,       954,       997,      1043,      1000
       730,       999,      1042,       998,       957
       731,      1002,      1044,       999,       959
       732,      1051,      1006,       948,       995
       733,      1002,       961,      1003,      1045
       734,       958,      1000,       163,       164
       735,      1003,       317,       318,      1048
       736,      1049,      1007,       962,      1004
       737,      1012,      1040,       993,       968
       738,      1054,      1010,       235,       236
       739,       960,      1006,      1055,      1009
       740,       282,       283,      1008,      1033
       741,      1001,       970,      1013,      1047
       742,      1050,      1019,       985,       973
       743,      1053,      1011,       965,      1007
       744,      1058,      1017,       966,      1005
       745,      1063,      1015,       964,      1009
       746,       969,      1011,      1057,      1014
       747,       967,      1010,      1062,      1016
       748,      1008,       976,      1020,      1052
       749,      1061,      1018,       972,      1014
       750,      1012,       981,      1025,      1056
       751,      1013,       982,      1027,      1059
       752,      1069,      1022,       971,      1015
       753,      1065,      1021,       975,      1018
       754,      1068,      1028,       974,      1016
       755,       980,      1021,      1067,      1024
       756,       978,      1017,      1071,      1031
       757,      1019,      1060,      1027,       994
       758,      1026,       977,      1023,      1072
       759,      1073,      1029,       983,      1024
       760,      1023,       984,      1030,      1074
       761,      1020,       993,      1040,      1066
       762,      1026,      1075,      1050,       973
       763,      1084,      1036,       979,      1022
       764,      1076,      1032,       987,      1029
       765,       281,       282,      1033,      1064
       766,      1081,      1038,       986,      1028
       767,      1030,       988,      1034,      1077
       768,      1025,      1001,      1047,      1070
       769,       989,      1032,      1078,      1035
       770,      1034,       992,      1037,      1080
       771,      1086,      1046,       990,      1031
       772,      1082,      1039,       991,      1035
       773,      1037,       996,      1041,      1083
       774,      1041,       998,      1042,      1085
       775,      1088,      1043,       997,      1039
       776,      1044,      1087,      1042,       999
       777,      1044,      1002,      1045,      1090
       778,      1000,      1043,       162,       163
       779,      1045,      1003,      1048,      1091
       780,      1033,      1008,      1052,      1079
       781,      1048,       318,       319,      1092
       782,       995,      1038,      1098,      1051
       783,      1094,      1049,      1004,      1046
       784,      1102,      1054,       236,       237
       785,      1056,      1089,      1040,      1012
       786,      1101,      1058,      1005,      1036
       787,      1007,      1049,      1100,      1053
       788,      1047,      1013,      1059,      1093
       789,      1106,      1055,      1006,      1051
       790,      1104,      1057,      1011,      1053
       791,      1050,      1097,      1060,      1019
       792,      1010,      1054,      1108,      1062
       793,      1110,      1063,      1009,      1055
       794,      1064,      1096,       280,       281
       795,      1107,      1061,      1014,      1057
       796,      1052,      1020,      1066,      1103
       797,      1059,      1027,      1060,      1099
       798,      1018,      1061,      1109,      1065
       799,      1056,      1025,      1070,      1105
       800,      1017,      1058,      1113,      1071
       801,      1016,      1062,      1115,      1068
       802,      1015,      1063,      1118,      1069
       803,      1112,      1067,      1021,      1065
       804,      1116,      1073,      1024,      1067
       805,      1064,      1033,      1079,      1111
       806,      1072,      1023,      1074,      1119
       807,      1075,      1026,      1072,      1120
       808,      1029,      1073,      1122,      1076
       809,      1128,      1081,      1028,      1068
       810,      1074,      1030,      1077,      1123
       811,      1089,      1114,      1066,      1040
       812,      1135,      1084,      1022,      1069
       813,      1125,      1078,      1032,      1076
       814,      1031,      1071,      1132,      1086
       815,      1070,      1047,      1093,      1117
       816,      1130,      1082,      1035,      1078
       817,      1080,      1037,      1083,      1129
       818,      1077,      1034,      1095,      1126
       819,      1080,      1127,      1095,      1034
       820,      1083,      1041,      1085,      1131
       821,      1039,      1082,      1137,      1088
       822,      1085,      1042,      1087,      1136
       823,      1075,      1124,      1097,      1050
       824,      1087,      1044,      1090,      1138
       825,      1096,      1121,       279,       280
       826,      1091,      1139,      1090,      1045
       827,       161,       162,      1043,      1088
       828,      1091,      1048,      1092,      1141
       829,      1038,      1081,      1145,      1098
       830,      1092,       319,       320,      1142
       831,      1144,      1094,      1046,      1086
       832,      1079,      1052,      1103,      1134
       833,      1149,      1101,      1036,      1084
       834,      1147,      1102,       237,       238
       835,      1093,      1059,      1099,      1133
       836,      1049,      1094,      1146,      1100
       837,      1105,      1143,      1089,      1056
       838,      1099,      1060,      1097,      1140
       839,      1051,      1098,      1152,      1106
       840,      1053,      1100,      1150,      1104
       841,      1156,      1108,      1054,      1102
       842,      1111,      1148,      1096,      1064
       843,      1154,      1107,      1057,      1104
       844,      1158,      1113,      1058,      1101
       845,      1160,      1110,      1055,      1106
       846,      1103,      1066,      1114,      1151
       847,      1061,      1107,      1157,      1109
       848,      1105,      1070,      1117,      1153
       849,      1062,      1108,      1161,      1115
       850,      1065,      1109,      1159,      1112
       851,       278,       279,      1121,      1155
       852,      1063,      1110,      1168,      1118
       853,      1164,      1116,      1067,      1112
       854,      1073,      1116,      1167,      1122
       855,      1120,      1072,      1119,      1166
       856,      1111,      1079,      1134,      1162
       857,      1175,      1128,      1068,      1115
       858,      1119,      1074,      1123,      1169
       859,      1120,      1170,      1124,      1075
       860,      1071,      1113,      1180,      1132
       861,      1076,      1122,      1172,      1125
       862,      1143,      1165,      1114,      1089
       863,      1117,      1093,      1133,      1163
       864,      1069,      1118,      1187,      1135
       865,      1123,      1077,      1126,      1173
       866,      1179,      1130,      1078,      1125
       867,      1127,      1080,      1129,      1177
       868,      1129,      1083,      1131,      1182
       869,      1176,      1126,      1095,      1127
       870,      1082,      1130,      1185,      1137
       871,      1140,      1097,      1124,      1171
       872,      1131,      1085,      1136,      1183
       873,      1136,      1087,      1138,      1184
       874,      1138,      1090,      1139,      1186
       875,      1194,      1145,      1081,      1128
       876,      1133,      1099,      1140,      1174
       877,      1192,      1144,      1086,      1132
       878,      1088,      1137,       160,       161
       879,      1141,      1188,      1139,      1091
       880,      1148,      1178,      1121,      1096
       881,      1141,      1092,      1142,      1189
       882,      1142,       320,       321,      1191
       883,      1197,      1149,      1084,      1135
       884,      1195,      1146,      1094,      1144
       885,       277,       278,      1155,      1181
       886,      1196,      1147,       238,       239
       887,      1134,      1103,      1151,      1190
       888,      1143,      1105,      1153,      1193
       889,      1100,      1146,      1198,      1150
       890,      1098,      1145,      1200,      1152
       891,      1205,      1156,      1102,      1147
       892,      1204,      1154,      1104,      1150
       893,      1207,      1158,      1101,      1149
       894,      1206,      1157,      1107,      1154
       895,      1148,      1111,      1162,      1201
       896,      1209,      1160,      1106,      1152
       897,      1151,      1114,      1165,      1203
       898,      1153,      1117,      1163,      1202
       899,      1212,      1161,      1108,      1156
       900,      1109,      1157,      1208,      1159
       901,       276,       277,      1181,      1199
       902,      1214,      1164,      1112,      1159
       903,      1155,      1121,      1178,      1210
       904,      1223,      1168,      1110,      1160
       905,      1217,      1167,      1116,      1164
       906,      1227,      1180,      1113,      1158
       907,      1225,      1175,      1115,      1161
       908,      1163,      1133,      1174,      1211
       909,      1166,      1119,      1169,      1221
       910,      1166,      1220,      1170,      1120
       911,      1122,      1167,      1224,      1172
       912,      1171,      1124,      1170,      1218
       913,      1169,      1123,      1173,      1222
       914,      1162,      1134,      1190,      1215
       915,      1173,      1126,      1176,      1226
       916,      1174,      1140,      1171,      1219
       917,      1229,      1179,      1125,      1172
       918,      1118,      1168,      1239,      1187
       919,      1165,      1143,      1193,      1216
       920,      1176,      1127,      1177,      1228
       921,      1182,      1230,      1177,      1129
       922,      1182,      1131,      1183,      1231
       923,      1233,      1185,      1130,      1179
       924,      1183,      1136,      1184,      1232
       925,      1236,      1192,      1132,      1180
       926,      1184,      1138,      1186,      1234
       927,      1128,      1175,      1243,      1194
       928,       275,       276,      1199,      1213
       929,      1186,      1139,      1188,      1235
       930,      1137,      1185,       159,       160
       931,      1189,      1238,      1188,      1141
       932,      1189,      1142,      1191,      1240
       933,      1191,       321,        10,        11
       934,      1144,      1192,      1246,      1195
       935,      1249,      1197,      1135,      1187
       936,      1247,      1196,       239,       240
       937,      1178,      1148,      1201,      1241
       938,      1190,      1151,      1203,      1245
       939,      1248,      1198,      1146,      1195
       940,      1250,      1200,      1145,      1194
       941,      1202,      1242,      1193,      1153
       942,      1181,      1155,      1210,      1244
       943,      1252,      1204,      1150,      1198
       944,      1254,      1205,      1147,      1196
       945,      1260,      1207,      1149,      1197
       946,       274,       275,      1213,      1237
       947,      1154,      1204,      1256,      1206
       948,      1262,      1209,      1152,      1200
       949,      1202,      1163,      1211,      1251
       950,      1261,      1208,      1157,      1206
       951,      1263,      1212,      1156,      1205
       952,      1215,      1257,      1201,      1162
       953,      1203,      1165,      1216,      1255
       954,      1264,      1214,      1159,      1208
       955,      1211,      1174,      1219,      1259
       956,      1199,      1181,      1244,      1258
       957,      1160,      1209,      1272,      1223
       958,      1279,      1227,      1158,      1207
       959,      1164,      1214,      1267,      1217
       960,      1276,      1225,      1161,      1212
       961,      1219,      1171,      1218,      1265
       962,      1218,      1170,      1220,      1266
       963,      1221,      1269,      1220,      1166
       964,      1274,      1224,      1167,      1217
       965,       273,       274,      1237,      1253
       966,      1221,      1169,      1222,      1273
       967,      1210,      1178,      1241,      1268
       968,      1222,      1173,      1226,      1278
       969,      1281,      1229,      1172,      1224
       970,      1226,      1176,      1228,      1280
       971,      1230,      1282,      1228,      1177
       972,      1242,      1270,      1216,      1193
       973,      1291,      1239,      1168,      1223
       974,      1215,      1190,      1245,      1275
       975,      1231,      1283,      1230,      1182
       976,      1179,      1229,      1285,      1233
       977,      1287,      1236,      1180,      1227
       978,      1231,      1183,      1232,      1284
       979,      1175,      1225,      1293,      1243
       980,      1234,      1286,      1232,      1184
       981,      1234,      1186,      1235,      1288
       982,       158,       159,      1185,      1233
       983,      1235,      1188,      1238,      1289
       984,      1240,      1290,      1238,      1189
       985,      1240,      1191,        11,        12
       986,      1213,      1199,      1258,      1277
       987,      1192,      1236,      1294,      1246
       988,      1295,      1247,       240,       241
       989,      1302,      1249,      1187,      1239
       990,      1195,      1246,      1300,      1248
       991,       272,       273,      1253,      1271
       992,      1194,      1243,      1304,      1250
       993,      1251,      1292,      1242,      1202
       994,      1257,      1297,      1241,      1201
       995,      1245,      1203,      1255,      1296
       996,      1305,      1252,      1198,      1248
       997,      1196,      1247,      1306,      1254
       998,      1197,      1249,      1311,      1260
       999,      1204,      1252,      1308,      1256
      1000,      1244,      1210,      1268,      1301
      1001,      1237,      1213,      1277,      1299
      1002,      1251,      1211,      1259,      1303
      1003,      1312,      1262,      1200,      1250
      1004,      1206,      1256,      1313,      1261
      1005,      1317,      1263,      1205,      1254
      1006,      1271,      1298,       271,       272
      1007,      1255,      1216,      1270,      1310
      1008,      1318,      1264,      1208,      1261
      1009,      1259,      1219,      1265,      1309
      1010,      1275,      1314,      1257,      1215
      1011,      1265,      1218,      1266,      1315
      1012,      1209,      1262,      1324,      1272
      1013,      1328,      1279,      1207,      1260
      1014,      1307,      1295,       241,       242
      1015,      1214,      1264,      1323,      1267
      1016,      1266,      1220,      1269,      1320
      1017,      1329,      1276,      1212,      1263
      1018,      1217,      1267,      1327,      1274
      1019,      1273,      1325,      1269,      1221
      1020,      1253,      1237,      1299,      1319
      1021,      1273,      1222,      1278,      1330
      1022,      1333,      1281,      1224,      1274
      1023,      1278,      1226,      1280,      1331
      1024,      1258,      1244,      1301,      1321
      1025,      1280,      1228,      1282,      1334
      1026,      1339,      1287,      1227,      1279
      1027,      1292,      1326,      1270,      1242
      1028,      1283,      1337,      1282,      1230
      1029,      1223,      1272,      1346,      1291
      1030,      1229,      1281,      1340,      1285
      1031,      1298,      1316,       270,       271
      1032,      1283,      1231,      1284,      1338
      1033,      1348,      1293,      1225,      1276
      1034,      1268,      1241,      1297,      1332
      1035,      1286,      1341,      1284,      1232
      1036,      1288,      1343,      1286,      1234
      1037,      1322,      1307,       242,       243
      1038,      1233,      1285,       157,       158
      1039,      1275,      1245,      1296,      1336
      1040,      1288,      1235,      1289,      1344
      1041,      1289,      1238,      1290,      1345
      1042,        12,        13,      1290,      1240
      1043,      1351,      1294,      1236,      1287
      1044,      1357,      1302,      1239,      1291
      1045,      1246,      1294,      1353,      1300
      1046,      1243,      1293,      1356,      1304
      1047,      1292,      1251,      1303,      1349
      1048,      1271,      1253,      1319,      1350
      1049,      1277,      1258,      1321,      1347
      1050,      1247,      1295,      1360,      1306
      1051,      1359,      1305,      1248,      1300
      1052,      1335,      1322,       243,       244
      1053,       269,       270,      1316,      1342
      1054,      1296,      1255,      1310,      1354
      1055,      1314,      1358,      1297,      1257
      1056,      1363,      1308,      1252,      1305
      1057,      1303,      1259,      1309,      1355
      1058,      1249,      1302,      1370,      1311
      1059,      1369,      1312,      1250,      1304
      1060,      1256,      1308,      1371,      1313
      1061,      1254,      1306,      1374,      1317
      1062,      1309,      1265,      1315,      1361
      1063,      1352,      1335,       244,       245
      1064,      1375,      1318,      1261,      1313
      1065,      1301,      1268,      1332,      1366
      1066,      1315,      1266,      1320,      1367
      1067,      1299,      1277,      1347,      1362
      1068,      1310,      1270,      1326,      1372
      1069,      1350,      1368,      1298,      1271
      1070,      1382,      1324,      1262,      1312
      1071,      1260,      1311,      1383,      1328
      1072,       268,       269,      1342,      1365
      1073,      1381,      1323,      1264,      1318
      1074,      1384,      1329,      1263,      1317
      1075,      1320,      1269,      1325,      1378
      1076,      1314,      1275,      1336,      1377
      1077,      1267,      1323,      1385,      1327
      1078,      1330,      1386,      1325,      1273
      1079,      1364,      1352,       245,       246
      1080,      1330,      1278,      1331,      1388
      1081,      1390,      1333,      1274,      1327
      1082,      1376,      1360,      1295,      1307
      1083,      1393,      1339,      1279,      1328
      1084,      1331,      1280,      1334,      1391
      1085,      1272,      1324,      1405,      1346
      1086,      1334,      1282,      1337,      1392
      1087,      1326,      1292,      1349,      1387
      1088,      1401,      1340,      1281,      1333
      1089,      1408,      1348,      1276,      1329
      1090,      1337,      1283,      1338,      1399
      1091,      1341,      1402,      1338,      1284
      1092,      1343,      1403,      1341,      1286
      1093,      1344,      1406,      1343,      1288
      1094,      1285,      1340,       156,       157
      1095,      1411,      1351,      1287,      1339
      1096,      1344,      1289,      1345,      1407
      1097,      1345,      1290,        13,        14
      1098,      1319,      1299,      1362,      1389
      1099,       267,       268,      1365,      1397
      1100,      1368,      1396,      1316,      1298
      1101,      1336,      1296,      1354,      1404
      1102,      1321,      1301,      1366,      1398
      1103,      1379,      1364,       246,       247
      1104,      1332,      1297,      1358,      1409
      1105,      1414,      1353,      1294,      1351
      1106,      1418,      1357,      1291,      1346
      1107,      1307,      1322,      1395,      1376
      1108,      1417,      1356,      1293,      1348
      1109,      1355,      1410,      1349,      1303
      1110,       267,      1397,      1373,       266
      1111,      1419,      1359,      1300,      1353
      1112,      1394,       265,       266,      1373
      1113,      1355,      1309,      1361,      1415
      1114,      1400,      1379,       247,       248
      1115,      1305,      1359,      1426,      1363
      1116,      1347,      1321,      1380,      1413
      1117,      1354,      1310,      1372,      1420
      1118,      1428,      1369,      1304,      1356
      1119,      1429,      1370,      1302,      1357
      1120,      1322,      1335,      1416,      1395
      1121,      1361,      1315,      1367,      1423
      1122,      1342,      1316,      1396,      1424
      1123,      1306,      1360,      1436,      1374
      1124,      1430,      1371,      1308,      1363
      1125,      1350,      1319,      1389,      1422
      1126,      1358,      1314,      1377,      1427
      1127,      1438,      1375,      1313,      1371
      1128,      1367,      1320,      1378,      1434
      1129,       264,       265,      1394,      1421
      1130,      1312,      1369,      1446,      1382
      1131,      1311,      1370,      1448,      1383
      1132,      1318,      1375,      1442,      1381
      1133,      1372,      1326,      1387,      1437
      1134,      1450,      1384,      1317,      1374
      1135,      1444,      1400,       248,       249
      1136,      1431,      1416,      1335,      1352
      1137,      1398,      1435,      1380,      1321
      1138,      1378,      1325,      1386,      1443
      1139,      1451,      1385,      1323,      1381
      1140,      1366,      1332,      1409,      1441
      1141,      1362,      1347,      1413,      1439
      1142,       251,      1425,      1412,       250
      1143,       249,       250,      1412,      1444
      1144,      1388,      1455,      1386,      1330
      1145,      1404,      1449,      1377,      1336
      1146,      1458,      1390,      1327,      1385
      1147,      1421,      1433,       263,       264
      1148,      1459,      1393,      1328,      1383
      1149,      1388,      1331,      1391,      1457
      1150,      1468,      1405,      1324,      1382
      1151,      1391,      1334,      1392,      1462
      1152,      1470,      1408,      1329,      1384
      1153,      1333,      1390,      1465,      1401
      1154,      1368,      1350,      1422,      1453
      1155,      1392,      1337,      1399,      1463
      1156,      1387,      1349,      1410,      1454
      1157,      1365,      1342,      1424,      1464
      1158,      1402,      1467,      1399,      1338
      1159,      1403,      1469,      1402,      1341
      1160,      1352,      1364,      1452,      1431
      1161,      1473,      1411,      1339,      1393
      1162,      1403,      1343,      1406,      1471
      1163,       155,       156,      1340,      1401
      1164,      1407,      1472,      1406,      1344
      1165,       251,       252,      1440,      1425
      1166,      1433,      1445,       262,       263
      1167,      1407,      1345,        14,        15
      1168,      1460,      1394,      1373,      1397
      1169,      1456,      1436,      1360,      1376
      1170,      1480,      1414,      1351,      1411
      1171,      1487,      1418,      1346,      1405
      1172,      1486,      1417,      1348,      1408
      1173,      1415,      1476,      1410,      1355
      1174,      1404,      1354,      1420,      1477
      1175,       259,       260,      1432,      1447
      1176,      1445,      1461,       261,       262
      1177,       252,       253,      1466,      1440
      1178,      1488,      1419,      1353,      1414
      1179,      1409,      1358,      1427,      1482
      1180,      1389,      1362,      1439,      1479
      1181,      1364,      1379,      1478,      1452
      1182,      1415,      1361,      1423,      1484
      1183,      1398,      1366,      1441,      1485
      1184,      1447,      1474,       258,       259
      1185,      1359,      1419,      1493,      1426
      1186,      1475,      1466,       253,       254
      1187,      1497,      1428,      1356,      1417
      1188,      1357,      1418,      1498,      1429
      1189,      1396,      1368,      1453,      1489
      1190,      1461,      1491,       260,       261
      1191,      1481,      1413,      1380,      1435
      1192,      1376,      1395,      1483,      1456
      1193,      1420,      1372,      1437,      1492
      1194,      1423,      1367,      1434,      1496
      1195,      1363,      1426,      1499,      1430
      1196,      1397,      1365,      1464,      1503
      1197,      1474,      1490,       257,       258
      1198,      1494,      1478,      1379,      1400
      1199,      1505,      1438,      1371,      1430
      1200,       256,       257,      1490,      1495
      1201,      1449,      1502,      1427,      1377
      1202,      1475,       254,       255,      1517
      1203,      1369,      1428,      1511,      1446
      1204,      1513,      1448,      1370,      1429
      1205,      1434,      1378,      1443,      1504
      1206,      1375,      1438,      1510,      1442
      1207,      1500,      1444,      1412,      1425
      1208,      1516,      1450,      1374,      1436
      1209,      1517,       255,       256,      1495
      1210,      1421,      1394,      1460,      1509
      1211,      1437,      1387,      1454,      1508
      1212,      1395,      1416,      1501,      1483
      1213,      1422,      1389,      1479,      1507
      1214,      1381,      1442,      1518,      1451
      1215,      1443,      1386,      1455,      1515
      1216,      1491,      1512,      1432,       260
      1217,      1525,      1459,      1383,      1448
      1218,      1424,      1396,      1489,      1514
      1219,      1526,      1458,      1385,      1451
      1220,      1382,      1446,      1531,      1468
      1221,      1457,      1524,      1455,      1388
      1222,      1485,      1520,      1435,      1398
      1223,      1384,      1450,      1534,      1470
      1224,      1457,      1391,      1462,      1529
      1225,      1390,      1458,      1532,      1465
      1226,      1477,      1522,      1449,      1404
      1227,      1439,      1413,      1481,      1519
      1228,      1462,      1392,      1463,      1530
      1229,      1441,      1409,      1482,      1527
      1230,      1454,      1410,      1476,      1523
      1231,      1467,      1533,      1463,      1399
      1232,      1393,      1459,      1537,      1473
      1233,      1469,      1535,      1467,      1402
      1234,      1469,      1403,      1471,      1538
      1235,      1401,      1465,       154,       155
      1236,      1471,      1406,      1472,      1540
      1237,      1539,      1494,      1400,      1444
      1238,      1521,      1501,      1416,      1431
      1239,        15,        16,      1472,      1407
      1240,      1544,      1480,      1411,      1473
      1241,      1548,      1487,      1405,      1468
      1242,      1425,      1440,      1528,      1500
      1243,      1549,      1486,      1408,      1470
      1244,      1484,      1541,      1476,      1415
      1245,      1509,      1536,      1433,      1421
      1246,      1460,      1397,      1503,      1558
      1247,      1550,      1488,      1414,      1480
      1248,      1507,      1543,      1453,      1422
      1249,      1477,      1420,      1492,      1545
      1250,      1546,      1447,      1432,      1512
      1251,      1484,      1423,      1496,      1552
      1252,      1542,      1516,      1436,      1456
      1253,      1556,      1493,      1419,      1488
      1254,      1431,      1452,      1547,      1521
      1255,      1418,      1487,      1562,      1498
      1256,      1482,      1427,      1502,      1554
      1257,      1486,      1557,      1506,      1417
      1258,      1464,      1424,      1514,      1563
      1259,      1445,      1433,      1536,      1553
      1260,      1426,      1493,      1566,      1499
      1261,      1440,      1466,      1551,      1528
      1262,      1497,      1417,      1506,      1568
      1263,      1479,      1439,      1519,      1555
      1264,      1520,      1560,      1481,      1435
      1265,      1492,      1437,      1508,      1561
      1266,      1496,      1434,      1504,      1565
      1267,      1571,      1505,      1430,      1499
      1268,      1485,      1441,      1527,      1567
      1269,      1578,      1511,      1428,      1497
      1270,      1429,      1498,      1580,      1513
      1271,      1461,      1445,      1553,      1570
      1272,      1452,      1478,      1569,      1547
      1273,      1579,      1510,      1438,      1505
      1274,      1546,      1576,      1474,      1447
      1275,      1564,      1542,      1456,      1483
      1276,      1559,      1551,      1466,      1475
      1277,      1504,      1443,      1515,      1574
      1278,      1522,      1573,      1502,      1449
      1279,      1543,      1572,      1489,      1453
      1280,      1575,      1539,      1444,      1500
      1281,      1442,      1510,      1581,      1518
      1282,      1508,      1454,      1523,      1577
      1283,      1585,      1525,      1448,      1513
      1284,      1515,      1455,      1524,      1582
      1285,      1446,      1511,      1591,      1531
      1286,      1586,      1526,      1451,      1518
      1287,      1450,      1516,      1596,      1534
      1288,      1529,      1587,      1524,      1457
      1289,      1594,      1532,      1458,      1526
      1290,      1529,      1462,      1530,      1592
      1291,      1570,      1589,      1491,      1461
      1292,      1459,      1525,      1597,      1537
      1293,      1533,      1595,      1530,      1463
      1294,      1583,      1569,      1478,      1494
      1295,      1523,      1476,      1541,      1590
      1296,      1535,      1598,      1533,      1467
      1297,      1509,      1460,      1558,      1599
      1298,      1538,      1600,      1535,      1469
      1299,      1507,      1479,      1555,      1588
      1300,      1465,      1532,       153,       154
      1301,      1584,      1564,      1483,      1501
      1302,      1522,      1477,      1545,      1593
      1303,      1538,      1471,      1540,      1603
      1304,      1540,      1472,        16,        17
      1305,      1576,      1608,      1490,      1474
      1306,      1503,      1464,      1563,      1613
      1307,      1473,      1537,      1606,      1544
      1308,      1610,      1548,      1468,      1531
      1309,      1470,      1534,      1611,      1549
      1310,      1527,      1482,      1554,      1601
      1311,      1519,      1481,      1560,      1602
      1312,      1567,      1604,      1520,      1485
      1313,      1517,      1627,      1559,      1475
      1314,      1552,      1609,      1541,      1484
      1315,      1614,      1550,      1480,      1544
      1316,      1514,      1489,      1572,      1607
      1317,      1622,      1557,      1486,      1549
      1318,      1500,      1528,      1605,      1575
      1319,      1589,      1616,      1512,      1491
      1320,      1545,      1492,      1561,      1615
      1321,      1620,      1556,      1488,      1550
      1322,      1625,      1562,      1487,      1548
      1323,      1495,      1490,      1608,      1633
      1324,      1612,      1584,      1501,      1521
      1325,      1552,      1496,      1565,      1621
      1326,      1618,      1583,      1494,      1539
      1327,      1628,      1566,      1493,      1556
      1328,      1554,      1502,      1573,      1624
      1329,      1557,      1630,      1568,      1506
      1330,      1599,      1623,      1536,      1509
      1331,      1588,      1626,      1543,      1507
      1332,      1635,      1571,      1499,      1566
      1333,      1619,      1596,      1516,      1542
      1334,      1561,      1508,      1577,      1629
      1335,      1565,      1504,      1574,      1631
      1336,      1498,      1562,      1640,      1580
      1337,      1497,      1568,      1642,      1578
      1338,      1505,      1571,      1641,      1579
      1339,      1616,      1637,      1546,      1512
      1340,      1634,      1612,      1521,      1547
      1341,      1528,      1551,      1632,      1605
      1342,      1555,      1519,      1602,      1636
      1343,      1574,      1515,      1582,      1643
      1344,      1647,      1581,      1510,      1579
      1345,      1604,      1639,      1560,      1520
      1346,      1558,      1503,      1613,      1654
      1347,      1567,      1527,      1601,      1638
      1348,      1651,      1585,      1513,      1580
      1349,      1563,      1514,      1607,      1653
      1350,      1573,      1522,      1593,      1645
      1351,      1656,      1591,      1511,      1578
      1352,      1577,      1523,      1590,      1646
      1353,      1655,      1586,      1518,      1581
      1354,      1495,      1633,      1700,      1517
      1355,      1582,      1524,      1587,      1652
      1356,      1553,      1536,      1623,      1649
      1357,      1659,      1597,      1525,      1585
      1358,      1542,      1564,      1644,      1619
      1359,      1592,      1658,      1587,      1529
      1360,      1526,      1586,      1661,      1594
      1361,      1595,      1660,      1592,      1530
      1362,      1650,      1618,      1539,      1575
      1363,      1598,      1662,      1595,      1533
      1364,      1600,      1664,      1598,      1535
      1365,      1648,      1632,      1551,      1559
      1366,       152,       153,      1532,      1594
      1367,      1603,      1666,      1600,      1538
      1368,      1603,      1540,        17,        18
      1369,      1657,      1634,      1547,      1569
      1370,      1590,      1541,      1609,      1665
      1371,      1537,      1597,      1668,      1606
      1372,      1626,      1663,      1572,      1543
      1373,      1671,      1610,      1531,      1591
      1374,      1534,      1596,      1672,      1611
      1375,      1615,      1667,      1593,      1545
      1376,      1675,      1614,      1544,      1606
      1377,      1570,      1553,      1649,      1673
      1378,      1601,      1554,      1624,      1670
      1379,      1576,      1546,      1637,      1689
      1380,      1621,      1677,      1609,      1552
      1381,      1588,      1555,      1636,      1674
      1382,      1549,      1611,      1684,      1622
      1383,      1627,      1517,      1700,      1617
      1384,      1564,      1584,      1669,      1644
      1385,      1683,      1620,      1550,      1614
      1386,      1548,      1610,      1685,      1625
      1387,      1602,      1560,      1639,      1676
      1388,      1638,      1678,      1604,      1567
      1389,      1615,      1561,      1629,      1682
      1390,      1679,      1657,      1569,      1583
      1391,      1599,      1558,      1654,      1681
      1392,      1687,      1628,      1556,      1620
      1393,      1621,      1565,      1631,      1686
      1394,      1694,      1630,      1557,      1622
      1395,      1575,      1605,      1680,      1650
      1396,      1613,      1563,      1653,      1692
      1397,      1695,      1635,      1566,      1628
      1398,      1673,      1688,      1589,      1570
      1399,      1701,      1640,      1562,      1625
      1400,      1559,      1627,      1699,      1648
      1401,      1607,      1572,      1663,      1691
      1402,      1624,      1573,      1645,      1693
      1403,      1568,      1630,      1703,      1642
      1404,      1631,      1574,      1643,      1697
      1405,      1571,      1635,      1702,      1641
      1406,      1629,      1577,      1646,      1698
      1407,      1690,      1669,      1584,      1612
      1408,      1579,      1641,      1707,      1647
      1409,      1709,      1651,      1580,      1640
      1410,      1696,      1672,      1596,      1619
      1411,      1643,      1582,      1652,      1705
      1412,      1704,      1679,      1583,      1618
      1413,      1578,      1642,      1718,      1656
      1414,      1674,      1706,      1626,      1588
      1415,      1715,      1655,      1581,      1647
      1416,      1688,      1710,      1616,      1589
      1417,      1652,      1587,      1658,      1716
      1418,      1585,      1651,      1720,      1659
      1419,      1638,      1601,      1670,      1708
      1420,      1646,      1590,      1665,      1717
      1421,      1667,      1714,      1645,      1593
      1422,      1586,      1655,      1722,      1661
      1423,      1608,      1576,      1689,      1745
      1424,      1636,      1602,      1676,      1713
      1425,      1681,      1723,      1623,      1599
      1426,      1660,      1721,      1658,      1592
      1427,      1605,      1632,      1711,      1680
      1428,      1678,      1712,      1639,      1604
      1429,      1662,      1724,      1660,      1595
      1430,      1664,      1726,      1662,      1598
      1431,      1594,      1661,       151,       152
      1432,      1666,      1727,      1664,      1600
      1433,      1729,      1668,      1597,      1659
      1434,      1731,      1671,      1591,      1656
      1435,        18,        19,      1666,      1603
      1436,      1612,      1634,      1719,      1690
      1437,      1665,      1609,      1677,      1730
      1438,      1735,      1675,      1606,      1668
      1439,      1619,      1644,      1725,      1696
      1440,      1710,      1728,      1637,      1616
      1441,      1653,      1607,      1691,      1736
      1442,      1654,      1613,      1692,      1734
      1443,      1682,      1733,      1667,      1615
      1444,      1752,      1699,      1627,      1617
      1445,      1611,      1672,      1742,      1684
      1446,      1610,      1671,      1744,      1685
      1447,      1737,      1704,      1618,      1650
      1448,      1614,      1675,      1739,      1683
      1449,      1732,      1711,      1632,      1648
      1450,      1686,      1740,      1677,      1621
      1451,      1670,      1624,      1693,      1738
      1452,      1706,      1743,      1663,      1626
      1453,      1748,      1687,      1620,      1683
      1454,      1634,      1657,      1741,      1719
      1455,      1622,      1684,      1754,      1694
      1456,      1723,      1757,      1649,      1623
      1457,      1682,      1629,      1698,      1749
      1458,      1755,      1695,      1628,      1687
      1459,      1708,      1746,      1678,      1638
      1460,      1686,      1631,      1697,      1753
      1461,      1625,      1685,      1756,      1701
      1462,      1633,      1608,      1745,      1786
      1463,      1674,      1636,      1713,      1751
      1464,      1676,      1639,      1712,      1750
      1465,      1644,      1669,      1747,      1725
      1466,      1760,      1702,      1635,      1695
      1467,      1763,      1703,      1630,      1694
      1468,      1697,      1643,      1705,      1761
      1469,      1693,      1645,      1714,      1759
      1470,      1766,      1709,      1640,      1701
      1471,      1641,      1702,      1767,      1707
      1472,      1681,      1654,      1734,      1758
      1473,      1698,      1646,      1717,      1765
      1474,      1762,      1737,      1650,      1680
      1475,      1642,      1703,      1773,      1718
      1476,      1764,      1741,      1657,      1679
      1477,      1705,      1652,      1716,      1769
      1478,      1770,      1715,      1647,      1707
      1479,      1651,      1709,      1774,      1720
      1480,      1692,      1653,      1736,      1772
      1481,      1689,      1637,      1728,      1803
      1482,      1732,      1648,      1699,      1784
      1483,      1778,      1722,      1655,      1715
      1484,      1721,      1775,      1716,      1658
      1485,      1700,      1806,      1752,      1617
      1486,      1691,      1663,      1743,      1776
      1487,      1768,      1742,      1672,      1696
      1488,      1673,      1649,      1757,      1799
      1489,      1724,      1780,      1721,      1660
      1490,      1771,      1747,      1669,      1690
      1491,      1724,      1662,      1726,      1782
      1492,      1717,      1665,      1730,      1781
      1493,      1659,      1720,      1787,      1729
      1494,      1661,      1722,       150,       151
      1495,      1733,      1779,      1714,      1667
      1496,      1791,      1731,      1656,      1718
      1497,      1727,      1783,      1726,      1664
      1498,        19,        20,      1727,      1666
      1499,      1708,      1670,      1738,      1777
      1500,      1700,      1633,      1786,      1788
      1501,      1746,      1785,      1712,      1678
      1502,      1751,      1790,      1706,      1674
      1503,      1794,      1735,      1668,      1729
      1504,      1713,      1676,      1750,      1789
      1505,      1730,      1677,      1740,      1797
      1506,      1793,      1764,      1679,      1704
      1507,      1804,      1744,      1671,      1731
      1508,      1675,      1735,      1801,      1739
      1509,      1796,      1762,      1680,      1711
      1510,      1733,      1682,      1749,      1800
      1511,      1758,      1812,      1723,      1681
      1512,      1683,      1739,      1808,      1748
      1513,      1798,      1768,      1696,      1725
      1514,      1690,      1719,      1802,      1771
      1515,      1753,      1805,      1740,      1686
      1516,      1684,      1742,      1810,      1754
      1517,      1738,      1693,      1759,      1807
      1518,      1685,      1744,      1819,      1756
      1519,      1814,      1755,      1687,      1748
      1520,      1799,      1853,      1688,      1673
      1521,      1734,      1692,      1772,      1811
      1522,      1736,      1691,      1776,      1818
      1523,      1753,      1697,      1761,      1815
      1524,      1749,      1698,      1765,      1816
      1525,      1821,      1760,      1695,      1755
      1526,      1694,      1754,      1824,      1763
      1527,      1813,      1728,      1710,      1795
      1528,      1688,      1853,      1795,      1710
      1529,      1809,      1796,      1711,      1732
      1530,      1746,      1708,      1777,      1817
      1531,      1829,      1766,      1701,      1756
      1532,      1820,      1793,      1704,      1737
      1533,      1830,      1767,      1702,      1760
      1534,      1790,      1825,      1743,      1706
      1535,      1761,      1705,      1769,      1827
      1536,      1750,      1712,      1785,      1822
      1537,      1784,      1699,      1752,      1842
      1538,      1751,      1713,      1789,      1826
      1539,      1836,      1773,      1703,      1763
      1540,      1834,      1770,      1707,      1767
      1541,      1759,      1714,      1779,      1831
      1542,      1719,      1741,      1828,      1802
      1543,      1835,      1774,      1709,      1766
      1544,      1823,      1798,      1725,      1747
      1545,      1765,      1717,      1781,      1833
      1546,      1769,      1716,      1792,      1832
      1547,      1715,      1770,      1841,      1778
      1548,      1775,      1837,      1792,      1716
      1549,      1780,      1840,      1775,      1721
      1550,      1745,      1689,      1803,      1877
      1551,      1720,      1774,      1845,      1787
      1552,      1780,      1724,      1782,      1844
      1553,      1850,      1791,      1718,      1773
      1554,       149,       150,      1722,      1778
      1555,      1782,      1726,      1783,      1846
      1556,        20,        21,      1783,      1727
      1557,      1758,      1734,      1811,      1839
      1558,      1781,      1730,      1797,      1849
      1559,      1854,      1794,      1729,      1787
      1560,      1865,      1806,      1700,      1788
      1561,      1779,      1733,      1800,      1851
      1562,      1812,      1867,      1757,      1723
      1563,      1843,      1810,      1742,      1768
      1564,      1737,      1762,      1847,      1820
      1565,      1777,      1738,      1807,      1848
      1566,      1731,      1791,      1862,      1804
      1567,      1772,      1736,      1818,      1857
      1568,      1855,      1828,      1741,      1764
      1569,      1859,      1801,      1735,      1794
      1570,      1784,      1868,      1809,      1732
      1571,      1852,      1823,      1747,      1771
      1572,      1797,      1740,      1805,      1860
      1573,      1785,      1746,      1817,      1856
      1574,      1776,      1743,      1825,      1863
      1575,      1739,      1801,      1866,      1808
      1576,      1789,      1750,      1822,      1861
      1577,      1826,      1864,      1790,      1751
      1578,      1885,      1803,      1728,      1813
      1579,      1816,      1869,      1800,      1749
      1580,      1875,      1819,      1744,      1804
      1581,      1872,      1814,      1748,      1808
      1582,      1815,      1871,      1805,      1753
      1583,      1802,      1858,      1838,      1771
      1584,      1878,      1821,      1755,      1814
      1585,      1754,      1810,      1880,      1824
      1586,      1807,      1759,      1831,      1874
      1587,      1768,      1798,      1870,      1843
      1588,      1762,      1796,      1873,      1847
      1589,      1815,      1761,      1827,      1879
      1590,      1883,      1829,      1756,      1819
      1591,      1876,      1855,      1764,      1793
      1592,      1758,      1839,      1881,      1812
      1593,      1886,      1830,      1760,      1821
      1594,      1842,      1752,      1806,      1905
      1595,      1816,      1765,      1833,      1884
      1596,      1827,      1769,      1832,      1888
      1597,      1763,      1824,      1896,      1836
      1598,      1892,      1834,      1767,      1830
      1599,      1766,      1829,      1893,      1835
      1600,      1848,      1887,      1817,      1777
      1601,      1811,      1772,      1857,      1890
      1602,      1799,      1757,      1867,      1922
      1603,      1852,      1771,      1838,      1882
      1604,      1770,      1834,      1900,      1841
      1605,      1837,      1775,      1840,      1897
      1606,      1895,      1832,      1792,      1837
      1607,      1822,      1785,      1856,      1894
      1608,      1831,      1779,      1851,      1899
      1609,      1818,      1776,      1863,      1901
      1610,      1907,      1845,      1774,      1835
      1611,      1908,      1813,      1795,      1853
      1612,      1833,      1781,      1849,      1903
      1613,      1844,      1904,      1840,      1780
      1614,      1786,      1745,      1877,      1954
      1615,      1911,      1850,      1773,      1836
      1616,      1778,      1841,       148,       149
      1617,      1844,      1782,      1846,      1909
      1618,      1891,      1873,      1796,      1809
      1619,      1826,      1789,      1861,      1902
      1620,      1889,      1858,      1802,      1828
      1621,      1846,      1783,        21,        22
      1622,      1864,      1906,      1825,      1790
      1623,      1798,      1823,      1898,      1870
      1624,      1912,      1854,      1787,      1845
      1625,      1910,      1876,      1793,      1820
      1626,      1786,      1964,      1865,      1788
      1627,      1842,      1923,      1868,      1784
      1628,      1849,      1797,      1860,      1913
      1629,      1791,      1850,      1921,      1862
      1630,      1794,      1854,      1918,      1859
      1631,      1869,      1919,      1851,      1800
      1632,      1848,      1807,      1874,      1916
      1633,      1914,      1880,      1810,      1843
      1634,      1924,      1866,      1801,      1859
      1635,      1839,      1811,      1890,      1915
      1636,      1860,      1805,      1871,      1925
      1637,      1804,      1862,      1931,      1875
      1638,      1930,      1872,      1808,      1866
      1639,      1920,      1889,      1828,      1855
      1640,      1887,      1927,      1856,      1817
      1641,      1812,      1881,      1928,      1867
      1642,      1858,      1917,      1882,      1838
      1643,      1926,      1898,      1823,      1852
      1644,      1820,      1847,      1929,      1910
      1645,      1879,      1933,      1871,      1815
      1646,      1884,      1934,      1869,      1816
      1647,      1814,      1872,      1937,      1878
      1648,      1861,      1822,      1894,      1932
      1649,      1857,      1818,      1901,      1935
      1650,      1868,      1945,      1891,      1809
      1651,      1939,      1883,      1819,      1875
      1652,      1957,      1877,      1803,      1885
      1653,      1902,      1936,      1864,      1826
      1654,      1863,      1825,      1906,      1938
      1655,      1943,      1886,      1821,      1878
      1656,      1905,      1806,      1865,      1964
      1657,      1879,      1827,      1888,      1941
      1658,      1922,      1975,      1853,      1799
      1659,      1874,      1831,      1899,      1942
      1660,      1824,      1880,      1946,      1896
      1661,      1829,      1883,      1949,      1893
      1662,      1951,      1892,      1830,      1886
      1663,      1888,      1832,      1895,      1948
      1664,      1968,      1885,      1813,      1908
      1665,      1843,      1870,      1940,      1914
      1666,      1884,      1833,      1903,      1950
      1667,      1895,      1837,      1897,      1956
      1668,      1960,      1900,      1834,      1892
      1669,      1835,      1893,      1962,      1907
      1670,      1839,      1915,      1953,      1881
      1671,      1944,      1920,      1855,      1876
      1672,      1904,      1961,      1897,      1840
      1673,      1965,      1911,      1836,      1896
      1674,      1841,      1900,       147,       148
      1675,      1847,      1873,      1955,      1929
      1676,      1909,      1963,      1904,      1844
      1677,      1916,      1959,      1887,      1848
      1678,      1947,      1917,      1858,      1889
      1679,      1909,      1846,        22,        23
      1680,      1852,      1882,      1958,      1926
      1681,      1969,      1912,      1845,      1907
      1682,      1903,      1849,      1913,      1967
      1683,      1899,      1851,      1919,      1970
      1684,      1894,      1856,      1927,      1966
      1685,      1980,      1921,      1850,      1911
      1686,      1905,      1987,      1923,      1842
      1687,      1890,      1857,      1935,      1971
      1688,      1854,      1912,      1978,      1918
      1689,      1902,      1861,      1932,      1976
      1690,      1901,      1863,      1938,      1979
      1691,      1913,      1860,      1925,      1982
      1692,      1936,      1981,      1906,      1864
      1693,      1870,      1898,      1973,      1940
      1694,      1859,      1918,      1983,      1924
      1695,      1867,      1928,      1974,      1922
      1696,      1972,      1955,      1873,      1891
      1697,      1908,      1853,      1952,      1993
      1698,      1862,      1921,      1991,      1931
      1699,      1977,      1944,      1876,      1910
      1700,      1934,      1986,      1919,      1869
      1701,      1995,      1930,      1866,      1924
      1702,      1925,      1871,      1933,      1992
      1703,      1916,      1874,      1942,      1989
      1704,      1985,      1946,      1880,      1914
      1705,      1786,      1954,      2034,      1964
      1706,      1923,      2002,      1945,      1868
      1707,      1984,      1947,      1889,      1920
      1708,      1872,      1930,      1997,      1937
      1709,      1882,      1917,      1988,      1958
      1710,      2000,      1939,      1875,      1931
      1711,      1881,      1953,      1990,      1928
      1712,      1941,      1999,      1933,      1879
      1713,      1959,      1998,      1927,      1887
      1714,      1878,      1937,      2005,      1943
      1715,      1915,      1890,      1971,      1996
      1716,      1934,      1884,      1950,      2004
      1717,      2008,      1949,      1883,      1939
      1718,      1941,      1888,      1948,      2007
      1719,      2009,      1951,      1886,      1943
      1720,      2001,      1973,      1898,      1926
      1721,      1932,      1894,      1966,      2006
      1722,      1975,      2027,      1952,      1853
      1723,      1910,      1929,      2003,      1977
      1724,      1948,      1895,      1956,      2010
      1725,      2029,      1954,      1877,      1957
      1726,      2016,      1960,      1892,      1951
      1727,      1893,      1949,      2018,      1962
      1728,      1936,      1902,      1976,      2012
      1729,      1935,      1901,      1979,      2011
      1730,      1942,      1899,      1970,      2014
      1731,      1961,      2017,      1956,      1897
      1732,      2023,      1965,      1896,      1946
      1733,      1945,      2024,      1972,      1891
      1734,      1938,      1906,      1981,      2015
      1735,      1950,      1903,      1967,      2021
      1736,      1963,      2022,      1961,      1904
      1737,      2036,      1957,      1885,      1968
      1738,       146,       147,      1900,      1960
      1739,        23,        24,      1963,      1909
      1740,      1915,      1996,      1994,      1953
      1741,      2028,      1969,      1907,      1962
      1742,      2019,      1985,      1914,      1940
      1743,      2013,      1984,      1920,      1944
      1744,      1917,      1947,      2020,      1988
      1745,      1911,      1965,      2038,      1980
      1746,      2037,      1978,      1912,      1969
      1747,      1967,      1913,      1982,      2035
      1748,      1959,      1916,      1989,      2031
      1749,      1922,      1974,      2032,      1975
      1750,      1964,      2050,      1987,      1905
      1751,      2052,      1968,      1908,      1993
      1752,      1926,      1958,      2030,      2001
      1753,      1970,      1919,      1986,      2039
      1754,      1928,      1990,      2026,      1974
      1755,      1929,      1955,      2033,      2003
      1756,      1918,      1978,      2041,      1983
      1757,      1966,      1927,      1998,      2040
      1758,      2047,      1991,      1921,      1980
      1759,      1982,      1925,      1992,      2042
      1760,      2048,      1995,      1924,      1983
      1761,      1990,      1953,      1994,      2025
      1762,      1923,      1987,      2046,      2002
      1763,      1976,      1932,      2006,      2045
      1764,      1971,      1935,      2011,      2044
      1765,      2058,      1997,      1930,      1995
      1766,      1992,      1933,      1999,      2056
      1767,      2060,      2000,      1931,      1991
      1768,      2043,      2013,      1944,      1977
      1769,      1981,      1936,      2012,      2055
      1770,      1986,      1934,      2004,      2057
      1771,      2053,      2019,      1940,      1973
      1772,      1979,      1938,      2015,      2054
      1773,      1947,      1984,      2051,      2020
      1774,      1937,      1997,      2064,      2005
      1775,      2049,      2033,      1955,      1972
      1776,      1989,      1942,      2014,      2062
      1777,      2007,      2063,      1999,      1941
      1778,      2059,      2023,      1946,      1985
      1779,      1939,      2000,      2066,      2008
      1780,      2067,      2009,      1943,      2005
      1781,      1958,      1988,      2061,      2030
      1782,      2007,      1948,      2010,      2069
      1783,      2021,      2070,      2004,      1950
      1784,      2080,      1993,      1952,      2027
      1785,      2002,      2077,      2024,      1945
      1786,      2074,      2018,      1949,      2008
      1787,      2075,      2016,      1951,      2009
      1788,      1998,      1959,      2031,      2071
      1789,      2010,      1956,      2017,      2072
      1790,      2065,      2025,      1994,      1996
      1791,      2022,      2076,      2017,      1961
      1792,      1996,      1971,      2044,      2068
      1793,       145,       146,      1960,      2016
      1794,        24,        25,      2022,      1963
      1795,      2083,      2028,      1962,      2018
      1796,      2006,      1966,      2040,      2079
      1797,      1977,      2003,      2073,      2043
      1798,      2021,      1967,      2035,      2084
      1799,      2082,      2053,      1973,      2001
      1800,      2014,      1970,      2039,      2086
      1801,      1965,      2023,      2091,      2038
      1802,      2095,      2034,      1954,      2029
      1803,      2096,      2029,      1957,      2036
      1804,      1974,      2026,      2089,      2032
      1805,      1975,      2032,      2088,      2027
      1806,      2045,      2087,      2012,      1976
      1807,      1990,      2025,      2078,      2026
      1808,      1969,      2028,      2093,      2037
      1809,      2011,      1979,      2054,      2090
      1810,      2081,      2051,      1984,      2013
      1811,      2015,      1981,      2055,      2092
      1812,      1988,      2020,      2085,      2061
      1813,      2049,      1972,      2024,      2102
      1814,      2098,      2041,      1978,      2037
      1815,      1985,      2019,      2094,      2059
      1816,      2035,      1982,      2042,      2097
      1817,      2034,      2105,      2050,      1964
      1818,      2107,      2036,      1968,      2052
      1819,      1980,      2038,      2100,      2047
      1820,      2062,      2099,      2031,      1989
      1821,      2104,      2048,      1983,      2041
      1822,      2039,      1986,      2057,      2103
      1823,      2042,      1992,      2056,      2106
      1824,      2110,      2060,      1991,      2047
      1825,      1995,      2048,      2109,      2058
      1826,      2003,      2033,      2101,      2073
      1827,      2050,      2130,      2046,      1987
      1828,      2040,      1998,      2071,      2108
      1829,      2056,      1999,      2063,      2113
      1830,      2116,      2064,      1997,      2058
      1831,      2000,      2060,      2118,      2066
      1832,      2134,      2082,      2001,      2030
      1833,      2045,      2006,      2079,      2114
      1834,      2129,      2052,      1993,      2080
      1835,      2070,      2117,      2057,      2004
      1836,      2111,      2081,      2013,      2043
      1837,      2077,      2002,      2046,      2130
      1838,      1996,      2068,      2133,      2065
      1839,      2123,      2067,      2005,      2064
      1840,      2069,      2119,      2063,      2007
      1841,      2044,      2011,      2090,      2115
      1842,      2020,      2051,      2112,      2085
      1843,      2087,      2122,      2055,      2012
      1844,      2008,      2066,      2131,      2074
      1845,      2054,      2015,      2092,      2124
      1846,      2069,      2010,      2072,      2127
      1847,      2009,      2067,      2132,      2075
      1848,      2019,      2053,      2125,      2094
      1849,      2121,      2091,      2023,      2059
      1850,      2062,      2014,      2086,      2126
      1851,      2025,      2065,      2128,      2078
      1852,      2072,      2017,      2076,      2135
      1853,      2120,      2101,      2033,      2049
      1854,       144,       145,      2016,      2075
      1855,      2084,      2136,      2070,      2021
      1856,      2137,      2083,      2018,      2074
      1857,        25,        26,      2076,      2022
      1858,      2026,      2078,      2138,      2089
      1859,      2027,      2088,      2139,      2080
      1860,      2099,      2141,      2071,      2031
      1861,      2028,      2083,      2145,      2093
      1862,      2032,      2089,      2143,      2088
      1863,      2084,      2035,      2097,      2147
      1864,      2102,      2024,      2077,      2156
      1865,      2068,      2044,      2115,      2140
      1866,      2043,      2073,      2142,      2111
      1867,      2037,      2093,      2150,      2098
      1868,      2153,      2095,      2029,      2096
      1869,      2079,      2040,      2108,      2148
      1870,      2038,      2091,      2151,      2100
      1871,      2086,      2039,      2103,      2149
      1872,      2144,      2112,      2051,      2081
      1873,      2162,      2105,      2034,      2095
      1874,      2161,      2096,      2036,      2107
      1875,      2180,      2134,      2030,      2061
      1876,      2157,      2104,      2041,      2098
      1877,      2114,      2152,      2087,      2045
      1878,      2097,      2042,      2106,      2154
      1879,      2158,      2125,      2053,      2082
      1880,      2090,      2054,      2124,      2155
      1881,      2163,      2110,      2047,      2100
      1882,      2092,      2055,      2122,      2159
      1883,      2048,      2104,      2164,      2109
      1884,      2059,      2094,      2160,      2121
      1885,      2106,      2056,      2113,      2165
      1886,      2103,      2057,      2117,      2166
      1887,      2058,      2109,      2168,      2116
      1888,      2120,      2049,      2102,      2177
      1889,      2126,      2167,      2099,      2062
      1890,      2171,      2118,      2060,      2110
      1891,      2105,      2176,      2130,      2050
      1892,      2175,      2107,      2052,      2129
      1893,      2061,      2085,      2146,      2180
      1894,      2113,      2063,      2119,      2172
      1895,      2174,      2123,      2064,      2116
      1896,      2073,      2101,      2169,      2142
      1897,      2066,      2118,      2181,      2131
      1898,      2127,      2178,      2119,      2069
      1899,      2108,      2071,      2141,      2179
      1900,      2067,      2123,      2183,      2132
      1901,      2136,      2182,      2117,      2070
      1902,      2173,      2144,      2081,      2111
      1903,      2112,      2170,      2146,      2085
      1904,      2065,      2133,      2193,      2128
      1905,      2127,      2072,      2135,      2184
      1906,      2075,      2132,       143,       144
      1907,      2188,      2137,      2074,      2131
      1908,      2114,      2079,      2148,      2187
      1909,      2135,      2076,        26,        27
      1910,      2078,      2128,      2189,      2138
      1911,      2080,      2139,      2192,      2129
      1912,      2068,      2140,      2200,      2133
      1913,      2115,      2090,      2155,      2185
      1914,      2186,      2151,      2091,      2121
      1915,      2152,      2191,      2122,      2087
      1916,      2126,      2086,      2149,      2194
      1917,      2136,      2084,      2147,      2197
      1918,      2198,      2145,      2083,      2137
      1919,      2089,      2138,      2201,      2143
      1920,      2088,      2143,      2202,      2139
      1921,      2124,      2092,      2159,      2196
      1922,      2156,      2077,      2130,      2210
      1923,      2094,      2125,      2199,      2160
      1924,      2082,      2134,      2203,      2158
      1925,      2195,      2169,      2101,      2120
      1926,      2093,      2145,      2204,      2150
      1927,      2147,      2097,      2154,      2206
      1928,      2167,      2209,      2141,      2099
      1929,      2211,      2157,      2098,      2150
      1930,      2214,      2153,      2096,      2161
      1931,      2215,      2162,      2095,      2153
      1932,      2205,      2170,      2112,      2144
      1933,      2213,      2163,      2100,      2151
      1934,      2111,      2142,      2207,      2173
      1935,      2149,      2103,      2166,      2212
      1936,      2217,      2164,      2104,      2157
      1937,      2154,      2106,      2165,      2216
      1938,      2140,      2115,      2185,      2208
      1939,      2121,      2160,      2190,      2186
      1940,      2148,      2108,      2179,      2219
      1941,      2109,      2164,      2218,      2168
      1942,      2223,      2161,      2107,      2175
      1943,      2224,      2176,      2105,      2162
      1944,      2110,      2163,      2221,      2171
      1945,      2177,      2102,      2156,      2235
      1946,      2165,      2113,      2172,      2220
      1947,      2152,      2114,      2187,      2222
      1948,      2228,      2174,      2116,      2168
      1949,      2166,      2117,      2182,      2229
      1950,      2159,      2122,      2191,      2226
      1951,      2155,      2124,      2196,      2227
      1952,      2172,      2119,      2178,      2231
      1953,      2232,      2181,      2118,      2171
      1954,      2234,      2199,      2125,      2158
      1955,      2236,      2183,      2123,      2174
      1956,      2167,      2126,      2194,      2233
      1957,      2230,      2180,      2146,      2170
      1958,      2184,      2237,      2178,      2127
      1959,      2240,      2188,      2131,      2181
      1960,      2132,      2183,       142,       143
      1961,      2129,      2192,      2242,      2175
      1962,      2184,      2135,        27,        28
      1963,      2195,      2120,      2177,      2247
      1964,      2182,      2136,      2197,      2241
      1965,      2142,      2169,      2239,      2207
      1966,      2134,      2180,      2243,      2203
      1967,      2238,      2205,      2144,      2173
      1968,      2128,      2193,      2248,      2189
      1969,      2137,      2188,      2245,      2198
      1970,      2199,      2225,      2190,      2160
      1971,      2210,      2130,      2176,      2259
      1972,      2179,      2141,      2209,      2244
      1973,      2133,      2200,      2254,      2193
      1974,      2138,      2189,      2249,      2201
      1975,      2139,      2202,      2250,      2192
      1976,      2143,      2201,      2256,      2202
      1977,      2255,      2204,      2145,      2198
      1978,      2206,      2251,      2197,      2147
      1979,      2246,      2213,      2151,      2186
      1980,      2140,      2208,      2262,      2200
      1981,      2194,      2149,      2212,      2257
      1982,      2187,      2148,      2219,      2266
      1983,      2185,      2155,      2227,      2252
      1984,      2261,      2211,      2150,      2204
      1985,      2191,      2152,      2222,      2260
      1986,      2206,      2154,      2216,      2265
      1987,      2196,      2159,      2226,      2264
      1988,      2267,      2215,      2153,      2214
      1989,      2157,      2211,      2268,      2217
      1990,      2253,      2186,      2190,      2225
      1991,      2258,      2239,      2169,      2195
      1992,      2158,      2203,      2270,      2234
      1993,      2263,      2230,      2170,      2205
      1994,      2271,      2214,      2161,      2223
      1995,      2272,      2224,      2162,      2215
      1996,      2163,      2213,      2274,      2221
      1997,      2277,      2218,      2164,      2217
      1998,      2216,      2165,      2220,      2275
      1999,      2209,      2167,      2233,      2276
      2000,      2212,      2166,      2229,      2278
      2001,      2173,      2207,      2269,      2238
      2002,      2235,      2156,      2210,      2286
      2003,      2280,      2228,      2168,      2218
      2004,      2220,      2172,      2231,      2281
      2005,      2171,      2221,      2282,      2232
      2006,      2208,      2185,      2252,      2273
      2007,      2174,      2228,      2283,      2236
      2008,      2231,      2178,      2237,      2284
      2009,      2279,      2225,      2199,      2234
      2010,      2175,      2242,      2289,      2223
      2011,      2285,      2243,      2180,      2230
      2012,      2229,      2182,      2241,      2287
      2013,      2288,      2240,      2181,      2232
      2014,      2219,      2179,      2244,      2290
      2015,       141,       142,      2183,      2236
      2016,        28,        29,      2237,      2184
      2017,      2224,      2299,      2259,      2176
      2018,      2266,      2291,      2222,      2187
      2019,      2247,      2177,      2235,      2306
      2020,      2188,      2240,      2296,      2245
      2021,      2226,      2191,      2260,      2294
      2022,      2257,      2293,      2233,      2194
      2023,      2227,      2196,      2264,      2297
      2024,      2251,      2300,      2241,      2197
      2025,      2303,      2246,      2186,      2253
      2026,      2192,      2250,      2304,      2242
      2027,      2292,      2263,      2205,      2238
      2028,      2189,      2248,      2307,      2249
      2029,      2250,      2202,      2256,      2295
      2030,      2198,      2245,      2301,      2255
      2031,      2193,      2254,      2308,      2248
      2032,      2207,      2239,      2298,      2269
      2033,      2201,      2249,      2309,      2256
      2034,      2247,      2314,      2258,      2195
      2035,      2203,      2243,      2302,      2270
      2036,      2200,      2262,      2313,      2254
      2037,      2310,      2261,      2204,      2255
      2038,      2265,      2311,      2251,      2206
      2039,      2244,      2209,      2276,      2312
      2040,      2305,      2274,      2213,      2246
      2041,      2211,      2261,      2316,      2268
      2042,      2257,      2212,      2278,      2315
      2043,      2208,      2273,      2325,      2262
      2044,      2318,      2267,      2214,      2271
      2045,      2319,      2272,      2215,      2267
      2046,      2265,      2216,      2275,      2322
      2047,      2323,      2253,      2225,      2279
      2048,      2217,      2268,      2324,      2277
      2049,      2286,      2210,      2259,      2341
      2050,      2320,      2285,      2230,      2263
      2051,      2317,      2279,      2234,      2270
      2052,      2252,      2227,      2297,      2321
      2053,      2291,      2326,      2260,      2222
      2054,      2329,      2280,      2218,      2277
      2055,      2275,      2220,      2281,      2328
      2056,      2221,      2274,      2331,      2282
      2057,      2264,      2226,      2294,      2333
      2058,      2223,      2289,      2332,      2271
      2059,      2327,      2298,      2239,      2258
      2060,      2266,      2219,      2290,      2342
      2061,      2278,      2229,      2287,      2334
      2062,      2228,      2280,      2335,      2283
      2063,      2238,      2269,      2330,      2292
      2064,      2281,      2231,      2284,      2336
      2065,      2272,      2340,      2299,      2224
      2066,      2293,      2338,      2276,      2233
      2067,      2339,      2288,      2232,      2282
      2068,      2236,      2283,       140,       141
      2069,      2284,      2237,        29,        30
      2070,      2344,      2296,      2240,      2288
      2071,      2343,      2302,      2243,      2285
      2072,      2287,      2241,      2300,      2345
      2073,      2273,      2252,      2321,      2337
      2074,      2306,      2235,      2286,      2360
      2075,      2245,      2296,      2347,      2301
      2076,      2242,      2304,      2355,      2289
      2077,      2290,      2244,      2312,      2364
      2078,      2351,      2305,      2246,      2303
      2079,      2311,      2353,      2300,      2251
      2080,      2315,      2352,      2293,      2257
      2081,      2304,      2250,      2295,      2370
      2082,      2354,      2310,      2255,      2301
      2083,      2309,      2370,      2295,      2256
      2084,      2248,      2308,      2362,      2307
      2085,      2348,      2320,      2263,      2292
      2086,      2249,      2307,      2363,      2309
      2087,      2294,      2260,      2326,      2346
      2088,      2306,      2372,      2314,      2247
      2089,      2359,      2303,      2253,      2323
      2090,      2254,      2313,      2367,      2308
      2091,      2350,      2317,      2270,      2302
      2092,      2365,      2316,      2261,      2310
      2093,      2269,      2298,      2356,      2330
      2094,      2297,      2264,      2333,      2368
      2095,      2342,      2361,      2291,      2266
      2096,      2311,      2265,      2322,      2369
      2097,      2357,      2319,      2267,      2318
      2098,      2262,      2325,      2375,      2313
      2099,      2299,      2374,      2341,      2259
      2100,      2366,      2331,      2274,      2305
      2101,      2314,      2382,      2327,      2258
      2102,      2268,      2316,      2373,      2324
      2103,      2358,      2323,      2279,      2317
      2104,      2271,      2332,      2371,      2318
      2105,      2322,      2275,      2328,      2378
      2106,      2312,      2276,      2338,      2376
      2107,      2315,      2278,      2334,      2377
      2108,      2277,      2324,      2381,      2329
      2109,      2319,      2383,      2340,      2272
      2110,      2386,      2325,      2273,      2337
      2111,      2379,      2343,      2285,      2320
      2112,      2385,      2335,      2280,      2329
      2113,      2328,      2281,      2336,      2384
      2114,      2387,      2339,      2282,      2331
      2115,      2283,      2335,       139,       140
      2116,      2336,      2284,        30,        31
      2117,      2321,      2297,      2349,      2380
      2118,      2334,      2287,      2345,      2393
      2119,      2292,      2330,      2389,      2348
      2120,      2361,      2388,      2326,      2291
      2121,      2288,      2339,      2394,      2344
      2122,      2333,      2294,      2346,      2391
      2123,      2390,      2356,      2298,      2327
      2124,      2289,      2355,      2392,      2332
      2125,      2352,      2396,      2338,      2293
      2126,      2395,      2350,      2302,      2343
      2127,      2398,      2347,      2296,      2344
      2128,      2345,      2300,      2353,      2401
      2129,      2360,      2286,      2341,      2418
      2130,      2342,      2290,      2364,      2414
      2131,      2340,      2404,      2374,      2299
      2132,      2368,      2400,      2349,      2297
      2133,      2406,      2354,      2301,      2347
      2134,      2337,      2321,      2380,      2397
      2135,      2402,      2351,      2303,      2359
      2136,      2403,      2358,      2317,      2350
      2137,      2411,      2366,      2305,      2351
      2138,      2310,      2354,      2412,      2365
      2139,      2353,      2311,      2369,      2413
      2140,      2307,      2362,      2415,      2363
      2141,      2318,      2371,      2405,      2357
      2142,      2408,      2359,      2323,      2358
      2143,      2308,      2367,      2419,      2362
      2144,      2309,      2363,      2420,      2370
      2145,      2429,      2355,      2304,      2370
      2146,      2410,      2379,      2320,      2348
      2147,      2360,      2425,      2372,      2306
      2148,      2352,      2315,      2377,      2416
      2149,      2346,      2326,      2388,      2407
      2150,      2421,      2373,      2316,      2365
      2151,      2357,      2417,      2383,      2319
      2152,      2364,      2312,      2376,      2430
      2153,      2313,      2375,      2428,      2367
      2154,      2378,      2427,      2369,      2322
      2155,      2372,      2434,      2382,      2314
      2156,      2431,      2381,      2324,      2373
      2157,      2330,      2356,      2423,      2389
      2158,      2426,      2387,      2331,      2366
      2159,      2332,      2392,      2422,      2371
      2160,      2368,      2333,      2391,      2432
      2161,      2438,      2375,      2325,      2386
      2162,      2378,      2328,      2384,      2435
      2163,      2342,      2414,      2399,      2361
      2164,      2329,      2381,      2437,      2385
      2165,      2382,      2442,      2390,      2327
      2166,      2377,      2334,      2393,      2440
      2167,      2341,      2374,      2409,      2418
      2168,      2436,      2395,      2343,      2379
      2169,       138,       139,      2335,      2385
      2170,      2384,      2336,        31,        32
      2171,      2376,      2338,      2396,      2441
      2172,      2339,      2387,      2445,      2394
      2173,      2447,      2386,      2337,      2397
      2174,      2383,      2443,      2404,      2340
      2175,      2439,      2380,      2349,      2400
      2176,      2433,      2388,      2361,      2399
      2177,      2344,      2394,      2451,      2398
      2178,      2393,      2345,      2401,      2450
      2179,      2391,      2346,      2407,      2446
      2180,      2355,      2429,      2424,      2392
      2181,      2348,      2389,      2448,      2410
      2182,      2449,      2403,      2350,      2395
      2183,      2457,      2406,      2347,      2398
      2184,      2452,      2423,      2356,      2390
      2185,      2374,      2404,      2444,      2409
      2186,      2455,      2402,      2359,      2408
      2187,      2456,      2408,      2358,      2403
      2188,      2396,      2352,      2416,      2458
      2189,      2459,      2411,      2351,      2402
      2190,      2401,      2353,      2413,      2460
      2191,      2354,      2406,      2462,      2412
      2192,      2405,      2461,      2417,      2357
      2193,      2371,      2422,      2453,      2405
      2194,      2432,      2463,      2400,      2368
      2195,      2365,      2412,      2468,      2421
      2196,      2362,      2419,      2470,      2415
      2197,      2363,      2415,      2471,      2420
      2198,      2469,      2426,      2366,      2411
      2199,      2397,      2380,      2439,      2465
      2200,      2427,      2472,      2413,      2369
      2201,      2414,      2364,      2430,      2478
      2202,      2418,      2479,      2425,      2360
      2203,      2367,      2428,      2474,      2419
      2204,      2407,      2388,      2433,      2464
      2205,      2422,      2392,      2424,      2454
      2206,      2467,      2436,      2379,      2410
      2207,      2370,      2420,      2477,      2429
      2208,      2476,      2431,      2373,      2421
      2209,      2425,      2485,      2434,      2372
      2210,      2440,      2480,      2416,      2377
      2211,      2435,      2481,      2427,      2378
      2212,      2417,      2473,      2443,      2383
      2213,      2466,      2433,      2399,      2414
      2214,      2486,      2428,      2375,      2438
      2215,      2482,      2437,      2381,      2431
      2216,      2430,      2376,      2441,      2491
      2217,      2483,      2445,      2387,      2426
      2218,      2435,      2384,        32,        33
      2219,      2385,      2437,       137,       138
      2220,      2434,      2492,      2442,      2382
      2221,      2389,      2423,      2484,      2448
      2222,      2475,      2418,      2409,      2444
      2223,      2432,      2391,      2446,      2489
      2224,      2490,      2449,      2395,      2436
      2225,      2494,      2438,      2386,      2447
      2226,      2440,      2393,      2450,      2493
      2227,      2443,      2488,      2444,      2404
      2228,      2442,      2500,      2452,      2390
      2229,      2394,      2445,      2496,      2451
      2230,      2487,      2454,      2424,      2429
      2231,      2463,      2497,      2439,      2400
      2232,      2441,      2396,      2458,      2499
      2233,      2498,      2456,      2403,      2449
      2234,      2503,      2457,      2398,      2451
      2235,      2501,      2455,      2408,      2456
      2236,      2509,      2447,      2397,      2465
      2237,      2446,      2407,      2464,      2502
      2238,      2422,      2454,      2495,      2453
      2239,      2450,      2401,      2460,      2506
      2240,      2453,      2505,      2461,      2405
      2241,      2402,      2455,      2507,      2459
      2242,      2410,      2448,      2504,      2467
      2243,      2508,      2462,      2406,      2457
      2244,      2512,      2469,      2411,      2459
      2245,      2412,      2462,      2513,      2468
      2246,      2460,      2413,      2472,      2514
      2247,      2461,      2511,      2473,      2417
      2248,      2510,      2484,      2423,      2452
      2249,      2464,      2433,      2466,      2515
      2250,      2480,      2516,      2458,      2416
      2251,      2415,      2470,      2517,      2471
      2252,      2466,      2414,      2478,      2523
      2253,      2419,      2474,      2518,      2470
      2254,      2421,      2468,      2519,      2476
      2255,      2420,      2471,      2521,      2477
      2256,      2489,      2520,      2463,      2432
      2257,      2524,      2483,      2426,      2469
      2258,      2475,      2531,      2479,      2418
      2259,      2481,      2525,      2472,      2427
      2260,      2522,      2490,      2436,      2467
      2261,      2529,      2482,      2431,      2476
      2262,      2532,      2474,      2428,      2486
      2263,      2429,      2477,      2530,      2487
      2264,      2479,      2533,      2485,      2425
      2265,      2465,      2439,      2497,      2528
      2266,      2473,      2526,      2488,      2443
      2267,      2478,      2430,      2491,      2534
      2268,      2488,      2527,      2475,      2444
      2269,      2481,      2435,        33,        34
      2270,       136,       137,      2437,      2482
      2271,      2493,      2536,      2480,      2440
      2272,      2485,      2540,      2492,      2434
      2273,      2535,      2496,      2445,      2483
      2274,      2542,      2486,      2438,      2494
      2275,      2454,      2487,      2538,      2495
      2276,      2537,      2498,      2449,      2490
      2277,      2491,      2441,      2499,      2543
      2278,      2448,      2484,      2539,      2504
      2279,      2489,      2446,      2502,      2541
      2280,      2492,      2545,      2500,      2442
      2281,      2495,      2544,      2505,      2453
      2282,      2546,      2503,      2451,      2496
      2283,      2493,      2450,      2506,      2548
      2284,      2547,      2501,      2456,      2498
      2285,      2551,      2494,      2447,      2509
      2286,      2549,      2507,      2455,      2501
      2287,      2510,      2452,      2500,      2559
      2288,      2457,      2503,      2552,      2508
      2289,      2505,      2550,      2511,      2461
      2290,      2520,      2553,      2497,      2463
      2291,      2502,      2464,      2515,      2554
      2292,      2499,      2458,      2516,      2557
      2293,      2459,      2507,      2555,      2512
      2294,      2506,      2460,      2514,      2558
      2295,      2560,      2513,      2462,      2508
      2296,      2467,      2504,      2556,      2522
      2297,      2569,      2509,      2465,      2528
      2298,      2562,      2519,      2468,      2513
      2299,      2563,      2524,      2469,      2512
      2300,      2515,      2466,      2523,      2566
      2301,      2470,      2518,      2564,      2517
      2302,      2511,      2561,      2526,      2473
      2303,      2471,      2517,      2565,      2521
      2304,      2514,      2472,      2525,      2567
      2305,      2476,      2519,      2571,      2529
      2306,      2477,      2521,      2570,      2530
      2307,      2573,      2518,      2474,      2532
      2308,      2568,      2539,      2484,      2510
      2309,      2527,      2579,      2531,      2475
      2310,      2536,      2574,      2516,      2480
      2311,      2523,      2478,      2534,      2575
      2312,      2526,      2577,      2527,      2488
      2313,      2525,      2481,        34,        35
      2314,      2576,      2535,      2483,      2524
      2315,       135,       136,      2482,      2529
      2316,      2572,      2537,      2490,      2522
      2317,      2531,      2581,      2533,      2479
      2318,      2541,      2578,      2520,      2489
      2319,      2487,      2530,      2580,      2538
      2320,      2582,      2532,      2486,      2542
      2321,      2533,      2586,      2540,      2485
      2322,      2534,      2491,      2543,      2588
      2323,      2528,      2497,      2553,      2584
      2324,      2538,      2583,      2544,      2495
      2325,      2585,      2546,      2496,      2535
      2326,      2536,      2493,      2548,      2589
      2327,      2587,      2547,      2498,      2537
      2328,      2540,      2594,      2545,      2492
      2329,      2494,      2551,      2596,      2542
      2330,      2541,      2502,      2554,      2592
      2331,      2504,      2539,      2593,      2556
      2332,      2544,      2591,      2550,      2505
      2333,      2595,      2549,      2501,      2547
      2334,      2503,      2546,      2597,      2552
      2335,      2543,      2499,      2557,      2599
      2336,      2559,      2500,      2545,      2605
      2337,      2548,      2506,      2558,      2600
      2338,      2598,      2555,      2507,      2549
      2339,      2508,      2552,      2602,      2560
      2340,      2550,      2601,      2561,      2511
      2341,      2512,      2555,      2604,      2563
      2342,      2554,      2515,      2566,      2603
      2343,      2611,      2551,      2509,      2569
      2344,      2606,      2562,      2513,      2560
      2345,      2558,      2514,      2567,      2610
      2346,      2568,      2510,      2559,      2618
      2347,      2522,      2556,      2607,      2572
      2348,      2517,      2564,      2608,      2565
      2349,      2578,      2609,      2553,      2520
      2350,      2557,      2516,      2574,      2615
      2351,      2521,      2565,      2612,      2570
      2352,      2614,      2571,      2519,      2562
      2353,      2561,      2613,      2577,      2526
      2354,      2620,      2564,      2518,      2573
      2355,      2617,      2576,      2524,      2563
      2356,      2566,      2523,      2575,      2616
      2357,      2567,      2525,        35,        36
      2358,      2529,      2571,       134,       135
      2359,      2530,      2570,      2619,      2580
      2360,      2577,      2625,      2579,      2527
      2361,      2627,      2569,      2528,      2584
      2362,      2579,      2628,      2581,      2531
      2363,      2629,      2573,      2532,      2582
      2364,      2621,      2587,      2537,      2572
      2365,      2626,      2585,      2535,      2576
      2366,      2623,      2593,      2539,      2568
      2367,      2575,      2534,      2590,      2622
      2368,      2580,      2624,      2583,      2538
      2369,      2574,      2536,      2589,      2631
      2370,      2581,      2634,      2586,      2533
      2371,      2592,      2632,      2578,      2541
      2372,      2588,      2630,      2590,      2534
      2373,      2583,      2633,      2591,      2544
      2374,      2586,      2637,      2594,      2540
      2375,      2542,      2596,      2639,      2582
      2376,      2635,      2595,      2547,      2587
      2377,      2636,      2597,      2546,      2585
      2378,      2588,      2543,      2599,      2642
      2379,      2600,      2643,      2589,      2548
      2380,      2591,      2638,      2601,      2550
      2381,      2640,      2598,      2549,      2595
      2382,      2584,      2553,      2609,      2641
      2383,      2592,      2554,      2603,      2644
      2384,      2605,      2545,      2594,      2650
      2385,      2552,      2597,      2646,      2602
      2386,      2556,      2593,      2645,      2607
      2387,      2647,      2604,      2555,      2598
      2388,      2551,      2611,      2652,      2596
      2389,      2560,      2602,      2649,      2606
      2390,      2600,      2558,      2610,      2651
      2391,      2601,      2648,      2613,      2561
      2392,      2599,      2557,      2615,      2654
      2393,      2565,      2608,      2653,      2612
      2394,      2603,      2566,      2616,      2655
      2395,      2656,      2617,      2563,      2604
      2396,      2657,      2614,      2562,      2606
      2397,      2618,      2559,      2605,      2663
      2398,      2660,      2608,      2564,      2620
      2399,      2570,      2612,      2658,      2619
      2400,      2610,      2567,        36,        37
      2401,      2572,      2607,      2659,      2621
      2402,       133,       134,      2571,      2614
      2403,      2667,      2611,      2569,      2627
      2404,      2613,      2662,      2625,      2577
      2405,      2616,      2575,      2622,      2664
      2406,      2623,      2568,      2618,      2673
      2407,      2619,      2661,      2624,      2580
      2408,      2632,      2665,      2609,      2578
      2409,      2666,      2626,      2576,      2617
      2410,      2615,      2574,      2631,      2669
      2411,      2670,      2620,      2573,      2629
      2412,      2625,      2674,      2628,      2579
      2413,      2624,      2668,      2633,      2583
      2414,      2672,      2635,      2587,      2621
      2415,      2671,      2622,      2590,      2630
      2416,      2628,      2677,      2634,      2581
      2417,      2675,      2636,      2585,      2626
      2418,      2582,      2639,      2681,      2629
      2419,      2683,      2627,      2584,      2641
      2420,      2634,      2680,      2637,      2586
      2421,      2678,      2645,      2593,      2623
      2422,      2633,      2676,      2638,      2591
      2423,      2642,      2685,      2630,      2588
      2424,      2643,      2684,      2631,      2589
      2425,      2644,      2682,      2632,      2592
      2426,      2679,      2640,      2595,      2635
      2427,      2686,      2646,      2597,      2636
      2428,      2638,      2687,      2648,      2601
      2429,      2650,      2594,      2637,      2689
      2430,      2688,      2647,      2598,      2640
      2431,      2596,      2652,      2692,      2639
      2432,      2651,      2691,      2643,      2600
      2433,      2642,      2599,      2654,      2695
      2434,      2690,      2649,      2602,      2646
      2435,      2644,      2603,      2655,      2693
      2436,      2696,      2656,      2604,      2647
      2437,      2607,      2645,      2697,      2659
      2438,      2641,      2609,      2665,      2698
      2439,      2606,      2649,      2699,      2657
      2440,      2612,      2653,      2694,      2658
      2441,      2648,      2701,      2662,      2613
      2442,      2702,      2653,      2608,      2660
      2443,      2651,      2610,        37,        38
      2444,      2663,      2605,      2650,      2709
      2445,       132,       133,      2614,      2657
      2446,      2658,      2700,      2661,      2619
      2447,      2706,      2652,      2611,      2667
      2448,      2655,      2616,      2664,      2703
      2449,      2705,      2666,      2617,      2656
      2450,      2654,      2615,      2669,      2708
      2451,      2661,      2704,      2668,      2624
      2452,      2710,      2660,      2620,      2670
      2453,      2621,      2659,      2707,      2672
      2454,      2664,      2622,      2671,      2711
      2455,      2673,      2618,      2663,      2717
      2456,      2662,      2713,      2674,      2625
      2457,      2714,      2675,      2626,      2666
      2458,      2668,      2712,      2676,      2633
      2459,      2682,      2715,      2665,      2632
      2460,      2674,      2719,      2677,      2628
      2461,      2720,      2667,      2627,      2683
      2462,      2678,      2623,      2673,      2726
      2463,      2722,      2670,      2629,      2681
      2464,      2669,      2631,      2684,      2721
      2465,      2716,      2679,      2635,      2672
      2466,      2671,      2630,      2685,      2723
      2467,      2677,      2725,      2680,      2634
      2468,      2676,      2718,      2687,      2638
      2469,      2724,      2686,      2636,      2675
      2470,      2727,      2688,      2640,      2679
      2471,      2689,      2637,      2680,      2729
      2472,      2728,      2697,      2645,      2678
      2473,      2639,      2692,      2733,      2681
      2474,      2691,      2732,      2684,      2643
      2475,      2693,      2731,      2682,      2644
      2476,      2730,      2690,      2646,      2686
      2477,      2695,      2735,      2685,      2642
      2478,      2736,      2683,      2641,      2698
      2479,      2734,      2696,      2647,      2688
      2480,      2687,      2738,      2701,      2648
      2481,      2740,      2699,      2649,      2690
      2482,      2694,      2737,      2700,      2658
      2483,      2691,      2651,        38,        39
      2484,      2743,      2694,      2653,      2702
      2485,      2693,      2655,      2703,      2742
      2486,      2709,      2650,      2689,      2745
      2487,      2744,      2705,      2656,      2696
      2488,      2747,      2692,      2652,      2706
      2489,      2657,      2699,       131,       132
      2490,      2700,      2741,      2704,      2661
      2491,      2695,      2654,      2708,      2749
      2492,      2746,      2707,      2659,      2697
      2493,      2701,      2750,      2713,      2662
      2494,      2753,      2702,      2660,      2710
      2495,      2698,      2665,      2715,      2751
      2496,      2703,      2664,      2711,      2752
      2497,      2704,      2748,      2712,      2668
      2498,      2754,      2714,      2666,      2705
      2499,      2672,      2707,      2756,      2716
      2500,      2759,      2706,      2667,      2720
      2501,      2708,      2669,      2721,      2757
      2502,      2717,      2663,      2709,      2765
      2503,      2712,      2755,      2718,      2676
      2504,      2713,      2758,      2719,      2674
      2505,      2760,      2710,      2670,      2722
      2506,      2711,      2671,      2723,      2761
      2507,      2762,      2724,      2675,      2714
      2508,      2719,      2764,      2725,      2677
      2509,      2763,      2727,      2679,      2716
      2510,      2726,      2673,      2717,      2774
      2511,      2731,      2768,      2715,      2682
      2512,      2729,      2680,      2725,      2766
      2513,      2728,      2678,      2726,      2777
      2514,      2772,      2722,      2681,      2733
      2515,      2721,      2684,      2732,      2771
      2516,      2776,      2720,      2683,      2736
      2517,      2723,      2685,      2735,      2775
      2518,      2718,      2770,      2738,      2687
      2519,      2724,      2767,      2739,      2686
      2520,      2773,      2734,      2688,      2727
      2521,      2730,      2686,      2739,      2769
      2522,      2780,      2740,      2690,      2730
      2523,      2745,      2689,      2729,      2779
      2524,      2781,      2746,      2697,      2728
      2525,      2731,      2693,      2742,      2783
      2526,      2737,      2778,      2741,      2700
      2527,      2782,      2744,      2696,      2734
      2528,      2732,      2691,        39,        40
      2529,      2785,      2737,      2694,      2743
      2530,      2786,      2733,      2692,      2747
      2531,      2749,      2787,      2735,      2695
      2532,       130,       131,      2699,      2740
      2533,      2789,      2736,      2698,      2751
      2534,      2741,      2784,      2748,      2704
      2535,      2738,      2788,      2750,      2701
      2536,      2793,      2743,      2702,      2753
      2537,      2742,      2703,      2752,      2792
      2538,      2791,      2754,      2705,      2744
      2539,      2748,      2790,      2755,      2712
      2540,      2794,      2756,      2707,      2746
      2541,      2706,      2759,      2797,      2747
      2542,      2749,      2708,      2757,      2796
      2543,      2750,      2798,      2758,      2713
      2544,      2710,      2760,      2800,      2753
      2545,      2765,      2709,      2745,      2805
      2546,      2752,      2711,      2761,      2801
      2547,      2799,      2762,      2714,      2754
      2548,      2751,      2715,      2768,      2803
      2549,      2755,      2795,      2770,      2718
      2550,      2716,      2756,      2802,      2763
      2551,      2758,      2806,      2764,      2719
      2552,      2807,      2767,      2724,      2762
      2553,      2766,      2725,      2764,      2804
      2554,      2757,      2721,      2771,      2808
      2555,      2810,      2759,      2720,      2776
      2556,      2814,      2760,      2722,      2772
      2557,      2761,      2723,      2775,      2812
      2558,      2811,      2773,      2727,      2763
      2559,      2774,      2717,      2765,      2821
      2560,      2779,      2729,      2766,      2809
      2561,      2767,      2813,      2769,      2739
      2562,      2777,      2726,      2774,      2819
      2563,      2730,      2769,      2817,      2780
      2564,      2768,      2731,      2783,      2818
      2565,      2781,      2728,      2777,      2822
      2566,      2820,      2782,      2734,      2773
      2567,      2771,      2732,        40,        41
      2568,      2778,      2815,      2784,      2741
      2569,      2826,      2772,      2733,      2786
      2570,      2775,      2735,      2787,      2827
      2571,      2825,      2778,      2737,      2785
      2572,      2770,      2828,      2788,      2738
      2573,      2829,      2776,      2736,      2789
      2574,       129,       130,      2740,      2780
      2575,      2784,      2823,      2790,      2748
      2576,      2831,      2791,      2744,      2782
      2577,      2832,      2794,      2746,      2781
      2578,      2783,      2742,      2792,      2833
      2579,      2834,      2785,      2743,      2793
      2580,      2790,      2816,      2795,      2755
      2581,      2787,      2749,      2796,      2835
      2582,      2747,      2797,      2836,      2786
      2583,      2805,      2745,      2779,      2848
      2584,      2788,      2838,      2798,      2750
      2585,      2837,      2799,      2754,      2791
      2586,      2839,      2789,      2751,      2803
      2587,      2753,      2800,      2840,      2793
      2588,      2792,      2752,      2801,      2841
      2589,      2842,      2802,      2756,      2794
      2590,      2796,      2757,      2808,      2844
      2591,      2798,      2850,      2806,      2758
      2592,      2845,      2807,      2762,      2799
      2593,      2770,      2795,      2824,      2828
      2594,      2759,      2810,      2851,      2797
      2595,      2804,      2764,      2806,      2846
      2596,      2760,      2814,      2853,      2800
      2597,      2801,      2761,      2812,      2854
      2598,      2809,      2766,      2804,      2843
      2599,      2852,      2811,      2763,      2802
      2600,      2855,      2813,      2767,      2807
      2601,      2803,      2768,      2818,      2856
      2602,      2769,      2813,      2860,      2817
      2603,      2821,      2765,      2805,      2869
      2604,      2861,      2820,      2773,      2811
      2605,      2808,      2771,      2830,      2858
      2606,      2863,      2814,      2772,      2826
      2607,      2812,      2775,      2827,      2862
      2608,      2865,      2810,      2776,      2829
      2609,      2815,      2857,      2823,      2784
      2610,      2819,      2774,      2821,      2866
      2611,      2864,      2815,      2778,      2825
      2612,      2795,      2816,      2847,      2824
      2613,      2822,      2777,      2819,      2867
      2614,      2779,      2809,      2849,      2848
      2615,      2780,      2817,       128,       129
      2616,      2823,      2859,      2816,      2790
      2617,        41,        42,      2830,      2771
      2618,      2868,      2831,      2782,      2820
      2619,      2832,      2781,      2822,      2871
      2620,      2818,      2783,      2833,      2870
      2621,      2872,      2825,      2785,      2834
      2622,      2827,      2787,      2835,      2873
      2623,      2874,      2826,      2786,      2836
      2624,      2828,      2879,      2838,      2788
      2625,      2877,      2829,      2789,      2839
      2626,      2875,      2837,      2791,      2831
      2627,      2878,      2842,      2794,      2832
      2628,      2880,      2834,      2793,      2840
      2629,      2841,      2881,      2833,      2792
      2630,      2835,      2796,      2844,      2884
      2631,      2883,      2845,      2799,      2837
      2632,      2876,      2828,      2824,      2847
      2633,      2797,      2851,      2886,      2836
      2634,      2838,      2888,      2850,      2798
      2635,      2843,      2804,      2846,      2885
      2636,      2800,      2853,      2890,      2840
      2637,      2889,      2852,      2802,      2842
      2638,      2809,      2843,      2882,      2849
      2639,      2841,      2801,      2854,      2894
      2640,      2846,      2806,      2850,      2887
      2641,      2892,      2839,      2803,      2856
      2642,      2893,      2855,      2807,      2845
      2643,      2844,      2808,      2858,      2895
      2644,      2847,      2816,      2859,      2891
      2645,      2898,      2861,      2811,      2852
      2646,      2897,      2860,      2813,      2855
      2647,      2810,      2865,      2899,      2851
      2648,      2900,      2853,      2814,      2863
      2649,      2854,      2812,      2862,      2901
      2650,      2857,      2896,      2859,      2823
      2651,      2869,      2805,      2848,      2913
      2652,      2902,      2857,      2815,      2864
      2653,      2817,      2860,       127,       128
      2654,      2856,      2818,      2870,      2904
      2655,        43,      2858,      2830,        42
      2656,      2903,      2868,      2820,      2861
      2657,      2867,      2819,      2866,      2905
      2658,      2866,      2821,      2869,      2907
      2659,      2906,      2864,      2825,      2872
      2660,      2871,      2822,      2867,      2908
      2661,      2862,      2827,      2873,      2909
      2662,      2910,      2863,      2826,      2874
      2663,      2911,      2865,      2829,      2877
      2664,      2912,      2875,      2831,      2868
      2665,      2878,      2832,      2871,      2914
      2666,      2915,      2872,      2834,      2880
      2667,      2918,      2848,      2849,      2882
      2668,      2881,      2916,      2870,      2833
      2669,      2876,      2919,      2879,      2828
      2670,      2873,      2835,      2884,      2920
      2671,      2917,      2883,      2837,      2875
      2672,      2922,      2874,      2836,      2886
      2673,      2925,      2889,      2842,      2878
      2674,      2879,      2930,      2888,      2838
      2675,      2926,      2877,      2839,      2892
      2676,      2876,      2847,      2891,      2923
      2677,      2885,      2921,      2882,      2843
      2678,      2928,      2880,      2840,      2890
      2679,      2885,      2846,      2887,      2924
      2680,      2894,      2931,      2881,      2841
      2681,      2929,      2893,      2845,      2883
      2682,      2887,      2850,      2888,      2927
      2683,      2884,      2844,      2895,      2932
      2684,      2851,      2899,      2936,      2886
      2685,      2935,      2898,      2852,      2889
      2686,      2891,      2859,      2896,      2933
      2687,      2934,      2897,      2855,      2893
      2688,      2937,      2890,      2853,      2900
      2689,      2894,      2854,      2901,      2939
      2690,      2940,      2892,      2856,      2904
      2691,      2938,      2896,      2857,      2902
      2692,      2895,      2858,        43,        44
      2693,       126,       127,      2860,      2897
      2694,      2941,      2903,      2861,      2898
      2695,      2942,      2902,      2864,      2906
      2696,      2943,      2900,      2863,      2910
      2697,      2901,      2862,      2909,      2945
      2698,      2865,      2911,      2944,      2899
      2699,      2905,      2866,      2907,      2946
      2700,      2908,      2867,      2905,      2947
      2701,      2948,      2912,      2868,      2903
      2702,      2913,      2848,      2918,      2954
      2703,      2907,      2869,      2913,      2949
      2704,      2904,      2870,      2916,      2952
      2705,      2872,      2915,      2950,      2906
      2706,      2914,      2871,      2908,      2951
      2707,      2909,      2873,      2920,      2955
      2708,      2953,      2917,      2875,      2912
      2709,      2956,      2910,      2874,      2922
      2710,      2958,      2911,      2877,      2926
      2711,      2925,      2878,      2914,      2960
      2712,      2923,      2963,      2919,      2876
      2713,      2921,      2957,      2918,      2882
      2714,      2961,      2915,      2880,      2928
      2715,      2924,      2959,      2921,      2885
      2716,      2919,      2967,      2930,      2879
      2717,      2931,      2966,      2916,      2881
      2718,      2964,      2929,      2883,      2917
      2719,      2924,      2887,      2927,      2962
      2720,      2920,      2884,      2932,      2968
      2721,      2927,      2888,      2930,      2965
      2722,      2970,      2922,      2886,      2936
      2723,      2923,      2891,      2933,      2969
      2724,      2971,      2935,      2889,      2925
      2725,      2972,      2934,      2893,      2929
      2726,      2974,      2928,      2890,      2937
      2727,      2973,      2926,      2892,      2940
      2728,      2931,      2894,      2939,      2976
      2729,      2975,      2933,      2896,      2938
      2730,      2932,      2895,        44,        45
      2731,       125,       126,      2897,      2934
      2732,      2977,      2941,      2898,      2935
      2733,      2899,      2944,      2979,      2936
      2734,      2980,      2937,      2900,      2943
      2735,      2978,      2938,      2902,      2942
      2736,      2939,      2901,      2945,      2981
      2737,      2982,      2940,      2904,      2952
      2738,      2983,      2948,      2903,      2941
      2739,      2947,      2905,      2946,      2984
      2740,      2906,      2950,      2986,      2942
      2741,      2946,      2907,      2949,      2985
      2742,      2951,      2908,      2947,      2987
      2743,      2989,      2943,      2910,      2956
      2744,      2945,      2909,      2955,      2992
      2745,      2988,      2944,      2911,      2958
      2746,      2991,      2953,      2912,      2948
      2747,      2949,      2913,      2954,      2990
      2748,      2960,      2914,      2951,      2996
      2749,      2915,      2961,      2995,      2950
      2750,      2954,      2918,      2957,      2993
      2751,      2959,      2994,      2957,      2921
      2752,      2952,      2916,      2966,      3000
      2753,      2998,      2964,      2917,      2953
      2754,      2959,      2924,      2962,      2997
      2755,      2955,      2920,      2968,      3004
      2756,      2962,      2927,      2965,      2999
      2757,      2963,      3002,      2967,      2919
      2758,      3003,      2956,      2922,      2970
      2759,      2965,      2930,      2967,      3001
      2760,      3005,      2958,      2926,      2973
      2761,      2969,      3006,      2963,      2923
      2762,      2971,      2925,      2960,      3007
      2763,      3009,      2961,      2928,      2974
      2764,      3008,      2972,      2929,      2964
      2765,      2966,      2931,      2976,      3011
      2766,      3010,      2969,      2933,      2975
      2767,      2968,      2932,        45,        46
      2768,       124,       125,      2934,      2972
      2769,      3012,      2977,      2935,      2971
      2770,      3013,      2970,      2936,      2979
      2771,      3014,      2974,      2937,      2980
      2772,      3015,      2975,      2938,      2978
      2773,      3016,      2973,      2940,      2982
      2774,      2981,      3017,      2976,      2939
      2775,      3018,      2983,      2941,      2977
      2776,      2942,      2986,      3019,      2978
      2777,      3020,      2979,      2944,      2988
      2778,      3023,      2980,      2943,      2989
      2779,      2984,      2946,      2985,      3021
      2780,      2987,      2947,      2984,      3022
      2781,      2981,      2945,      2992,      3027
      2782,      3025,      2991,      2948,      2983
      2783,      2985,      2949,      2990,      3024
      2784,      3028,      2982,      2952,      3000
      2785,      2950,      2995,      3030,      2986
      2786,      2990,      2954,      2993,      3026
      2787,      2996,      2951,      2987,      3032
      2788,      2993,      2957,      2994,      3029
      2789,      3035,      2998,      2953,      2991
      2790,      2994,      2959,      2997,      3031
      2791,      3034,      2988,      2958,      3005
      2792,      3037,      2989,      2956,      3003
      2793,      2992,      2955,      3004,      3039
      2794,      2999,      3033,      2997,      2962
      2795,      2999,      2965,      3001,      3036
      2796,      3007,      2960,      2996,      3042
      2797,      3041,      2995,      2961,      3009
      2798,      3001,      2967,      3002,      3038
      2799,      3006,      3040,      3002,      2963
      2800,      3043,      3008,      2964,      2998
      2801,      3000,      2966,      3011,      3045
      2802,      3044,      3006,      2969,      3010
      2803,      3004,      2968,        46,        47
      2804,      3047,      3003,      2970,      3013
      2805,      3012,      2971,      3007,      3048
      2806,       123,       124,      2972,      3008
      2807,      2973,      3016,      3046,      3005
      2808,      3049,      3009,      2974,      3014
      2809,      3050,      3010,      2975,      3015
      2810,      3017,      3052,      3011,      2976
      2811,      3051,      3018,      2977,      3012
      2812,      3053,      3013,      2979,      3020
      2813,      3054,      3015,      2978,      3019
      2814,      3055,      3014,      2980,      3023
      2815,      3056,      3016,      2982,      3028
      2816,      3060,      3025,      2983,      3018
      2817,      3022,      2984,      3021,      3057
      2818,      3027,      3062,      3017,      2981
      2819,      3021,      2985,      3024,      3058
      2820,      2986,      3030,      3063,      3019
      2821,      3024,      2990,      3026,      3059
      2822,      3064,      3020,      2988,      3034
      2823,      3032,      2987,      3022,      3066
      2824,      3026,      2993,      3029,      3061
      2825,      3068,      3023,      2989,      3037
      2826,      3029,      2994,      3031,      3065
      2827,      3069,      3035,      2991,      3025
      2828,      3033,      3067,      3031,      2997
      2829,      3027,      2992,      3039,      3073
      2830,      3036,      3070,      3033,      2999
      2831,      3074,      3030,      2995,      3041
      2832,      3036,      3001,      3038,      3071
      2833,      3042,      2996,      3032,      3076
      2834,      3075,      3028,      3000,      3045
      2835,      3077,      3043,      2998,      3035
      2836,      3038,      3002,      3040,      3072
      2837,      3005,      3046,      3078,      3034
      2838,      3079,      3040,      3006,      3044
      2839,      3080,      3037,      3003,      3047
      2840,      3039,      3004,        47,        48
      2841,      3048,      3007,      3042,      3082
      2842,       122,       123,      3008,      3043
      2843,      3081,      3041,      3009,      3049
      2844,      3083,      3044,      3010,      3050
      2845,      3045,      3011,      3052,      3086
      2846,      3084,      3047,      3013,      3053
      2847,      3051,      3012,      3048,      3087
      2848,      3016,      3056,      3085,      3046
      2849,      3088,      3050,      3015,      3054
      2850,      3089,      3049,      3014,      3055
      2851,      3094,      3060,      3018,      3051
      2852,      3062,      3097,      3052,      3017
      2853,      3091,      3053,      3020,      3064
      2854,      3057,      3021,      3058,      3090
      2855,      3096,      3054,      3019,      3063
      2856,      3058,      3024,      3059,      3093
      2857,      3059,      3026,      3061,      3095
      2858,      3099,      3055,      3023,      3068
      2859,      3066,      3022,      3057,      3101
      2860,      3061,      3029,      3065,      3098
      2861,      3104,      3069,      3025,      3060
      2862,      3102,      3056,      3028,      3075
      2863,      3065,      3031,      3067,      3100
      2864,      3036,      3071,      3092,      3070
      2865,      3073,      3108,      3062,      3027
      2866,      3070,      3103,      3067,      3033
      2867,      3106,      3063,      3030,      3074
      2868,      3034,      3078,      3107,      3064
      2869,      3076,      3032,      3066,      3109
      2870,      3071,      3038,      3072,      3105
      2871,      3035,      3069,      3110,      3077
      2872,      3111,      3068,      3037,      3080
      2873,      3112,      3072,      3040,      3079
      2874,      3041,      3081,      3113,      3074
      2875,      3073,      3039,        48,        49
      2876,      3082,      3042,      3076,      3115
      2877,       121,       122,      3043,      3077
      2878,      3116,      3079,      3044,      3083
      2879,      3114,      3075,      3045,      3086
      2880,      3046,      3085,      3117,      3078
      2881,      3118,      3080,      3047,      3084
      2882,      3087,      3048,      3082,      3120
      2883,      3119,      3081,      3049,      3089
      2884,      3121,      3083,      3050,      3088
      2885,      3122,      3084,      3053,      3091
      2886,      3094,      3051,      3087,      3124
      2887,      3086,      3052,      3097,      3128
      2888,      3126,      3088,      3054,      3096
      2889,      3125,      3085,      3056,      3102
      2890,      3090,      3058,      3093,      3123
      2891,      3130,      3089,      3055,      3099
      2892,      3093,      3059,      3095,      3127
      2893,      3095,      3061,      3098,      3129
      2894,      3101,      3057,      3090,      3133
      2895,      3135,      3104,      3060,      3094
      2896,      3098,      3065,      3100,      3131
      2897,      3132,      3091,      3064,      3107
      2898,      3136,      3096,      3063,      3106
      2899,      3103,      3070,      3092,      3137
      2900,      3100,      3067,      3103,      3134
      2901,      3108,      3138,      3097,      3062
      2902,      3105,      3137,      3092,      3071
      2903,      3109,      3066,      3101,      3141
      2904,      3140,      3099,      3068,      3111
      2905,      3069,      3104,      3142,      3110
      2906,      3139,      3102,      3075,      3114
      2907,      3143,      3105,      3072,      3112
      2908,      3074,      3113,      3145,      3106
      2909,        49,        50,      3108,      3073
      2910,      3078,      3117,      3144,      3107
      2911,      3115,      3076,      3109,      3147
      2912,      3077,      3110,       120,       121
      2913,      3146,      3111,      3080,      3118
      2914,      3148,      3112,      3079,      3116
      2915,      3081,      3119,      3149,      3113
      2916,      3120,      3082,      3115,      3153
      2917,      3152,      3116,      3083,      3121
      2918,      3150,      3118,      3084,      3122
      2919,      3151,      3114,      3086,      3128
      2920,      3154,      3117,      3085,      3125
      2921,      3124,      3087,      3120,      3156
      2922,      3155,      3121,      3088,      3126
      2923,      3158,      3119,      3089,      3130
      2924,      3123,      3093,      3127,      3157
      2925,      3159,      3122,      3091,      3132
      2926,      3127,      3095,      3129,      3160
      2927,      3133,      3090,      3123,      3161
      2928,      3129,      3098,      3131,      3162
      2929,      3135,      3094,      3124,      3165
      2930,      3166,      3126,      3096,      3136
      2931,      3131,      3100,      3134,      3164
      2932,      3163,      3125,      3102,      3139
      2933,      3128,      3097,      3138,      3169
      2934,      3134,      3103,      3137,      3167
      2935,      3168,      3130,      3099,      3140
      2936,      3141,      3101,      3133,      3171
      2937,      3172,      3142,      3104,      3135
      2938,      3170,      3132,      3107,      3144
      2939,      3173,      3136,      3106,      3145
      2940,      3174,      3137,      3105,      3143
      2941,        50,        51,      3138,      3108
      2942,      3175,      3140,      3111,      3146
      2943,      3147,      3109,      3141,      3177
      2944,      3110,      3142,       119,       120
      2945,      3176,      3139,      3114,      3151
      2946,      3179,      3143,      3112,      3148
      2947,      3113,      3149,      3181,      3145
      2948,      3178,      3146,      3118,      3150
      2949,      3180,      3144,      3117,      3154
      2950,      3153,      3115,      3147,      3182
      2951,      3116,      3152,      3183,      3148
      2952,      3119,      3158,      3186,      3149
      2953,      3187,      3152,      3121,      3155
      2954,      3156,      3120,      3153,      3189
      2955,      3185,      3150,      3122,      3159
      2956,      3184,      3154,      3125,      3163
      2957,      3161,      3123,      3157,      3188
      2958,      3157,      3127,      3160,      3190
      2959,      3160,      3129,      3162,      3191
      2960,      3195,      3151,      3128,      3169
      2961,      3194,      3155,      3126,      3166
      2962,      3165,      3124,      3156,      3198
      2963,      3162,      3131,      3164,      3192
      2964,      3200,      3158,      3130,      3168
      2965,      3196,      3159,      3132,      3170
      2966,      3164,      3134,      3167,      3197
      2967,      3171,      3133,      3161,      3193
      2968,      3199,      3163,      3139,      3176
      2969,      3172,      3135,      3165,      3201
      2970,      3202,      3166,      3136,      3173
      2971,      3204,      3167,      3137,      3174
      2972,      3203,      3168,      3140,      3175
      2973,      3169,      3138,        51,        52
      2974,      3177,      3141,      3171,      3206
      2975,       118,       119,      3142,      3172
      2976,      3205,      3170,      3144,      3180
      2977,      3208,      3173,      3145,      3181
      2978,      3210,      3174,      3143,      3179
      2979,      3207,      3175,      3146,      3178
      2980,      3182,      3147,      3177,      3212
      2981,      3148,      3183,      3216,      3179
      2982,      3209,      3180,      3154,      3184
      2983,      3211,      3178,      3150,      3185
      2984,      3149,      3186,      3217,      3181
      2985,      3224,      3176,      3151,      3195
      2986,      3189,      3153,      3182,      3221
      2987,      3152,      3187,      3222,      3183
      2988,      3188,      3157,      3190,      3215
      2989,      3193,      3161,      3188,      3218
      2990,      3219,      3184,      3163,      3199
      2991,      3190,      3160,      3191,      3223
      2992,      3225,      3185,      3159,      3196
      2993,      3227,      3187,      3155,      3194
      2994,      3158,      3200,      3229,      3186
      2995,      3191,      3162,      3192,      3226
      2996,      3198,      3156,      3189,      3230
      2997,      3192,      3164,      3197,      3228
      2998,      3167,      3204,      3214,      3197
      2999,      3171,      3193,      3213,      3206
      3000,      3232,      3194,      3166,      3202
      3001,      3201,      3165,      3198,      3234
      3002,      3233,      3200,      3168,      3203
      3003,      3231,      3196,      3170,      3205
      3004,        53,      3195,      3169,        52
      3005,      3176,      3224,      3220,      3199
      3006,       118,      3172,      3201,       117
      3007,      3237,      3202,      3173,      3208
      3008,      3236,      3203,      3175,      3207
      3009,      3235,      3205,      3180,      3209
      3010,      3242,      3204,      3174,      3210
      3011,      3212,      3177,      3206,      3244
      3012,      3243,      3207,      3178,      3211
      3013,      3246,      3208,      3181,      3217
      3014,      3240,      3209,      3184,      3219
      3015,      3179,      3216,      3249,      3210
      3016,      3218,      3188,      3215,      3241
      3017,      3193,      3218,      3238,      3213
      3018,      3221,      3182,      3212,      3250
      3019,      3247,      3211,      3185,      3225
      3020,      3219,      3199,      3220,      3239
      3021,      3215,      3190,      3223,      3248
      3022,      3183,      3222,      3253,      3216
      3023,      3228,      3197,      3214,      3245
      3024,      3186,      3229,      3252,      3217
      3025,      3223,      3191,      3226,      3251
      3026,      3257,      3222,      3187,      3227
      3027,      3230,      3189,      3221,      3256
      3028,      3226,      3192,      3228,      3254
      3029,      3255,      3225,      3196,      3231
      3030,      3258,      3227,      3194,      3232
      3031,      3200,      3233,      3259,      3229
      3032,      3234,      3198,      3230,      3263
      3033,      3260,      3206,      3213,      3238
      3034,        54,      3224,      3195,        53
      3035,      3264,      3245,      3214,      3204
      3036,      3262,      3231,      3205,      3235
      3037,      3265,      3233,      3203,      3236
      3038,      3267,      3232,      3202,      3237
      3039,      3261,      3239,      3220,      3224
      3040,       117,      3201,      3234,       116
      3041,      3268,      3235,      3209,      3240
      3042,      3207,      3243,      3270,      3236
      3043,      3238,      3218,      3241,      3266
      3044,      3219,      3239,      3269,      3240
      3045,      3271,      3237,      3208,      3246
      3046,      3241,      3215,      3248,      3272
      3047,      3273,      3243,      3211,      3247
      3048,      3210,      3249,      3277,      3242
      3049,      3250,      3212,      3244,      3276
      3050,      3244,      3206,      3260,      3279
      3051,      3282,      3264,      3204,      3242
      3052,      3280,      3246,      3217,      3252
      3053,      3248,      3223,      3251,      3275
      3054,      3228,      3245,      3274,      3254
      3055,      3278,      3247,      3225,      3255
      3056,      3216,      3253,      3284,      3249
      3057,      3251,      3226,      3254,      3281
      3058,      3256,      3221,      3250,      3283
      3059,      3287,      3253,      3222,      3257
      3060,      3229,      3259,      3285,      3252
      3061,      3289,      3257,      3227,      3258
      3062,      3286,      3255,      3231,      3262
      3063,      3263,      3230,      3256,      3290
      3064,        55,      3261,      3224,        54
      3065,      3233,      3265,      3292,      3259
      3066,      3293,      3258,      3232,      3267
      3067,      3260,      3238,      3266,      3288
      3068,      3291,      3262,      3235,      3268
      3069,       116,      3234,      3263,       115
      3070,      3239,      3261,      3295,      3269
      3071,      3240,      3269,      3294,      3268
      3072,      3236,      3270,      3296,      3265
      3073,      3298,      3267,      3237,      3271
      3074,      3272,      3297,      3266,      3241
      3075,      3245,      3264,      3299,      3274
      3076,      3243,      3273,      3300,      3270
      3077,      3272,      3248,      3275,      3301
      3078,      3302,      3271,      3246,      3280
      3079,      3303,      3273,      3247,      3278
      3080,      3276,      3244,      3279,      3307
      3081,      3275,      3251,      3281,      3305
      3082,      3254,      3274,      3304,      3281
      3083,      3312,      3282,      3242,      3277
      3084,      3283,      3250,      3276,      3309
      3085,      3249,      3284,      3311,      3277
      3086,      3308,      3280,      3252,      3285
      3087,      3306,      3278,      3255,      3286
      3088,      3279,      3260,      3288,      3310
      3089,      3316,      3284,      3253,      3287
      3090,      3290,      3256,      3283,      3314
      3091,      3259,      3292,      3315,      3285
      3092,      3317,      3287,      3257,      3289
      3093,      3313,      3286,      3262,      3291
      3094,      3319,      3289,      3258,      3293
      3095,      3320,      3299,      3264,      3282
      3096,       115,      3263,      3290,       114
      3097,      3268,      3294,      3318,      3291
      3098,        56,      3295,      3261,        55
      3099,      3297,      3321,      3288,      3266
      3100,      3265,      3296,      3323,      3292
      3101,      3269,      3295,      3322,      3294
      3102,      3324,      3293,      3267,      3298
      3103,      3270,      3300,      3325,      3296
      3104,      3301,      3326,      3297,      3272
      3105,      3327,      3298,      3271,      3302
      3106,      3328,      3300,      3273,      3303
      3107,      3274,      3299,      3330,      3304
      3108,      3301,      3275,      3305,      3329
      3109,      3281,      3304,      3331,      3305
      3110,      3332,      3303,      3278,      3306
      3111,      3333,      3302,      3280,      3308
      3112,      3309,      3276,      3307,      3335
      3113,      3307,      3279,      3310,      3336
      3114,      3334,      3306,      3286,      3313
      3115,      3341,      3312,      3277,      3311
      3116,      3337,      3308,      3285,      3315
      3117,      3314,      3283,      3309,      3338
      3118,      3345,      3311,      3284,      3316
      3119,      3310,      3288,      3321,      3340
      3120,      3282,      3312,      3347,      3320
      3121,      3291,      3318,      3339,      3313
      3122,      3342,      3316,      3287,      3317
      3123,      3346,      3317,      3289,      3319
      3124,       114,      3290,      3314,       113
      3125,      3292,      3323,      3344,      3315
      3126,      3294,      3322,      3343,      3318
      3127,      3348,      3319,      3293,      3324
      3128,        57,      3322,      3295,        56
      3129,      3296,      3325,      3350,      3323
      3130,      3326,      3349,      3321,      3297
      3131,      3351,      3324,      3298,      3327
      3132,      3356,      3330,      3299,      3320
      3133,      3352,      3325,      3300,      3328
      3134,      3326,      3301,      3329,      3353
      3135,      3305,      3331,      3354,      3329
      3136,      3304,      3330,      3355,      3331
      3137,      3357,      3327,      3302,      3333
      3138,      3358,      3328,      3303,      3332
      3139,      3359,      3332,      3306,      3334
      3140,      3360,      3333,      3308,      3337
      3141,      3335,      3307,      3336,      3362
      3142,      3335,      3363,      3338,      3309
      3143,      3313,      3339,      3361,      3334
      3144,      3336,      3310,      3340,      3364
      3145,      3365,      3337,      3315,      3344
      3146,      3318,      3343,      3366,      3339
      3147,       113,      3314,      3338,       112
      3148,      3370,      3341,      3311,      3345
      3149,      3312,      3341,      3372,      3347
      3150,      3367,      3345,      3316,      3342
      3151,      3368,      3342,      3317,      3346
      3152,        58,      3343,      3322,        57
      3153,      3340,      3321,      3349,      3369
      3154,      3371,      3346,      3319,      3348
      3155,      3323,      3350,      3373,      3344
      3156,      3374,      3348,      3324,      3351
      3157,      3320,      3347,      3380,      3356
      3158,      3325,      3352,      3375,      3350
      3159,      3349,      3326,      3353,      3376
      3160,      3377,      3353,      3329,      3354
      3161,      3381,      3351,      3327,      3357
      3162,      3331,      3355,      3378,      3354
      3163,      3379,      3355,      3330,      3356
      3164,      3382,      3352,      3328,      3358
      3165,      3383,      3358,      3332,      3359
      3166,      3384,      3357,      3333,      3360
      3167,      3385,      3359,      3334,      3361
      3168,      3386,      3360,      3337,      3365
      3169,      3362,      3388,      3363,      3335
      3170,      3362,      3336,      3364,      3389
      3171,      3339,      3366,      3387,      3361
      3172,      3363,       111,       112,      3338
      3173,      3364,      3340,      3369,      3390
      3174,        59,      3366,      3343,        58
      3175,      3391,      3365,      3344,      3373
      3176,      3392,      3367,      3342,      3368
      3177,      3393,      3370,      3345,      3367
      3178,      3394,      3368,      3346,      3371
      3179,      3395,      3372,      3341,      3370
      3180,      3396,      3371,      3348,      3374
      3181,      3369,      3349,      3376,      3397
      3182,      3347,      3372,      3403,      3380
      3183,      3350,      3375,      3398,      3373
      3184,      3353,      3377,      3399,      3376
      3185,      3400,      3377,      3354,      3378
      3186,      3404,      3374,      3351,      3381
      3187,      3401,      3378,      3355,      3379
      3188,      3356,      3380,      3402,      3379
      3189,      3352,      3382,      3405,      3375
      3190,      3407,      3381,      3357,      3384
      3191,      3406,      3382,      3358,      3383
      3192,      3408,      3383,      3359,      3385
      3193,      3409,      3384,      3360,      3386
      3194,      3410,      3385,      3361,      3387
      3195,      3388,      3362,      3389,      3411
      3196,      3388,       110,       111,      3363
      3197,        60,      3387,      3366,        59
      3198,      3412,      3386,      3365,      3391
      3199,      3389,      3364,      3390,      3413
      3200,      3414,      3393,      3367,      3392
      3201,      3415,      3392,      3368,      3394
      3202,      3416,      3395,      3370,      3393
      3203,      3390,      3369,      3397,      3417
      3204,      3418,      3394,      3371,      3396
      3205,      3419,      3391,      3373,      3398
      3206,      3425,      3403,      3372,      3395
      3207,      3376,      3399,      3420,      3397
      3208,      3377,      3400,      3421,      3399
      3209,      3422,      3400,      3378,      3401
      3210,      3379,      3402,      3423,      3401
      3211,      3380,      3403,      3424,      3402
      3212,      3427,      3396,      3374,      3404
      3213,      3375,      3405,      3428,      3398
      3214,      3430,      3404,      3381,      3407
      3215,      3382,      3406,      3429,      3405
      3216,      3431,      3406,      3383,      3408
      3217,      3432,      3407,      3384,      3409
      3218,      3433,      3408,      3385,      3410
      3219,      3434,      3409,      3386,      3412
      3220,        61,      3410,      3387,        60
      3221,       110,      3388,      3411,       109
      3222,      3411,      3389,      3413,      3435
      3223,      3413,      3390,      3417,      3436
      3224,      3441,      3412,      3391,      3419
      3225,      3440,      3416,      3393,      3414
      3226,      3442,      3415,      3394,      3418
      3227,      3414,      3392,      3426,      3437
      3228,      3415,      3438,      3426,      3392
      3229,      3397,      3420,      3439,      3417
      3230,      3448,      3425,      3395,      3416
      3231,      3399,      3421,      3443,      3420
      3232,      3444,      3421,      3400,      3422
      3233,      3445,      3422,      3401,      3423
      3234,      3402,      3424,      3446,      3423
      3235,      3447,      3424,      3403,      3425
      3236,      3450,      3418,      3396,      3427
      3237,      3449,      3419,      3398,      3428
      3238,      3405,      3429,      3451,      3428
      3239,      3452,      3427,      3404,      3430
      3240,      3406,      3431,      3453,      3429
      3241,      3454,      3430,      3407,      3432
      3242,      3455,      3431,      3408,      3433
      3243,      3456,      3432,      3409,      3434
      3244,        62,      3433,      3410,        61
      3245,       109,      3411,      3435,       108
      3246,      3435,      3413,      3436,      3457
      3247,      3461,      3434,      3412,      3441
      3248,      3414,      3437,      3462,      3440
      3249,      3417,      3439,      3458,      3436
      3250,      3463,      3438,      3415,      3442
      3251,      3420,      3443,      3459,      3439
      3252,      3438,      3460,      3437,      3426
      3253,      3468,      3448,      3416,      3440
      3254,      3464,      3443,      3421,      3444
      3255,      3422,      3445,      3465,      3444
      3256,      3466,      3445,      3423,      3446
      3257,      3467,      3446,      3424,      3447
      3258,      3469,      3447,      3425,      3448
      3259,      3470,      3441,      3419,      3449
      3260,      3471,      3442,      3418,      3450
      3261,      3472,      3449,      3428,      3451
      3262,      3473,      3450,      3427,      3452
      3263,      3429,      3453,      3474,      3451
      3264,      3475,      3452,      3430,      3454
      3265,      3431,      3455,      3476,      3453
      3266,      3477,      3454,      3432,      3456
      3267,        63,      3455,      3433,        62
      3268,       108,      3435,      3457,       107
      3269,      3480,      3456,      3434,      3461
      3270,      3436,      3458,      3478,      3457
      3271,      3439,      3459,      3479,      3458
      3272,      3437,      3460,      3482,      3462
      3273,      3484,      3460,      3438,      3463
      3274,      3481,      3459,      3443,      3464
      3275,      3444,      3465,      3483,      3464
      3276,      3440,      3462,      3487,      3468
      3277,      3445,      3466,      3485,      3465
      3278,      3486,      3466,      3446,      3467
      3279,      3488,      3467,      3447,      3469
      3280,      3489,      3469,      3448,      3468
      3281,      3490,      3461,      3441,      3470
      3282,      3491,      3463,      3442,      3471
      3283,      3492,      3470,      3449,      3472
      3284,      3493,      3471,      3450,      3473
      3285,      3494,      3472,      3451,      3474
      3286,      3495,      3473,      3452,      3475
      3287,      3453,      3476,      3496,      3474
      3288,      3497,      3475,      3454,      3477
      3289,      3455,        63,        64,      3476
      3290,      3500,      3477,      3456,      3480
      3291,      3457,      3478,       106,       107
      3292,      3458,      3479,      3498,      3478
      3293,      3499,      3479,      3459,      3481
      3294,      3464,      3483,      3501,      3481
      3295,      3503,      3482,      3460,      3484
      3296,      3465,      3485,      3502,      3483
      3297,      3462,      3482,      3505,      3487
      3298,      3504,      3485,      3466,      3486
      3299,      3506,      3486,      3467,      3488
      3300,      3507,      3489,      3468,      3487
      3301,      3508,      3488,      3469,      3489
      3302,      3509,      3480,      3461,      3490
      3303,      3510,      3484,      3463,      3491
      3304,      3511,      3490,      3470,      3492
      3305,      3512,      3491,      3471,      3493
      3306,      3513,      3492,      3472,      3494
      3307,      3514,      3493,      3473,      3495
      3308,      3515,      3494,      3474,      3496
      3309,      3516,      3495,      3475,      3497
      3310,      3476,        64,        65,      3496
      3311,      3520,      3497,      3477,      3500
      3312,      3478,      3498,       105,       106
      3313,      3517,      3498,      3479,      3499
      3314,      3481,      3501,      3518,      3499
      3315,      3483,      3502,      3519,      3501
      3316,      3521,      3502,      3485,      3504
      3317,      3522,      3505,      3482,      3503
      3318,      3523,      3504,      3486,      3506
      3319,      3524,      3507,      3487,      3505
      3320,      3525,      3506,      3488,      3508
      3321,      3489,      3507,      3526,      3508
      3322,      3527,      3500,      3480,      3509
      3323,      3528,      3503,      3484,      3510
      3324,      3529,      3509,      3490,      3511
      3325,      3530,      3510,      3491,      3512
      3326,      3531,      3511,      3492,      3513
      3327,      3532,      3512,      3493,      3514
      3328,      3533,      3513,      3494,      3515
      3329,      3534,      3514,      3495,      3516
      3330,        66,      3515,      3496,        65
      3331,      3538,      3516,      3497,      3520
      3332,       104,       105,      3498,      3517
      3333,      3499,      3518,      3535,      3517
      3334,      3501,      3519,      3536,      3518
      3335,      3537,      3519,      3502,      3521
      3336,      3539,      3521,      3504,      3523
      3337,      3540,      3524,      3505,      3522
      3338,      3541,      3523,      3506,      3525
      3339,      3507,      3524,      3542,      3526
      3340,      3508,      3526,      3543,      3525
      3341,      3544,      3520,      3500,      3527
      3342,      3545,      3522,      3503,      3528
      3343,      3546,      3527,      3509,      3529
      3344,      3547,      3528,      3510,      3530
      3345,      3548,      3529,      3511,      3531
      3346,      3549,      3530,      3512,      3532
      3347,      3550,      3531,      3513,      3533
      3348,      3551,      3532,      3514,      3534
      3349,        67,      3533,      3515,        66
      3350,      3555,      3534,      3516,      3538
      3351,      3517,      3535,       103,       104
      3352,      3518,      3536,      3552,      3535
      3353,      3553,      3536,      3519,      3537
      3354,      3554,      3537,      3521,      3539
      3355,      3556,      3539,      3523,      3541
      3356,      3557,      3542,      3524,      3540
      3357,      3525,      3543,      3558,      3541
      3358,      3526,      3542,      3559,      3543
      3359,      3560,      3538,      3520,      3544
      3360,      3562,      3540,      3522,      3545
      3361,      3561,      3544,      3527,      3546
      3362,      3563,      3545,      3528,      3547
      3363,      3564,      3546,      3529,      3548
      3364,      3565,      3547,      3530,      3549
      3365,      3566,      3548,      3531,      3550
      3366,      3567,      3549,      3532,      3551
      3367,        68,      3550,      3533,        67
      3368,      3572,      3551,      3534,      3555
      3369,      3535,      3552,       102,       103
      3370,      3568,      3552,      3536,      3553
      3371,      3569,      3553,      3537,      3554
      3372,      3570,      3554,      3539,      3556
      3373,      3541,      3558,      3571,      3556
      3374,      3573,      3559,      3542,      3557
      3375,      3574,      3558,      3543,      3559
      3376,      3575,      3555,      3538,      3560
      3377,      3577,      3557,      3540,      3562
      3378,      3576,      3560,      3544,      3561
      3379,      3582,      3562,      3545,      3563
      3380,      3578,      3561,      3546,      3564
      3381,      3579,      3563,      3547,      3565
      3382,      3581,      3564,      3548,      3566
      3383,      3583,      3565,      3549,      3567
      3384,        69,      3566,      3550,        68
      3385,      3589,      3567,      3551,      3572
      3386,       101,       102,      3552,      3568
      3387,      3584,      3568,      3553,      3569
      3388,      3585,      3569,      3554,      3570
      3389,      3556,      3571,      3586,      3570
      3390,      3587,      3571,      3558,      3574
      3391,      3588,      3574,      3559,      3573
      3392,      3557,      3577,      3580,      3573
      3393,      3590,      3572,      3555,      3575
      3394,      3591,      3575,      3560,      3576
      3395,      3592,      3576,      3561,      3578
      3396,      3594,      3578,      3564,      3581
      3397,      3563,      3579,      3596,      3582
      3398,      3602,      3577,      3562,      3582
      3399,      3595,      3579,      3565,      3583
      3400,      3588,      3573,      3580,      3593
      3401,        70,      3581,      3566,        69
      3402,      3601,      3583,      3567,      3589
      3403,       100,       101,      3568,      3584
      3404,      3597,      3584,      3569,      3585
      3405,      3570,      3586,      3598,      3585
      3406,      3571,      3587,      3599,      3586
      3407,      3600,      3587,      3574,      3588
      3408,      3604,      3589,      3572,      3590
      3409,      3603,      3593,      3580,      3577
      3410,      3605,      3590,      3575,      3591
      3411,      3606,      3591,      3576,      3592
      3412,      3607,      3592,      3578,      3594
      3413,      3579,      3595,      3612,      3596
      3414,        71,      3594,      3581,        70
      3415,      3588,      3593,      3608,      3600
      3416,      3613,      3595,      3583,      3601
      3417,        99,       100,      3584,      3597
      3418,      3585,      3598,      3609,      3597
      3419,      3582,      3596,      3614,      3602
      3420,      3586,      3599,      3610,      3598
      3421,      3611,      3599,      3587,      3600
      3422,      3617,      3603,      3577,      3602
      3423,      3615,      3601,      3589,      3604
      3424,      3616,      3604,      3590,      3605
      3425,      3618,      3605,      3591,      3606
      3426,      3593,      3603,      3620,      3608
      3427,      3619,      3606,      3592,      3607
      3428,        72,      3607,      3594,        71
      3429,      3597,      3609,        98,        99
      3430,      3600,      3608,      3621,      3611
      3431,      3598,      3610,      3622,      3609
      3432,      3623,      3610,      3599,      3611
      3433,      3624,      3612,      3595,      3613
      3434,      3596,      3612,      3625,      3614
      3435,      3626,      3613,      3601,      3615
      3436,      3602,      3614,      3628,      3617
      3437,      3627,      3615,      3604,      3616
      3438,      3629,      3616,      3605,      3618
      3439,      3630,      3620,      3603,      3617
      3440,      3631,      3618,      3606,      3619
      3441,        73,      3619,      3607,        72
      3442,      3608,      3620,      3632,      3621
      3443,      3609,      3622,        97,        98
      3444,      3611,      3621,      3633,      3623
      3445,      3634,      3622,      3610,      3623
      3446,      3635,      3625,      3612,      3624
      3447,      3636,      3624,      3613,      3626
      3448,      3614,      3625,      3637,      3628
      3449,      3638,      3626,      3615,      3627
      3450,      3639,      3627,      3616,      3629
      3451,      3617,      3628,      3640,      3630
      3452,      3641,      3629,      3618,      3631
      3453,      3642,      3632,      3620,      3630
      3454,        74,      3631,      3619,        73
      3455,      3621,      3632,      3643,      3633
      3456,      3623,      3633,      3644,      3634
      3457,        96,        97,      3622,      3634
      3458,      3646,      3635,      3624,      3636
      3459,      3645,      3637,      3625,      3635
      3460,      3647,      3636,      3626,      3638
      3461,      3649,      3638,      3627,      3639
      3462,      3628,      3637,      3648,      3640
      3463,      3651,      3639,      3629,      3641
      3464,      3630,      3640,      3650,      3642
      3465,      3652,      3643,      3632,      3642
      3466,        75,      3641,      3631,        74
      3467,      3633,      3643,      3653,      3644
      3468,      3634,      3644,        95,        96
      3469,      3654,      3645,      3635,      3646
      3470,      3656,      3646,      3636,      3647
      3471,      3655,      3648,      3637,      3645
      3472,      3657,      3647,      3638,      3649
      3473,      3640,      3648,      3658,      3650
      3474,      3659,      3649,      3639,      3651
      3475,      3642,      3650,      3660,      3652
      3476,        76,      3651,      3641,        75
      3477,      3661,      3653,      3643,      3652
      3478,      3644,      3653,        94,        95
      3479,      3662,      3655,      3645,      3654
      3480,      3663,      3654,      3646,      3656
      3481,      3665,      3656,      3647,      3657
      3482,      3664,      3658,      3648,      3655
      3483,      3667,      3657,      3649,      3659
      3484,      3650,      3658,      3666,      3660
      3485,        77,      3659,      3651,        76
      3486,      3652,      3660,      3668,      3661
      3487,        93,        94,      3653,      3661
      3488,      3669,      3662,      3654,      3663
      3489,      3670,      3664,      3655,      3662
      3490,      3671,      3663,      3656,      3665
      3491,      3672,      3666,      3658,      3664
      3492,      3673,      3665,      3657,      3667
      3493,      3660,      3666,      3674,      3668
      3494,        78,      3667,      3659,        77
      3495,      3661,      3668,        92,        93
      3496,      3675,      3670,      3662,      3669
      3497,      3676,      3669,      3663,      3671
      3498,      3677,      3672,      3664,      3670
      3499,      3678,      3671,      3665,      3673
      3500,      3679,      3674,      3666,      3672
      3501,        79,      3673,      3667,        78
      3502,      3668,      3674,        91,        92
      3503,      3680,      3675,      3669,      3676
      3504,      3681,      3677,      3670,      3675
      3505,      3682,      3676,      3671,      3678
      3506,      3683,      3679,      3672,      3677
      3507,        80,      3678,      3673,        79
      3508,        90,        91,      3674,      3679
      3509,      3684,      3681,      3675,      3680
      3510,      3685,      3680,      3676,      3682
      3511,      3686,      3683,      3677,      3681
      3512,        81,      3682,      3678,        80
      3513,        89,        90,      3679,      3683
      3514,      3687,      3684,      3680,      3685
      3515,      3681,      3684,      3688,      3686
      3516,        82,      3685,      3682,        81
      3517,        88,        89,      3683,      3686
      3518,      3684,      3687,      3689,      3688
      3519,        83,      3687,      3685,        82
      3520,      3686,      3688,        87,        88
      3521,        84,      3689,      3687,        83
      3522,      3688,      3689,        86,        87
      3523,        85,        86,      3689,        84
*****
